athlete_NOC,NOC_for_join,NOC_clean,Year,Gold_ath,Silver_ath,Bronze_ath,Total_ath,Gold_off,Silver_off,Bronze_off,Total_off,Rank,diff_Gold,diff_Silver,diff_Bronze,diff_Total,abs_diff_sum,match_status
AUS,Australia,Australia,1896,1,2,0,3,2,0,0,2,8,-1,2,0,1,3,DIFFER
AUT,Austria,Austria,1896,2,2,1,5,2,1,2,5,7,0,1,-1,0,2,DIFFER
DEN,Denmark,Denmark,1896,3,1,2,6,1,2,3,6,9,2,-1,-1,0,4,DIFFER
FRA,France,France,1896,2,5,4,11,5,4,2,11,4,-3,1,2,0,6,DIFFER
GBR,Great Britain,Great Britain,1896,3,3,3,9,2,3,2,7,5,1,0,1,2,2,DIFFER
GER,Germany,Germany,1896,2,7,5,14,6,5,2,13,3,-4,2,3,1,9,DIFFER
GRE,Greece,Greece,1896,17,10,17,44,10,18,19,47,2,7,-8,-2,-3,17,DIFFER
HUN,Hungary,Hungary,1896,3,2,1,6,2,1,3,6,6,1,1,-2,0,4,DIFFER
ITA,ITA,,1896,0,0,0,0,0,0,0,0,,0,0,0,0,0,NO_MEDALS
SUI,Switzerland,Switzerland,1896,0,1,2,3,1,2,0,3,10,-1,-1,2,0,4,DIFFER
SWE,SWE,,1896,0,0,0,0,0,0,0,0,,0,0,0,0,0,NO_MEDALS
USA,United States,United States,1896,2,11,6,19,11,7,2,20,1,-9,4,4,-1,17,DIFFER
,,Mixed team,1896,0,0,0,0,1,0,1,2,11,-1,0,-1,-2,2,ONLY_IN_OFFICIAL
ARG,ARG,,1900,0,0,0,0,0,0,0,0,,0,0,0,0,0,NO_MEDALS
AUS,Australia,Australia,1900,3,3,0,6,2,0,3,5,9,1,3,-3,1,7,DIFFER
AUT,Austria,Austria,1900,3,0,3,6,0,3,3,6,16,3,-3,0,0,6,DIFFER
BEL,Belgium,Belgium,1900,5,6,7,18,6,7,4,17,5,-1,-1,3,1,5,DIFFER
BOH,Bohemia,Bohemia,1900,2,0,1,3,0,1,1,2,20,2,-1,0,1,3,DIFFER
BRA,BRA,,1900,0,0,0,0,0,0,0,0,,0,0,0,0,0,NO_MEDALS
CAN,Canada,Canada,1900,1,1,0,2,1,0,1,2,13,0,1,-1,0,2,DIFFER
COL,COL,,1900,0,0,1,1,0,0,0,0,,0,0,1,1,1,ONLY_IN_ATHLETES
CUB,Cuba,Cuba,1900,0,1,1,2,1,1,0,2,12,-1,0,1,0,2,DIFFER
DEN,Denmark,Denmark,1900,2,2,3,7,1,3,2,6,10,1,-1,1,1,3,DIFFER
ESP,Spain,Spain,1900,0,1,0,1,1,0,0,1,14,-1,1,0,0,2,DIFFER
FRA,France,France,1900,32,28,40,100,27,39,37,103,1,5,-11,3,-3,19,DIFFER
GBR,Great Britain,Great Britain,1900,12,19,11,42,15,7,9,31,3,-3,12,2,11,17,DIFFER
GER,Germany,Germany,1900,1,4,3,8,4,3,2,9,7,-3,1,1,-1,5,DIFFER
GRE,GRE,,1900,0,0,0,0,0,0,0,0,,0,0,0,0,0,NO_MEDALS
HAI,HAI,,1900,0,1,0,1,0,0,0,0,,0,1,0,1,1,ONLY_IN_ATHLETES
HUN,Hungary,Hungary,1900,2,1,2,5,1,2,2,5,11,1,-1,0,0,2,DIFFER
IND,India,India,1900,0,0,2,2,0,2,0,2,19,0,-2,2,0,4,DIFFER
IRI,IRI,,1900,0,0,0,0,0,0,0,0,,0,0,0,0,0,NO_MEDALS
ITA,Italy,Italy,1900,0,3,2,5,3,2,0,5,8,-3,1,2,0,6,DIFFER
LUX,Luxembourg,Luxembourg,1900,0,1,0,1,1,0,0,1,14,-1,1,0,0,2,DIFFER
MEX,MEX,,1900,1,0,0,1,0,0,0,0,,1,0,0,1,1,ONLY_IN_ATHLETES
NED,Netherlands,Netherlands,1900,4,1,2,7,0,2,3,5,17,4,-1,-1,2,6,DIFFER
NOR,Norway,Norway,1900,3,0,2,5,0,2,3,5,17,3,-2,-1,0,6,DIFFER
NZL,NZL,,1900,0,1,0,1,0,0,0,0,,0,1,0,1,1,ONLY_IN_ATHLETES
PER,PER,,1900,0,0,0,0,0,0,0,0,,0,0,0,0,0,NO_MEDALS
ROU,ROU,,1900,0,0,0,0,0,0,0,0,,0,0,0,0,0,NO_MEDALS
RUS,Russian Empire,,1900,0,0,0,0,0,0,0,0,,0,0,0,0,0,NO_MEDALS
SUI,Switzerland,Switzerland,1900,1,6,1,8,6,2,1,9,6,-5,4,0,-1,9,DIFFER
SWE,Sweden,Sweden,1900,1,1,0,2,0,0,1,1,21,1,1,-1,1,3,DIFFER
USA,United States,United States,1900,17,21,16,54,19,14,15,48,2,-2,7,1,6,10,DIFFER
,,Mixed team,1900,0,0,0,0,8,5,6,19,4,-8,-5,-6,-19,19,ONLY_IN_OFFICIAL
AUS,Australia,Australia,1904,1,0,3,4,0,3,1,4,12,1,-3,2,0,6,DIFFER
AUT,Austria,Austria,1904,1,2,1,4,1,1,1,3,8,0,1,0,1,1,DIFFER
CAN,Canada,Canada,1904,1,4,1,6,4,1,1,6,3,-3,3,0,0,6,DIFFER
CUB,Cuba,Cuba,1904,0,4,0,4,3,0,0,3,4,-3,4,0,1,7,DIFFER
FRA,France,France,1904,0,0,2,2,0,1,0,1,13,0,-1,2,1,3,DIFFER
GBR,Great Britain,Great Britain,1904,0,1,1,2,1,1,0,2,9,-1,0,1,0,2,DIFFER
GER,Germany,Germany,1904,7,4,5,16,4,5,6,15,2,3,-1,-1,1,5,DIFFER
GRE,Greece,Greece,1904,1,1,0,2,1,0,1,2,11,0,1,-1,0,2,DIFFER
HUN,Hungary,Hungary,1904,1,2,1,4,2,1,1,4,5,-1,1,0,0,2,DIFFER
ITA,ITA,,1904,0,0,0,0,0,0,0,0,,0,0,0,0,0,NO_MEDALS
NFL,NFL,,1904,0,0,0,0,0,0,0,0,,0,0,0,0,0,NO_MEDALS
NOR,Norway,Norway,1904,0,2,0,2,2,0,0,2,7,-2,2,0,0,4,DIFFER
RSA,RSA,,1904,0,0,0,0,0,0,0,0,,0,0,0,0,0,NO_MEDALS
SUI,Switzerland,Switzerland,1904,2,1,0,3,1,0,2,3,10,1,1,-2,0,4,DIFFER
USA,United States,United States,1904,75,76,79,230,76,78,77,231,1,-1,-2,2,-1,5,DIFFER
,,Mixed team,1904,0,0,0,0,2,1,1,4,5,-2,-1,-1,-4,4,ONLY_IN_OFFICIAL
AUS,AUS,,1906,3,0,0,3,0,0,0,0,,3,0,0,3,3,ONLY_IN_ATHLETES
AUT,AUT,,1906,3,3,3,9,0,0,0,0,,3,3,3,9,9,ONLY_IN_ATHLETES
BEL,BEL,,1906,3,2,2,7,0,0,0,0,,3,2,2,7,7,ONLY_IN_ATHLETES
BOH,BOH,,1906,2,0,0,2,0,0,0,0,,2,0,0,2,2,ONLY_IN_ATHLETES
CAN,CAN,,1906,0,1,1,2,0,0,0,0,,0,1,1,2,2,ONLY_IN_ATHLETES
CRT,CRT,,1906,0,0,0,0,0,0,0,0,,0,0,0,0,0,NO_MEDALS
DEN,DEN,,1906,1,3,2,6,0,0,0,0,,1,3,2,6,6,ONLY_IN_ATHLETES
EGY,EGY,,1906,0,0,0,0,0,0,0,0,,0,0,0,0,0,NO_MEDALS
FIN,FIN,,1906,1,2,1,4,0,0,0,0,,1,2,1,4,4,ONLY_IN_ATHLETES
FRA,FRA,,1906,16,15,10,41,0,0,0,0,,16,15,10,41,41,ONLY_IN_ATHLETES
GBR,GBR,,1906,5,8,12,25,0,0,0,0,,5,8,12,25,25,ONLY_IN_ATHLETES
GER,GER,,1906,4,4,6,14,0,0,0,0,,4,4,6,14,14,ONLY_IN_ATHLETES
GRE,GRE,,1906,13,8,14,35,0,0,0,0,,13,8,14,35,35,ONLY_IN_ATHLETES
HUN,HUN,,1906,3,2,5,10,0,0,0,0,,3,2,5,10,10,ONLY_IN_ATHLETES
ITA,ITA,,1906,3,7,6,16,0,0,0,0,,3,7,6,16,16,ONLY_IN_ATHLETES
NED,NED,,1906,2,0,1,3,0,0,0,0,,2,0,1,3,3,ONLY_IN_ATHLETES
NOR,NOR,,1906,0,1,1,2,0,0,0,0,,0,1,1,2,2,ONLY_IN_ATHLETES
SUI,SUI,,1906,1,4,3,8,0,0,0,0,,1,4,3,8,8,ONLY_IN_ATHLETES
SWE,SWE,,1906,7,2,5,14,0,0,0,0,,7,2,5,14,14,ONLY_IN_ATHLETES
TUR,TUR,,1906,0,0,0,0,0,0,0,0,,0,0,0,0,0,NO_MEDALS
USA,USA,,1906,6,12,5,23,0,0,0,0,,6,12,5,23,23,ONLY_IN_ATHLETES
ANZ,Australasia,Australasia,1908,2,1,2,5,1,2,2,5,11,1,-1,0,0,2,DIFFER
ARG,ARG,,1908,0,0,0,0,0,0,0,0,,0,0,0,0,0,NO_MEDALS
AUT,Austria,Austria,1908,1,0,0,1,0,0,1,1,19,1,0,-1,0,2,DIFFER
BEL,Belgium,Belgium,1908,2,1,5,8,1,5,2,8,10,1,-4,3,0,8,DIFFER
BOH,Bohemia,Bohemia,1908,2,0,0,2,0,0,2,2,17,2,0,-2,0,4,DIFFER
CAN,Canada,Canada,1908,10,3,3,16,3,3,10,16,7,7,0,-7,0,14,DIFFER
DEN,Denmark,Denmark,1908,3,0,2,5,0,2,3,5,16,3,-2,-1,0,6,DIFFER
FIN,Finland,Finland,1908,3,1,1,5,1,1,3,5,13,2,0,-2,0,4,DIFFER
FRA,France,France,1908,9,5,5,19,5,5,9,19,4,4,0,-4,0,8,DIFFER
GBR,Great Britain,Great Britain,1908,37,56,50,143,56,51,39,146,1,-19,5,11,-3,35,DIFFER
GER,Germany,Germany,1908,5,3,5,13,3,5,5,13,5,2,-2,0,0,4,DIFFER
GRE,Greece,Greece,1908,1,0,3,4,0,3,1,4,15,1,-3,2,0,6,DIFFER
HUN,Hungary,Hungary,1908,2,3,4,9,3,4,2,9,6,-1,-1,2,0,4,DIFFER
ISL,ISL,,1908,0,0,0,0,0,0,0,0,,0,0,0,0,0,NO_MEDALS
ITA,Italy,Italy,1908,0,2,2,4,2,2,0,4,9,-2,0,2,0,4,DIFFER
NED,Netherlands,Netherlands,1908,2,0,0,2,0,0,2,2,17,2,0,-2,0,4,DIFFER
NOR,Norway,Norway,1908,3,2,3,8,2,3,3,8,8,1,-1,0,0,2,DIFFER
RSA,South Africa,South Africa,1908,0,1,1,2,1,1,0,2,14,-1,0,1,0,2,DIFFER
RUS,Russian Empire,Russian Empire,1908,0,1,2,3,1,2,0,3,12,-1,-1,2,0,4,DIFFER
SUI,SUI,,1908,0,0,0,0,0,0,0,0,,0,0,0,0,0,NO_MEDALS
SWE,Sweden,Sweden,1908,11,8,6,25,8,6,11,25,3,3,2,-5,0,10,DIFFER
USA,United States,United States,1908,12,22,12,46,23,12,12,47,2,-11,10,0,-1,21,DIFFER
ANZ,Australasia,Australasia,1912,3,2,2,7,2,2,3,7,12,1,0,-1,0,2,DIFFER
AUT,Austria,Austria,1912,2,0,2,4,0,2,2,4,17,2,-2,0,0,4,DIFFER
BEL,Belgium,Belgium,1912,3,2,1,6,2,1,3,6,13,1,1,-2,0,4,DIFFER
BOH,BOH,,1912,0,0,0,0,0,0,0,0,,0,0,0,0,0,NO_MEDALS
CAN,Canada,Canada,1912,3,3,2,8,3,2,3,8,9,0,1,-1,0,2,DIFFER
CHI,CHI,,1912,0,0,0,0,0,0,0,0,,0,0,0,0,0,NO_MEDALS
DEN,Denmark,Denmark,1912,5,1,6,12,1,6,5,12,14,4,-5,1,0,10,DIFFER
FIN,Finland,Finland,1912,9,9,8,26,9,8,9,26,4,0,1,-1,0,2,DIFFER
FRA,France,France,1912,3,7,5,15,7,4,3,14,5,-4,3,2,1,9,DIFFER
GBR,Great Britain,Great Britain,1912,16,10,15,41,10,15,16,41,3,6,-5,-1,0,12,DIFFER
GER,Germany,Germany,1912,7,6,13,26,5,13,7,25,6,2,-7,6,1,15,DIFFER
GRE,Greece,Greece,1912,1,1,0,2,1,0,1,2,15,0,1,-1,0,2,DIFFER
HUN,Hungary,Hungary,1912,3,3,2,8,3,2,3,8,9,0,1,-1,0,2,DIFFER
ISL,ISL,,1912,0,0,0,0,0,0,0,0,,0,0,0,0,0,NO_MEDALS
ITA,Italy,Italy,1912,2,5,1,8,3,1,2,6,11,-1,4,-1,2,6,DIFFER
JPN,JPN,,1912,0,0,0,0,0,0,0,0,,0,0,0,0,0,NO_MEDALS
LUX,LUX,,1912,0,0,0,0,0,0,0,0,,0,0,0,0,0,NO_MEDALS
NED,Netherlands,Netherlands,1912,3,0,0,3,0,0,3,3,18,3,0,-3,0,6,DIFFER
NOR,Norway,Norway,1912,5,4,1,10,3,2,5,10,8,2,2,-4,0,8,DIFFER
POL,POL,,1912,0,0,0,0,0,0,0,0,,0,0,0,0,0,NO_MEDALS
POR,POR,,1912,0,0,0,0,0,0,0,0,,0,0,0,0,0,NO_MEDALS
RSA,South Africa,South Africa,1912,0,4,2,6,4,2,0,6,7,-4,2,2,0,8,DIFFER
RUS,Russian Empire,Russian Empire,1912,3,0,2,5,0,2,3,5,16,3,-2,-1,0,6,DIFFER
SRB,SRB,,1912,0,0,0,0,0,0,0,0,,0,0,0,0,0,NO_MEDALS
SUI,SUI,,1912,0,1,0,1,0,0,0,0,,0,1,0,1,1,ONLY_IN_ATHLETES
SWE,Sweden,Sweden,1912,17,24,24,65,23,25,17,65,2,-6,-1,7,0,14,DIFFER
TUR,TUR,,1912,0,0,0,0,0,0,0,0,,0,0,0,0,0,NO_MEDALS
UNK,UNK,,1912,0,0,0,0,0,0,0,0,,0,0,0,0,0,NO_MEDALS
USA,United States,United States,1912,19,26,18,63,26,19,19,64,1,-7,7,-1,-1,15,DIFFER
ARG,ARG,,1920,0,0,0,0,0,0,0,0,,0,0,0,0,0,NO_MEDALS
AUS,Australia,Australia,1920,1,0,2,3,0,2,1,3,16,1,-2,1,0,4,DIFFER
BEL,Belgium,Belgium,1920,14,16,12,42,14,11,11,36,5,0,5,1,6,6,DIFFER
BRA,Brazil,Brazil,1920,1,1,1,3,1,1,1,3,15,0,0,0,0,0,MATCH
CAN,Canada,Canada,1920,3,3,3,9,3,3,3,9,12,0,0,0,0,0,MATCH
CHI,CHI,,1920,0,0,0,0,0,0,0,0,,0,0,0,0,0,NO_MEDALS
DEN,Denmark,Denmark,1920,1,3,9,13,3,9,1,13,10,-2,-6,8,0,16,DIFFER
EGY,EGY,,1920,0,0,0,0,0,0,0,0,,0,0,0,0,0,NO_MEDALS
ESP,Spain,Spain,1920,0,0,2,2,0,2,0,2,17,0,-2,2,0,4,DIFFER
EST,Estonia,Estonia,1920,0,1,2,3,1,2,0,3,14,-1,-1,2,0,4,DIFFER
FIN,Finland,Finland,1920,9,15,10,34,15,10,9,34,3,-6,5,1,0,12,DIFFER
FRA,France,France,1920,13,9,20,42,9,19,13,41,8,4,-10,7,1,21,DIFFER
GBR,Great Britain,Great Britain,1920,13,14,16,43,14,15,13,42,4,-1,-1,3,1,5,DIFFER
GRE,Greece,Greece,1920,0,0,1,1,0,1,0,1,19,0,-1,1,0,2,DIFFER
IND,IND,,1920,0,0,0,0,0,0,0,0,,0,0,0,0,0,NO_MEDALS
ITA,Italy,Italy,1920,5,14,6,25,13,5,5,23,7,-8,9,1,2,18,DIFFER
JPN,Japan,Japan,1920,0,0,2,2,0,2,0,2,17,0,-2,2,0,4,DIFFER
LUX,Luxembourg,Luxembourg,1920,0,0,1,1,0,1,0,1,19,0,-1,1,0,2,DIFFER
MON,MON,,1920,0,0,0,0,0,0,0,0,,0,0,0,0,0,NO_MEDALS
NED,Netherlands,Netherlands,1920,5,4,2,11,4,2,5,11,9,1,2,-3,0,6,DIFFER
NOR,Norway,Norway,1920,9,10,10,29,13,9,9,31,6,-4,1,1,-2,6,DIFFER
NZL,New Zealand,New Zealand,1920,1,0,0,1,0,0,1,1,22,1,0,-1,0,2,DIFFER
POR,POR,,1920,0,0,0,0,0,0,0,0,,0,0,0,0,0,NO_MEDALS
RSA,South Africa,South Africa,1920,3,3,4,10,3,4,3,10,11,0,-1,1,0,2,DIFFER
SUI,Switzerland,Switzerland,1920,7,2,2,11,2,2,7,11,13,5,0,-5,0,10,DIFFER
SWE,Sweden,Sweden,1920,25,19,20,64,19,20,25,64,2,6,-1,-5,0,12,DIFFER
TCH,Czechoslovakia,Czechoslovakia,1920,2,0,0,2,0,0,2,2,21,2,0,-2,0,4,DIFFER
USA,United States,United States,1920,27,41,27,95,41,27,27,95,1,-14,14,0,0,28,DIFFER
YUG,YUG,,1920,0,0,0,0,0,0,0,0,,0,0,0,0,0,NO_MEDALS
ARG,Argentina,Argentina,1924,2,1,3,6,1,3,2,6,16,1,-2,1,0,4,DIFFER
AUS,Australia,Australia,1924,2,3,1,6,3,1,2,6,11,-1,2,-1,0,4,DIFFER
AUT,Austria,Austria,1924,1,0,3,4,0,3,1,4,20,1,-3,2,0,6,DIFFER
BEL,Belgium,Belgium,1924,3,3,7,13,3,7,3,13,10,0,-4,4,0,8,DIFFER
BRA,BRA,,1924,0,0,0,0,0,0,0,0,,0,0,0,0,0,NO_MEDALS
BUL,BUL,,1924,0,0,0,0,0,0,0,0,,0,0,0,0,0,NO_MEDALS
CAN,Canada,Canada,1924,1,0,3,4,0,3,1,4,20,1,-3,2,0,6,DIFFER
CHI,CHI,,1924,0,0,0,0,0,0,0,0,,0,0,0,0,0,NO_MEDALS
CUB,CUB,,1924,0,0,0,0,0,0,0,0,,0,0,0,0,0,NO_MEDALS
DEN,Denmark,Denmark,1924,3,2,6,11,2,5,2,9,12,1,-3,4,2,8,DIFFER
ECU,ECU,,1924,0,0,0,0,0,0,0,0,,0,0,0,0,0,NO_MEDALS
EGY,EGY,,1924,0,0,0,0,0,0,0,0,,0,0,0,0,0,NO_MEDALS
ESP,ESP,,1924,0,0,0,0,0,0,0,0,,0,0,0,0,0,NO_MEDALS
EST,Estonia,Estonia,1924,4,1,1,6,1,1,4,6,17,3,0,-3,0,6,DIFFER
FIN,Finland,Finland,1924,10,14,13,37,14,13,10,37,2,-4,1,3,0,8,DIFFER
FRA,France,France,1924,12,14,14,40,13,15,10,38,3,-1,-1,4,2,6,DIFFER
GBR,Great Britain,Great Britain,1924,12,9,14,35,9,13,12,34,4,3,-4,2,1,9,DIFFER
GRE,GRE,,1924,0,1,0,1,0,0,0,0,,0,1,0,1,1,ONLY_IN_ATHLETES
HAI,Haiti,Haiti,1924,1,0,0,1,0,0,1,1,23,1,0,-1,0,2,DIFFER
HUN,Hungary,Hungary,1924,4,2,4,10,2,3,4,9,13,2,-1,0,1,3,DIFFER
IND,IND,,1924,0,0,0,0,0,0,0,0,,0,0,0,0,0,NO_MEDALS
IRL,IRL,,1924,1,0,1,2,0,0,0,0,,1,0,1,2,2,ONLY_IN_ATHLETES
ITA,Italy,Italy,1924,5,8,3,16,8,3,5,16,5,-3,5,-2,0,10,DIFFER
JPN,Japan,Japan,1924,1,0,0,1,0,0,1,1,23,1,0,-1,0,2,DIFFER
LAT,LAT,,1924,0,0,0,0,0,0,0,0,,0,0,0,0,0,NO_MEDALS
LTU,LTU,,1924,0,0,0,0,0,0,0,0,,0,0,0,0,0,NO_MEDALS
LUX,LUX,,1924,0,1,1,2,0,0,0,0,,0,1,1,2,2,ONLY_IN_ATHLETES
MEX,MEX,,1924,0,0,0,0,0,0,0,0,,0,0,0,0,0,NO_MEDALS
MON,MON,,1924,1,0,0,1,0,0,0,0,,1,0,0,1,1,ONLY_IN_ATHLETES
NED,Netherlands,Netherlands,1924,6,4,1,11,4,1,5,10,9,2,3,-4,1,9,DIFFER
NOR,Norway,Norway,1924,3,5,2,10,5,2,3,10,7,-2,3,-1,0,6,DIFFER
NZL,New Zealand,New Zealand,1924,1,0,0,1,0,0,1,1,23,1,0,-1,0,2,DIFFER
PHI,PHI,,1924,0,0,0,0,0,0,0,0,,0,0,0,0,0,NO_MEDALS
POL,Poland,Poland,1924,1,0,1,2,0,1,1,2,22,1,-1,0,0,2,DIFFER
POR,Portugal,Portugal,1924,1,0,0,1,0,0,1,1,23,1,0,-1,0,2,DIFFER
ROU,Romania,Romania,1924,1,0,0,1,0,0,1,1,23,1,0,-1,0,2,DIFFER
RSA,South Africa,South Africa,1924,1,1,1,3,1,1,1,3,18,0,0,0,0,0,MATCH
RUS,Russia,,1924,0,0,0,0,0,0,0,0,,0,0,0,0,0,NO_MEDALS
SUI,Switzerland,Switzerland,1924,10,7,8,25,7,8,10,25,6,3,-1,-2,0,6,DIFFER
SWE,Sweden,Sweden,1924,12,4,13,29,4,13,12,29,8,8,-9,1,0,18,DIFFER
TCH,Czechoslovakia,Czechoslovakia,1924,5,1,4,10,1,4,5,10,15,4,-3,-1,0,8,DIFFER
TUR,TUR,,1924,0,0,0,0,0,0,0,0,,0,0,0,0,0,NO_MEDALS
URU,Uruguay,Uruguay,1924,0,1,0,1,1,0,0,1,19,-1,1,0,0,2,DIFFER
USA,United States,United States,1924,27,45,27,99,45,27,27,99,1,-18,18,0,0,36,DIFFER
YUG,Yugoslavia,Yugoslavia,1924,0,2,0,2,2,0,0,2,14,-2,2,0,0,4,DIFFER
ARG,Argentina,Argentina,1928,1,3,3,7,3,3,1,7,12,-2,0,2,0,4,DIFFER
AUS,Australia,Australia,1928,1,1,2,4,1,2,1,4,19,0,-1,1,0,2,DIFFER
AUT,Austria,Austria,1928,1,3,0,4,2,0,1,3,18,-1,3,-1,1,5,DIFFER
BEL,Belgium,Belgium,1928,2,0,1,3,0,1,2,3,29,2,-1,-1,0,4,DIFFER
BUL,BUL,,1928,0,0,0,0,0,0,0,0,,0,0,0,0,0,NO_MEDALS
CAN,Canada,Canada,1928,7,4,4,15,4,4,7,15,10,3,0,-3,0,6,DIFFER
CHI,Chile,Chile,1928,0,0,1,1,0,1,0,1,30,0,-1,1,0,2,DIFFER
CUB,CUB,,1928,0,0,0,0,0,0,0,0,,0,0,0,0,0,NO_MEDALS
DEN,Denmark,Denmark,1928,4,3,2,9,3,1,2,6,13,1,2,0,3,3,DIFFER
EGY,Egypt,Egypt,1928,1,2,1,4,2,1,1,4,17,-1,1,0,0,2,DIFFER
ESP,Spain,Spain,1928,0,1,0,1,1,0,0,1,24,-1,1,0,0,2,DIFFER
EST,Estonia,Estonia,1928,2,2,1,5,2,1,2,5,16,0,1,-1,0,2,DIFFER
FIN,Finland,Finland,1928,9,8,8,25,8,8,9,25,3,1,0,-1,0,2,DIFFER
FRA,France,France,1928,6,7,12,25,6,10,5,21,7,0,-3,7,4,10,DIFFER
GBR,Great Britain,Great Britain,1928,7,4,11,22,3,10,7,20,11,4,-6,4,2,14,DIFFER
GER,Germany,Germany,1928,19,11,9,39,10,7,14,31,2,9,4,-5,8,18,DIFFER
GRE,GRE,,1928,0,0,0,0,0,0,0,0,,0,0,0,0,0,NO_MEDALS
HAI,Haiti,Haiti,1928,0,0,1,1,0,1,0,1,30,0,-1,1,0,2,DIFFER
HUN,Hungary,Hungary,1928,0,5,5,10,4,5,0,9,9,-4,0,5,1,9,DIFFER
IND,India,India,1928,0,1,0,1,1,0,0,1,24,-1,1,0,0,2,DIFFER
IRL,Ireland,Ireland,1928,0,1,0,1,1,0,0,1,24,-1,1,0,0,2,DIFFER
ITA,Italy,Italy,1928,7,7,6,20,7,5,7,19,5,0,2,-1,1,3,DIFFER
JPN,Japan,Japan,1928,1,2,2,5,2,2,1,5,15,-1,0,1,0,2,DIFFER
LAT,LAT,,1928,0,0,0,0,0,0,0,0,,0,0,0,0,0,NO_MEDALS
LTU,LTU,,1928,0,0,0,0,0,0,0,0,,0,0,0,0,0,NO_MEDALS
LUX,LUX,,1928,0,1,0,1,0,0,0,0,,0,1,0,1,1,ONLY_IN_ATHLETES
MEX,MEX,,1928,0,0,0,0,0,0,0,0,,0,0,0,0,0,NO_MEDALS
MLT,MLT,,1928,0,0,0,0,0,0,0,0,,0,0,0,0,0,NO_MEDALS
MON,MON,,1928,0,0,0,0,0,0,0,0,,0,0,0,0,0,NO_MEDALS
NED,Netherlands,Netherlands,1928,5,8,10,23,6,9,4,19,8,-1,-1,6,4,8,DIFFER
NOR,Norway,Norway,1928,1,1,2,4,1,2,1,4,19,0,-1,1,0,2,DIFFER
NZL,New Zealand,New Zealand,1928,0,1,0,1,1,0,0,1,24,-1,1,0,0,2,DIFFER
PAN,PAN,,1928,0,0,0,0,0,0,0,0,,0,0,0,0,0,NO_MEDALS
PHI,Philippines,Philippines,1928,1,0,0,1,0,0,1,1,32,1,0,-1,0,2,DIFFER
POL,Poland,Poland,1928,4,2,1,7,1,1,3,5,21,3,1,-2,2,6,DIFFER
POR,Portugal,Portugal,1928,1,0,0,1,0,0,1,1,32,1,0,-1,0,2,DIFFER
ROU,ROU,,1928,0,0,0,0,0,0,0,0,,0,0,0,0,0,NO_MEDALS
RSA,South Africa,South Africa,1928,2,1,0,3,1,0,2,3,23,1,1,-2,0,4,DIFFER
SUI,Switzerland,Switzerland,1928,4,7,6,17,7,4,4,15,6,-3,3,2,2,8,DIFFER
SWE,Sweden,Sweden,1928,12,7,6,25,7,6,12,25,4,5,1,-6,0,12,DIFFER
TCH,Czechoslovakia,Czechoslovakia,1928,2,2,5,9,2,5,2,9,14,0,-3,3,0,6,DIFFER
TUR,TUR,,1928,0,0,0,0,0,0,0,0,,0,0,0,0,0,NO_MEDALS
URU,Uruguay,Uruguay,1928,0,1,0,1,1,0,0,1,24,-1,1,0,0,2,DIFFER
USA,United States,United States,1928,16,22,18,56,22,18,16,56,1,-6,4,2,0,12,DIFFER
YUG,Yugoslavia,Yugoslavia,1928,3,1,1,5,1,1,3,5,21,2,0,-2,0,4,DIFFER
ZIM,ZIM,,1928,0,0,0,0,0,0,0,0,,0,0,0,0,0,NO_MEDALS
ARG,Argentina,Argentina,1932,0,3,1,4,3,1,0,4,12,-3,2,1,0,6,DIFFER
AUS,Australia,Australia,1932,1,3,1,5,3,1,1,5,11,-2,2,0,0,4,DIFFER
AUT,Austria,Austria,1932,3,1,1,5,1,1,3,5,18,2,0,-2,0,4,DIFFER
BEL,Belgium,Belgium,1932,1,0,0,1,0,0,1,1,26,1,0,-1,0,2,DIFFER
BRA,BRA,,1932,0,0,0,0,0,0,0,0,,0,0,0,0,0,NO_MEDALS
BUL,BUL,,1932,0,0,0,0,0,0,0,0,,0,0,0,0,0,NO_MEDALS
CAN,Canada,Canada,1932,9,2,5,16,2,5,9,16,13,7,-3,-4,0,14,DIFFER
CHN,CHN,,1932,0,0,0,0,0,0,0,0,,0,0,0,0,0,NO_MEDALS
COL,COL,,1932,0,0,0,0,0,0,0,0,,0,0,0,0,0,NO_MEDALS
CUB,CUB,,1932,0,0,0,0,0,0,0,0,,0,0,0,0,0,NO_MEDALS
DEN,Denmark,Denmark,1932,3,0,5,8,0,5,3,8,20,3,-5,2,0,10,DIFFER
ESA,ESA,,1932,0,0,0,0,0,0,0,0,,0,0,0,0,0,NO_MEDALS
ESP,Spain,Spain,1932,1,0,0,1,0,0,1,1,26,1,0,-1,0,2,DIFFER
EST,EST,,1932,0,0,0,0,0,0,0,0,,0,0,0,0,0,NO_MEDALS
FIN,Finland,Finland,1932,12,5,8,25,5,8,12,25,8,7,-3,-4,0,14,DIFFER
FRA,France,France,1932,4,11,5,20,11,5,4,20,3,-7,6,1,0,14,DIFFER
GBR,Great Britain,Great Britain,1932,5,5,7,17,5,7,5,17,9,0,-2,2,0,4,DIFFER
GER,Germany,Germany,1932,7,5,12,24,5,12,7,24,7,2,-7,5,0,14,DIFFER
GRE,GRE,,1932,0,0,0,0,0,0,0,0,,0,0,0,0,0,NO_MEDALS
GUA,GUA,,1932,0,0,0,0,0,0,0,0,,0,0,0,0,0,NO_MEDALS
HAI,HAI,,1932,0,0,0,0,0,0,0,0,,0,0,0,0,0,NO_MEDALS
HUN,Hungary,Hungary,1932,5,6,5,16,6,5,5,16,6,-1,1,0,0,2,DIFFER
IND,India,India,1932,0,1,0,1,1,0,0,1,19,-1,1,0,0,2,DIFFER
IRL,Ireland,Ireland,1932,0,2,0,2,2,0,0,2,16,-2,2,0,0,4,DIFFER
ITA,Italy,Italy,1932,12,12,12,36,12,12,12,36,2,0,0,0,0,0,MATCH
JPN,Japan,Japan,1932,4,7,7,18,7,7,4,18,5,-3,0,3,0,6,DIFFER
LAT,Latvia,Latvia,1932,0,0,1,1,0,1,0,1,22,0,-1,1,0,2,DIFFER
LUX,LUX,,1932,0,0,0,0,0,0,0,0,,0,0,0,0,0,NO_MEDALS
MEX,Mexico,Mexico,1932,0,0,2,2,0,2,0,2,21,0,-2,2,0,4,DIFFER
MON,MON,,1932,0,0,0,0,0,0,0,0,,0,0,0,0,0,NO_MEDALS
NED,Netherlands,Netherlands,1932,1,2,5,8,2,5,1,8,14,-1,-3,4,0,8,DIFFER
NOR,NOR,,1932,0,0,0,0,0,0,0,0,,0,0,0,0,0,NO_MEDALS
NZL,New Zealand,New Zealand,1932,0,0,1,1,0,1,0,1,22,0,-1,1,0,2,DIFFER
PER,PER,,1932,0,0,0,0,0,0,0,0,,0,0,0,0,0,NO_MEDALS
PHI,Philippines,Philippines,1932,3,0,0,3,0,0,3,3,25,3,0,-3,0,6,DIFFER
POL,Poland,Poland,1932,4,3,2,9,3,2,4,9,10,1,1,-2,0,4,DIFFER
POR,POR,,1932,0,0,0,0,0,0,0,0,,0,0,0,0,0,NO_MEDALS
ROU,ROU,,1932,0,0,0,0,0,0,0,0,,0,0,0,0,0,NO_MEDALS
RSA,South Africa,South Africa,1932,3,2,0,5,2,0,3,5,15,1,2,-3,0,6,DIFFER
SUI,Switzerland,Switzerland,1932,0,0,1,1,0,1,0,1,22,0,-1,1,0,2,DIFFER
SWE,Sweden,Sweden,1932,9,10,5,24,10,5,9,24,4,-1,5,-4,0,10,DIFFER
TCH,Czechoslovakia,Czechoslovakia,1932,2,1,3,6,1,3,2,6,17,1,-2,1,0,4,DIFFER
TUR,TUR,,1932,0,0,0,0,0,0,0,0,,0,0,0,0,0,NO_MEDALS
URU,Uruguay,Uruguay,1932,1,0,0,1,0,0,1,1,26,1,0,-1,0,2,DIFFER
USA,United States,United States,1932,30,44,36,110,44,36,30,110,1,-14,8,6,0,28,DIFFER
VEN,VEN,,1932,0,0,0,0,0,0,0,0,,0,0,0,0,0,NO_MEDALS
YUG,YUG,,1932,0,0,0,0,0,0,0,0,,0,0,0,0,0,NO_MEDALS
AFG,AFG,,1936,0,0,0,0,0,0,0,0,,0,0,0,0,0,NO_MEDALS
ARG,Argentina,Argentina,1936,3,2,2,7,2,2,3,7,14,1,0,-1,0,2,DIFFER
AUS,Australia,Australia,1936,1,0,0,1,0,0,1,1,30,1,0,-1,0,2,DIFFER
AUT,Austria,Austria,1936,5,5,7,17,5,7,5,17,10,0,-2,2,0,4,DIFFER
BEL,Belgium,Belgium,1936,3,0,0,3,0,0,3,3,28,3,0,-3,0,6,DIFFER
BER,BER,,1936,0,0,0,0,0,0,0,0,,0,0,0,0,0,NO_MEDALS
BOL,BOL,,1936,0,0,0,0,0,0,0,0,,0,0,0,0,0,NO_MEDALS
BRA,BRA,,1936,0,0,0,0,0,0,0,0,,0,0,0,0,0,NO_MEDALS
BUL,BUL,,1936,0,0,0,0,0,0,0,0,,0,0,0,0,0,NO_MEDALS
CAN,Canada,Canada,1936,5,1,3,9,1,3,5,9,17,4,-2,-2,0,8,DIFFER
CHI,CHI,,1936,0,0,0,0,0,0,0,0,,0,0,0,0,0,NO_MEDALS
CHN,CHN,,1936,0,0,0,0,0,0,0,0,,0,0,0,0,0,NO_MEDALS
COL,COL,,1936,0,0,0,0,0,0,0,0,,0,0,0,0,0,NO_MEDALS
CRC,CRC,,1936,0,0,0,0,0,0,0,0,,0,0,0,0,0,NO_MEDALS
DEN,Denmark,Denmark,1936,3,0,2,5,0,2,3,5,23,3,-2,-1,0,6,DIFFER
EGY,Egypt,Egypt,1936,2,2,1,5,2,1,2,5,16,0,1,-1,0,2,DIFFER
EST,Estonia,Estonia,1936,3,2,2,7,2,2,3,7,14,1,0,-1,0,2,DIFFER
FIN,Finland,Finland,1936,6,8,6,20,8,6,6,20,5,-2,2,0,0,4,DIFFER
FRA,France,France,1936,6,7,6,19,7,6,6,19,6,-1,1,0,0,2,DIFFER
GBR,Great Britain,Great Britain,1936,3,4,7,14,4,7,3,14,12,-1,-3,4,0,8,DIFFER
GER,Germany,Germany,1936,32,38,31,101,38,31,32,101,1,-6,7,-1,0,14,DIFFER
GRE,GRE,,1936,0,0,0,0,0,0,0,0,,0,0,0,0,0,NO_MEDALS
HUN,Hungary,Hungary,1936,5,10,1,16,10,1,5,16,3,-5,9,-4,0,18,DIFFER
IND,India,India,1936,0,1,0,1,1,0,0,1,20,-1,1,0,0,2,DIFFER
ISL,ISL,,1936,0,0,0,0,0,0,0,0,,0,0,0,0,0,NO_MEDALS
ITA,Italy,Italy,1936,5,9,13,27,9,13,5,27,4,-4,-4,8,0,16,DIFFER
JPN,Japan,Japan,1936,10,6,4,20,6,4,10,20,8,4,2,-6,0,12,DIFFER
LAT,Latvia,Latvia,1936,1,0,1,2,0,1,1,2,24,1,-1,0,0,2,DIFFER
LIE,LIE,,1936,0,0,0,0,0,0,0,0,,0,0,0,0,0,NO_MEDALS
LUX,LUX,,1936,0,0,0,0,0,0,0,0,,0,0,0,0,0,NO_MEDALS
MEX,Mexico,Mexico,1936,3,0,0,3,0,0,3,3,28,3,0,-3,0,6,DIFFER
MLT,MLT,,1936,0,0,0,0,0,0,0,0,,0,0,0,0,0,NO_MEDALS
MON,MON,,1936,0,0,0,0,0,0,0,0,,0,0,0,0,0,NO_MEDALS
NED,Netherlands,Netherlands,1936,7,6,4,17,6,4,7,17,9,1,2,-3,0,6,DIFFER
NOR,Norway,Norway,1936,2,1,3,6,1,3,2,6,18,1,-2,1,0,4,DIFFER
NZL,New Zealand,New Zealand,1936,0,1,0,1,1,0,0,1,20,-1,1,0,0,2,DIFFER
PER,PER,,1936,0,0,0,0,0,0,0,0,,0,0,0,0,0,NO_MEDALS
PHI,Philippines,Philippines,1936,1,0,0,1,0,0,1,1,30,1,0,-1,0,2,DIFFER
POL,Poland,Poland,1936,5,0,4,9,0,4,5,9,22,5,-4,-1,0,10,DIFFER
POR,Portugal,Portugal,1936,1,0,0,1,0,0,1,1,30,1,0,-1,0,2,DIFFER
ROU,Romania,Romania,1936,0,0,1,1,0,1,0,1,25,0,-1,1,0,2,DIFFER
RSA,South Africa,South Africa,1936,0,0,1,1,0,1,0,1,25,0,-1,1,0,2,DIFFER
SUI,Switzerland,Switzerland,1936,5,4,9,18,4,9,5,18,11,1,-5,4,0,10,DIFFER
SWE,Sweden,Sweden,1936,10,6,5,21,6,5,10,21,7,4,1,-5,0,10,DIFFER
TCH,Czechoslovakia,Czechoslovakia,1936,1,3,5,9,3,5,1,9,13,-2,-2,4,0,8,DIFFER
TUR,Turkey,Turkey,1936,1,1,0,2,1,0,1,2,19,0,1,-1,0,2,DIFFER
URU,URU,,1936,0,0,0,0,0,0,0,0,,0,0,0,0,0,NO_MEDALS
USA,United States,United States,1936,12,24,21,57,24,21,12,57,2,-12,3,9,0,24,DIFFER
YUG,Yugoslavia,Yugoslavia,1936,0,0,1,1,0,1,0,1,25,0,-1,1,0,2,DIFFER
AFG,AFG,,1948,0,0,0,0,0,0,0,0,,0,0,0,0,0,NO_MEDALS
ARG,Argentina,Argentina,1948,1,3,3,7,3,3,1,7,13,-2,0,2,0,4,DIFFER
AUS,Australia,Australia,1948,5,2,6,13,2,6,5,13,14,3,-4,1,0,8,DIFFER
AUT,Austria,Austria,1948,4,2,2,8,1,0,3,4,21,3,2,-1,4,6,DIFFER
BEL,Belgium,Belgium,1948,3,2,2,7,2,2,3,7,15,1,0,-1,0,2,DIFFER
BER,BER,,1948,0,0,0,0,0,0,0,0,,0,0,0,0,0,NO_MEDALS
BRA,Brazil,Brazil,1948,1,0,0,1,0,0,1,1,34,1,0,-1,0,2,DIFFER
CAN,Canada,Canada,1948,2,0,2,4,0,1,2,3,25,2,-1,0,1,3,DIFFER
CHI,CHI,,1948,0,0,0,0,0,0,0,0,,0,0,0,0,0,NO_MEDALS
CHN,CHN,,1948,0,0,0,0,0,0,0,0,,0,0,0,0,0,NO_MEDALS
COL,COL,,1948,0,0,0,0,0,0,0,0,,0,0,0,0,0,NO_MEDALS
CUB,Cuba,Cuba,1948,0,0,1,1,0,1,0,1,28,0,-1,1,0,2,DIFFER
DEN,Denmark,Denmark,1948,9,5,8,22,5,7,8,20,10,4,-2,0,2,6,DIFFER
EGY,Egypt,Egypt,1948,1,2,2,5,2,2,1,5,16,-1,0,1,0,2,DIFFER
ESP,Spain,Spain,1948,0,0,1,1,0,1,0,1,28,0,-1,1,0,2,DIFFER
FIN,Finland,Finland,1948,6,8,8,22,8,7,5,20,6,-2,1,3,2,6,DIFFER
FRA,France,France,1948,15,11,6,32,10,6,13,29,3,5,5,-7,3,17,DIFFER
GBR,Great Britain,Great Britain,1948,7,4,16,27,3,14,6,23,12,4,-10,10,4,24,DIFFER
GRE,GRE,,1948,0,0,0,0,0,0,0,0,,0,0,0,0,0,NO_MEDALS
GUY,GUY,,1948,0,0,0,0,0,0,0,0,,0,0,0,0,0,NO_MEDALS
HUN,Hungary,Hungary,1948,12,10,5,27,10,5,12,27,4,2,5,-7,0,14,DIFFER
IND,India,India,1948,0,1,0,1,1,0,0,1,22,-1,1,0,0,2,DIFFER
IRI,Iran,Iran,1948,1,0,0,1,0,0,1,1,34,1,0,-1,0,2,DIFFER
IRL,IRL,,1948,1,0,0,1,0,0,0,0,,1,0,0,1,1,ONLY_IN_ATHLETES
IRQ,IRQ,,1948,0,0,0,0,0,0,0,0,,0,0,0,0,0,NO_MEDALS
ISL,ISL,,1948,0,0,0,0,0,0,0,0,,0,0,0,0,0,NO_MEDALS
ITA,Italy,Italy,1948,10,9,12,31,8,11,8,27,5,2,-2,4,4,8,DIFFER
JAM,Jamaica,Jamaica,1948,0,1,2,3,1,2,0,3,20,-1,-1,2,0,4,DIFFER
KOR,South Korea,South Korea,1948,2,0,0,2,0,0,2,2,32,2,0,-2,0,4,DIFFER
LIB,LIB,,1948,0,0,0,0,0,0,0,0,,0,0,0,0,0,NO_MEDALS
LIE,LIE,,1948,0,0,0,0,0,0,0,0,,0,0,0,0,0,NO_MEDALS
LUX,LUX,,1948,0,0,0,0,0,0,0,0,,0,0,0,0,0,NO_MEDALS
MEX,Mexico,Mexico,1948,2,2,1,5,2,1,2,5,17,0,1,-1,0,2,DIFFER
MLT,MLT,,1948,0,0,0,0,0,0,0,0,,0,0,0,0,0,NO_MEDALS
MON,MON,,1948,0,0,0,0,0,0,0,0,,0,0,0,0,0,NO_MEDALS
MYA,MYA,,1948,0,0,0,0,0,0,0,0,,0,0,0,0,0,NO_MEDALS
NED,Netherlands,Netherlands,1948,9,5,2,16,5,2,9,16,11,4,3,-7,0,14,DIFFER
NOR,Norway,Norway,1948,3,1,3,7,1,3,3,7,19,2,-2,0,0,4,DIFFER
NZL,NZL,,1948,0,0,0,0,0,0,0,0,,0,0,0,0,0,NO_MEDALS
PAK,PAK,,1948,0,0,0,0,0,0,0,0,,0,0,0,0,0,NO_MEDALS
PAN,Panama,Panama,1948,2,0,0,2,0,0,2,2,32,2,0,-2,0,4,DIFFER
PER,Peru,Peru,1948,0,1,0,1,1,0,0,1,22,-1,1,0,0,2,DIFFER
PHI,PHI,,1948,0,0,0,0,0,0,0,0,,0,0,0,0,0,NO_MEDALS
POL,Poland,Poland,1948,1,1,0,2,0,0,1,1,34,1,1,-1,1,3,DIFFER
POR,Portugal,Portugal,1948,1,0,1,2,0,1,1,2,26,1,-1,0,0,2,DIFFER
PUR,Puerto Rico,Puerto Rico,1948,1,0,0,1,0,0,1,1,34,1,0,-1,0,2,DIFFER
RSA,South Africa,South Africa,1948,2,2,2,6,2,1,1,4,18,0,1,1,2,2,DIFFER
SGP,SGP,,1948,0,0,0,0,0,0,0,0,,0,0,0,0,0,NO_MEDALS
SRI,Ceylon,Ceylon,1948,0,0,1,1,0,1,0,1,28,0,-1,1,0,2,DIFFER
SUI,Switzerland,Switzerland,1948,4,5,12,21,5,10,5,20,9,-1,-5,7,1,13,DIFFER
SWE,Sweden,Sweden,1948,18,17,11,46,16,11,17,44,2,2,6,-6,2,14,DIFFER
SYR,SYR,,1948,0,0,0,0,0,0,0,0,,0,0,0,0,0,NO_MEDALS
TCH,Czechoslovakia,Czechoslovakia,1948,3,6,2,11,6,2,3,11,8,-3,4,-1,0,8,DIFFER
TTO,Trinidad and Tobago,Trinidad and Tobago,1948,0,0,1,1,0,1,0,1,28,0,-1,1,0,2,DIFFER
TUR,Turkey,Turkey,1948,2,6,4,12,6,4,2,12,7,-4,2,2,0,8,DIFFER
URU,Uruguay,Uruguay,1948,1,0,1,2,0,1,1,2,26,1,-1,0,0,2,DIFFER
USA,United States,United States,1948,19,38,27,84,38,27,19,84,1,-19,11,8,0,38,DIFFER
VEN,VEN,,1948,0,0,0,0,0,0,0,0,,0,0,0,0,0,NO_MEDALS
YUG,Yugoslavia,Yugoslavia,1948,0,0,2,2,0,2,0,2,24,0,-2,2,0,4,DIFFER
AHO,AHO,,1952,0,0,0,0,0,0,0,0,,0,0,0,0,0,NO_MEDALS
ARG,Argentina,Argentina,1952,2,1,2,5,1,2,2,5,19,1,-1,0,0,2,DIFFER
AUS,Australia,Australia,1952,3,6,2,11,6,2,3,11,9,-3,4,-1,0,8,DIFFER
AUT,Austria,Austria,1952,1,0,1,2,0,1,1,2,32,1,-1,0,0,2,DIFFER
BAH,BAH,,1952,0,0,0,0,0,0,0,0,,0,0,0,0,0,NO_MEDALS
BEL,Belgium,Belgium,1952,0,2,2,4,2,2,0,4,14,-2,0,2,0,4,DIFFER
BER,BER,,1952,0,0,0,0,0,0,0,0,,0,0,0,0,0,NO_MEDALS
BRA,Brazil,Brazil,1952,2,1,0,3,1,0,2,3,24,1,1,-2,0,4,DIFFER
BUL,Bulgaria,Bulgaria,1952,1,0,0,1,0,0,1,1,40,1,0,-1,0,2,DIFFER
CAN,Canada,Canada,1952,0,1,2,3,1,2,0,3,21,-1,-1,2,0,4,DIFFER
CHI,Chile,Chile,1952,0,0,2,2,0,2,0,2,31,0,-2,2,0,4,DIFFER
CHN,CHN,,1952,0,0,0,0,0,0,0,0,,0,0,0,0,0,NO_MEDALS
CUB,CUB,,1952,0,0,0,0,0,0,0,0,,0,0,0,0,0,NO_MEDALS
DEN,Denmark,Denmark,1952,3,2,1,6,2,1,3,6,15,1,1,-2,0,4,DIFFER
EGY,Egypt,Egypt,1952,1,0,0,1,0,0,1,1,40,1,0,-1,0,2,DIFFER
ESP,Spain,Spain,1952,0,0,1,1,0,1,0,1,34,0,-1,1,0,2,DIFFER
FIN,Finland,Finland,1952,13,6,3,22,6,3,13,22,8,7,3,-10,0,20,DIFFER
FRA,France,France,1952,6,6,6,18,6,6,6,18,7,0,0,0,0,0,MATCH
GBR,Great Britain,Great Britain,1952,8,1,2,11,1,2,8,11,18,7,-1,-6,0,14,DIFFER
GER,Germany,Germany,1952,17,0,7,24,0,7,17,24,28,17,-7,-10,0,34,DIFFER
GHA,GHA,,1952,0,0,0,0,0,0,0,0,,0,0,0,0,0,NO_MEDALS
GRE,GRE,,1952,0,0,0,0,0,0,0,0,,0,0,0,0,0,NO_MEDALS
GUA,GUA,,1952,0,0,0,0,0,0,0,0,,0,0,0,0,0,NO_MEDALS
GUY,GUY,,1952,0,0,0,0,0,0,0,0,,0,0,0,0,0,NO_MEDALS
HKG,HKG,,1952,0,0,0,0,0,0,0,0,,0,0,0,0,0,NO_MEDALS
HUN,Hungary,Hungary,1952,16,16,10,42,16,10,16,42,3,0,6,-6,0,12,DIFFER
INA,INA,,1952,0,0,0,0,0,0,0,0,,0,0,0,0,0,NO_MEDALS
IND,India,India,1952,1,1,0,2,1,0,1,2,26,0,1,-1,0,2,DIFFER
IRI,Iran,Iran,1952,4,0,3,7,0,3,4,7,30,4,-3,-1,0,8,DIFFER
IRL,Ireland,Ireland,1952,0,0,1,1,0,1,0,1,34,0,-1,1,0,2,DIFFER
ISL,ISL,,1952,0,0,0,0,0,0,0,0,,0,0,0,0,0,NO_MEDALS
ISR,ISR,,1952,0,0,0,0,0,0,0,0,,0,0,0,0,0,NO_MEDALS
ITA,Italy,Italy,1952,4,8,9,21,8,9,4,21,5,-4,-1,5,0,10,DIFFER
JAM,Jamaica,Jamaica,1952,0,2,3,5,2,3,0,5,13,-2,-1,3,0,6,DIFFER
JPN,Japan,Japan,1952,1,1,6,8,1,6,2,9,17,0,-5,4,-1,9,DIFFER
KOR,South Korea,South Korea,1952,2,0,0,2,0,0,2,2,37,2,0,-2,0,4,DIFFER
LIB,Lebanon,Lebanon,1952,1,0,1,2,0,1,1,2,32,1,-1,0,0,2,DIFFER
LIE,LIE,,1952,0,0,0,0,0,0,0,0,,0,0,0,0,0,NO_MEDALS
LUX,Luxembourg,Luxembourg,1952,0,1,0,1,1,0,0,1,27,-1,1,0,0,2,DIFFER
MEX,Mexico,Mexico,1952,0,0,1,1,0,1,0,1,34,0,-1,1,0,2,DIFFER
MON,MON,,1952,0,0,0,0,0,0,0,0,,0,0,0,0,0,NO_MEDALS
MYA,MYA,,1952,0,0,0,0,0,0,0,0,,0,0,0,0,0,NO_MEDALS
NED,Netherlands,Netherlands,1952,0,0,5,5,0,5,0,5,29,0,-5,5,0,10,DIFFER
NGR,NGR,,1952,0,0,0,0,0,0,0,0,,0,0,0,0,0,NO_MEDALS
NOR,Norway,Norway,1952,0,3,2,5,3,2,0,5,10,-3,1,2,0,6,DIFFER
NZL,New Zealand,New Zealand,1952,2,1,0,3,1,0,2,3,24,1,1,-2,0,4,DIFFER
PAK,PAK,,1952,0,0,0,0,0,0,0,0,,0,0,0,0,0,NO_MEDALS
PAN,PAN,,1952,0,0,0,0,0,0,0,0,,0,0,0,0,0,NO_MEDALS
PHI,PHI,,1952,0,0,0,0,0,0,0,0,,0,0,0,0,0,NO_MEDALS
POL,Poland,Poland,1952,1,1,2,4,1,2,1,4,20,0,-1,1,0,2,DIFFER
POR,Portugal,Portugal,1952,1,0,0,1,0,0,1,1,40,1,0,-1,0,2,DIFFER
PUR,PUR,,1952,0,0,0,0,0,0,0,0,,0,0,0,0,0,NO_MEDALS
ROU,Romania,Romania,1952,2,1,1,4,1,1,2,4,23,1,0,-1,0,2,DIFFER
RSA,South Africa,South Africa,1952,4,2,4,10,2,4,4,10,12,2,-2,0,0,4,DIFFER
SAA,SAA,,1952,0,0,0,0,0,0,0,0,,0,0,0,0,0,NO_MEDALS
SGP,SGP,,1952,0,0,0,0,0,0,0,0,,0,0,0,0,0,NO_MEDALS
SRI,SRI,,1952,0,0,0,0,0,0,0,0,,0,0,0,0,0,NO_MEDALS
SUI,Switzerland,Switzerland,1952,6,2,6,14,2,6,6,14,11,4,-4,0,0,8,DIFFER
SWE,Sweden,Sweden,1952,10,12,13,35,12,13,10,35,4,-2,-1,3,0,6,DIFFER
TCH,Czechoslovakia,Czechoslovakia,1952,3,7,3,13,7,3,3,13,6,-4,4,0,0,8,DIFFER
THA,THA,,1952,0,0,0,0,0,0,0,0,,0,0,0,0,0,NO_MEDALS
TTO,Trinidad and Tobago,Trinidad and Tobago,1952,2,0,0,2,0,0,2,2,37,2,0,-2,0,4,DIFFER
TUR,Turkey,Turkey,1952,1,2,0,3,2,0,1,3,16,-1,2,-1,0,4,DIFFER
URS,Soviet Union,Soviet Union,1952,19,22,29,70,22,30,19,71,2,-3,-8,10,-1,21,DIFFER
URU,Uruguay,Uruguay,1952,2,0,0,2,0,0,2,2,37,2,0,-2,0,4,DIFFER
USA,United States,United States,1952,17,40,19,76,40,19,17,76,1,-23,21,2,0,46,DIFFER
VEN,Venezuela,Venezuela,1952,1,0,0,1,0,0,1,1,40,1,0,-1,0,2,DIFFER
VNM,VNM,,1952,0,0,0,0,0,0,0,0,,0,0,0,0,0,NO_MEDALS
YUG,Yugoslavia,Yugoslavia,1952,0,1,2,3,1,2,0,3,21,-1,-1,2,0,4,DIFFER
AFG,AFG,,1956,0,0,0,0,0,0,0,0,,0,0,0,0,0,NO_MEDALS
ARG,Argentina,Argentina,1956,1,0,1,2,0,1,1,2,29,1,-1,0,0,2,DIFFER
AUS,Australia,Australia,1956,14,13,8,35,13,8,14,35,3,1,5,-6,0,12,DIFFER
AUT,Austria,Austria,1956,2,0,0,2,0,0,2,2,34,2,0,-2,0,4,DIFFER
BAH,Bahamas,Bahamas,1956,1,0,0,1,0,0,1,1,35,1,0,-1,0,2,DIFFER
BEL,Belgium,Belgium,1956,0,0,2,2,0,2,0,2,28,0,-2,2,0,4,DIFFER
BER,BER,,1956,0,0,0,0,0,0,0,0,,0,0,0,0,0,NO_MEDALS
BRA,Brazil,Brazil,1956,0,1,0,1,1,0,0,1,24,-1,1,0,0,2,DIFFER
BUL,Bulgaria,Bulgaria,1956,1,1,3,5,1,3,1,5,19,0,-2,2,0,4,DIFFER
CAM,CAM,,1956,0,0,0,0,0,0,0,0,,0,0,0,0,0,NO_MEDALS
CAN,Canada,Canada,1956,3,2,1,6,2,1,3,6,15,1,1,-2,0,4,DIFFER
CHI,Chile,Chile,1956,2,0,2,4,0,2,2,4,27,2,-2,0,0,4,DIFFER
COL,COL,,1956,0,0,0,0,0,0,0,0,,0,0,0,0,0,NO_MEDALS
CUB,CUB,,1956,0,0,0,0,0,0,0,0,,0,0,0,0,0,NO_MEDALS
DEN,Denmark,Denmark,1956,1,1,2,4,1,2,1,4,20,0,-1,1,0,2,DIFFER
EGY,EGY,,1956,0,0,0,0,0,0,0,0,,0,0,0,0,0,NO_MEDALS
ESP,ESP,,1956,0,0,0,0,0,0,0,0,,0,0,0,0,0,NO_MEDALS
ETH,ETH,,1956,0,0,0,0,0,0,0,0,,0,0,0,0,0,NO_MEDALS
FIJ,FIJ,,1956,0,0,0,0,0,0,0,0,,0,0,0,0,0,NO_MEDALS
FIN,Finland,Finland,1956,11,3,1,15,3,1,11,15,13,8,2,-10,0,20,DIFFER
FRA,France,France,1956,6,4,4,14,4,4,6,14,11,2,0,-2,0,4,DIFFER
GBR,Great Britain,Great Britain,1956,11,6,7,24,6,7,11,24,8,5,-1,-4,0,10,DIFFER
GER,United Team of Germany,United Team of Germany,1956,7,6,13,26,6,13,7,26,7,1,-7,6,0,14,DIFFER
GRE,Greece,Greece,1956,1,0,0,1,0,0,1,1,35,1,0,-1,0,2,DIFFER
GUY,GUY,,1956,0,0,0,0,0,0,0,0,,0,0,0,0,0,NO_MEDALS
HKG,HKG,,1956,0,0,0,0,0,0,0,0,,0,0,0,0,0,NO_MEDALS
HUN,Hungary,Hungary,1956,7,9,10,26,9,10,7,26,4,-2,-1,3,0,6,DIFFER
INA,INA,,1956,0,0,0,0,0,0,0,0,,0,0,0,0,0,NO_MEDALS
IND,India,India,1956,0,1,0,1,1,0,0,1,24,-1,1,0,0,2,DIFFER
IRI,Iran,Iran,1956,1,2,2,5,2,2,1,5,14,-1,0,1,0,2,DIFFER
IRL,Ireland,Ireland,1956,3,1,1,5,1,1,3,5,21,2,0,-2,0,4,DIFFER
ISL,Iceland,Iceland,1956,0,0,1,1,0,1,0,1,31,0,-1,1,0,2,DIFFER
ISR,ISR,,1956,0,0,0,0,0,0,0,0,,0,0,0,0,0,NO_MEDALS
ITA,Italy,Italy,1956,9,8,8,25,8,8,9,25,5,1,0,-1,0,2,DIFFER
JAM,JAM,,1956,0,0,0,0,0,0,0,0,,0,0,0,0,0,NO_MEDALS
JPN,Japan,Japan,1956,3,4,10,17,4,10,5,19,10,-1,-6,5,-2,12,DIFFER
KEN,KEN,,1956,0,0,0,0,0,0,0,0,,0,0,0,0,0,NO_MEDALS
KOR,South Korea,South Korea,1956,1,0,1,2,0,1,1,2,29,1,-1,0,0,2,DIFFER
LBR,LBR,,1956,0,0,0,0,0,0,0,0,,0,0,0,0,0,NO_MEDALS
LUX,LUX,,1956,0,0,0,0,0,0,0,0,,0,0,0,0,0,NO_MEDALS
MAL,MAL,,1956,0,0,0,0,0,0,0,0,,0,0,0,0,0,NO_MEDALS
MEX,Mexico,Mexico,1956,1,1,0,2,1,0,1,2,23,0,1,-1,0,2,DIFFER
MYA,MYA,,1956,0,0,0,0,0,0,0,0,,0,0,0,0,0,NO_MEDALS
NBO,NBO,,1956,0,0,0,0,0,0,0,0,,0,0,0,0,0,NO_MEDALS
NED,NED,,1956,0,0,0,0,0,0,0,0,,0,0,0,0,0,NO_MEDALS
NGR,NGR,,1956,0,0,0,0,0,0,0,0,,0,0,0,0,0,NO_MEDALS
NOR,Norway,Norway,1956,2,1,0,3,1,0,2,3,22,1,1,-2,0,4,DIFFER
NZL,New Zealand,New Zealand,1956,0,2,0,2,2,0,0,2,16,-2,2,0,0,4,DIFFER
PAK,Pakistan,Pakistan,1956,0,0,1,1,0,1,0,1,31,0,-1,1,0,2,DIFFER
PER,PER,,1956,0,0,0,0,0,0,0,0,,0,0,0,0,0,NO_MEDALS
PHI,PHI,,1956,0,0,0,0,0,0,0,0,,0,0,0,0,0,NO_MEDALS
POL,Poland,Poland,1956,4,1,4,9,1,4,4,9,17,3,-3,0,0,6,DIFFER
POR,POR,,1956,0,0,0,0,0,0,0,0,,0,0,0,0,0,NO_MEDALS
PUR,PUR,,1956,0,0,0,0,0,0,0,0,,0,0,0,0,0,NO_MEDALS
ROU,Romania,Romania,1956,5,5,3,13,5,3,5,13,9,0,2,-2,0,4,DIFFER
RSA,South Africa,South Africa,1956,4,0,0,4,0,0,4,4,33,4,0,-4,0,8,DIFFER
SGP,SGP,,1956,0,0,0,0,0,0,0,0,,0,0,0,0,0,NO_MEDALS
SRI,SRI,,1956,0,0,0,0,0,0,0,0,,0,0,0,0,0,NO_MEDALS
SUI,Switzerland,Switzerland,1956,1,0,0,1,0,0,1,1,35,1,0,-1,0,2,DIFFER
SWE,Sweden,Sweden,1956,6,8,5,19,8,5,6,19,6,-2,3,-1,0,6,DIFFER
TCH,Czechoslovakia,Czechoslovakia,1956,1,1,4,6,1,4,1,6,18,0,-3,3,0,6,DIFFER
THA,THA,,1956,0,0,0,0,0,0,0,0,,0,0,0,0,0,NO_MEDALS
TPE,Formosa,,1956,0,0,0,0,0,0,0,0,,0,0,0,0,0,NO_MEDALS
TTO,TTO,,1956,0,0,0,0,0,0,0,0,,0,0,0,0,0,NO_MEDALS
TUR,Turkey,Turkey,1956,2,3,2,7,3,2,2,7,12,-1,1,0,0,2,DIFFER
UGA,UGA,,1956,0,0,0,0,0,0,0,0,,0,0,0,0,0,NO_MEDALS
URS,Soviet Union,Soviet Union,1956,32,37,29,98,37,29,32,98,1,-5,8,-3,0,16,DIFFER
URU,Uruguay,Uruguay,1956,1,0,0,1,0,0,1,1,35,1,0,-1,0,2,DIFFER
USA,United States,United States,1956,17,32,25,74,32,25,17,74,2,-15,7,8,0,30,DIFFER
VEN,VEN,,1956,0,0,0,0,0,0,0,0,,0,0,0,0,0,NO_MEDALS
VNM,VNM,,1956,0,0,0,0,0,0,0,0,,0,0,0,0,0,NO_MEDALS
YUG,Yugoslavia,Yugoslavia,1956,0,0,3,3,0,3,0,3,26,0,-3,3,0,6,DIFFER
AFG,AFG,,1960,0,0,0,0,0,0,0,0,,0,0,0,0,0,NO_MEDALS
AHO,AHO,,1960,0,0,0,0,0,0,0,0,,0,0,0,0,0,NO_MEDALS
ARG,Argentina,Argentina,1960,1,0,1,2,0,1,1,2,30,1,-1,0,0,2,DIFFER
AUS,Australia,Australia,1960,6,8,8,22,8,8,6,22,5,-2,0,2,0,4,DIFFER
AUT,Austria,Austria,1960,0,1,1,2,1,1,0,2,18,-1,0,1,0,2,DIFFER
BAH,BAH,,1960,0,0,0,0,0,0,0,0,,0,0,0,0,0,NO_MEDALS
BEL,Belgium,Belgium,1960,2,0,2,4,0,2,2,4,26,2,-2,0,0,4,DIFFER
BER,BER,,1960,0,0,0,0,0,0,0,0,,0,0,0,0,0,NO_MEDALS
BRA,Brazil,Brazil,1960,2,0,0,2,0,0,2,2,39,2,0,-2,0,4,DIFFER
BUL,Bulgaria,Bulgaria,1960,3,1,3,7,1,3,3,7,15,2,-2,0,0,4,DIFFER
CAN,Canada,Canada,1960,0,0,1,1,0,1,0,1,32,0,-1,1,0,2,DIFFER
CHI,CHI,,1960,0,0,0,0,0,0,0,0,,0,0,0,0,0,NO_MEDALS
COL,COL,,1960,0,0,0,0,0,0,0,0,,0,0,0,0,0,NO_MEDALS
CUB,CUB,,1960,0,0,0,0,0,0,0,0,,0,0,0,0,0,NO_MEDALS
DEN,Denmark,Denmark,1960,1,2,3,6,2,3,1,6,13,-1,-1,2,0,4,DIFFER
ESP,Spain,Spain,1960,1,0,0,1,0,0,1,1,41,1,0,-1,0,2,DIFFER
ETH,Ethiopia,Ethiopia,1960,0,1,0,1,1,0,0,1,21,-1,1,0,0,2,DIFFER
FIJ,FIJ,,1960,0,0,0,0,0,0,0,0,,0,0,0,0,0,NO_MEDALS
FIN,Finland,Finland,1960,3,1,1,5,1,1,3,5,17,2,0,-2,0,4,DIFFER
FRA,France,France,1960,3,0,2,5,0,2,3,5,25,3,-2,-1,0,6,DIFFER
GBR,Great Britain,Great Britain,1960,12,2,6,20,2,6,12,20,12,10,-4,-6,0,20,DIFFER
GER,United Team of Germany,United Team of Germany,1960,11,12,19,42,12,19,11,42,4,-1,-7,8,0,16,DIFFER
GHA,Ghana,Ghana,1960,0,0,1,1,0,1,0,1,32,0,-1,1,0,2,DIFFER
GRE,Greece,Greece,1960,0,1,0,1,1,0,0,1,21,-1,1,0,0,2,DIFFER
GUY,GUY,,1960,0,0,0,0,0,0,0,0,,0,0,0,0,0,NO_MEDALS
HAI,HAI,,1960,0,0,0,0,0,0,0,0,,0,0,0,0,0,NO_MEDALS
HKG,HKG,,1960,0,0,0,0,0,0,0,0,,0,0,0,0,0,NO_MEDALS
HUN,Hungary,Hungary,1960,7,6,8,21,6,8,7,21,7,1,-2,1,0,4,DIFFER
INA,INA,,1960,0,0,0,0,0,0,0,0,,0,0,0,0,0,NO_MEDALS
IND,India,India,1960,0,0,1,1,0,1,0,1,32,0,-1,1,0,2,DIFFER
IRI,Iran,Iran,1960,3,0,1,4,0,1,3,4,27,3,-1,-2,0,6,DIFFER
IRL,IRL,,1960,0,0,0,0,0,0,0,0,,0,0,0,0,0,NO_MEDALS
IRQ,Iraq,Iraq,1960,1,0,0,1,0,0,1,1,41,1,0,-1,0,2,DIFFER
ISL,ISL,,1960,0,0,0,0,0,0,0,0,,0,0,0,0,0,NO_MEDALS
ISR,ISR,,1960,0,0,0,0,0,0,0,0,,0,0,0,0,0,NO_MEDALS
ITA,Italy,Italy,1960,13,13,10,36,13,10,13,36,3,0,3,-3,0,6,DIFFER
JPN,Japan,Japan,1960,7,4,7,18,4,7,7,18,8,3,-3,0,0,6,DIFFER
KEN,KEN,,1960,0,0,0,0,0,0,0,0,,0,0,0,0,0,NO_MEDALS
KOR,KOR,,1960,0,0,0,0,0,0,0,0,,0,0,0,0,0,NO_MEDALS
LBR,LBR,,1960,0,0,0,0,0,0,0,0,,0,0,0,0,0,NO_MEDALS
LIB,LIB,,1960,0,0,0,0,0,0,0,0,,0,0,0,0,0,NO_MEDALS
LIE,LIE,,1960,0,0,0,0,0,0,0,0,,0,0,0,0,0,NO_MEDALS
LUX,LUX,,1960,0,0,0,0,0,0,0,0,,0,0,0,0,0,NO_MEDALS
MAL,MAL,,1960,0,0,0,0,0,0,0,0,,0,0,0,0,0,NO_MEDALS
MAR,Morocco,Morocco,1960,0,0,1,1,0,1,0,1,32,0,-1,1,0,2,DIFFER
MEX,Mexico,Mexico,1960,1,0,0,1,0,0,1,1,41,1,0,-1,0,2,DIFFER
MLT,MLT,,1960,0,0,0,0,0,0,0,0,,0,0,0,0,0,NO_MEDALS
MON,MON,,1960,0,0,0,0,0,0,0,0,,0,0,0,0,0,NO_MEDALS
MYA,MYA,,1960,0,0,0,0,0,0,0,0,,0,0,0,0,0,NO_MEDALS
NED,Netherlands,Netherlands,1960,2,0,1,3,0,1,2,3,28,2,-1,-1,0,4,DIFFER
NGR,NGR,,1960,0,0,0,0,0,0,0,0,,0,0,0,0,0,NO_MEDALS
NOR,Norway,Norway,1960,0,1,0,1,1,0,0,1,21,-1,1,0,0,2,DIFFER
NZL,New Zealand,New Zealand,1960,1,2,0,3,2,0,1,3,14,-1,2,-1,0,4,DIFFER
PAK,Pakistan,Pakistan,1960,1,1,0,2,1,0,1,2,20,0,1,-1,0,2,DIFFER
PAN,PAN,,1960,0,0,0,0,0,0,0,0,,0,0,0,0,0,NO_MEDALS
PER,PER,,1960,0,0,0,0,0,0,0,0,,0,0,0,0,0,NO_MEDALS
PHI,PHI,,1960,0,0,0,0,0,0,0,0,,0,0,0,0,0,NO_MEDALS
POL,Poland,Poland,1960,11,4,6,21,4,6,11,21,9,7,-2,-5,0,14,DIFFER
POR,Portugal,Portugal,1960,0,0,1,1,0,1,0,1,32,0,-1,1,0,2,DIFFER
PUR,PUR,,1960,0,0,0,0,0,0,0,0,,0,0,0,0,0,NO_MEDALS
RHO,RHO,,1960,0,0,0,0,0,0,0,0,,0,0,0,0,0,NO_MEDALS
ROU,Romania,Romania,1960,6,3,1,10,3,1,6,10,11,3,2,-5,0,10,DIFFER
RSA,South Africa,South Africa,1960,2,0,1,3,0,1,2,3,28,2,-1,-1,0,4,DIFFER
SGP,Singapore,Singapore,1960,0,0,1,1,0,1,0,1,32,0,-1,1,0,2,DIFFER
SMR,SMR,,1960,0,0,0,0,0,0,0,0,,0,0,0,0,0,NO_MEDALS
SRI,SRI,,1960,0,0,0,0,0,0,0,0,,0,0,0,0,0,NO_MEDALS
SUD,SUD,,1960,0,0,0,0,0,0,0,0,,0,0,0,0,0,NO_MEDALS
SUI,Switzerland,Switzerland,1960,3,0,3,6,0,3,3,6,24,3,-3,0,0,6,DIFFER
SWE,Sweden,Sweden,1960,3,1,2,6,1,2,3,6,16,2,-1,-1,0,4,DIFFER
TCH,Czechoslovakia,Czechoslovakia,1960,3,3,2,8,3,2,3,8,10,0,1,-1,0,2,DIFFER
THA,THA,,1960,0,0,0,0,0,0,0,0,,0,0,0,0,0,NO_MEDALS
TPE,Formosa,Formosa,1960,0,0,1,1,0,1,0,1,32,0,-1,1,0,2,DIFFER
TUN,TUN,,1960,0,0,0,0,0,0,0,0,,0,0,0,0,0,NO_MEDALS
TUR,Turkey,Turkey,1960,0,7,2,9,7,2,0,9,6,-7,5,2,0,14,DIFFER
UAR,UAR,,1960,1,0,1,2,0,0,0,0,,1,0,1,2,2,ONLY_IN_ATHLETES
UGA,UGA,,1960,0,0,0,0,0,0,0,0,,0,0,0,0,0,NO_MEDALS
URS,Soviet Union,Soviet Union,1960,31,43,29,103,43,29,31,103,1,-12,14,-2,0,28,DIFFER
URU,URU,,1960,0,0,0,0,0,0,0,0,,0,0,0,0,0,NO_MEDALS
USA,United States,United States,1960,16,34,21,71,34,21,16,71,2,-18,13,5,0,36,DIFFER
VEN,Venezuela,Venezuela,1960,1,0,0,1,0,0,1,1,41,1,0,-1,0,2,DIFFER
VNM,VNM,,1960,0,0,0,0,0,0,0,0,,0,0,0,0,0,NO_MEDALS
WIF,British West Indies,British West Indies,1960,2,0,0,2,0,0,2,2,39,2,0,-2,0,4,DIFFER
YUG,Yugoslavia,Yugoslavia,1960,0,1,1,2,1,1,0,2,18,-1,0,1,0,2,DIFFER
ZIM,ZIM,,1960,0,0,0,0,0,0,0,0,,0,0,0,0,0,NO_MEDALS
,,Egypt,1960,0,0,0,0,0,1,1,2,30,0,-1,-1,-2,2,ONLY_IN_OFFICIAL
AFG,AFG,,1964,0,0,0,0,0,0,0,0,,0,0,0,0,0,NO_MEDALS
AHO,AHO,,1964,0,0,0,0,0,0,0,0,,0,0,0,0,0,NO_MEDALS
ALG,ALG,,1964,0,0,0,0,0,0,0,0,,0,0,0,0,0,NO_MEDALS
ARG,Argentina,Argentina,1964,0,0,1,1,0,1,0,1,30,0,-1,1,0,2,DIFFER
AUS,Australia,Australia,1964,10,6,2,18,6,2,10,18,8,4,4,-8,0,16,DIFFER
AUT,AUT,,1964,0,0,0,0,0,0,0,0,,0,0,0,0,0,NO_MEDALS
BAH,Bahamas,Bahamas,1964,0,1,0,1,1,0,0,1,24,-1,1,0,0,2,DIFFER
BEL,Belgium,Belgium,1964,1,2,0,3,2,0,1,3,20,-1,2,-1,0,4,DIFFER
BER,BER,,1964,0,0,0,0,0,0,0,0,,0,0,0,0,0,NO_MEDALS
BOL,BOL,,1964,0,0,0,0,0,0,0,0,,0,0,0,0,0,NO_MEDALS
BRA,Brazil,Brazil,1964,1,0,0,1,0,0,1,1,35,1,0,-1,0,2,DIFFER
BUL,Bulgaria,Bulgaria,1964,2,3,5,10,3,5,2,10,11,-1,-2,3,0,6,DIFFER
CAM,CAM,,1964,0,0,0,0,0,0,0,0,,0,0,0,0,0,NO_MEDALS
CAN,Canada,Canada,1964,1,1,2,4,1,2,1,4,22,0,-1,1,0,2,DIFFER
CGO,CGO,,1964,0,0,0,0,0,0,0,0,,0,0,0,0,0,NO_MEDALS
CHA,CHA,,1964,0,0,0,0,0,0,0,0,,0,0,0,0,0,NO_MEDALS
CHI,CHI,,1964,0,0,0,0,0,0,0,0,,0,0,0,0,0,NO_MEDALS
CIV,CIV,,1964,0,0,0,0,0,0,0,0,,0,0,0,0,0,NO_MEDALS
CMR,CMR,,1964,0,0,0,0,0,0,0,0,,0,0,0,0,0,NO_MEDALS
COL,COL,,1964,0,0,0,0,0,0,0,0,,0,0,0,0,0,NO_MEDALS
CRC,CRC,,1964,0,0,0,0,0,0,0,0,,0,0,0,0,0,NO_MEDALS
CUB,Cuba,Cuba,1964,0,0,1,1,0,1,0,1,30,0,-1,1,0,2,DIFFER
DEN,Denmark,Denmark,1964,3,2,1,6,2,1,3,6,18,1,1,-2,0,4,DIFFER
DOM,DOM,,1964,0,0,0,0,0,0,0,0,,0,0,0,0,0,NO_MEDALS
EGY,EGY,,1964,0,0,0,0,0,0,0,0,,0,0,0,0,0,NO_MEDALS
ESP,ESP,,1964,0,0,0,0,0,0,0,0,,0,0,0,0,0,NO_MEDALS
ETH,Ethiopia,Ethiopia,1964,0,1,0,1,1,0,0,1,24,-1,1,0,0,2,DIFFER
FIN,Finland,Finland,1964,2,3,0,5,3,0,2,5,12,-1,3,-2,0,6,DIFFER
FRA,France,France,1964,6,1,8,15,1,8,6,15,21,5,-7,2,0,14,DIFFER
GBR,Great Britain,Great Britain,1964,2,4,12,18,4,12,2,18,10,-2,-8,10,0,20,DIFFER
GER,United Team of Germany,United Team of Germany,1964,18,10,22,50,10,22,18,50,4,8,-12,4,0,24,DIFFER
GHA,Ghana,Ghana,1964,1,0,0,1,0,0,1,1,35,1,0,-1,0,2,DIFFER
GRE,GRE,,1964,0,0,0,0,0,0,0,0,,0,0,0,0,0,NO_MEDALS
GUY,GUY,,1964,0,0,0,0,0,0,0,0,,0,0,0,0,0,NO_MEDALS
HKG,HKG,,1964,0,0,0,0,0,0,0,0,,0,0,0,0,0,NO_MEDALS
HUN,Hungary,Hungary,1964,5,10,7,22,10,7,5,22,6,-5,3,2,0,10,DIFFER
IND,India,India,1964,0,1,0,1,1,0,0,1,24,-1,1,0,0,2,DIFFER
IRI,Iran,Iran,1964,2,0,0,2,0,0,2,2,34,2,0,-2,0,4,DIFFER
IRL,Ireland,Ireland,1964,1,0,0,1,0,0,1,1,35,1,0,-1,0,2,DIFFER
IRQ,IRQ,,1964,0,0,0,0,0,0,0,0,,0,0,0,0,0,NO_MEDALS
ISL,ISL,,1964,0,0,0,0,0,0,0,0,,0,0,0,0,0,NO_MEDALS
ISR,ISR,,1964,0,0,0,0,0,0,0,0,,0,0,0,0,0,NO_MEDALS
ITA,Italy,Italy,1964,7,10,10,27,10,10,7,27,5,-3,0,3,0,6,DIFFER
JAM,JAM,,1964,0,0,0,0,0,0,0,0,,0,0,0,0,0,NO_MEDALS
JPN,Japan,Japan,1964,8,16,5,29,16,5,8,29,3,-8,11,-3,0,22,DIFFER
KEN,Kenya,Kenya,1964,1,0,0,1,0,0,1,1,35,1,0,-1,0,2,DIFFER
KOR,South Korea,South Korea,1964,1,0,2,3,0,2,1,3,27,1,-2,1,0,4,DIFFER
LBR,LBR,,1964,0,0,0,0,0,0,0,0,,0,0,0,0,0,NO_MEDALS
LIB,LIB,,1964,0,0,0,0,0,0,0,0,,0,0,0,0,0,NO_MEDALS
LIE,LIE,,1964,0,0,0,0,0,0,0,0,,0,0,0,0,0,NO_MEDALS
LUX,LUX,,1964,0,0,0,0,0,0,0,0,,0,0,0,0,0,NO_MEDALS
MAD,MAD,,1964,0,0,0,0,0,0,0,0,,0,0,0,0,0,NO_MEDALS
MAR,MAR,,1964,0,0,0,0,0,0,0,0,,0,0,0,0,0,NO_MEDALS
MAS,MAS,,1964,0,0,0,0,0,0,0,0,,0,0,0,0,0,NO_MEDALS
MEX,Mexico,Mexico,1964,1,0,0,1,0,0,1,1,35,1,0,-1,0,2,DIFFER
MGL,MGL,,1964,0,0,0,0,0,0,0,0,,0,0,0,0,0,NO_MEDALS
MLI,MLI,,1964,0,0,0,0,0,0,0,0,,0,0,0,0,0,NO_MEDALS
MON,MON,,1964,0,0,0,0,0,0,0,0,,0,0,0,0,0,NO_MEDALS
MYA,MYA,,1964,0,0,0,0,0,0,0,0,,0,0,0,0,0,NO_MEDALS
NED,Netherlands,Netherlands,1964,4,2,4,10,2,4,4,10,15,2,-2,0,0,4,DIFFER
NEP,NEP,,1964,0,0,0,0,0,0,0,0,,0,0,0,0,0,NO_MEDALS
NGR,Nigeria,Nigeria,1964,1,0,0,1,0,0,1,1,35,1,0,-1,0,2,DIFFER
NIG,NIG,,1964,0,0,0,0,0,0,0,0,,0,0,0,0,0,NO_MEDALS
NOR,NOR,,1964,0,0,0,0,0,0,0,0,,0,0,0,0,0,NO_MEDALS
NZL,New Zealand,New Zealand,1964,2,3,0,5,3,0,2,5,12,-1,3,-2,0,6,DIFFER
PAK,Pakistan,Pakistan,1964,0,0,1,1,0,1,0,1,30,0,-1,1,0,2,DIFFER
PAN,PAN,,1964,0,0,0,0,0,0,0,0,,0,0,0,0,0,NO_MEDALS
PER,PER,,1964,0,0,0,0,0,0,0,0,,0,0,0,0,0,NO_MEDALS
PHI,Philippines,Philippines,1964,0,0,1,1,0,1,0,1,30,0,-1,1,0,2,DIFFER
POL,Poland,Poland,1964,10,7,6,23,7,6,10,23,7,3,1,-4,0,8,DIFFER
POR,POR,,1964,0,0,0,0,0,0,0,0,,0,0,0,0,0,NO_MEDALS
PUR,PUR,,1964,0,0,0,0,0,0,0,0,,0,0,0,0,0,NO_MEDALS
ROU,Romania,Romania,1964,6,2,4,12,2,4,6,12,14,4,-2,-2,0,8,DIFFER
SEN,SEN,,1964,0,0,0,0,0,0,0,0,,0,0,0,0,0,NO_MEDALS
SRI,SRI,,1964,0,0,0,0,0,0,0,0,,0,0,0,0,0,NO_MEDALS
SUI,Switzerland,Switzerland,1964,1,1,2,4,1,2,1,4,22,0,-1,1,0,2,DIFFER
SWE,Sweden,Sweden,1964,4,2,2,8,2,2,4,8,17,2,0,-2,0,4,DIFFER
TAN,TAN,,1964,0,0,0,0,0,0,0,0,,0,0,0,0,0,NO_MEDALS
TCH,Czechoslovakia,Czechoslovakia,1964,3,5,6,14,5,6,3,14,9,-2,-1,3,0,6,DIFFER
THA,THA,,1964,0,0,0,0,0,0,0,0,,0,0,0,0,0,NO_MEDALS
TPE,Formosa,,1964,0,0,0,0,0,0,0,0,,0,0,0,0,0,NO_MEDALS
TTO,Trinidad and Tobago,Trinidad and Tobago,1964,2,0,1,3,0,1,2,3,28,2,-1,-1,0,4,DIFFER
TUN,Tunisia,Tunisia,1964,1,0,1,2,0,1,1,2,29,1,-1,0,0,2,DIFFER
TUR,Turkey,Turkey,1964,1,2,3,6,2,3,1,6,16,-1,-1,2,0,4,DIFFER
UGA,UGA,,1964,0,0,0,0,0,0,0,0,,0,0,0,0,0,NO_MEDALS
URS,Soviet Union,Soviet Union,1964,33,30,30,93,30,31,35,96,2,3,-1,-5,-3,9,DIFFER
URU,Uruguay,Uruguay,1964,1,0,0,1,0,0,1,1,35,1,0,-1,0,2,DIFFER
USA,United States,United States,1964,28,36,26,90,36,26,28,90,1,-8,10,-2,0,20,DIFFER
VEN,VEN,,1964,0,0,0,0,0,0,0,0,,0,0,0,0,0,NO_MEDALS
VNM,VNM,,1964,0,0,0,0,0,0,0,0,,0,0,0,0,0,NO_MEDALS
YUG,Yugoslavia,Yugoslavia,1964,2,2,1,5,2,1,2,5,19,0,1,-1,0,2,DIFFER
ZAM,ZAM,,1964,0,0,0,0,0,0,0,0,,0,0,0,0,0,NO_MEDALS
ZIM,ZIM,,1964,0,0,0,0,0,0,0,0,,0,0,0,0,0,NO_MEDALS
AFG,AFG,,1968,0,0,0,0,0,0,0,0,,0,0,0,0,0,NO_MEDALS
AHO,AHO,,1968,0,0,0,0,0,0,0,0,,0,0,0,0,0,NO_MEDALS
ALG,ALG,,1968,0,0,0,0,0,0,0,0,,0,0,0,0,0,NO_MEDALS
ARG,Argentina,Argentina,1968,2,0,0,2,0,0,2,2,41,2,0,-2,0,4,DIFFER
AUS,Australia,Australia,1968,5,5,7,17,5,7,5,17,9,0,-2,2,0,4,DIFFER
AUT,Austria,Austria,1968,2,0,2,4,0,2,2,4,32,2,-2,0,0,4,DIFFER
BAH,BAH,,1968,0,0,0,0,0,0,0,0,,0,0,0,0,0,NO_MEDALS
BAR,BAR,,1968,0,0,0,0,0,0,0,0,,0,0,0,0,0,NO_MEDALS
BEL,Belgium,Belgium,1968,1,0,1,2,0,1,1,2,36,1,-1,0,0,2,DIFFER
BER,BER,,1968,0,0,0,0,0,0,0,0,,0,0,0,0,0,NO_MEDALS
BIZ,BIZ,,1968,0,0,0,0,0,0,0,0,,0,0,0,0,0,NO_MEDALS
BOL,BOL,,1968,0,0,0,0,0,0,0,0,,0,0,0,0,0,NO_MEDALS
BRA,Brazil,Brazil,1968,2,0,1,3,0,1,2,3,35,2,-1,-1,0,4,DIFFER
BUL,Bulgaria,Bulgaria,1968,3,2,4,9,2,4,3,9,18,1,-2,1,0,4,DIFFER
CAF,CAF,,1968,0,0,0,0,0,0,0,0,,0,0,0,0,0,NO_MEDALS
CAN,Canada,Canada,1968,1,1,3,5,1,3,1,5,23,0,-2,2,0,4,DIFFER
CHA,CHA,,1968,0,0,0,0,0,0,0,0,,0,0,0,0,0,NO_MEDALS
CHI,CHI,,1968,0,0,0,0,0,0,0,0,,0,0,0,0,0,NO_MEDALS
CIV,CIV,,1968,0,0,0,0,0,0,0,0,,0,0,0,0,0,NO_MEDALS
CMR,Cameroon,Cameroon,1968,0,0,1,1,0,1,0,1,39,0,-1,1,0,2,DIFFER
COD,COD,,1968,0,0,0,0,0,0,0,0,,0,0,0,0,0,NO_MEDALS
COL,COL,,1968,0,0,0,0,0,0,0,0,,0,0,0,0,0,NO_MEDALS
CRC,CRC,,1968,0,0,0,0,0,0,0,0,,0,0,0,0,0,NO_MEDALS
CUB,Cuba,Cuba,1968,0,0,4,4,0,4,0,4,31,0,-4,4,0,8,DIFFER
DEN,Denmark,Denmark,1968,3,1,4,8,1,4,3,8,22,2,-3,1,0,6,DIFFER
DOM,DOM,,1968,0,0,0,0,0,0,0,0,,0,0,0,0,0,NO_MEDALS
ECU,ECU,,1968,0,0,0,0,0,0,0,0,,0,0,0,0,0,NO_MEDALS
EGY,EGY,,1968,0,0,0,0,0,0,0,0,,0,0,0,0,0,NO_MEDALS
ESA,ESA,,1968,0,0,0,0,0,0,0,0,,0,0,0,0,0,NO_MEDALS
ESP,ESP,,1968,0,0,0,0,0,0,0,0,,0,0,0,0,0,NO_MEDALS
ETH,Ethiopia,Ethiopia,1968,0,1,1,2,1,1,0,2,25,-1,0,1,0,2,DIFFER
FIJ,FIJ,,1968,0,0,0,0,0,0,0,0,,0,0,0,0,0,NO_MEDALS
FIN,Finland,Finland,1968,1,1,2,4,1,2,1,4,24,0,-1,1,0,2,DIFFER
FRA,France,France,1968,5,7,3,15,7,3,5,15,6,-2,4,-2,0,8,DIFFER
FRG,West Germany,West Germany,1968,10,5,11,26,5,11,10,26,8,5,-6,1,0,12,DIFFER
GBR,Great Britain,Great Britain,1968,3,5,5,13,5,5,3,13,10,-2,0,2,0,4,DIFFER
GDR,East Germany,East Germany,1968,7,9,9,25,9,9,7,25,5,-2,0,2,0,4,DIFFER
GHA,GHA,,1968,0,0,0,0,0,0,0,0,,0,0,0,0,0,NO_MEDALS
GRE,Greece,Greece,1968,1,0,0,1,0,0,1,1,42,1,0,-1,0,2,DIFFER
GUA,GUA,,1968,0,0,0,0,0,0,0,0,,0,0,0,0,0,NO_MEDALS
GUI,GUI,,1968,0,0,0,0,0,0,0,0,,0,0,0,0,0,NO_MEDALS
GUY,GUY,,1968,0,0,0,0,0,0,0,0,,0,0,0,0,0,NO_MEDALS
HKG,HKG,,1968,0,0,0,0,0,0,0,0,,0,0,0,0,0,NO_MEDALS
HON,HON,,1968,0,0,0,0,0,0,0,0,,0,0,0,0,0,NO_MEDALS
HUN,Hungary,Hungary,1968,12,10,10,32,10,10,12,32,4,2,0,-2,0,4,DIFFER
INA,INA,,1968,0,0,0,0,0,0,0,0,,0,0,0,0,0,NO_MEDALS
IND,India,India,1968,1,0,0,1,0,0,1,1,42,1,0,-1,0,2,DIFFER
IRI,Iran,Iran,1968,2,2,1,5,2,1,2,5,19,0,1,-1,0,2,DIFFER
IRL,IRL,,1968,0,0,0,0,0,0,0,0,,0,0,0,0,0,NO_MEDALS
IRQ,IRQ,,1968,0,0,0,0,0,0,0,0,,0,0,0,0,0,NO_MEDALS
ISL,ISL,,1968,0,0,0,0,0,0,0,0,,0,0,0,0,0,NO_MEDALS
ISR,ISR,,1968,0,0,0,0,0,0,0,0,,0,0,0,0,0,NO_MEDALS
ISV,ISV,,1968,0,0,0,0,0,0,0,0,,0,0,0,0,0,NO_MEDALS
ITA,Italy,Italy,1968,9,3,4,16,3,4,9,16,13,6,-1,-5,0,12,DIFFER
JAM,Jamaica,Jamaica,1968,0,0,1,1,0,1,0,1,39,0,-1,1,0,2,DIFFER
JPN,Japan,Japan,1968,7,11,7,25,11,7,7,25,3,-4,4,0,0,8,DIFFER
KEN,Kenya,Kenya,1968,2,3,4,9,3,4,2,9,14,-1,-1,2,0,4,DIFFER
KOR,South Korea,South Korea,1968,1,0,1,2,0,1,1,2,36,1,-1,0,0,2,DIFFER
KUW,KUW,,1968,0,0,0,0,0,0,0,0,,0,0,0,0,0,NO_MEDALS
LBA,LBA,,1968,0,0,0,0,0,0,0,0,,0,0,0,0,0,NO_MEDALS
LIB,LIB,,1968,0,0,0,0,0,0,0,0,,0,0,0,0,0,NO_MEDALS
LIE,LIE,,1968,0,0,0,0,0,0,0,0,,0,0,0,0,0,NO_MEDALS
LUX,LUX,,1968,0,0,0,0,0,0,0,0,,0,0,0,0,0,NO_MEDALS
MAD,MAD,,1968,0,0,0,0,0,0,0,0,,0,0,0,0,0,NO_MEDALS
MAR,MAR,,1968,0,0,0,0,0,0,0,0,,0,0,0,0,0,NO_MEDALS
MAS,MAS,,1968,0,0,0,0,0,0,0,0,,0,0,0,0,0,NO_MEDALS
MEX,Mexico,Mexico,1968,3,3,3,9,3,3,3,9,15,0,0,0,0,0,MATCH
MGL,Mongolia,Mongolia,1968,3,0,1,4,0,1,3,4,34,3,-1,-2,0,6,DIFFER
MLI,MLI,,1968,0,0,0,0,0,0,0,0,,0,0,0,0,0,NO_MEDALS
MLT,MLT,,1968,0,0,0,0,0,0,0,0,,0,0,0,0,0,NO_MEDALS
MON,MON,,1968,0,0,0,0,0,0,0,0,,0,0,0,0,0,NO_MEDALS
MYA,MYA,,1968,0,0,0,0,0,0,0,0,,0,0,0,0,0,NO_MEDALS
NCA,NCA,,1968,0,0,0,0,0,0,0,0,,0,0,0,0,0,NO_MEDALS
NED,Netherlands,Netherlands,1968,1,3,3,7,3,3,1,7,17,-2,0,2,0,4,DIFFER
NGR,NGR,,1968,0,0,0,0,0,0,0,0,,0,0,0,0,0,NO_MEDALS
NIG,NIG,,1968,0,0,0,0,0,0,0,0,,0,0,0,0,0,NO_MEDALS
NOR,Norway,Norway,1968,0,1,1,2,1,1,0,2,25,-1,0,1,0,2,DIFFER
NZL,New Zealand,New Zealand,1968,2,1,0,3,1,0,2,3,27,1,1,-2,0,4,DIFFER
PAK,Pakistan,Pakistan,1968,0,1,0,1,1,0,0,1,29,-1,1,0,0,2,DIFFER
PAN,PAN,,1968,0,0,0,0,0,0,0,0,,0,0,0,0,0,NO_MEDALS
PAR,PAR,,1968,0,0,0,0,0,0,0,0,,0,0,0,0,0,NO_MEDALS
PER,PER,,1968,0,0,0,0,0,0,0,0,,0,0,0,0,0,NO_MEDALS
PHI,PHI,,1968,0,0,0,0,0,0,0,0,,0,0,0,0,0,NO_MEDALS
POL,Poland,Poland,1968,11,5,2,18,5,2,11,18,11,6,3,-9,0,18,DIFFER
POR,POR,,1968,0,0,0,0,0,0,0,0,,0,0,0,0,0,NO_MEDALS
PUR,PUR,,1968,0,0,0,0,0,0,0,0,,0,0,0,0,0,NO_MEDALS
ROU,Romania,Romania,1968,5,4,6,15,4,6,5,15,12,1,-2,1,0,4,DIFFER
SEN,SEN,,1968,0,0,0,0,0,0,0,0,,0,0,0,0,0,NO_MEDALS
SGP,SGP,,1968,0,0,0,0,0,0,0,0,,0,0,0,0,0,NO_MEDALS
SLE,SLE,,1968,0,0,0,0,0,0,0,0,,0,0,0,0,0,NO_MEDALS
SMR,SMR,,1968,0,0,0,0,0,0,0,0,,0,0,0,0,0,NO_MEDALS
SRI,SRI,,1968,0,0,0,0,0,0,0,0,,0,0,0,0,0,NO_MEDALS
SUD,SUD,,1968,0,0,0,0,0,0,0,0,,0,0,0,0,0,NO_MEDALS
SUI,Switzerland,Switzerland,1968,4,0,1,5,0,1,4,5,33,4,-1,-3,0,8,DIFFER
SUR,SUR,,1968,0,0,0,0,0,0,0,0,,0,0,0,0,0,NO_MEDALS
SWE,Sweden,Sweden,1968,1,2,1,4,2,1,1,4,20,-1,1,0,0,2,DIFFER
SYR,SYR,,1968,0,0,0,0,0,0,0,0,,0,0,0,0,0,NO_MEDALS
TAN,TAN,,1968,0,0,0,0,0,0,0,0,,0,0,0,0,0,NO_MEDALS
TCH,Czechoslovakia,Czechoslovakia,1968,4,7,2,13,7,2,4,13,7,-3,5,-2,0,10,DIFFER
THA,THA,,1968,0,0,0,0,0,0,0,0,,0,0,0,0,0,NO_MEDALS
TPE,Taiwan,Taiwan,1968,1,0,0,1,0,0,1,1,42,1,0,-1,0,2,DIFFER
TTO,TTO,,1968,0,0,0,0,0,0,0,0,,0,0,0,0,0,NO_MEDALS
TUN,Tunisia,Tunisia,1968,1,1,0,2,1,0,1,2,28,0,1,-1,0,2,DIFFER
TUR,Turkey,Turkey,1968,0,2,0,2,2,0,0,2,21,-2,2,0,0,4,DIFFER
UGA,Uganda,Uganda,1968,1,0,1,2,0,1,1,2,36,1,-1,0,0,2,DIFFER
URS,Soviet Union,Soviet Union,1968,30,29,32,91,29,32,30,91,2,1,-3,2,0,6,DIFFER
URU,URU,,1968,0,0,0,0,0,0,0,0,,0,0,0,0,0,NO_MEDALS
USA,United States,United States,1968,34,45,28,107,45,28,34,107,1,-11,17,-6,0,34,DIFFER
VEN,Venezuela,Venezuela,1968,0,1,0,1,1,0,0,1,29,-1,1,0,0,2,DIFFER
VNM,VNM,,1968,0,0,0,0,0,0,0,0,,0,0,0,0,0,NO_MEDALS
YUG,Yugoslavia,Yugoslavia,1968,2,3,3,8,3,3,2,8,16,-1,0,1,0,2,DIFFER
ZAM,ZAM,,1968,0,0,0,0,0,0,0,0,,0,0,0,0,0,NO_MEDALS
AFG,AFG,,1972,0,0,0,0,0,0,0,0,,0,0,0,0,0,NO_MEDALS
AHO,AHO,,1972,0,0,0,0,0,0,0,0,,0,0,0,0,0,NO_MEDALS
ALB,ALB,,1972,0,0,0,0,0,0,0,0,,0,0,0,0,0,NO_MEDALS
ALG,ALG,,1972,0,0,0,0,0,0,0,0,,0,0,0,0,0,NO_MEDALS
ARG,Argentina,Argentina,1972,0,0,1,1,0,1,0,1,33,0,-1,1,0,2,DIFFER
AUS,Australia,Australia,1972,2,8,7,17,8,7,2,17,6,-6,1,5,0,12,DIFFER
AUT,Austria,Austria,1972,2,0,1,3,0,1,2,3,31,2,-1,-1,0,4,DIFFER
BAH,BAH,,1972,0,0,0,0,0,0,0,0,,0,0,0,0,0,NO_MEDALS
BAR,BAR,,1972,0,0,0,0,0,0,0,0,,0,0,0,0,0,NO_MEDALS
BEL,Belgium,Belgium,1972,0,0,2,2,0,2,0,2,29,0,-2,2,0,4,DIFFER
BEN,BEN,,1972,0,0,0,0,0,0,0,0,,0,0,0,0,0,NO_MEDALS
BER,BER,,1972,0,0,0,0,0,0,0,0,,0,0,0,0,0,NO_MEDALS
BIZ,BIZ,,1972,0,0,0,0,0,0,0,0,,0,0,0,0,0,NO_MEDALS
BOL,BOL,,1972,0,0,0,0,0,0,0,0,,0,0,0,0,0,NO_MEDALS
BRA,Brazil,Brazil,1972,2,0,0,2,0,0,2,2,41,2,0,-2,0,4,DIFFER
BUL,Bulgaria,Bulgaria,1972,5,6,10,21,6,10,5,21,9,-1,-4,5,0,10,DIFFER
BUR,BUR,,1972,0,0,0,0,0,0,0,0,,0,0,0,0,0,NO_MEDALS
CAM,CAM,,1972,0,0,0,0,0,0,0,0,,0,0,0,0,0,NO_MEDALS
CAN,Canada,Canada,1972,3,0,2,5,0,2,3,5,27,3,-2,-1,0,6,DIFFER
CGO,CGO,,1972,0,0,0,0,0,0,0,0,,0,0,0,0,0,NO_MEDALS
CHA,CHA,,1972,0,0,0,0,0,0,0,0,,0,0,0,0,0,NO_MEDALS
CHI,CHI,,1972,0,0,0,0,0,0,0,0,,0,0,0,0,0,NO_MEDALS
CIV,CIV,,1972,0,0,0,0,0,0,0,0,,0,0,0,0,0,NO_MEDALS
CMR,CMR,,1972,0,0,0,0,0,0,0,0,,0,0,0,0,0,NO_MEDALS
COL,Colombia,Colombia,1972,2,0,1,3,0,1,2,3,31,2,-1,-1,0,4,DIFFER
CRC,CRC,,1972,0,0,0,0,0,0,0,0,,0,0,0,0,0,NO_MEDALS
CUB,Cuba,Cuba,1972,4,3,1,8,3,1,4,8,14,1,2,-3,0,6,DIFFER
DEN,Denmark,Denmark,1972,0,1,0,1,1,0,0,1,25,-1,1,0,0,2,DIFFER
DOM,DOM,,1972,0,0,0,0,0,0,0,0,,0,0,0,0,0,NO_MEDALS
ECU,ECU,,1972,0,0,0,0,0,0,0,0,,0,0,0,0,0,NO_MEDALS
EGY,EGY,,1972,0,0,0,0,0,0,0,0,,0,0,0,0,0,NO_MEDALS
ESA,ESA,,1972,0,0,0,0,0,0,0,0,,0,0,0,0,0,NO_MEDALS
ESP,Spain,Spain,1972,1,0,0,1,0,0,1,1,43,1,0,-1,0,2,DIFFER
ETH,Ethiopia,Ethiopia,1972,2,0,0,2,0,0,2,2,41,2,0,-2,0,4,DIFFER
FIJ,FIJ,,1972,0,0,0,0,0,0,0,0,,0,0,0,0,0,NO_MEDALS
FIN,Finland,Finland,1972,4,3,1,8,3,1,4,8,14,1,2,-3,0,6,DIFFER
FRA,France,France,1972,7,2,4,13,2,4,7,13,17,5,-2,-3,0,10,DIFFER
FRG,West Germany,West Germany,1972,16,13,11,40,13,11,16,40,4,3,2,-5,0,10,DIFFER
GAB,GAB,,1972,0,0,0,0,0,0,0,0,,0,0,0,0,0,NO_MEDALS
GBR,Great Britain,Great Britain,1972,9,4,5,18,4,5,9,18,12,5,-1,-4,0,10,DIFFER
GDR,East Germany,East Germany,1972,23,20,23,66,20,23,23,66,3,3,-3,0,0,6,DIFFER
GHA,Ghana,Ghana,1972,1,0,0,1,0,0,1,1,43,1,0,-1,0,2,DIFFER
GRE,Greece,Greece,1972,0,0,2,2,0,2,0,2,29,0,-2,2,0,4,DIFFER
GUA,GUA,,1972,0,0,0,0,0,0,0,0,,0,0,0,0,0,NO_MEDALS
GUY,GUY,,1972,0,0,0,0,0,0,0,0,,0,0,0,0,0,NO_MEDALS
HAI,HAI,,1972,0,0,0,0,0,0,0,0,,0,0,0,0,0,NO_MEDALS
HKG,HKG,,1972,0,0,0,0,0,0,0,0,,0,0,0,0,0,NO_MEDALS
HUN,Hungary,Hungary,1972,16,6,13,35,6,13,16,35,8,10,-7,-3,0,20,DIFFER
INA,INA,,1972,0,0,0,0,0,0,0,0,,0,0,0,0,0,NO_MEDALS
IND,India,India,1972,1,0,0,1,0,0,1,1,43,1,0,-1,0,2,DIFFER
IRI,Iran,Iran,1972,1,0,2,3,0,2,1,3,28,1,-2,1,0,4,DIFFER
IRL,IRL,,1972,0,0,0,0,0,0,0,0,,0,0,0,0,0,NO_MEDALS
ISL,ISL,,1972,0,0,0,0,0,0,0,0,,0,0,0,0,0,NO_MEDALS
ISR,ISR,,1972,0,0,0,0,0,0,0,0,,0,0,0,0,0,NO_MEDALS
ISV,ISV,,1972,0,0,0,0,0,0,0,0,,0,0,0,0,0,NO_MEDALS
ITA,Italy,Italy,1972,10,5,3,18,5,3,10,18,10,5,2,-7,0,14,DIFFER
JAM,Jamaica,Jamaica,1972,1,0,0,1,0,0,1,1,43,1,0,-1,0,2,DIFFER
JPN,Japan,Japan,1972,8,13,8,29,13,8,8,29,5,-5,5,0,0,10,DIFFER
KEN,Kenya,Kenya,1972,4,2,3,9,2,3,4,9,19,2,-1,-1,0,4,DIFFER
KOR,South Korea,South Korea,1972,0,0,1,1,0,1,0,1,33,0,-1,1,0,2,DIFFER
KSA,KSA,,1972,0,0,0,0,0,0,0,0,,0,0,0,0,0,NO_MEDALS
KUW,KUW,,1972,0,0,0,0,0,0,0,0,,0,0,0,0,0,NO_MEDALS
LBR,LBR,,1972,0,0,0,0,0,0,0,0,,0,0,0,0,0,NO_MEDALS
LES,LES,,1972,0,0,0,0,0,0,0,0,,0,0,0,0,0,NO_MEDALS
LIB,Lebanon,Lebanon,1972,0,0,1,1,0,1,0,1,33,0,-1,1,0,2,DIFFER
LIE,LIE,,1972,0,0,0,0,0,0,0,0,,0,0,0,0,0,NO_MEDALS
LUX,LUX,,1972,0,0,0,0,0,0,0,0,,0,0,0,0,0,NO_MEDALS
MAD,MAD,,1972,0,0,0,0,0,0,0,0,,0,0,0,0,0,NO_MEDALS
MAR,MAR,,1972,0,0,0,0,0,0,0,0,,0,0,0,0,0,NO_MEDALS
MAS,MAS,,1972,0,0,0,0,0,0,0,0,,0,0,0,0,0,NO_MEDALS
MAW,MAW,,1972,0,0,0,0,0,0,0,0,,0,0,0,0,0,NO_MEDALS
MEX,Mexico,Mexico,1972,0,0,1,1,0,1,0,1,33,0,-1,1,0,2,DIFFER
MGL,Mongolia,Mongolia,1972,0,0,1,1,0,1,0,1,33,0,-1,1,0,2,DIFFER
MLI,MLI,,1972,0,0,0,0,0,0,0,0,,0,0,0,0,0,NO_MEDALS
MLT,MLT,,1972,0,0,0,0,0,0,0,0,,0,0,0,0,0,NO_MEDALS
MON,MON,,1972,0,0,0,0,0,0,0,0,,0,0,0,0,0,NO_MEDALS
MYA,MYA,,1972,0,0,0,0,0,0,0,0,,0,0,0,0,0,NO_MEDALS
NCA,NCA,,1972,0,0,0,0,0,0,0,0,,0,0,0,0,0,NO_MEDALS
NED,Netherlands,Netherlands,1972,1,3,1,5,3,1,1,5,16,-2,2,0,0,4,DIFFER
NEP,NEP,,1972,0,0,0,0,0,0,0,0,,0,0,0,0,0,NO_MEDALS
NGR,Nigeria,Nigeria,1972,1,0,0,1,0,0,1,1,43,1,0,-1,0,2,DIFFER
NIG,Niger,Niger,1972,1,0,0,1,0,0,1,1,43,1,0,-1,0,2,DIFFER
NOR,Norway,Norway,1972,1,2,1,4,2,1,1,4,21,-1,1,0,0,2,DIFFER
NZL,New Zealand,New Zealand,1972,1,1,1,3,1,1,1,3,23,0,0,0,0,0,MATCH
PAK,Pakistan,Pakistan,1972,0,0,1,1,0,1,0,1,33,0,-1,1,0,2,DIFFER
PAN,PAN,,1972,0,0,0,0,0,0,0,0,,0,0,0,0,0,NO_MEDALS
PAR,PAR,,1972,0,0,0,0,0,0,0,0,,0,0,0,0,0,NO_MEDALS
PER,PER,,1972,0,0,0,0,0,0,0,0,,0,0,0,0,0,NO_MEDALS
PHI,PHI,,1972,0,0,0,0,0,0,0,0,,0,0,0,0,0,NO_MEDALS
POL,Poland,Poland,1972,9,7,5,21,7,5,9,21,7,2,2,-4,0,8,DIFFER
POR,POR,,1972,0,0,0,0,0,0,0,0,,0,0,0,0,0,NO_MEDALS
PRK,North Korea,North Korea,1972,3,1,1,5,1,1,3,5,22,2,0,-2,0,4,DIFFER
PUR,PUR,,1972,0,0,0,0,0,0,0,0,,0,0,0,0,0,NO_MEDALS
ROU,Romania,Romania,1972,7,3,6,16,3,6,7,16,13,4,-3,-1,0,8,DIFFER
SEN,SEN,,1972,0,0,0,0,0,0,0,0,,0,0,0,0,0,NO_MEDALS
SGP,SGP,,1972,0,0,0,0,0,0,0,0,,0,0,0,0,0,NO_MEDALS
SMR,SMR,,1972,0,0,0,0,0,0,0,0,,0,0,0,0,0,NO_MEDALS
SOM,SOM,,1972,0,0,0,0,0,0,0,0,,0,0,0,0,0,NO_MEDALS
SRI,SRI,,1972,0,0,0,0,0,0,0,0,,0,0,0,0,0,NO_MEDALS
SUD,SUD,,1972,0,0,0,0,0,0,0,0,,0,0,0,0,0,NO_MEDALS
SUI,Switzerland,Switzerland,1972,0,0,3,3,0,3,0,3,26,0,-3,3,0,6,DIFFER
SUR,SUR,,1972,0,0,0,0,0,0,0,0,,0,0,0,0,0,NO_MEDALS
SWE,Sweden,Sweden,1972,6,4,6,16,4,6,6,16,11,2,-2,0,0,4,DIFFER
SWZ,SWZ,,1972,0,0,0,0,0,0,0,0,,0,0,0,0,0,NO_MEDALS
SYR,SYR,,1972,0,0,0,0,0,0,0,0,,0,0,0,0,0,NO_MEDALS
TAN,TAN,,1972,0,0,0,0,0,0,0,0,,0,0,0,0,0,NO_MEDALS
TCH,Czechoslovakia,Czechoslovakia,1972,2,2,4,8,2,4,2,8,18,0,-2,2,0,4,DIFFER
THA,THA,,1972,0,0,0,0,0,0,0,0,,0,0,0,0,0,NO_MEDALS
TOG,TOG,,1972,0,0,0,0,0,0,0,0,,0,0,0,0,0,NO_MEDALS
TPE,TPE,,1972,0,0,0,0,0,0,0,0,,0,0,0,0,0,NO_MEDALS
TTO,TTO,,1972,0,0,0,0,0,0,0,0,,0,0,0,0,0,NO_MEDALS
TUN,Tunisia,Tunisia,1972,0,0,1,1,0,1,0,1,33,0,-1,1,0,2,DIFFER
TUR,Turkey,Turkey,1972,0,0,1,1,0,1,0,1,33,0,-1,1,0,2,DIFFER
UGA,Uganda,Uganda,1972,0,1,1,2,1,1,0,2,24,-1,0,1,0,2,DIFFER
URS,Soviet Union,Soviet Union,1972,22,50,27,99,50,27,22,99,1,-28,23,5,0,56,DIFFER
URU,URU,,1972,0,0,0,0,0,0,0,0,,0,0,0,0,0,NO_MEDALS
USA,United States,United States,1972,30,33,31,94,33,31,30,94,2,-3,2,1,0,6,DIFFER
VEN,VEN,,1972,0,0,0,0,0,0,0,0,,0,0,0,0,0,NO_MEDALS
VNM,VNM,,1972,0,0,0,0,0,0,0,0,,0,0,0,0,0,NO_MEDALS
YUG,Yugoslavia,Yugoslavia,1972,2,2,1,5,2,1,2,5,20,0,1,-1,0,2,DIFFER
ZAM,ZAM,,1972,0,0,0,0,0,0,0,0,,0,0,0,0,0,NO_MEDALS
AHO,AHO,,1976,0,0,0,0,0,0,0,0,,0,0,0,0,0,NO_MEDALS
AND,AND,,1976,0,0,0,0,0,0,0,0,,0,0,0,0,0,NO_MEDALS
ANT,ANT,,1976,0,0,0,0,0,0,0,0,,0,0,0,0,0,NO_MEDALS
ARG,ARG,,1976,0,0,0,0,0,0,0,0,,0,0,0,0,0,NO_MEDALS
AUS,Australia,Australia,1976,4,0,1,5,0,1,4,5,32,4,-1,-3,0,8,DIFFER
AUT,Austria,Austria,1976,1,0,0,1,0,0,1,1,37,1,0,-1,0,2,DIFFER
BAH,BAH,,1976,0,0,0,0,0,0,0,0,,0,0,0,0,0,NO_MEDALS
BAR,BAR,,1976,0,0,0,0,0,0,0,0,,0,0,0,0,0,NO_MEDALS
BEL,Belgium,Belgium,1976,3,0,3,6,0,3,3,6,28,3,-3,0,0,6,DIFFER
BER,Bermuda,Bermuda,1976,1,0,0,1,0,0,1,1,37,1,0,-1,0,2,DIFFER
BIZ,BIZ,,1976,0,0,0,0,0,0,0,0,,0,0,0,0,0,NO_MEDALS
BOL,BOL,,1976,0,0,0,0,0,0,0,0,,0,0,0,0,0,NO_MEDALS
BRA,Brazil,Brazil,1976,2,0,0,2,0,0,2,2,36,2,0,-2,0,4,DIFFER
BUL,Bulgaria,Bulgaria,1976,7,6,9,22,6,9,7,22,7,1,-3,2,0,6,DIFFER
CAN,Canada,Canada,1976,6,0,5,11,0,5,6,11,27,6,-5,-1,0,12,DIFFER
CAY,CAY,,1976,0,0,0,0,0,0,0,0,,0,0,0,0,0,NO_MEDALS
CHI,CHI,,1976,0,0,0,0,0,0,0,0,,0,0,0,0,0,NO_MEDALS
CIV,CIV,,1976,0,0,0,0,0,0,0,0,,0,0,0,0,0,NO_MEDALS
CMR,CMR,,1976,0,0,0,0,0,0,0,0,,0,0,0,0,0,NO_MEDALS
COL,COL,,1976,0,0,0,0,0,0,0,0,,0,0,0,0,0,NO_MEDALS
CRC,CRC,,1976,0,0,0,0,0,0,0,0,,0,0,0,0,0,NO_MEDALS
CUB,Cuba,Cuba,1976,3,6,4,13,6,4,3,13,8,-3,2,1,0,6,DIFFER
DEN,Denmark,Denmark,1976,2,1,0,3,1,0,2,3,24,1,1,-2,0,4,DIFFER
DOM,DOM,,1976,0,0,0,0,0,0,0,0,,0,0,0,0,0,NO_MEDALS
ECU,ECU,,1976,0,0,0,0,0,0,0,0,,0,0,0,0,0,NO_MEDALS
EGY,EGY,,1976,0,0,0,0,0,0,0,0,,0,0,0,0,0,NO_MEDALS
ESP,Spain,Spain,1976,0,0,2,2,0,2,0,2,30,0,-2,2,0,4,DIFFER
FIJ,FIJ,,1976,0,0,0,0,0,0,0,0,,0,0,0,0,0,NO_MEDALS
FIN,Finland,Finland,1976,0,4,2,6,4,2,0,6,11,-4,2,2,0,8,DIFFER
FRA,France,France,1976,4,2,3,9,2,3,4,9,15,2,-1,-1,0,4,DIFFER
FRG,West Germany,West Germany,1976,17,10,12,39,10,12,17,39,4,7,-2,-5,0,14,DIFFER
GBR,Great Britain,Great Britain,1976,5,3,5,13,3,5,5,13,13,2,-2,0,0,4,DIFFER
GDR,East Germany,East Germany,1976,25,40,25,90,40,25,25,90,2,-15,15,0,0,30,DIFFER
GRE,GRE,,1976,0,0,0,0,0,0,0,0,,0,0,0,0,0,NO_MEDALS
GUA,GUA,,1976,0,0,0,0,0,0,0,0,,0,0,0,0,0,NO_MEDALS
HAI,HAI,,1976,0,0,0,0,0,0,0,0,,0,0,0,0,0,NO_MEDALS
HKG,HKG,,1976,0,0,0,0,0,0,0,0,,0,0,0,0,0,NO_MEDALS
HON,HON,,1976,0,0,0,0,0,0,0,0,,0,0,0,0,0,NO_MEDALS
HUN,Hungary,Hungary,1976,13,4,5,22,4,5,13,22,10,9,-1,-8,0,18,DIFFER
INA,INA,,1976,0,0,0,0,0,0,0,0,,0,0,0,0,0,NO_MEDALS
IND,IND,,1976,0,0,0,0,0,0,0,0,,0,0,0,0,0,NO_MEDALS
IRI,Iran,Iran,1976,1,0,1,2,0,1,1,2,33,1,-1,0,0,2,DIFFER
IRL,IRL,,1976,0,0,0,0,0,0,0,0,,0,0,0,0,0,NO_MEDALS
ISL,ISL,,1976,0,0,0,0,0,0,0,0,,0,0,0,0,0,NO_MEDALS
ISR,ISR,,1976,0,0,0,0,0,0,0,0,,0,0,0,0,0,NO_MEDALS
ISV,ISV,,1976,0,0,0,0,0,0,0,0,,0,0,0,0,0,NO_MEDALS
ITA,Italy,Italy,1976,4,2,7,13,2,7,4,13,14,2,-5,3,0,10,DIFFER
JAM,Jamaica,Jamaica,1976,0,1,1,2,1,1,0,2,21,-1,0,1,0,2,DIFFER
JPN,Japan,Japan,1976,10,9,6,25,9,6,10,25,5,1,3,-4,0,8,DIFFER
KOR,South Korea,South Korea,1976,4,1,1,6,1,1,4,6,19,3,0,-3,0,6,DIFFER
KSA,KSA,,1976,0,0,0,0,0,0,0,0,,0,0,0,0,0,NO_MEDALS
KUW,KUW,,1976,0,0,0,0,0,0,0,0,,0,0,0,0,0,NO_MEDALS
LIB,LIB,,1976,0,0,0,0,0,0,0,0,,0,0,0,0,0,NO_MEDALS
LIE,LIE,,1976,0,0,0,0,0,0,0,0,,0,0,0,0,0,NO_MEDALS
LUX,LUX,,1976,0,0,0,0,0,0,0,0,,0,0,0,0,0,NO_MEDALS
MAR,MAR,,1976,0,0,0,0,0,0,0,0,,0,0,0,0,0,NO_MEDALS
MAS,MAS,,1976,0,0,0,0,0,0,0,0,,0,0,0,0,0,NO_MEDALS
MEX,Mexico,Mexico,1976,1,1,0,2,1,0,1,2,25,0,1,-1,0,2,DIFFER
MGL,Mongolia,Mongolia,1976,0,0,1,1,0,1,0,1,34,0,-1,1,0,2,DIFFER
MON,MON,,1976,0,0,0,0,0,0,0,0,,0,0,0,0,0,NO_MEDALS
NCA,NCA,,1976,0,0,0,0,0,0,0,0,,0,0,0,0,0,NO_MEDALS
NED,Netherlands,Netherlands,1976,3,0,2,5,0,2,3,5,29,3,-2,-1,0,6,DIFFER
NEP,NEP,,1976,0,0,0,0,0,0,0,0,,0,0,0,0,0,NO_MEDALS
NOR,Norway,Norway,1976,0,1,1,2,1,1,0,2,21,-1,0,1,0,2,DIFFER
NZL,New Zealand,New Zealand,1976,1,2,1,4,2,1,1,4,18,-1,1,0,0,2,DIFFER
PAK,Pakistan,Pakistan,1976,1,0,0,1,0,0,1,1,37,1,0,-1,0,2,DIFFER
PAN,PAN,,1976,0,0,0,0,0,0,0,0,,0,0,0,0,0,NO_MEDALS
PAR,PAR,,1976,0,0,0,0,0,0,0,0,,0,0,0,0,0,NO_MEDALS
PER,PER,,1976,0,0,0,0,0,0,0,0,,0,0,0,0,0,NO_MEDALS
PHI,PHI,,1976,0,0,0,0,0,0,0,0,,0,0,0,0,0,NO_MEDALS
PNG,PNG,,1976,0,0,0,0,0,0,0,0,,0,0,0,0,0,NO_MEDALS
POL,Poland,Poland,1976,13,7,6,26,7,6,13,26,6,6,1,-7,0,14,DIFFER
POR,Portugal,Portugal,1976,0,0,2,2,0,2,0,2,30,0,-2,2,0,4,DIFFER
PRK,North Korea,North Korea,1976,0,1,1,2,1,1,0,2,21,-1,0,1,0,2,DIFFER
PUR,Puerto Rico,Puerto Rico,1976,1,0,0,1,0,0,1,1,37,1,0,-1,0,2,DIFFER
ROU,Romania,Romania,1976,14,4,9,27,4,9,14,27,9,10,-5,-5,0,20,DIFFER
SEN,SEN,,1976,0,0,0,0,0,0,0,0,,0,0,0,0,0,NO_MEDALS
SGP,SGP,,1976,0,0,0,0,0,0,0,0,,0,0,0,0,0,NO_MEDALS
SMR,SMR,,1976,0,0,0,0,0,0,0,0,,0,0,0,0,0,NO_MEDALS
SUI,Switzerland,Switzerland,1976,2,1,1,4,1,1,2,4,20,1,0,-1,0,2,DIFFER
SUR,SUR,,1976,0,0,0,0,0,0,0,0,,0,0,0,0,0,NO_MEDALS
SWE,Sweden,Sweden,1976,0,4,1,5,4,1,0,5,12,-4,3,1,0,8,DIFFER
TCH,Czechoslovakia,Czechoslovakia,1976,4,2,2,8,2,2,4,8,17,2,0,-2,0,4,DIFFER
THA,Thailand,Thailand,1976,1,0,0,1,0,0,1,1,37,1,0,-1,0,2,DIFFER
TTO,Trinidad and Tobago,Trinidad and Tobago,1976,0,1,0,1,1,0,0,1,26,-1,1,0,0,2,DIFFER
TUN,TUN,,1976,0,0,0,0,0,0,0,0,,0,0,0,0,0,NO_MEDALS
TUR,TUR,,1976,0,0,0,0,0,0,0,0,,0,0,0,0,0,NO_MEDALS
URS,Soviet Union,Soviet Union,1976,35,49,41,125,49,41,35,125,1,-14,8,6,0,28,DIFFER
URU,URU,,1976,0,0,0,0,0,0,0,0,,0,0,0,0,0,NO_MEDALS
USA,United States,United States,1976,25,34,35,94,34,35,25,94,3,-9,-1,10,0,20,DIFFER
VEN,Venezuela,Venezuela,1976,0,0,1,1,0,1,0,1,34,0,-1,1,0,2,DIFFER
YUG,Yugoslavia,Yugoslavia,1976,3,2,3,8,2,3,3,8,16,1,-1,0,0,2,DIFFER
AFG,AFG,,1980,0,0,0,0,0,0,0,0,,0,0,0,0,0,NO_MEDALS
ALG,ALG,,1980,0,0,0,0,0,0,0,0,,0,0,0,0,0,NO_MEDALS
AND,AND,,1980,0,0,0,0,0,0,0,0,,0,0,0,0,0,NO_MEDALS
ANG,ANG,,1980,0,0,0,0,0,0,0,0,,0,0,0,0,0,NO_MEDALS
AUS,Australia,Australia,1980,5,2,2,9,2,2,5,9,15,3,0,-3,0,6,DIFFER
AUT,Austria,Austria,1980,1,1,2,4,1,2,1,4,21,0,-1,1,0,2,DIFFER
BEL,Belgium,Belgium,1980,0,1,0,1,1,0,0,1,23,-1,1,0,0,2,DIFFER
BEN,BEN,,1980,0,0,0,0,0,0,0,0,,0,0,0,0,0,NO_MEDALS
BOT,BOT,,1980,0,0,0,0,0,0,0,0,,0,0,0,0,0,NO_MEDALS
BRA,Brazil,Brazil,1980,2,2,0,4,2,0,2,4,17,0,2,-2,0,4,DIFFER
BUL,Bulgaria,Bulgaria,1980,17,8,16,41,8,16,17,41,3,9,-8,-1,0,18,DIFFER
CGO,CGO,,1980,0,0,0,0,0,0,0,0,,0,0,0,0,0,NO_MEDALS
CMR,CMR,,1980,0,0,0,0,0,0,0,0,,0,0,0,0,0,NO_MEDALS
COL,COL,,1980,0,0,0,0,0,0,0,0,,0,0,0,0,0,NO_MEDALS
CRC,CRC,,1980,0,0,0,0,0,0,0,0,,0,0,0,0,0,NO_MEDALS
CUB,Cuba,Cuba,1980,5,8,7,20,8,7,5,20,4,-3,1,2,0,6,DIFFER
CYP,CYP,,1980,0,0,0,0,0,0,0,0,,0,0,0,0,0,NO_MEDALS
DEN,Denmark,Denmark,1980,2,2,1,5,2,1,2,5,16,0,1,-1,0,2,DIFFER
DOM,DOM,,1980,0,0,0,0,0,0,0,0,,0,0,0,0,0,NO_MEDALS
ECU,ECU,,1980,0,0,0,0,0,0,0,0,,0,0,0,0,0,NO_MEDALS
ESP,Spain,Spain,1980,2,1,3,6,1,3,2,6,20,1,-2,1,0,4,DIFFER
ETH,Ethiopia,Ethiopia,1980,2,2,0,4,2,0,2,4,17,0,2,-2,0,4,DIFFER
FIN,Finland,Finland,1980,4,3,1,8,3,1,4,8,12,1,2,-3,0,6,DIFFER
FRA,France,France,1980,3,6,5,14,6,5,3,14,8,-3,1,2,0,6,DIFFER
GBR,Great Britain,Great Britain,1980,9,5,7,21,5,7,9,21,9,4,-2,-2,0,8,DIFFER
GDR,East Germany,East Germany,1980,42,47,37,126,47,37,42,126,2,-5,10,-5,0,20,DIFFER
GRE,Greece,Greece,1980,2,1,0,3,1,0,2,3,22,1,1,-2,0,4,DIFFER
GUA,GUA,,1980,0,0,0,0,0,0,0,0,,0,0,0,0,0,NO_MEDALS
GUI,GUI,,1980,0,0,0,0,0,0,0,0,,0,0,0,0,0,NO_MEDALS
GUY,Guyana,Guyana,1980,1,0,0,1,0,0,1,1,35,1,0,-1,0,2,DIFFER
HUN,Hungary,Hungary,1980,15,7,10,32,7,10,15,32,6,8,-3,-5,0,16,DIFFER
IND,India,India,1980,0,1,0,1,1,0,0,1,23,-1,1,0,0,2,DIFFER
IRL,Ireland,Ireland,1980,1,0,1,2,0,1,1,2,31,1,-1,0,0,2,DIFFER
IRQ,IRQ,,1980,0,0,0,0,0,0,0,0,,0,0,0,0,0,NO_MEDALS
ISL,ISL,,1980,0,0,0,0,0,0,0,0,,0,0,0,0,0,NO_MEDALS
ITA,Italy,Italy,1980,4,8,3,15,8,3,4,15,5,-4,5,-1,0,10,DIFFER
JAM,Jamaica,Jamaica,1980,3,0,0,3,0,0,3,3,34,3,0,-3,0,6,DIFFER
JOR,JOR,,1980,0,0,0,0,0,0,0,0,,0,0,0,0,0,NO_MEDALS
KUW,KUW,,1980,0,0,0,0,0,0,0,0,,0,0,0,0,0,NO_MEDALS
LAO,LAO,,1980,0,0,0,0,0,0,0,0,,0,0,0,0,0,NO_MEDALS
LBA,LBA,,1980,0,0,0,0,0,0,0,0,,0,0,0,0,0,NO_MEDALS
LES,LES,,1980,0,0,0,0,0,0,0,0,,0,0,0,0,0,NO_MEDALS
LIB,Lebanon,Lebanon,1980,1,0,0,1,0,0,1,1,35,1,0,-1,0,2,DIFFER
LUX,LUX,,1980,0,0,0,0,0,0,0,0,,0,0,0,0,0,NO_MEDALS
MAD,MAD,,1980,0,0,0,0,0,0,0,0,,0,0,0,0,0,NO_MEDALS
MEX,Mexico,Mexico,1980,3,0,1,4,0,1,3,4,29,3,-1,-2,0,6,DIFFER
MGL,Mongolia,Mongolia,1980,2,0,2,4,0,2,2,4,27,2,-2,0,0,4,DIFFER
MLI,MLI,,1980,0,0,0,0,0,0,0,0,,0,0,0,0,0,NO_MEDALS
MLT,MLT,,1980,0,0,0,0,0,0,0,0,,0,0,0,0,0,NO_MEDALS
MOZ,MOZ,,1980,0,0,0,0,0,0,0,0,,0,0,0,0,0,NO_MEDALS
MYA,MYA,,1980,0,0,0,0,0,0,0,0,,0,0,0,0,0,NO_MEDALS
NCA,NCA,,1980,0,0,0,0,0,0,0,0,,0,0,0,0,0,NO_MEDALS
NED,Netherlands,Netherlands,1980,2,0,1,3,0,1,2,3,30,2,-1,-1,0,4,DIFFER
NEP,NEP,,1980,0,0,0,0,0,0,0,0,,0,0,0,0,0,NO_MEDALS
NGR,NGR,,1980,0,0,0,0,0,0,0,0,,0,0,0,0,0,NO_MEDALS
NZL,NZL,,1980,0,0,0,0,0,0,0,0,,0,0,0,0,0,NO_MEDALS
PER,PER,,1980,0,0,0,0,0,0,0,0,,0,0,0,0,0,NO_MEDALS
POL,Poland,Poland,1980,15,3,14,32,3,14,15,32,10,12,-11,-1,0,24,DIFFER
POR,POR,,1980,0,0,0,0,0,0,0,0,,0,0,0,0,0,NO_MEDALS
PRK,North Korea,North Korea,1980,2,0,3,5,0,3,2,5,26,2,-3,1,0,6,DIFFER
PUR,PUR,,1980,0,0,0,0,0,0,0,0,,0,0,0,0,0,NO_MEDALS
ROU,Romania,Romania,1980,13,6,6,25,6,6,13,25,7,7,0,-7,0,14,DIFFER
SEN,SEN,,1980,0,0,0,0,0,0,0,0,,0,0,0,0,0,NO_MEDALS
SEY,SEY,,1980,0,0,0,0,0,0,0,0,,0,0,0,0,0,NO_MEDALS
SLE,SLE,,1980,0,0,0,0,0,0,0,0,,0,0,0,0,0,NO_MEDALS
SMR,SMR,,1980,0,0,0,0,0,0,0,0,,0,0,0,0,0,NO_MEDALS
SRI,SRI,,1980,0,0,0,0,0,0,0,0,,0,0,0,0,0,NO_MEDALS
SUI,Switzerland,Switzerland,1980,0,2,0,2,2,0,0,2,19,-2,2,0,0,4,DIFFER
SWE,Sweden,Sweden,1980,6,3,3,12,3,3,6,12,11,3,0,-3,0,6,DIFFER
SYR,SYR,,1980,0,0,0,0,0,0,0,0,,0,0,0,0,0,NO_MEDALS
TAN,Tanzania,Tanzania,1980,0,0,2,2,0,2,0,2,28,0,-2,2,0,4,DIFFER
TCH,Czechoslovakia,Czechoslovakia,1980,9,2,3,14,2,3,9,14,13,7,-1,-6,0,14,DIFFER
TTO,TTO,,1980,0,0,0,0,0,0,0,0,,0,0,0,0,0,NO_MEDALS
UGA,Uganda,Uganda,1980,0,0,1,1,0,1,0,1,32,0,-1,1,0,2,DIFFER
URS,Soviet Union,Soviet Union,1980,46,80,69,195,80,69,46,195,1,-34,11,23,0,68,DIFFER
VEN,Venezuela,Venezuela,1980,0,0,1,1,0,1,0,1,32,0,-1,1,0,2,DIFFER
VIE,VIE,,1980,0,0,0,0,0,0,0,0,,0,0,0,0,0,NO_MEDALS
YUG,Yugoslavia,Yugoslavia,1980,4,2,3,9,2,3,4,9,14,2,-1,-1,0,4,DIFFER
ZAM,ZAM,,1980,0,0,0,0,0,0,0,0,,0,0,0,0,0,NO_MEDALS
ZIM,Zimbabwe,Zimbabwe,1980,0,1,0,1,1,0,0,1,23,-1,1,0,0,2,DIFFER
AHO,AHO,,1984,0,0,0,0,0,0,0,0,,0,0,0,0,0,NO_MEDALS
ALG,Algeria,Algeria,1984,2,0,0,2,0,0,2,2,42,2,0,-2,0,4,DIFFER
AND,AND,,1984,0,0,0,0,0,0,0,0,,0,0,0,0,0,NO_MEDALS
ANT,ANT,,1984,0,0,0,0,0,0,0,0,,0,0,0,0,0,NO_MEDALS
ARG,ARG,,1984,0,0,0,0,0,0,0,0,,0,0,0,0,0,NO_MEDALS
AUS,Australia,Australia,1984,12,4,8,24,4,8,12,24,14,8,-4,-4,0,16,DIFFER
AUT,Austria,Austria,1984,1,1,1,3,1,1,1,3,22,0,0,0,0,0,MATCH
BAH,BAH,,1984,0,0,0,0,0,0,0,0,,0,0,0,0,0,NO_MEDALS
BAN,BAN,,1984,0,0,0,0,0,0,0,0,,0,0,0,0,0,NO_MEDALS
BAR,BAR,,1984,0,0,0,0,0,0,0,0,,0,0,0,0,0,NO_MEDALS
BEL,Belgium,Belgium,1984,2,1,1,4,1,1,2,4,21,1,0,-1,0,2,DIFFER
BEN,BEN,,1984,0,0,0,0,0,0,0,0,,0,0,0,0,0,NO_MEDALS
BER,BER,,1984,0,0,0,0,0,0,0,0,,0,0,0,0,0,NO_MEDALS
BHU,BHU,,1984,0,0,0,0,0,0,0,0,,0,0,0,0,0,NO_MEDALS
BIZ,BIZ,,1984,0,0,0,0,0,0,0,0,,0,0,0,0,0,NO_MEDALS
BOL,BOL,,1984,0,0,0,0,0,0,0,0,,0,0,0,0,0,NO_MEDALS
BOT,BOT,,1984,0,0,0,0,0,0,0,0,,0,0,0,0,0,NO_MEDALS
BRA,Brazil,Brazil,1984,2,1,5,8,1,5,2,8,19,1,-4,3,0,8,DIFFER
BRN,BRN,,1984,0,0,0,0,0,0,0,0,,0,0,0,0,0,NO_MEDALS
CAF,CAF,,1984,0,0,0,0,0,0,0,0,,0,0,0,0,0,NO_MEDALS
CAN,Canada,Canada,1984,16,10,18,44,10,18,16,44,6,6,-8,2,0,16,DIFFER
CAY,CAY,,1984,0,0,0,0,0,0,0,0,,0,0,0,0,0,NO_MEDALS
CGO,CGO,,1984,0,0,0,0,0,0,0,0,,0,0,0,0,0,NO_MEDALS
CHA,CHA,,1984,0,0,0,0,0,0,0,0,,0,0,0,0,0,NO_MEDALS
CHI,CHI,,1984,0,0,0,0,0,0,0,0,,0,0,0,0,0,NO_MEDALS
CHN,China,China,1984,9,15,8,32,15,8,9,32,4,-6,7,-1,0,14,DIFFER
CIV,Ivory Coast,Ivory Coast,1984,0,0,1,1,0,1,0,1,33,0,-1,1,0,2,DIFFER
CMR,Cameroon,Cameroon,1984,1,0,0,1,0,0,1,1,43,1,0,-1,0,2,DIFFER
COD,COD,,1984,0,0,0,0,0,0,0,0,,0,0,0,0,0,NO_MEDALS
COL,Colombia,Colombia,1984,0,0,1,1,0,1,0,1,33,0,-1,1,0,2,DIFFER
CRC,CRC,,1984,0,0,0,0,0,0,0,0,,0,0,0,0,0,NO_MEDALS
CYP,CYP,,1984,0,0,0,0,0,0,0,0,,0,0,0,0,0,NO_MEDALS
DEN,Denmark,Denmark,1984,3,0,3,6,0,3,3,6,27,3,-3,0,0,6,DIFFER
DJI,DJI,,1984,0,0,0,0,0,0,0,0,,0,0,0,0,0,NO_MEDALS
DOM,Dominican Republic,Dominican Republic,1984,1,0,0,1,0,0,1,1,43,1,0,-1,0,2,DIFFER
ECU,ECU,,1984,0,0,0,0,0,0,0,0,,0,0,0,0,0,NO_MEDALS
EGY,Egypt,Egypt,1984,0,0,1,1,0,1,0,1,33,0,-1,1,0,2,DIFFER
ESA,ESA,,1984,0,0,0,0,0,0,0,0,,0,0,0,0,0,NO_MEDALS
ESP,Spain,Spain,1984,2,1,2,5,1,2,2,5,20,1,-1,0,0,2,DIFFER
FIJ,FIJ,,1984,0,0,0,0,0,0,0,0,,0,0,0,0,0,NO_MEDALS
FIN,Finland,Finland,1984,6,4,2,12,4,2,6,12,15,2,2,-4,0,8,DIFFER
FRA,France,France,1984,16,5,7,28,5,7,16,28,12,11,-2,-9,0,22,DIFFER
FRG,West Germany,West Germany,1984,23,17,19,59,17,19,23,59,3,6,-2,-4,0,12,DIFFER
GAB,GAB,,1984,0,0,0,0,0,0,0,0,,0,0,0,0,0,NO_MEDALS
GAM,GAM,,1984,0,0,0,0,0,0,0,0,,0,0,0,0,0,NO_MEDALS
GBR,Great Britain,Great Britain,1984,21,5,11,37,5,11,21,37,11,16,-6,-10,0,32,DIFFER
GEQ,GEQ,,1984,0,0,0,0,0,0,0,0,,0,0,0,0,0,NO_MEDALS
GHA,GHA,,1984,0,0,0,0,0,0,0,0,,0,0,0,0,0,NO_MEDALS
GRE,Greece,Greece,1984,1,0,1,2,0,1,1,2,30,1,-1,0,0,2,DIFFER
GRN,GRN,,1984,0,0,0,0,0,0,0,0,,0,0,0,0,0,NO_MEDALS
GUA,GUA,,1984,0,0,0,0,0,0,0,0,,0,0,0,0,0,NO_MEDALS
GUI,GUI,,1984,0,0,0,0,0,0,0,0,,0,0,0,0,0,NO_MEDALS
GUY,GUY,,1984,0,0,0,0,0,0,0,0,,0,0,0,0,0,NO_MEDALS
HAI,HAI,,1984,0,0,0,0,0,0,0,0,,0,0,0,0,0,NO_MEDALS
HKG,HKG,,1984,0,0,0,0,0,0,0,0,,0,0,0,0,0,NO_MEDALS
HON,HON,,1984,0,0,0,0,0,0,0,0,,0,0,0,0,0,NO_MEDALS
INA,INA,,1984,0,0,0,0,0,0,0,0,,0,0,0,0,0,NO_MEDALS
IND,IND,,1984,0,0,0,0,0,0,0,0,,0,0,0,0,0,NO_MEDALS
IRL,Ireland,Ireland,1984,0,0,1,1,0,1,0,1,33,0,-1,1,0,2,DIFFER
IRQ,IRQ,,1984,0,0,0,0,0,0,0,0,,0,0,0,0,0,NO_MEDALS
ISL,Iceland,Iceland,1984,1,0,0,1,0,0,1,1,43,1,0,-1,0,2,DIFFER
ISR,ISR,,1984,0,0,0,0,0,0,0,0,,0,0,0,0,0,NO_MEDALS
ISV,ISV,,1984,0,0,0,0,0,0,0,0,,0,0,0,0,0,NO_MEDALS
ITA,Italy,Italy,1984,12,14,6,32,14,6,12,32,5,-2,8,-6,0,16,DIFFER
IVB,IVB,,1984,0,0,0,0,0,0,0,0,,0,0,0,0,0,NO_MEDALS
JAM,Jamaica,Jamaica,1984,2,0,1,3,0,1,2,3,28,2,-1,-1,0,4,DIFFER
JOR,JOR,,1984,0,0,0,0,0,0,0,0,,0,0,0,0,0,NO_MEDALS
JPN,Japan,Japan,1984,14,10,7,31,10,8,14,32,7,4,2,-7,-1,13,DIFFER
KEN,Kenya,Kenya,1984,2,1,0,3,1,0,2,3,23,1,1,-2,0,4,DIFFER
KOR,South Korea,South Korea,1984,7,6,6,19,6,6,7,19,10,1,0,-1,0,2,DIFFER
KSA,KSA,,1984,0,0,0,0,0,0,0,0,,0,0,0,0,0,NO_MEDALS
KUW,KUW,,1984,0,0,0,0,0,0,0,0,,0,0,0,0,0,NO_MEDALS
LBR,LBR,,1984,0,0,0,0,0,0,0,0,,0,0,0,0,0,NO_MEDALS
LES,LES,,1984,0,0,0,0,0,0,0,0,,0,0,0,0,0,NO_MEDALS
LIB,LIB,,1984,0,0,0,0,0,0,0,0,,0,0,0,0,0,NO_MEDALS
LIE,LIE,,1984,0,0,0,0,0,0,0,0,,0,0,0,0,0,NO_MEDALS
LUX,LUX,,1984,0,0,0,0,0,0,0,0,,0,0,0,0,0,NO_MEDALS
MAD,MAD,,1984,0,0,0,0,0,0,0,0,,0,0,0,0,0,NO_MEDALS
MAR,Morocco,Morocco,1984,0,2,0,2,2,0,0,2,18,-2,2,0,0,4,DIFFER
MAS,MAS,,1984,0,0,0,0,0,0,0,0,,0,0,0,0,0,NO_MEDALS
MAW,MAW,,1984,0,0,0,0,0,0,0,0,,0,0,0,0,0,NO_MEDALS
MEX,Mexico,Mexico,1984,1,2,3,6,2,3,1,6,17,-1,-1,2,0,4,DIFFER
MLI,MLI,,1984,0,0,0,0,0,0,0,0,,0,0,0,0,0,NO_MEDALS
MLT,MLT,,1984,0,0,0,0,0,0,0,0,,0,0,0,0,0,NO_MEDALS
MON,MON,,1984,0,0,0,0,0,0,0,0,,0,0,0,0,0,NO_MEDALS
MOZ,MOZ,,1984,0,0,0,0,0,0,0,0,,0,0,0,0,0,NO_MEDALS
MRI,MRI,,1984,0,0,0,0,0,0,0,0,,0,0,0,0,0,NO_MEDALS
MTN,MTN,,1984,0,0,0,0,0,0,0,0,,0,0,0,0,0,NO_MEDALS
MYA,MYA,,1984,0,0,0,0,0,0,0,0,,0,0,0,0,0,NO_MEDALS
NCA,NCA,,1984,0,0,0,0,0,0,0,0,,0,0,0,0,0,NO_MEDALS
NED,Netherlands,Netherlands,1984,6,5,2,13,5,2,6,13,13,1,3,-4,0,8,DIFFER
NEP,NEP,,1984,0,0,0,0,0,0,0,0,,0,0,0,0,0,NO_MEDALS
NGR,Nigeria,Nigeria,1984,1,0,1,2,0,1,1,2,30,1,-1,0,0,2,DIFFER
NIG,NIG,,1984,0,0,0,0,0,0,0,0,,0,0,0,0,0,NO_MEDALS
NOR,Norway,Norway,1984,2,0,1,3,0,1,2,3,28,2,-1,-1,0,4,DIFFER
NZL,New Zealand,New Zealand,1984,2,8,1,11,8,1,2,11,8,-6,7,-1,0,14,DIFFER
OMA,OMA,,1984,0,0,0,0,0,0,0,0,,0,0,0,0,0,NO_MEDALS
PAK,Pakistan,Pakistan,1984,0,1,0,1,1,0,0,1,25,-1,1,0,0,2,DIFFER
PAN,PAN,,1984,0,0,0,0,0,0,0,0,,0,0,0,0,0,NO_MEDALS
PAR,PAR,,1984,0,0,0,0,0,0,0,0,,0,0,0,0,0,NO_MEDALS
PER,Peru,Peru,1984,0,0,1,1,0,1,0,1,33,0,-1,1,0,2,DIFFER
PHI,PHI,,1984,0,0,0,0,0,0,0,0,,0,0,0,0,0,NO_MEDALS
PNG,PNG,,1984,0,0,0,0,0,0,0,0,,0,0,0,0,0,NO_MEDALS
POR,Portugal,Portugal,1984,2,1,0,3,1,0,2,3,23,1,1,-2,0,4,DIFFER
PUR,Puerto Rico,Puerto Rico,1984,1,0,1,2,0,1,1,2,30,1,-1,0,0,2,DIFFER
QAT,QAT,,1984,0,0,0,0,0,0,0,0,,0,0,0,0,0,NO_MEDALS
ROU,Romania,Romania,1984,17,19,16,52,20,16,17,53,2,-3,3,-1,-1,7,DIFFER
RWA,RWA,,1984,0,0,0,0,0,0,0,0,,0,0,0,0,0,NO_MEDALS
SAM,SAM,,1984,0,0,0,0,0,0,0,0,,0,0,0,0,0,NO_MEDALS
SEN,SEN,,1984,0,0,0,0,0,0,0,0,,0,0,0,0,0,NO_MEDALS
SEY,SEY,,1984,0,0,0,0,0,0,0,0,,0,0,0,0,0,NO_MEDALS
SGP,SGP,,1984,0,0,0,0,0,0,0,0,,0,0,0,0,0,NO_MEDALS
SLE,SLE,,1984,0,0,0,0,0,0,0,0,,0,0,0,0,0,NO_MEDALS
SMR,SMR,,1984,0,0,0,0,0,0,0,0,,0,0,0,0,0,NO_MEDALS
SOL,SOL,,1984,0,0,0,0,0,0,0,0,,0,0,0,0,0,NO_MEDALS
SOM,SOM,,1984,0,0,0,0,0,0,0,0,,0,0,0,0,0,NO_MEDALS
SRI,SRI,,1984,0,0,0,0,0,0,0,0,,0,0,0,0,0,NO_MEDALS
SUD,SUD,,1984,0,0,0,0,0,0,0,0,,0,0,0,0,0,NO_MEDALS
SUI,Switzerland,Switzerland,1984,4,0,4,8,0,4,4,8,26,4,-4,0,0,8,DIFFER
SUR,SUR,,1984,0,0,0,0,0,0,0,0,,0,0,0,0,0,NO_MEDALS
SWE,Sweden,Sweden,1984,6,2,11,19,2,11,6,19,16,4,-9,5,0,18,DIFFER
SWZ,SWZ,,1984,0,0,0,0,0,0,0,0,,0,0,0,0,0,NO_MEDALS
SYR,Syria,Syria,1984,0,0,1,1,0,1,0,1,33,0,-1,1,0,2,DIFFER
TAN,TAN,,1984,0,0,0,0,0,0,0,0,,0,0,0,0,0,NO_MEDALS
TGA,TGA,,1984,0,0,0,0,0,0,0,0,,0,0,0,0,0,NO_MEDALS
THA,Thailand,Thailand,1984,0,0,1,1,0,1,0,1,33,0,-1,1,0,2,DIFFER
TOG,TOG,,1984,0,0,0,0,0,0,0,0,,0,0,0,0,0,NO_MEDALS
TPE,Chinese Taipei,Chinese Taipei,1984,1,0,0,1,0,0,1,1,43,1,0,-1,0,2,DIFFER
TTO,TTO,,1984,0,0,0,0,0,0,0,0,,0,0,0,0,0,NO_MEDALS
TUN,TUN,,1984,0,0,0,0,0,0,0,0,,0,0,0,0,0,NO_MEDALS
TUR,Turkey,Turkey,1984,3,0,0,3,0,0,3,3,40,3,0,-3,0,6,DIFFER
UAE,UAE,,1984,0,0,0,0,0,0,0,0,,0,0,0,0,0,NO_MEDALS
UGA,UGA,,1984,0,0,0,0,0,0,0,0,,0,0,0,0,0,NO_MEDALS
URU,URU,,1984,0,0,0,0,0,0,0,0,,0,0,0,0,0,NO_MEDALS
USA,United States,United States,1984,30,82,61,173,83,61,30,174,1,-53,21,31,-1,105,DIFFER
VEN,Venezuela,Venezuela,1984,3,0,0,3,0,0,3,3,40,3,0,-3,0,6,DIFFER
YAR,YAR,,1984,0,0,0,0,0,0,0,0,,0,0,0,0,0,NO_MEDALS
YUG,Yugoslavia,Yugoslavia,1984,7,7,4,18,7,4,7,18,9,0,3,-3,0,6,DIFFER
ZAM,Zambia,Zambia,1984,1,0,0,1,0,0,1,1,43,1,0,-1,0,2,DIFFER
ZIM,ZIM,,1984,0,0,0,0,0,0,0,0,,0,0,0,0,0,NO_MEDALS
AFG,AFG,,1988,0,0,0,0,0,0,0,0,,0,0,0,0,0,NO_MEDALS
AHO,Netherlands Antilles,Netherlands Antilles,1988,0,0,1,1,0,1,0,1,36,0,-1,1,0,2,DIFFER
ALG,ALG,,1988,0,0,0,0,0,0,0,0,,0,0,0,0,0,NO_MEDALS
AND,AND,,1988,0,0,0,0,0,0,0,0,,0,0,0,0,0,NO_MEDALS
ANG,ANG,,1988,0,0,0,0,0,0,0,0,,0,0,0,0,0,NO_MEDALS
ANT,ANT,,1988,0,0,0,0,0,0,0,0,,0,0,0,0,0,NO_MEDALS
ARG,Argentina,Argentina,1988,1,0,1,2,0,1,1,2,35,1,-1,0,0,2,DIFFER
ARU,ARU,,1988,0,0,0,0,0,0,0,0,,0,0,0,0,0,NO_MEDALS
ASA,ASA,,1988,0,0,0,0,0,0,0,0,,0,0,0,0,0,NO_MEDALS
AUS,Australia,Australia,1988,5,3,6,14,3,6,5,14,15,2,-3,1,0,6,DIFFER
AUT,Austria,Austria,1988,0,1,0,1,1,0,0,1,29,-1,1,0,0,2,DIFFER
BAH,BAH,,1988,0,0,0,0,0,0,0,0,,0,0,0,0,0,NO_MEDALS
BAN,BAN,,1988,0,0,0,0,0,0,0,0,,0,0,0,0,0,NO_MEDALS
BAR,BAR,,1988,0,0,0,0,0,0,0,0,,0,0,0,0,0,NO_MEDALS
BEL,Belgium,Belgium,1988,2,0,0,2,0,0,2,2,44,2,0,-2,0,4,DIFFER
BEN,BEN,,1988,0,0,0,0,0,0,0,0,,0,0,0,0,0,NO_MEDALS
BER,BER,,1988,0,0,0,0,0,0,0,0,,0,0,0,0,0,NO_MEDALS
BHU,BHU,,1988,0,0,0,0,0,0,0,0,,0,0,0,0,0,NO_MEDALS
BIZ,BIZ,,1988,0,0,0,0,0,0,0,0,,0,0,0,0,0,NO_MEDALS
BOL,BOL,,1988,0,0,0,0,0,0,0,0,,0,0,0,0,0,NO_MEDALS
BOT,BOT,,1988,0,0,0,0,0,0,0,0,,0,0,0,0,0,NO_MEDALS
BRA,Brazil,Brazil,1988,3,1,2,6,1,2,3,6,24,2,-1,-1,0,4,DIFFER
BRN,BRN,,1988,0,0,0,0,0,0,0,0,,0,0,0,0,0,NO_MEDALS
BUL,Bulgaria,Bulgaria,1988,13,10,12,35,10,12,13,35,7,3,-2,-1,0,6,DIFFER
BUR,BUR,,1988,0,0,0,0,0,0,0,0,,0,0,0,0,0,NO_MEDALS
CAF,CAF,,1988,0,0,0,0,0,0,0,0,,0,0,0,0,0,NO_MEDALS
CAN,Canada,Canada,1988,5,3,2,10,3,2,5,10,19,2,1,-3,0,6,DIFFER
CAY,CAY,,1988,0,0,0,0,0,0,0,0,,0,0,0,0,0,NO_MEDALS
CGO,CGO,,1988,0,0,0,0,0,0,0,0,,0,0,0,0,0,NO_MEDALS
CHA,CHA,,1988,0,0,0,0,0,0,0,0,,0,0,0,0,0,NO_MEDALS
CHI,Chile,Chile,1988,0,0,1,1,0,1,0,1,36,0,-1,1,0,2,DIFFER
CHN,China,China,1988,12,5,11,28,5,11,12,28,11,7,-6,-1,0,14,DIFFER
CIV,CIV,,1988,0,0,0,0,0,0,0,0,,0,0,0,0,0,NO_MEDALS
CMR,CMR,,1988,0,0,0,0,0,0,0,0,,0,0,0,0,0,NO_MEDALS
COD,COD,,1988,0,0,0,0,0,0,0,0,,0,0,0,0,0,NO_MEDALS
COK,COK,,1988,0,0,0,0,0,0,0,0,,0,0,0,0,0,NO_MEDALS
COL,Colombia,Colombia,1988,1,0,0,1,0,0,1,1,46,1,0,-1,0,2,DIFFER
CRC,Costa Rica,Costa Rica,1988,0,0,1,1,0,1,0,1,36,0,-1,1,0,2,DIFFER
CYP,CYP,,1988,0,0,0,0,0,0,0,0,,0,0,0,0,0,NO_MEDALS
DEN,Denmark,Denmark,1988,1,2,1,4,2,1,1,4,23,-1,1,0,0,2,DIFFER
DJI,Djibouti,Djibouti,1988,1,0,0,1,0,0,1,1,46,1,0,-1,0,2,DIFFER
DOM,DOM,,1988,0,0,0,0,0,0,0,0,,0,0,0,0,0,NO_MEDALS
ECU,ECU,,1988,0,0,0,0,0,0,0,0,,0,0,0,0,0,NO_MEDALS
EGY,EGY,,1988,0,0,0,0,0,0,0,0,,0,0,0,0,0,NO_MEDALS
ESA,ESA,,1988,0,0,0,0,0,0,0,0,,0,0,0,0,0,NO_MEDALS
ESP,Spain,Spain,1988,2,1,1,4,1,1,2,4,25,1,0,-1,0,2,DIFFER
FIJ,FIJ,,1988,0,0,0,0,0,0,0,0,,0,0,0,0,0,NO_MEDALS
FIN,Finland,Finland,1988,2,1,1,4,1,1,2,4,25,1,0,-1,0,2,DIFFER
FRA,France,France,1988,6,6,4,16,6,4,6,16,9,0,2,-2,0,4,DIFFER
FRG,West Germany,West Germany,1988,15,11,14,40,11,14,15,40,5,4,-3,-1,0,8,DIFFER
GAB,GAB,,1988,0,0,0,0,0,0,0,0,,0,0,0,0,0,NO_MEDALS
GAM,GAM,,1988,0,0,0,0,0,0,0,0,,0,0,0,0,0,NO_MEDALS
GBR,Great Britain,Great Britain,1988,9,5,10,24,5,10,9,24,12,4,-5,1,0,10,DIFFER
GDR,East Germany,East Germany,1988,30,37,35,102,37,35,30,102,2,-7,2,5,0,14,DIFFER
GEQ,GEQ,,1988,0,0,0,0,0,0,0,0,,0,0,0,0,0,NO_MEDALS
GHA,GHA,,1988,0,0,0,0,0,0,0,0,,0,0,0,0,0,NO_MEDALS
GRE,Greece,Greece,1988,1,0,0,1,0,0,1,1,46,1,0,-1,0,2,DIFFER
GRN,GRN,,1988,0,0,0,0,0,0,0,0,,0,0,0,0,0,NO_MEDALS
GUA,GUA,,1988,0,0,0,0,0,0,0,0,,0,0,0,0,0,NO_MEDALS
GUI,GUI,,1988,0,0,0,0,0,0,0,0,,0,0,0,0,0,NO_MEDALS
GUM,GUM,,1988,0,0,0,0,0,0,0,0,,0,0,0,0,0,NO_MEDALS
GUY,GUY,,1988,0,0,0,0,0,0,0,0,,0,0,0,0,0,NO_MEDALS
HAI,HAI,,1988,0,0,0,0,0,0,0,0,,0,0,0,0,0,NO_MEDALS
HKG,HKG,,1988,0,0,0,0,0,0,0,0,,0,0,0,0,0,NO_MEDALS
HON,HON,,1988,0,0,0,0,0,0,0,0,,0,0,0,0,0,NO_MEDALS
HUN,Hungary,Hungary,1988,6,11,6,23,11,6,6,23,6,-5,5,0,0,10,DIFFER
INA,Indonesia,Indonesia,1988,0,0,1,1,0,1,0,1,36,0,-1,1,0,2,DIFFER
IND,IND,,1988,0,0,0,0,0,0,0,0,,0,0,0,0,0,NO_MEDALS
IRI,Iran,Iran,1988,0,0,1,1,0,1,0,1,36,0,-1,1,0,2,DIFFER
IRL,IRL,,1988,0,0,0,0,0,0,0,0,,0,0,0,0,0,NO_MEDALS
IRQ,IRQ,,1988,0,0,0,0,0,0,0,0,,0,0,0,0,0,NO_MEDALS
ISL,ISL,,1988,0,0,0,0,0,0,0,0,,0,0,0,0,0,NO_MEDALS
ISR,ISR,,1988,0,0,0,0,0,0,0,0,,0,0,0,0,0,NO_MEDALS
ISV,Virgin Islands,Virgin Islands,1988,0,0,1,1,0,1,0,1,36,0,-1,1,0,2,DIFFER
ITA,Italy,Italy,1988,4,6,4,14,6,4,4,14,10,-2,2,0,0,4,DIFFER
IVB,IVB,,1988,0,0,0,0,0,0,0,0,,0,0,0,0,0,NO_MEDALS
JAM,Jamaica,Jamaica,1988,0,0,2,2,0,2,0,2,34,0,-2,2,0,4,DIFFER
JOR,JOR,,1988,0,0,0,0,0,0,0,0,,0,0,0,0,0,NO_MEDALS
JPN,Japan,Japan,1988,7,4,3,14,4,3,7,14,14,3,1,-4,0,8,DIFFER
KEN,Kenya,Kenya,1988,2,5,2,9,5,2,2,9,13,-3,3,0,0,6,DIFFER
KOR,South Korea,South Korea,1988,11,12,10,33,12,10,11,33,4,-1,2,-1,0,4,DIFFER
KSA,KSA,,1988,0,0,0,0,0,0,0,0,,0,0,0,0,0,NO_MEDALS
KUW,KUW,,1988,0,0,0,0,0,0,0,0,,0,0,0,0,0,NO_MEDALS
LAO,LAO,,1988,0,0,0,0,0,0,0,0,,0,0,0,0,0,NO_MEDALS
LBA,LBA,,1988,0,0,0,0,0,0,0,0,,0,0,0,0,0,NO_MEDALS
LBR,LBR,,1988,0,0,0,0,0,0,0,0,,0,0,0,0,0,NO_MEDALS
LES,LES,,1988,0,0,0,0,0,0,0,0,,0,0,0,0,0,NO_MEDALS
LIB,LIB,,1988,0,0,0,0,0,0,0,0,,0,0,0,0,0,NO_MEDALS
LIE,LIE,,1988,0,0,0,0,0,0,0,0,,0,0,0,0,0,NO_MEDALS
LUX,LUX,,1988,0,0,0,0,0,0,0,0,,0,0,0,0,0,NO_MEDALS
MAR,Morocco,Morocco,1988,2,1,0,3,1,0,2,3,28,1,1,-2,0,4,DIFFER
MAS,MAS,,1988,0,0,0,0,0,0,0,0,,0,0,0,0,0,NO_MEDALS
MAW,MAW,,1988,0,0,0,0,0,0,0,0,,0,0,0,0,0,NO_MEDALS
MDV,MDV,,1988,0,0,0,0,0,0,0,0,,0,0,0,0,0,NO_MEDALS
MEX,Mexico,Mexico,1988,2,0,0,2,0,0,2,2,44,2,0,-2,0,4,DIFFER
MGL,Mongolia,Mongolia,1988,1,0,0,1,0,0,1,1,46,1,0,-1,0,2,DIFFER
MLI,MLI,,1988,0,0,0,0,0,0,0,0,,0,0,0,0,0,NO_MEDALS
MLT,MLT,,1988,0,0,0,0,0,0,0,0,,0,0,0,0,0,NO_MEDALS
MON,MON,,1988,0,0,0,0,0,0,0,0,,0,0,0,0,0,NO_MEDALS
MOZ,MOZ,,1988,0,0,0,0,0,0,0,0,,0,0,0,0,0,NO_MEDALS
MRI,MRI,,1988,0,0,0,0,0,0,0,0,,0,0,0,0,0,NO_MEDALS
MTN,MTN,,1988,0,0,0,0,0,0,0,0,,0,0,0,0,0,NO_MEDALS
MYA,MYA,,1988,0,0,0,0,0,0,0,0,,0,0,0,0,0,NO_MEDALS
NED,Netherlands,Netherlands,1988,5,2,2,9,2,2,5,9,22,3,0,-3,0,6,DIFFER
NEP,NEP,,1988,0,0,0,0,0,0,0,0,,0,0,0,0,0,NO_MEDALS
NGR,NGR,,1988,0,0,0,0,0,0,0,0,,0,0,0,0,0,NO_MEDALS
NIG,NIG,,1988,0,0,0,0,0,0,0,0,,0,0,0,0,0,NO_MEDALS
NOR,Norway,Norway,1988,0,2,3,5,2,3,0,5,21,-2,-1,3,0,6,DIFFER
NZL,New Zealand,New Zealand,1988,8,3,2,13,3,2,8,13,18,5,1,-6,0,12,DIFFER
OMA,OMA,,1988,0,0,0,0,0,0,0,0,,0,0,0,0,0,NO_MEDALS
PAK,Pakistan,Pakistan,1988,1,0,0,1,0,0,1,1,46,1,0,-1,0,2,DIFFER
PAN,PAN,,1988,0,0,0,0,0,0,0,0,,0,0,0,0,0,NO_MEDALS
PAR,PAR,,1988,0,0,0,0,0,0,0,0,,0,0,0,0,0,NO_MEDALS
PER,Peru,Peru,1988,0,0,1,1,0,1,0,1,36,0,-1,1,0,2,DIFFER
PHI,Philippines,Philippines,1988,1,0,0,1,0,0,1,1,46,1,0,-1,0,2,DIFFER
PNG,PNG,,1988,0,0,0,0,0,0,0,0,,0,0,0,0,0,NO_MEDALS
POL,Poland,Poland,1988,9,2,5,16,2,5,9,16,20,7,-3,-4,0,14,DIFFER
POR,Portugal,Portugal,1988,0,1,0,1,1,0,0,1,29,-1,1,0,0,2,DIFFER
PUR,PUR,,1988,0,0,0,0,0,0,0,0,,0,0,0,0,0,NO_MEDALS
QAT,QAT,,1988,0,0,0,0,0,0,0,0,,0,0,0,0,0,NO_MEDALS
ROU,Romania,Romania,1988,6,7,11,24,7,11,6,24,8,-1,-4,5,0,10,DIFFER
RWA,RWA,,1988,0,0,0,0,0,0,0,0,,0,0,0,0,0,NO_MEDALS
SAM,SAM,,1988,0,0,0,0,0,0,0,0,,0,0,0,0,0,NO_MEDALS
SEN,Senegal,Senegal,1988,0,0,1,1,0,1,0,1,36,0,-1,1,0,2,DIFFER
SGP,SGP,,1988,0,0,0,0,0,0,0,0,,0,0,0,0,0,NO_MEDALS
SLE,SLE,,1988,0,0,0,0,0,0,0,0,,0,0,0,0,0,NO_MEDALS
SMR,SMR,,1988,0,0,0,0,0,0,0,0,,0,0,0,0,0,NO_MEDALS
SOL,SOL,,1988,0,0,0,0,0,0,0,0,,0,0,0,0,0,NO_MEDALS
SOM,SOM,,1988,0,0,0,0,0,0,0,0,,0,0,0,0,0,NO_MEDALS
SRI,SRI,,1988,0,0,0,0,0,0,0,0,,0,0,0,0,0,NO_MEDALS
SUD,SUD,,1988,0,0,0,0,0,0,0,0,,0,0,0,0,0,NO_MEDALS
SUI,Switzerland,Switzerland,1988,2,0,2,4,0,2,2,4,33,2,-2,0,0,4,DIFFER
SUR,Suriname,Suriname,1988,0,1,0,1,1,0,0,1,29,-1,1,0,0,2,DIFFER
SWE,Sweden,Sweden,1988,7,0,4,11,0,4,7,11,32,7,-4,-3,0,14,DIFFER
SWZ,SWZ,,1988,0,0,0,0,0,0,0,0,,0,0,0,0,0,NO_MEDALS
SYR,SYR,,1988,0,0,0,0,0,0,0,0,,0,0,0,0,0,NO_MEDALS
TAN,TAN,,1988,0,0,0,0,0,0,0,0,,0,0,0,0,0,NO_MEDALS
TCH,Czechoslovakia,Czechoslovakia,1988,2,3,3,8,3,3,2,8,17,-1,0,1,0,2,DIFFER
TGA,TGA,,1988,0,0,0,0,0,0,0,0,,0,0,0,0,0,NO_MEDALS
THA,Thailand,Thailand,1988,1,0,0,1,0,0,1,1,46,1,0,-1,0,2,DIFFER
TOG,TOG,,1988,0,0,0,0,0,0,0,0,,0,0,0,0,0,NO_MEDALS
TPE,TPE,,1988,0,0,0,0,0,0,0,0,,0,0,0,0,0,NO_MEDALS
TTO,TTO,,1988,0,0,0,0,0,0,0,0,,0,0,0,0,0,NO_MEDALS
TUN,TUN,,1988,0,0,0,0,0,0,0,0,,0,0,0,0,0,NO_MEDALS
TUR,Turkey,Turkey,1988,0,1,1,2,1,1,0,2,27,-1,0,1,0,2,DIFFER
UAE,UAE,,1988,0,0,0,0,0,0,0,0,,0,0,0,0,0,NO_MEDALS
UGA,UGA,,1988,0,0,0,0,0,0,0,0,,0,0,0,0,0,NO_MEDALS
URS,Soviet Union,Soviet Union,1988,46,54,31,131,55,31,46,132,1,-9,23,-15,-1,47,DIFFER
URU,URU,,1988,0,0,0,0,0,0,0,0,,0,0,0,0,0,NO_MEDALS
USA,United States,United States,1988,27,36,31,94,36,31,27,94,3,-9,5,4,0,18,DIFFER
VAN,VAN,,1988,0,0,0,0,0,0,0,0,,0,0,0,0,0,NO_MEDALS
VEN,VEN,,1988,0,0,0,0,0,0,0,0,,0,0,0,0,0,NO_MEDALS
VIE,VIE,,1988,0,0,0,0,0,0,0,0,,0,0,0,0,0,NO_MEDALS
VIN,VIN,,1988,0,0,0,0,0,0,0,0,,0,0,0,0,0,NO_MEDALS
YAR,YAR,,1988,0,0,0,0,0,0,0,0,,0,0,0,0,0,NO_MEDALS
YMD,YMD,,1988,0,0,0,0,0,0,0,0,,0,0,0,0,0,NO_MEDALS
YUG,Yugoslavia,Yugoslavia,1988,5,3,4,12,3,4,5,12,16,2,-1,-1,0,4,DIFFER
ZAM,ZAM,,1988,0,0,0,0,0,0,0,0,,0,0,0,0,0,NO_MEDALS
ZIM,ZIM,,1988,0,0,0,0,0,0,0,0,,0,0,0,0,0,NO_MEDALS
AHO,AHO,,1992,0,0,0,0,0,0,0,0,,0,0,0,0,0,NO_MEDALS
ALB,ALB,,1992,0,0,0,0,0,0,0,0,,0,0,0,0,0,NO_MEDALS
ALG,Algeria,Algeria,1992,1,1,0,2,1,0,1,2,34,0,1,-1,0,2,DIFFER
AND,AND,,1992,0,0,0,0,0,0,0,0,,0,0,0,0,0,NO_MEDALS
ANG,ANG,,1992,0,0,0,0,0,0,0,0,,0,0,0,0,0,NO_MEDALS
ANT,ANT,,1992,0,0,0,0,0,0,0,0,,0,0,0,0,0,NO_MEDALS
ARG,Argentina,Argentina,1992,1,0,0,1,0,0,1,1,54,1,0,-1,0,2,DIFFER
ARU,ARU,,1992,0,0,0,0,0,0,0,0,,0,0,0,0,0,NO_MEDALS
ASA,ASA,,1992,0,0,0,0,0,0,0,0,,0,0,0,0,0,NO_MEDALS
AUS,Australia,Australia,1992,11,7,9,27,7,9,11,27,10,4,-2,-2,0,8,DIFFER
AUT,Austria,Austria,1992,0,0,2,2,0,2,0,2,41,0,-2,2,0,4,DIFFER
BAH,Bahamas,Bahamas,1992,1,0,0,1,0,0,1,1,54,1,0,-1,0,2,DIFFER
BAN,BAN,,1992,0,0,0,0,0,0,0,0,,0,0,0,0,0,NO_MEDALS
BAR,BAR,,1992,0,0,0,0,0,0,0,0,,0,0,0,0,0,NO_MEDALS
BEL,Belgium,Belgium,1992,2,0,1,3,0,1,2,3,44,2,-1,-1,0,4,DIFFER
BEN,BEN,,1992,0,0,0,0,0,0,0,0,,0,0,0,0,0,NO_MEDALS
BER,BER,,1992,0,0,0,0,0,0,0,0,,0,0,0,0,0,NO_MEDALS
BHU,BHU,,1992,0,0,0,0,0,0,0,0,,0,0,0,0,0,NO_MEDALS
BIH,BIH,,1992,0,0,0,0,0,0,0,0,,0,0,0,0,0,NO_MEDALS
BIZ,BIZ,,1992,0,0,0,0,0,0,0,0,,0,0,0,0,0,NO_MEDALS
BOL,BOL,,1992,0,0,0,0,0,0,0,0,,0,0,0,0,0,NO_MEDALS
BOT,BOT,,1992,0,0,0,0,0,0,0,0,,0,0,0,0,0,NO_MEDALS
BRA,Brazil,Brazil,1992,0,2,1,3,2,1,0,3,25,-2,1,1,0,4,DIFFER
BRN,BRN,,1992,0,0,0,0,0,0,0,0,,0,0,0,0,0,NO_MEDALS
BUL,Bulgaria,Bulgaria,1992,6,3,7,16,3,7,6,16,18,3,-4,1,0,8,DIFFER
BUR,BUR,,1992,0,0,0,0,0,0,0,0,,0,0,0,0,0,NO_MEDALS
CAF,CAF,,1992,0,0,0,0,0,0,0,0,,0,0,0,0,0,NO_MEDALS
CAN,Canada,Canada,1992,7,7,4,18,7,4,7,18,11,0,3,-3,0,6,DIFFER
CAY,CAY,,1992,0,0,0,0,0,0,0,0,,0,0,0,0,0,NO_MEDALS
CGO,CGO,,1992,0,0,0,0,0,0,0,0,,0,0,0,0,0,NO_MEDALS
CHA,CHA,,1992,0,0,0,0,0,0,0,0,,0,0,0,0,0,NO_MEDALS
CHI,CHI,,1992,0,0,0,0,0,0,0,0,,0,0,0,0,0,NO_MEDALS
CHN,China,China,1992,15,16,22,53,16,22,16,54,4,-1,-6,6,-1,13,DIFFER
CIV,CIV,,1992,0,0,0,0,0,0,0,0,,0,0,0,0,0,NO_MEDALS
CMR,CMR,,1992,0,0,0,0,0,0,0,0,,0,0,0,0,0,NO_MEDALS
COD,COD,,1992,0,0,0,0,0,0,0,0,,0,0,0,0,0,NO_MEDALS
COK,COK,,1992,0,0,0,0,0,0,0,0,,0,0,0,0,0,NO_MEDALS
COL,Colombia,Colombia,1992,1,0,0,1,0,0,1,1,54,1,0,-1,0,2,DIFFER
CRC,CRC,,1992,0,0,0,0,0,0,0,0,,0,0,0,0,0,NO_MEDALS
CRO,Croatia,Croatia,1992,2,0,1,3,0,1,2,3,44,2,-1,-1,0,4,DIFFER
CUB,Cuba,Cuba,1992,11,14,6,31,14,6,11,31,5,-3,8,-5,0,16,DIFFER
CYP,CYP,,1992,0,0,0,0,0,0,0,0,,0,0,0,0,0,NO_MEDALS
DEN,Denmark,Denmark,1992,4,1,1,6,1,1,4,6,30,3,0,-3,0,6,DIFFER
DJI,DJI,,1992,0,0,0,0,0,0,0,0,,0,0,0,0,0,NO_MEDALS
DOM,DOM,,1992,0,0,0,0,0,0,0,0,,0,0,0,0,0,NO_MEDALS
ECU,ECU,,1992,0,0,0,0,0,0,0,0,,0,0,0,0,0,NO_MEDALS
EGY,EGY,,1992,0,0,0,0,0,0,0,0,,0,0,0,0,0,NO_MEDALS
ESA,ESA,,1992,0,0,0,0,0,0,0,0,,0,0,0,0,0,NO_MEDALS
ESP,Spain,Spain,1992,2,13,7,22,13,7,2,22,6,-11,6,5,0,22,DIFFER
EST,Estonia,Estonia,1992,1,1,0,2,1,0,1,2,34,0,1,-1,0,2,DIFFER
ETH,Ethiopia,Ethiopia,1992,2,1,0,3,1,0,2,3,33,1,1,-2,0,4,DIFFER
EUN,Unified Team,Unified Team,1992,29,45,38,112,45,38,29,112,1,-16,7,9,0,32,DIFFER
FIJ,FIJ,,1992,0,0,0,0,0,0,0,0,,0,0,0,0,0,NO_MEDALS
FIN,Finland,Finland,1992,2,1,2,5,1,2,2,5,29,1,-1,0,0,2,DIFFER
FRA,France,France,1992,16,8,5,29,8,5,16,29,9,8,3,-11,0,22,DIFFER
GAB,GAB,,1992,0,0,0,0,0,0,0,0,,0,0,0,0,0,NO_MEDALS
GAM,GAM,,1992,0,0,0,0,0,0,0,0,,0,0,0,0,0,NO_MEDALS
GBR,Great Britain,Great Britain,1992,12,5,3,20,5,3,12,20,13,7,2,-9,0,18,DIFFER
GEQ,GEQ,,1992,0,0,0,0,0,0,0,0,,0,0,0,0,0,NO_MEDALS
GER,Germany,Germany,1992,28,33,21,82,33,21,28,82,3,-5,12,-7,0,24,DIFFER
GHA,Ghana,Ghana,1992,1,0,0,1,0,0,1,1,54,1,0,-1,0,2,DIFFER
GRE,Greece,Greece,1992,0,2,0,2,2,0,0,2,26,-2,2,0,0,4,DIFFER
GRN,GRN,,1992,0,0,0,0,0,0,0,0,,0,0,0,0,0,NO_MEDALS
GUA,GUA,,1992,0,0,0,0,0,0,0,0,,0,0,0,0,0,NO_MEDALS
GUI,GUI,,1992,0,0,0,0,0,0,0,0,,0,0,0,0,0,NO_MEDALS
GUM,GUM,,1992,0,0,0,0,0,0,0,0,,0,0,0,0,0,NO_MEDALS
GUY,GUY,,1992,0,0,0,0,0,0,0,0,,0,0,0,0,0,NO_MEDALS
HAI,HAI,,1992,0,0,0,0,0,0,0,0,,0,0,0,0,0,NO_MEDALS
HKG,HKG,,1992,0,0,0,0,0,0,0,0,,0,0,0,0,0,NO_MEDALS
HON,HON,,1992,0,0,0,0,0,0,0,0,,0,0,0,0,0,NO_MEDALS
HUN,Hungary,Hungary,1992,7,11,12,30,11,12,7,30,8,-4,-1,5,0,10,DIFFER
INA,Indonesia,Indonesia,1992,1,2,2,5,2,2,1,5,24,-1,0,1,0,2,DIFFER
IND,IND,,1992,0,0,0,0,0,0,0,0,,0,0,0,0,0,NO_MEDALS
IOA,IOA,,1992,2,0,1,3,0,0,0,0,,2,0,1,3,3,ONLY_IN_ATHLETES
IRI,Iran,Iran,1992,2,0,1,3,0,1,2,3,44,2,-1,-1,0,4,DIFFER
IRL,Ireland,Ireland,1992,0,1,1,2,1,1,0,2,32,-1,0,1,0,2,DIFFER
IRQ,IRQ,,1992,0,0,0,0,0,0,0,0,,0,0,0,0,0,NO_MEDALS
ISL,ISL,,1992,0,0,0,0,0,0,0,0,,0,0,0,0,0,NO_MEDALS
ISR,Israel,Israel,1992,1,0,1,2,0,1,1,2,48,1,-1,0,0,2,DIFFER
ISV,ISV,,1992,0,0,0,0,0,0,0,0,,0,0,0,0,0,NO_MEDALS
ITA,Italy,Italy,1992,8,6,5,19,6,5,8,19,12,2,1,-3,0,6,DIFFER
IVB,IVB,,1992,0,0,0,0,0,0,0,0,,0,0,0,0,0,NO_MEDALS
JAM,Jamaica,Jamaica,1992,1,0,3,4,0,3,1,4,38,1,-3,2,0,6,DIFFER
JOR,JOR,,1992,0,0,0,0,0,0,0,0,,0,0,0,0,0,NO_MEDALS
JPN,Japan,Japan,1992,11,3,8,22,3,8,11,22,17,8,-5,-3,0,16,DIFFER
KEN,Kenya,Kenya,1992,2,2,4,8,2,4,2,8,21,0,-2,2,0,4,DIFFER
KOR,South Korea,South Korea,1992,11,12,5,28,12,5,12,29,7,-1,7,-7,-1,15,DIFFER
KSA,KSA,,1992,0,0,0,0,0,0,0,0,,0,0,0,0,0,NO_MEDALS
KUW,KUW,,1992,0,0,0,0,0,0,0,0,,0,0,0,0,0,NO_MEDALS
LAO,LAO,,1992,0,0,0,0,0,0,0,0,,0,0,0,0,0,NO_MEDALS
LAT,Latvia,Latvia,1992,1,0,2,3,0,2,1,3,40,1,-2,1,0,4,DIFFER
LBA,LBA,,1992,0,0,0,0,0,0,0,0,,0,0,0,0,0,NO_MEDALS
LES,LES,,1992,0,0,0,0,0,0,0,0,,0,0,0,0,0,NO_MEDALS
LIB,LIB,,1992,0,0,0,0,0,0,0,0,,0,0,0,0,0,NO_MEDALS
LIE,LIE,,1992,0,0,0,0,0,0,0,0,,0,0,0,0,0,NO_MEDALS
LTU,Lithuania,Lithuania,1992,1,1,0,2,1,0,1,2,34,0,1,-1,0,2,DIFFER
LUX,LUX,,1992,0,0,0,0,0,0,0,0,,0,0,0,0,0,NO_MEDALS
MAD,MAD,,1992,0,0,0,0,0,0,0,0,,0,0,0,0,0,NO_MEDALS
MAR,Morocco,Morocco,1992,1,1,1,3,1,1,1,3,31,0,0,0,0,0,MATCH
MAS,Malaysia,Malaysia,1992,1,0,0,1,0,0,1,1,54,1,0,-1,0,2,DIFFER
MAW,MAW,,1992,0,0,0,0,0,0,0,0,,0,0,0,0,0,NO_MEDALS
MDV,MDV,,1992,0,0,0,0,0,0,0,0,,0,0,0,0,0,NO_MEDALS
MEX,Mexico,Mexico,1992,0,0,1,1,0,1,0,1,49,0,-1,1,0,2,DIFFER
MGL,Mongolia,Mongolia,1992,2,0,0,2,0,0,2,2,52,2,0,-2,0,4,DIFFER
MLI,MLI,,1992,0,0,0,0,0,0,0,0,,0,0,0,0,0,NO_MEDALS
MLT,MLT,,1992,0,0,0,0,0,0,0,0,,0,0,0,0,0,NO_MEDALS
MON,MON,,1992,0,0,0,0,0,0,0,0,,0,0,0,0,0,NO_MEDALS
MOZ,MOZ,,1992,0,0,0,0,0,0,0,0,,0,0,0,0,0,NO_MEDALS
MRI,MRI,,1992,0,0,0,0,0,0,0,0,,0,0,0,0,0,NO_MEDALS
MTN,MTN,,1992,0,0,0,0,0,0,0,0,,0,0,0,0,0,NO_MEDALS
MYA,MYA,,1992,0,0,0,0,0,0,0,0,,0,0,0,0,0,NO_MEDALS
NAM,Namibia,Namibia,1992,0,0,2,2,0,2,0,2,41,0,-2,2,0,4,DIFFER
NCA,NCA,,1992,0,0,0,0,0,0,0,0,,0,0,0,0,0,NO_MEDALS
NED,Netherlands,Netherlands,1992,7,2,6,15,2,6,7,15,20,5,-4,-1,0,10,DIFFER
NEP,NEP,,1992,0,0,0,0,0,0,0,0,,0,0,0,0,0,NO_MEDALS
NGR,Nigeria,Nigeria,1992,1,0,3,4,0,3,1,4,38,1,-3,2,0,6,DIFFER
NIG,NIG,,1992,0,0,0,0,0,0,0,0,,0,0,0,0,0,NO_MEDALS
NOR,Norway,Norway,1992,1,2,4,7,2,4,1,7,22,-1,-2,3,0,6,DIFFER
NZL,New Zealand,New Zealand,1992,5,1,4,10,1,4,5,10,28,4,-3,-1,0,8,DIFFER
OMA,OMA,,1992,0,0,0,0,0,0,0,0,,0,0,0,0,0,NO_MEDALS
PAK,Pakistan,Pakistan,1992,1,0,0,1,0,0,1,1,54,1,0,-1,0,2,DIFFER
PAN,PAN,,1992,0,0,0,0,0,0,0,0,,0,0,0,0,0,NO_MEDALS
PAR,PAR,,1992,0,0,0,0,0,0,0,0,,0,0,0,0,0,NO_MEDALS
PER,Peru,Peru,1992,0,0,1,1,0,1,0,1,49,0,-1,1,0,2,DIFFER
PHI,Philippines,Philippines,1992,1,0,0,1,0,0,1,1,54,1,0,-1,0,2,DIFFER
PNG,PNG,,1992,0,0,0,0,0,0,0,0,,0,0,0,0,0,NO_MEDALS
POL,Poland,Poland,1992,10,3,6,19,3,6,10,19,19,7,-3,-4,0,14,DIFFER
POR,POR,,1992,0,0,0,0,0,0,0,0,,0,0,0,0,0,NO_MEDALS
PRK,North Korea,North Korea,1992,5,4,0,9,4,0,5,9,16,1,4,-5,0,10,DIFFER
PUR,Puerto Rico,Puerto Rico,1992,1,0,0,1,0,0,1,1,54,1,0,-1,0,2,DIFFER
QAT,Qatar,Qatar,1992,1,0,0,1,0,0,1,1,54,1,0,-1,0,2,DIFFER
ROU,Romania,Romania,1992,8,4,6,18,4,6,8,18,14,4,-2,-2,0,8,DIFFER
RSA,South Africa,South Africa,1992,0,0,2,2,0,2,0,2,41,0,-2,2,0,4,DIFFER
RWA,RWA,,1992,0,0,0,0,0,0,0,0,,0,0,0,0,0,NO_MEDALS
SAM,SAM,,1992,0,0,0,0,0,0,0,0,,0,0,0,0,0,NO_MEDALS
SEN,SEN,,1992,0,0,0,0,0,0,0,0,,0,0,0,0,0,NO_MEDALS
SEY,SEY,,1992,0,0,0,0,0,0,0,0,,0,0,0,0,0,NO_MEDALS
SGP,SGP,,1992,0,0,0,0,0,0,0,0,,0,0,0,0,0,NO_MEDALS
SLE,SLE,,1992,0,0,0,0,0,0,0,0,,0,0,0,0,0,NO_MEDALS
SLO,Slovenia,Slovenia,1992,2,0,0,2,0,0,2,2,52,2,0,-2,0,4,DIFFER
SMR,SMR,,1992,0,0,0,0,0,0,0,0,,0,0,0,0,0,NO_MEDALS
SOL,SOL,,1992,0,0,0,0,0,0,0,0,,0,0,0,0,0,NO_MEDALS
SRI,SRI,,1992,0,0,0,0,0,0,0,0,,0,0,0,0,0,NO_MEDALS
SUD,SUD,,1992,0,0,0,0,0,0,0,0,,0,0,0,0,0,NO_MEDALS
SUI,Switzerland,Switzerland,1992,0,1,0,1,1,0,0,1,37,-1,1,0,0,2,DIFFER
SUR,Suriname,Suriname,1992,1,0,0,1,0,0,1,1,54,1,0,-1,0,2,DIFFER
SWE,Sweden,Sweden,1992,4,1,7,12,1,7,4,12,27,3,-6,3,0,12,DIFFER
SWZ,SWZ,,1992,0,0,0,0,0,0,0,0,,0,0,0,0,0,NO_MEDALS
SYR,SYR,,1992,0,0,0,0,0,0,0,0,,0,0,0,0,0,NO_MEDALS
TAN,TAN,,1992,0,0,0,0,0,0,0,0,,0,0,0,0,0,NO_MEDALS
TCH,Czechoslovakia,Czechoslovakia,1992,1,4,2,7,4,2,1,7,15,-3,2,1,0,6,DIFFER
TGA,TGA,,1992,0,0,0,0,0,0,0,0,,0,0,0,0,0,NO_MEDALS
THA,Thailand,Thailand,1992,1,0,0,1,0,0,1,1,54,1,0,-1,0,2,DIFFER
TOG,TOG,,1992,0,0,0,0,0,0,0,0,,0,0,0,0,0,NO_MEDALS
TPE,Chinese Taipei,Chinese Taipei,1992,0,0,1,1,0,1,0,1,49,0,-1,1,0,2,DIFFER
TTO,TTO,,1992,0,0,0,0,0,0,0,0,,0,0,0,0,0,NO_MEDALS
TUN,TUN,,1992,0,0,0,0,0,0,0,0,,0,0,0,0,0,NO_MEDALS
TUR,Turkey,Turkey,1992,2,2,2,6,2,2,2,6,23,0,0,0,0,0,MATCH
UAE,UAE,,1992,0,0,0,0,0,0,0,0,,0,0,0,0,0,NO_MEDALS
UGA,UGA,,1992,0,0,0,0,0,0,0,0,,0,0,0,0,0,NO_MEDALS
URU,URU,,1992,0,0,0,0,0,0,0,0,,0,0,0,0,0,NO_MEDALS
USA,United States,United States,1992,37,37,34,108,37,34,37,108,2,0,3,-3,0,6,DIFFER
VAN,VAN,,1992,0,0,0,0,0,0,0,0,,0,0,0,0,0,NO_MEDALS
VEN,VEN,,1992,0,0,0,0,0,0,0,0,,0,0,0,0,0,NO_MEDALS
VIE,VIE,,1992,0,0,0,0,0,0,0,0,,0,0,0,0,0,NO_MEDALS
VIN,VIN,,1992,0,0,0,0,0,0,0,0,,0,0,0,0,0,NO_MEDALS
YEM,YEM,,1992,0,0,0,0,0,0,0,0,,0,0,0,0,0,NO_MEDALS
ZAM,ZAM,,1992,0,0,0,0,0,0,0,0,,0,0,0,0,0,NO_MEDALS
ZIM,ZIM,,1992,0,0,0,0,0,0,0,0,,0,0,0,0,0,NO_MEDALS
,,Independent Olympic Participants,1992,0,0,0,0,0,1,2,3,44,0,-1,-2,-3,3,ONLY_IN_OFFICIAL
AFG,AFG,,1996,0,0,0,0,0,0,0,0,,0,0,0,0,0,NO_MEDALS
AHO,AHO,,1996,0,0,0,0,0,0,0,0,,0,0,0,0,0,NO_MEDALS
ALB,ALB,,1996,0,0,0,0,0,0,0,0,,0,0,0,0,0,NO_MEDALS
ALG,Algeria,Algeria,1996,1,2,0,3,2,0,1,3,34,-1,2,-1,0,4,DIFFER
AND,AND,,1996,0,0,0,0,0,0,0,0,,0,0,0,0,0,NO_MEDALS
ANG,ANG,,1996,0,0,0,0,0,0,0,0,,0,0,0,0,0,NO_MEDALS
ANT,ANT,,1996,0,0,0,0,0,0,0,0,,0,0,0,0,0,NO_MEDALS
ARG,Argentina,Argentina,1996,1,0,2,3,0,2,1,3,54,1,-2,1,0,4,DIFFER
ARM,Armenia,Armenia,1996,0,1,1,2,1,1,0,2,45,-1,0,1,0,2,DIFFER
ARU,ARU,,1996,0,0,0,0,0,0,0,0,,0,0,0,0,0,NO_MEDALS
ASA,ASA,,1996,0,0,0,0,0,0,0,0,,0,0,0,0,0,NO_MEDALS
AUS,Australia,Australia,1996,23,9,9,41,9,9,23,41,7,14,0,-14,0,28,DIFFER
AUT,Austria,Austria,1996,2,0,1,3,0,1,2,3,57,2,-1,-1,0,4,DIFFER
AZE,Azerbaijan,Azerbaijan,1996,0,0,1,1,0,1,0,1,61,0,-1,1,0,2,DIFFER
BAH,Bahamas,Bahamas,1996,0,0,1,1,0,1,0,1,61,0,-1,1,0,2,DIFFER
BAN,BAN,,1996,0,0,0,0,0,0,0,0,,0,0,0,0,0,NO_MEDALS
BAR,BAR,,1996,0,0,0,0,0,0,0,0,,0,0,0,0,0,NO_MEDALS
BDI,Burundi,Burundi,1996,0,1,0,1,1,0,0,1,49,-1,1,0,0,2,DIFFER
BEL,Belgium,Belgium,1996,2,2,2,6,2,2,2,6,31,0,0,0,0,0,MATCH
BEN,BEN,,1996,0,0,0,0,0,0,0,0,,0,0,0,0,0,NO_MEDALS
BER,BER,,1996,0,0,0,0,0,0,0,0,,0,0,0,0,0,NO_MEDALS
BHU,BHU,,1996,0,0,0,0,0,0,0,0,,0,0,0,0,0,NO_MEDALS
BIH,BIH,,1996,0,0,0,0,0,0,0,0,,0,0,0,0,0,NO_MEDALS
BIZ,BIZ,,1996,0,0,0,0,0,0,0,0,,0,0,0,0,0,NO_MEDALS
BLR,Belarus,Belarus,1996,8,1,6,15,1,6,8,15,37,7,-5,-2,0,14,DIFFER
BOL,BOL,,1996,0,0,0,0,0,0,0,0,,0,0,0,0,0,NO_MEDALS
BOT,BOT,,1996,0,0,0,0,0,0,0,0,,0,0,0,0,0,NO_MEDALS
BRA,Brazil,Brazil,1996,9,3,3,15,3,3,9,15,25,6,0,-6,0,12,DIFFER
BRN,BRN,,1996,0,0,0,0,0,0,0,0,,0,0,0,0,0,NO_MEDALS
BRU,BRU,,1996,0,0,0,0,0,0,0,0,,0,0,0,0,0,NO_MEDALS
BUL,Bulgaria,Bulgaria,1996,5,3,7,15,3,7,5,15,22,2,-4,2,0,8,DIFFER
BUR,BUR,,1996,0,0,0,0,0,0,0,0,,0,0,0,0,0,NO_MEDALS
CAF,CAF,,1996,0,0,0,0,0,0,0,0,,0,0,0,0,0,NO_MEDALS
CAM,CAM,,1996,0,0,0,0,0,0,0,0,,0,0,0,0,0,NO_MEDALS
CAN,Canada,Canada,1996,8,3,11,22,3,11,8,22,21,5,-8,3,0,16,DIFFER
CAY,CAY,,1996,0,0,0,0,0,0,0,0,,0,0,0,0,0,NO_MEDALS
CGO,CGO,,1996,0,0,0,0,0,0,0,0,,0,0,0,0,0,NO_MEDALS
CHA,CHA,,1996,0,0,0,0,0,0,0,0,,0,0,0,0,0,NO_MEDALS
CHI,CHI,,1996,0,0,0,0,0,0,0,0,,0,0,0,0,0,NO_MEDALS
CHN,China,China,1996,12,16,22,50,16,22,12,50,4,-4,-6,10,0,20,DIFFER
CIV,CIV,,1996,0,0,0,0,0,0,0,0,,0,0,0,0,0,NO_MEDALS
CMR,CMR,,1996,0,0,0,0,0,0,0,0,,0,0,0,0,0,NO_MEDALS
COD,COD,,1996,0,0,0,0,0,0,0,0,,0,0,0,0,0,NO_MEDALS
COK,COK,,1996,0,0,0,0,0,0,0,0,,0,0,0,0,0,NO_MEDALS
COL,COL,,1996,0,0,0,0,0,0,0,0,,0,0,0,0,0,NO_MEDALS
COM,COM,,1996,0,0,0,0,0,0,0,0,,0,0,0,0,0,NO_MEDALS
CPV,CPV,,1996,0,0,0,0,0,0,0,0,,0,0,0,0,0,NO_MEDALS
CRC,Costa Rica,Costa Rica,1996,0,1,0,1,1,0,0,1,49,-1,1,0,0,2,DIFFER
CRO,Croatia,Croatia,1996,0,1,1,2,1,1,0,2,45,-1,0,1,0,2,DIFFER
CUB,Cuba,Cuba,1996,8,9,8,25,9,8,8,25,8,-1,1,0,0,2,DIFFER
CYP,CYP,,1996,0,0,0,0,0,0,0,0,,0,0,0,0,0,NO_MEDALS
CZE,Czech Republic,Czech Republic,1996,4,4,3,11,4,3,4,11,17,0,1,-1,0,2,DIFFER
DEN,Denmark,Denmark,1996,1,4,1,6,4,1,1,6,19,-3,3,0,0,6,DIFFER
DJI,DJI,,1996,0,0,0,0,0,0,0,0,,0,0,0,0,0,NO_MEDALS
DMA,DMA,,1996,0,0,0,0,0,0,0,0,,0,0,0,0,0,NO_MEDALS
DOM,DOM,,1996,0,0,0,0,0,0,0,0,,0,0,0,0,0,NO_MEDALS
ECU,Ecuador,Ecuador,1996,0,1,0,1,1,0,0,1,49,-1,1,0,0,2,DIFFER
EGY,EGY,,1996,0,0,0,0,0,0,0,0,,0,0,0,0,0,NO_MEDALS
ESA,ESA,,1996,0,0,0,0,0,0,0,0,,0,0,0,0,0,NO_MEDALS
ESP,Spain,Spain,1996,6,5,6,17,5,6,6,17,13,1,-1,0,0,2,DIFFER
EST,EST,,1996,0,0,0,0,0,0,0,0,,0,0,0,0,0,NO_MEDALS
ETH,Ethiopia,Ethiopia,1996,1,2,0,3,2,0,1,3,34,-1,2,-1,0,4,DIFFER
FIJ,FIJ,,1996,0,0,0,0,0,0,0,0,,0,0,0,0,0,NO_MEDALS
FIN,Finland,Finland,1996,1,1,2,4,1,2,1,4,40,0,-1,1,0,2,DIFFER
FRA,France,France,1996,15,15,7,37,15,7,15,37,5,0,8,-8,0,16,DIFFER
GAB,GAB,,1996,0,0,0,0,0,0,0,0,,0,0,0,0,0,NO_MEDALS
GAM,GAM,,1996,0,0,0,0,0,0,0,0,,0,0,0,0,0,NO_MEDALS
GBR,Great Britain,Great Britain,1996,6,1,8,15,1,8,6,15,36,5,-7,2,0,14,DIFFER
GBS,GBS,,1996,0,0,0,0,0,0,0,0,,0,0,0,0,0,NO_MEDALS
GEO,Georgia,Georgia,1996,2,0,0,2,0,0,2,2,68,2,0,-2,0,4,DIFFER
GEQ,GEQ,,1996,0,0,0,0,0,0,0,0,,0,0,0,0,0,NO_MEDALS
GER,Germany,Germany,1996,27,20,18,65,20,18,27,65,3,7,2,-9,0,18,DIFFER
GHA,GHA,,1996,0,0,0,0,0,0,0,0,,0,0,0,0,0,NO_MEDALS
GRE,Greece,Greece,1996,0,4,4,8,4,4,0,8,16,-4,0,4,0,8,DIFFER
GRN,GRN,,1996,0,0,0,0,0,0,0,0,,0,0,0,0,0,NO_MEDALS
GUA,GUA,,1996,0,0,0,0,0,0,0,0,,0,0,0,0,0,NO_MEDALS
GUI,GUI,,1996,0,0,0,0,0,0,0,0,,0,0,0,0,0,NO_MEDALS
GUM,GUM,,1996,0,0,0,0,0,0,0,0,,0,0,0,0,0,NO_MEDALS
GUY,GUY,,1996,0,0,0,0,0,0,0,0,,0,0,0,0,0,NO_MEDALS
HAI,HAI,,1996,0,0,0,0,0,0,0,0,,0,0,0,0,0,NO_MEDALS
HKG,Hong Kong,Hong Kong,1996,0,1,0,1,1,0,0,1,49,-1,1,0,0,2,DIFFER
HON,HON,,1996,0,0,0,0,0,0,0,0,,0,0,0,0,0,NO_MEDALS
HUN,Hungary,Hungary,1996,10,7,4,21,7,4,10,21,12,3,3,-6,0,12,DIFFER
INA,Indonesia,Indonesia,1996,2,1,1,4,1,1,2,4,41,1,0,-1,0,2,DIFFER
IND,India,India,1996,1,0,0,1,0,0,1,1,71,1,0,-1,0,2,DIFFER
IRI,Iran,Iran,1996,1,1,1,3,1,1,1,3,43,0,0,0,0,0,MATCH
IRL,Ireland,Ireland,1996,1,3,0,4,3,0,1,4,28,-2,3,-1,0,6,DIFFER
IRQ,IRQ,,1996,0,0,0,0,0,0,0,0,,0,0,0,0,0,NO_MEDALS
ISL,ISL,,1996,0,0,0,0,0,0,0,0,,0,0,0,0,0,NO_MEDALS
ISR,Israel,Israel,1996,1,0,0,1,0,0,1,1,71,1,0,-1,0,2,DIFFER
ISV,ISV,,1996,0,0,0,0,0,0,0,0,,0,0,0,0,0,NO_MEDALS
ITA,Italy,Italy,1996,12,13,10,35,13,10,12,35,6,-1,3,-2,0,6,DIFFER
IVB,IVB,,1996,0,0,0,0,0,0,0,0,,0,0,0,0,0,NO_MEDALS
JAM,Jamaica,Jamaica,1996,2,1,3,6,1,3,2,6,39,1,-2,1,0,4,DIFFER
JOR,JOR,,1996,0,0,0,0,0,0,0,0,,0,0,0,0,0,NO_MEDALS
JPN,Japan,Japan,1996,5,3,6,14,3,6,5,14,23,2,-3,1,0,6,DIFFER
KAZ,Kazakhstan,Kazakhstan,1996,4,3,4,11,3,4,4,11,24,1,-1,0,0,2,DIFFER
KEN,Kenya,Kenya,1996,3,1,4,8,1,4,3,8,38,2,-3,1,0,6,DIFFER
KGZ,KGZ,,1996,0,0,0,0,0,0,0,0,,0,0,0,0,0,NO_MEDALS
KOR,South Korea,South Korea,1996,5,7,15,27,7,15,5,27,10,-2,-8,10,0,20,DIFFER
KSA,KSA,,1996,0,0,0,0,0,0,0,0,,0,0,0,0,0,NO_MEDALS
KUW,KUW,,1996,0,0,0,0,0,0,0,0,,0,0,0,0,0,NO_MEDALS
LAO,LAO,,1996,0,0,0,0,0,0,0,0,,0,0,0,0,0,NO_MEDALS
LAT,Latvia,Latvia,1996,0,0,1,1,0,1,0,1,61,0,-1,1,0,2,DIFFER
LBA,LBA,,1996,0,0,0,0,0,0,0,0,,0,0,0,0,0,NO_MEDALS
LBR,LBR,,1996,0,0,0,0,0,0,0,0,,0,0,0,0,0,NO_MEDALS
LCA,LCA,,1996,0,0,0,0,0,0,0,0,,0,0,0,0,0,NO_MEDALS
LES,LES,,1996,0,0,0,0,0,0,0,0,,0,0,0,0,0,NO_MEDALS
LIB,LIB,,1996,0,0,0,0,0,0,0,0,,0,0,0,0,0,NO_MEDALS
LIE,LIE,,1996,0,0,0,0,0,0,0,0,,0,0,0,0,0,NO_MEDALS
LTU,Lithuania,Lithuania,1996,1,0,0,1,0,0,1,1,71,1,0,-1,0,2,DIFFER
LUX,LUX,,1996,0,0,0,0,0,0,0,0,,0,0,0,0,0,NO_MEDALS
MAD,MAD,,1996,0,0,0,0,0,0,0,0,,0,0,0,0,0,NO_MEDALS
MAR,Morocco,Morocco,1996,2,0,0,2,0,0,2,2,68,2,0,-2,0,4,DIFFER
MAS,Malaysia,Malaysia,1996,1,0,1,2,0,1,1,2,58,1,-1,0,0,2,DIFFER
MAW,MAW,,1996,0,0,0,0,0,0,0,0,,0,0,0,0,0,NO_MEDALS
MDA,Moldova,Moldova,1996,1,0,1,2,0,1,1,2,58,1,-1,0,0,2,DIFFER
MDV,MDV,,1996,0,0,0,0,0,0,0,0,,0,0,0,0,0,NO_MEDALS
MEX,Mexico,Mexico,1996,1,0,0,1,0,0,1,1,71,1,0,-1,0,2,DIFFER
MGL,Mongolia,Mongolia,1996,1,0,0,1,0,0,1,1,71,1,0,-1,0,2,DIFFER
MKD,MKD,,1996,0,0,0,0,0,0,0,0,,0,0,0,0,0,NO_MEDALS
MLI,MLI,,1996,0,0,0,0,0,0,0,0,,0,0,0,0,0,NO_MEDALS
MLT,MLT,,1996,0,0,0,0,0,0,0,0,,0,0,0,0,0,NO_MEDALS
MON,MON,,1996,0,0,0,0,0,0,0,0,,0,0,0,0,0,NO_MEDALS
MOZ,Mozambique,Mozambique,1996,1,0,0,1,0,0,1,1,71,1,0,-1,0,2,DIFFER
MRI,MRI,,1996,0,0,0,0,0,0,0,0,,0,0,0,0,0,NO_MEDALS
MTN,MTN,,1996,0,0,0,0,0,0,0,0,,0,0,0,0,0,NO_MEDALS
MYA,MYA,,1996,0,0,0,0,0,0,0,0,,0,0,0,0,0,NO_MEDALS
NAM,Namibia,Namibia,1996,0,0,2,2,0,2,0,2,55,0,-2,2,0,4,DIFFER
NCA,NCA,,1996,0,0,0,0,0,0,0,0,,0,0,0,0,0,NO_MEDALS
NED,Netherlands,Netherlands,1996,10,4,5,19,4,5,10,19,15,6,-1,-5,0,12,DIFFER
NEP,NEP,,1996,0,0,0,0,0,0,0,0,,0,0,0,0,0,NO_MEDALS
NGR,Nigeria,Nigeria,1996,3,2,1,6,2,1,3,6,32,1,1,-2,0,4,DIFFER
NIG,NIG,,1996,0,0,0,0,0,0,0,0,,0,0,0,0,0,NO_MEDALS
NOR,Norway,Norway,1996,3,2,2,7,2,2,3,7,30,1,0,-1,0,2,DIFFER
NRU,NRU,,1996,0,0,0,0,0,0,0,0,,0,0,0,0,0,NO_MEDALS
NZL,New Zealand,New Zealand,1996,1,3,2,6,3,2,1,6,26,-2,1,1,0,4,DIFFER
OMA,OMA,,1996,0,0,0,0,0,0,0,0,,0,0,0,0,0,NO_MEDALS
PAK,PAK,,1996,0,0,0,0,0,0,0,0,,0,0,0,0,0,NO_MEDALS
PAN,PAN,,1996,0,0,0,0,0,0,0,0,,0,0,0,0,0,NO_MEDALS
PAR,PAR,,1996,0,0,0,0,0,0,0,0,,0,0,0,0,0,NO_MEDALS
PER,PER,,1996,0,0,0,0,0,0,0,0,,0,0,0,0,0,NO_MEDALS
PHI,Philippines,Philippines,1996,0,0,1,1,0,1,0,1,61,0,-1,1,0,2,DIFFER
PLE,PLE,,1996,0,0,0,0,0,0,0,0,,0,0,0,0,0,NO_MEDALS
PNG,PNG,,1996,0,0,0,0,0,0,0,0,,0,0,0,0,0,NO_MEDALS
POL,Poland,Poland,1996,5,7,5,17,7,5,5,17,11,-2,2,0,0,4,DIFFER
POR,Portugal,Portugal,1996,1,1,0,2,1,0,1,2,47,0,1,-1,0,2,DIFFER
PRK,North Korea,North Korea,1996,2,2,1,5,2,1,2,5,33,0,1,-1,0,2,DIFFER
PUR,Puerto Rico,Puerto Rico,1996,1,0,0,1,0,0,1,1,71,1,0,-1,0,2,DIFFER
QAT,QAT,,1996,0,0,0,0,0,0,0,0,,0,0,0,0,0,NO_MEDALS
ROU,Romania,Romania,1996,8,4,7,19,4,7,9,20,14,4,-3,-2,-1,9,DIFFER
RSA,South Africa,South Africa,1996,1,3,1,5,3,1,1,5,27,-2,2,0,0,4,DIFFER
RUS,Russia,Russia,1996,16,26,21,63,26,21,16,63,2,-10,5,5,0,20,DIFFER
RWA,RWA,,1996,0,0,0,0,0,0,0,0,,0,0,0,0,0,NO_MEDALS
SAM,SAM,,1996,0,0,0,0,0,0,0,0,,0,0,0,0,0,NO_MEDALS
SCG,FR Yugoslavia,FR Yugoslavia,1996,2,1,1,4,1,1,2,4,41,1,0,-1,0,2,DIFFER
SEN,SEN,,1996,0,0,0,0,0,0,0,0,,0,0,0,0,0,NO_MEDALS
SEY,SEY,,1996,0,0,0,0,0,0,0,0,,0,0,0,0,0,NO_MEDALS
SGP,SGP,,1996,0,0,0,0,0,0,0,0,,0,0,0,0,0,NO_MEDALS
SKN,SKN,,1996,0,0,0,0,0,0,0,0,,0,0,0,0,0,NO_MEDALS
SLE,SLE,,1996,0,0,0,0,0,0,0,0,,0,0,0,0,0,NO_MEDALS
SLO,Slovenia,Slovenia,1996,0,0,2,2,0,2,0,2,55,0,-2,2,0,4,DIFFER
SMR,SMR,,1996,0,0,0,0,0,0,0,0,,0,0,0,0,0,NO_MEDALS
SOL,SOL,,1996,0,0,0,0,0,0,0,0,,0,0,0,0,0,NO_MEDALS
SOM,SOM,,1996,0,0,0,0,0,0,0,0,,0,0,0,0,0,NO_MEDALS
SRI,SRI,,1996,0,0,0,0,0,0,0,0,,0,0,0,0,0,NO_MEDALS
STP,STP,,1996,0,0,0,0,0,0,0,0,,0,0,0,0,0,NO_MEDALS
SUD,SUD,,1996,0,0,0,0,0,0,0,0,,0,0,0,0,0,NO_MEDALS
SUI,Switzerland,Switzerland,1996,0,4,3,7,4,3,0,7,18,-4,1,3,0,8,DIFFER
SUR,SUR,,1996,0,0,0,0,0,0,0,0,,0,0,0,0,0,NO_MEDALS
SVK,Slovakia,Slovakia,1996,1,1,1,3,1,1,1,3,43,0,0,0,0,0,MATCH
SWE,Sweden,Sweden,1996,2,2,4,8,2,4,2,8,29,0,-2,2,0,4,DIFFER
SWZ,SWZ,,1996,0,0,0,0,0,0,0,0,,0,0,0,0,0,NO_MEDALS
SYR,Syria,Syria,1996,0,1,0,1,1,0,0,1,49,-1,1,0,0,2,DIFFER
TAN,TAN,,1996,0,0,0,0,0,0,0,0,,0,0,0,0,0,NO_MEDALS
TGA,Tonga,Tonga,1996,0,0,1,1,0,1,0,1,61,0,-1,1,0,2,DIFFER
THA,Thailand,Thailand,1996,1,1,0,2,1,0,1,2,47,0,1,-1,0,2,DIFFER
TJK,TJK,,1996,0,0,0,0,0,0,0,0,,0,0,0,0,0,NO_MEDALS
TKM,TKM,,1996,0,0,0,0,0,0,0,0,,0,0,0,0,0,NO_MEDALS
TOG,TOG,,1996,0,0,0,0,0,0,0,0,,0,0,0,0,0,NO_MEDALS
TPE,Chinese Taipei,Chinese Taipei,1996,0,0,1,1,0,1,0,1,61,0,-1,1,0,2,DIFFER
TTO,Trinidad and Tobago,Trinidad and Tobago,1996,2,0,0,2,0,0,2,2,68,2,0,-2,0,4,DIFFER
TUN,Tunisia,Tunisia,1996,1,0,0,1,0,0,1,1,71,1,0,-1,0,2,DIFFER
TUR,Turkey,Turkey,1996,1,4,1,6,4,1,1,6,19,-3,3,0,0,6,DIFFER
UAE,UAE,,1996,0,0,0,0,0,0,0,0,,0,0,0,0,0,NO_MEDALS
UGA,Uganda,Uganda,1996,1,0,0,1,0,0,1,1,71,1,0,-1,0,2,DIFFER
UKR,Ukraine,Ukraine,1996,12,9,2,23,9,2,12,23,9,3,7,-10,0,20,DIFFER
URU,URU,,1996,0,0,0,0,0,0,0,0,,0,0,0,0,0,NO_MEDALS
USA,United States,United States,1996,25,44,32,101,44,32,25,101,1,-19,12,7,0,38,DIFFER
UZB,Uzbekistan,Uzbekistan,1996,1,0,1,2,0,1,1,2,58,1,-1,0,0,2,DIFFER
VAN,VAN,,1996,0,0,0,0,0,0,0,0,,0,0,0,0,0,NO_MEDALS
VEN,VEN,,1996,0,0,0,0,0,0,0,0,,0,0,0,0,0,NO_MEDALS
VIE,VIE,,1996,0,0,0,0,0,0,0,0,,0,0,0,0,0,NO_MEDALS
VIN,VIN,,1996,0,0,0,0,0,0,0,0,,0,0,0,0,0,NO_MEDALS
YEM,YEM,,1996,0,0,0,0,0,0,0,0,,0,0,0,0,0,NO_MEDALS
ZAM,Zambia,Zambia,1996,0,0,1,1,0,1,0,1,61,0,-1,1,0,2,DIFFER
ZIM,ZIM,,1996,0,0,0,0,0,0,0,0,,0,0,0,0,0,NO_MEDALS
AHO,AHO,,2000,0,0,0,0,0,0,0,0,,0,0,0,0,0,NO_MEDALS
ALB,ALB,,2000,0,0,0,0,0,0,0,0,,0,0,0,0,0,NO_MEDALS
ALG,Algeria,Algeria,2000,3,1,1,5,1,1,3,5,42,2,0,-2,0,4,DIFFER
AND,AND,,2000,0,0,0,0,0,0,0,0,,0,0,0,0,0,NO_MEDALS
ANG,ANG,,2000,0,0,0,0,0,0,0,0,,0,0,0,0,0,NO_MEDALS
ANT,ANT,,2000,0,0,0,0,0,0,0,0,,0,0,0,0,0,NO_MEDALS
ARG,Argentina,Argentina,2000,2,0,2,4,0,2,2,4,57,2,-2,0,0,4,DIFFER
ARM,Armenia,Armenia,2000,1,0,0,1,0,0,1,1,71,1,0,-1,0,2,DIFFER
ARU,ARU,,2000,0,0,0,0,0,0,0,0,,0,0,0,0,0,NO_MEDALS
ASA,ASA,,2000,0,0,0,0,0,0,0,0,,0,0,0,0,0,NO_MEDALS
AUS,Australia,Australia,2000,17,16,25,58,16,25,17,58,4,1,-9,8,0,18,DIFFER
AUT,Austria,Austria,2000,0,2,1,3,2,1,0,3,32,-2,1,1,0,4,DIFFER
AZE,Azerbaijan,Azerbaijan,2000,1,2,0,3,2,0,1,3,34,-1,2,-1,0,4,DIFFER
BAH,Bahamas,Bahamas,2000,1,2,0,3,2,0,1,3,34,-1,2,-1,0,4,DIFFER
BAN,BAN,,2000,0,0,0,0,0,0,0,0,,0,0,0,0,0,NO_MEDALS
BAR,Barbados,Barbados,2000,1,0,0,1,0,0,1,1,71,1,0,-1,0,2,DIFFER
BDI,BDI,,2000,0,0,0,0,0,0,0,0,,0,0,0,0,0,NO_MEDALS
BEL,Belgium,Belgium,2000,3,0,2,5,0,2,3,5,55,3,-2,-1,0,6,DIFFER
BEN,BEN,,2000,0,0,0,0,0,0,0,0,,0,0,0,0,0,NO_MEDALS
BER,BER,,2000,0,0,0,0,0,0,0,0,,0,0,0,0,0,NO_MEDALS
BHU,BHU,,2000,0,0,0,0,0,0,0,0,,0,0,0,0,0,NO_MEDALS
BIH,BIH,,2000,0,0,0,0,0,0,0,0,,0,0,0,0,0,NO_MEDALS
BIZ,BIZ,,2000,0,0,0,0,0,0,0,0,,0,0,0,0,0,NO_MEDALS
BLR,Belarus,Belarus,2000,11,3,3,17,3,3,11,17,23,8,0,-8,0,16,DIFFER
BOL,BOL,,2000,0,0,0,0,0,0,0,0,,0,0,0,0,0,NO_MEDALS
BOT,BOT,,2000,0,0,0,0,0,0,0,0,,0,0,0,0,0,NO_MEDALS
BRA,Brazil,Brazil,2000,6,0,6,12,0,6,6,12,53,6,-6,0,0,12,DIFFER
BRN,BRN,,2000,0,0,0,0,0,0,0,0,,0,0,0,0,0,NO_MEDALS
BRU,BRU,,2000,0,0,0,0,0,0,0,0,,0,0,0,0,0,NO_MEDALS
BUL,Bulgaria,Bulgaria,2000,2,5,6,13,5,6,2,13,16,-3,-1,4,0,8,DIFFER
BUR,BUR,,2000,0,0,0,0,0,0,0,0,,0,0,0,0,0,NO_MEDALS
CAF,CAF,,2000,0,0,0,0,0,0,0,0,,0,0,0,0,0,NO_MEDALS
CAM,CAM,,2000,0,0,0,0,0,0,0,0,,0,0,0,0,0,NO_MEDALS
CAN,Canada,Canada,2000,8,3,3,14,3,3,8,14,24,5,0,-5,0,10,DIFFER
CAY,CAY,,2000,0,0,0,0,0,0,0,0,,0,0,0,0,0,NO_MEDALS
CGO,CGO,,2000,0,0,0,0,0,0,0,0,,0,0,0,0,0,NO_MEDALS
CHA,CHA,,2000,0,0,0,0,0,0,0,0,,0,0,0,0,0,NO_MEDALS
CHI,Chile,Chile,2000,1,0,0,1,0,0,1,1,71,1,0,-1,0,2,DIFFER
CHN,China,China,2000,14,28,16,58,28,16,14,58,3,-14,12,2,0,28,DIFFER
CIV,CIV,,2000,0,0,0,0,0,0,0,0,,0,0,0,0,0,NO_MEDALS
CMR,Cameroon,Cameroon,2000,0,1,0,1,1,0,0,1,50,-1,1,0,0,2,DIFFER
COD,COD,,2000,0,0,0,0,0,0,0,0,,0,0,0,0,0,NO_MEDALS
COK,COK,,2000,0,0,0,0,0,0,0,0,,0,0,0,0,0,NO_MEDALS
COL,Colombia,Colombia,2000,0,1,0,1,1,0,0,1,50,-1,1,0,0,2,DIFFER
COM,COM,,2000,0,0,0,0,0,0,0,0,,0,0,0,0,0,NO_MEDALS
CPV,CPV,,2000,0,0,0,0,0,0,0,0,,0,0,0,0,0,NO_MEDALS
CRC,Costa Rica,Costa Rica,2000,2,0,0,2,0,0,2,2,69,2,0,-2,0,4,DIFFER
CRO,Croatia,Croatia,2000,1,1,0,2,1,0,1,2,49,0,1,-1,0,2,DIFFER
CUB,Cuba,Cuba,2000,7,11,11,29,11,11,7,29,9,-4,0,4,0,8,DIFFER
CYP,CYP,,2000,0,0,0,0,0,0,0,0,,0,0,0,0,0,NO_MEDALS
CZE,Czech Republic,Czech Republic,2000,3,2,3,8,2,3,3,8,28,1,-1,0,0,2,DIFFER
DEN,Denmark,Denmark,2000,1,2,3,6,2,3,1,6,30,-1,-1,2,0,4,DIFFER
DJI,DJI,,2000,0,0,0,0,0,0,0,0,,0,0,0,0,0,NO_MEDALS
DMA,DMA,,2000,0,0,0,0,0,0,0,0,,0,0,0,0,0,NO_MEDALS
DOM,DOM,,2000,0,0,0,0,0,0,0,0,,0,0,0,0,0,NO_MEDALS
ECU,ECU,,2000,0,0,0,0,0,0,0,0,,0,0,0,0,0,NO_MEDALS
EGY,EGY,,2000,0,0,0,0,0,0,0,0,,0,0,0,0,0,NO_MEDALS
ERI,ERI,,2000,0,0,0,0,0,0,0,0,,0,0,0,0,0,NO_MEDALS
ESA,ESA,,2000,0,0,0,0,0,0,0,0,,0,0,0,0,0,NO_MEDALS
ESP,Spain,Spain,2000,5,3,3,11,3,3,5,11,25,2,0,-2,0,4,DIFFER
EST,Estonia,Estonia,2000,2,1,0,3,1,0,2,3,47,1,1,-2,0,4,DIFFER
ETH,Ethiopia,Ethiopia,2000,3,4,1,8,4,1,3,8,20,-1,3,-2,0,6,DIFFER
FIJ,FIJ,,2000,0,0,0,0,0,0,0,0,,0,0,0,0,0,NO_MEDALS
FIN,Finland,Finland,2000,1,2,1,4,2,1,1,4,31,-1,1,0,0,2,DIFFER
FRA,France,France,2000,11,13,14,38,13,14,11,38,6,-2,-1,3,0,6,DIFFER
FSM,FSM,,2000,0,0,0,0,0,0,0,0,,0,0,0,0,0,NO_MEDALS
GAB,GAB,,2000,0,0,0,0,0,0,0,0,,0,0,0,0,0,NO_MEDALS
GAM,GAM,,2000,0,0,0,0,0,0,0,0,,0,0,0,0,0,NO_MEDALS
GBR,Great Britain,Great Britain,2000,7,11,10,28,11,10,7,28,10,-4,1,3,0,8,DIFFER
GBS,GBS,,2000,0,0,0,0,0,0,0,0,,0,0,0,0,0,NO_MEDALS
GEO,Georgia,Georgia,2000,6,0,0,6,0,0,6,6,68,6,0,-6,0,12,DIFFER
GEQ,GEQ,,2000,0,0,0,0,0,0,0,0,,0,0,0,0,0,NO_MEDALS
GER,Germany,Germany,2000,26,13,17,56,13,17,26,56,5,13,-4,-9,0,26,DIFFER
GHA,GHA,,2000,0,0,0,0,0,0,0,0,,0,0,0,0,0,NO_MEDALS
GRE,Greece,Greece,2000,3,4,6,13,4,6,3,13,17,-1,-2,3,0,6,DIFFER
GRN,GRN,,2000,0,0,0,0,0,0,0,0,,0,0,0,0,0,NO_MEDALS
GUA,GUA,,2000,0,0,0,0,0,0,0,0,,0,0,0,0,0,NO_MEDALS
GUI,GUI,,2000,0,0,0,0,0,0,0,0,,0,0,0,0,0,NO_MEDALS
GUM,GUM,,2000,0,0,0,0,0,0,0,0,,0,0,0,0,0,NO_MEDALS
GUY,GUY,,2000,0,0,0,0,0,0,0,0,,0,0,0,0,0,NO_MEDALS
HAI,HAI,,2000,0,0,0,0,0,0,0,0,,0,0,0,0,0,NO_MEDALS
HKG,HKG,,2000,0,0,0,0,0,0,0,0,,0,0,0,0,0,NO_MEDALS
HON,HON,,2000,0,0,0,0,0,0,0,0,,0,0,0,0,0,NO_MEDALS
HUN,Hungary,Hungary,2000,3,8,6,17,8,6,3,17,13,-5,2,3,0,10,DIFFER
INA,Indonesia,Indonesia,2000,2,1,3,6,1,3,2,6,38,1,-2,1,0,4,DIFFER
IND,India,India,2000,1,0,0,1,0,0,1,1,71,1,0,-1,0,2,DIFFER
IOA,IOA,,2000,0,0,0,0,0,0,0,0,,0,0,0,0,0,NO_MEDALS
IRI,Iran,Iran,2000,1,3,0,4,3,0,1,4,27,-2,3,-1,0,6,DIFFER
IRL,Ireland,Ireland,2000,0,0,1,1,0,1,0,1,64,0,-1,1,0,2,DIFFER
IRQ,IRQ,,2000,0,0,0,0,0,0,0,0,,0,0,0,0,0,NO_MEDALS
ISL,Iceland,Iceland,2000,1,0,0,1,0,0,1,1,71,1,0,-1,0,2,DIFFER
ISR,Israel,Israel,2000,1,0,0,1,0,0,1,1,71,1,0,-1,0,2,DIFFER
ISV,ISV,,2000,0,0,0,0,0,0,0,0,,0,0,0,0,0,NO_MEDALS
ITA,Italy,Italy,2000,13,13,8,34,13,8,13,34,7,0,5,-5,0,10,DIFFER
IVB,IVB,,2000,0,0,0,0,0,0,0,0,,0,0,0,0,0,NO_MEDALS
JAM,Jamaica,Jamaica,2000,3,0,6,9,0,6,3,9,54,3,-6,3,0,12,DIFFER
JOR,JOR,,2000,0,0,0,0,0,0,0,0,,0,0,0,0,0,NO_MEDALS
JPN,Japan,Japan,2000,5,5,8,18,5,8,5,18,15,0,-3,3,0,6,DIFFER
KAZ,Kazakhstan,Kazakhstan,2000,0,3,4,7,3,4,0,7,22,-3,-1,4,0,8,DIFFER
KEN,Kenya,Kenya,2000,2,2,3,7,2,3,2,7,29,0,-1,1,0,2,DIFFER
KGZ,Kyrgyzstan,Kyrgyzstan,2000,1,0,0,1,0,0,1,1,71,1,0,-1,0,2,DIFFER
KOR,South Korea,South Korea,2000,10,8,10,28,8,10,10,28,12,2,-2,0,0,4,DIFFER
KSA,Saudi Arabia,Saudi Arabia,2000,1,0,1,2,0,1,1,2,61,1,-1,0,0,2,DIFFER
KUW,Kuwait,Kuwait,2000,1,0,0,1,0,0,1,1,71,1,0,-1,0,2,DIFFER
LAO,LAO,,2000,0,0,0,0,0,0,0,0,,0,0,0,0,0,NO_MEDALS
LAT,Latvia,Latvia,2000,1,1,1,3,1,1,1,3,44,0,0,0,0,0,MATCH
LBA,LBA,,2000,0,0,0,0,0,0,0,0,,0,0,0,0,0,NO_MEDALS
LBR,LBR,,2000,0,0,0,0,0,0,0,0,,0,0,0,0,0,NO_MEDALS
LCA,LCA,,2000,0,0,0,0,0,0,0,0,,0,0,0,0,0,NO_MEDALS
LES,LES,,2000,0,0,0,0,0,0,0,0,,0,0,0,0,0,NO_MEDALS
LIB,LIB,,2000,0,0,0,0,0,0,0,0,,0,0,0,0,0,NO_MEDALS
LIE,LIE,,2000,0,0,0,0,0,0,0,0,,0,0,0,0,0,NO_MEDALS
LTU,Lithuania,Lithuania,2000,3,2,0,5,2,0,3,5,33,1,2,-3,0,6,DIFFER
LUX,LUX,,2000,0,0,0,0,0,0,0,0,,0,0,0,0,0,NO_MEDALS
MAD,MAD,,2000,0,0,0,0,0,0,0,0,,0,0,0,0,0,NO_MEDALS
MAR,Morocco,Morocco,2000,4,0,1,5,0,1,4,5,58,4,-1,-3,0,8,DIFFER
MAS,MAS,,2000,0,0,0,0,0,0,0,0,,0,0,0,0,0,NO_MEDALS
MAW,MAW,,2000,0,0,0,0,0,0,0,0,,0,0,0,0,0,NO_MEDALS
MDA,Moldova,Moldova,2000,1,0,1,2,0,1,1,2,61,1,-1,0,0,2,DIFFER
MDV,MDV,,2000,0,0,0,0,0,0,0,0,,0,0,0,0,0,NO_MEDALS
MEX,Mexico,Mexico,2000,3,1,2,6,1,2,3,6,40,2,-1,-1,0,4,DIFFER
MGL,MGL,,2000,0,0,0,0,0,0,0,0,,0,0,0,0,0,NO_MEDALS
MKD,Macedonia,Macedonia,2000,1,0,0,1,0,0,1,1,71,1,0,-1,0,2,DIFFER
MLI,MLI,,2000,0,0,0,0,0,0,0,0,,0,0,0,0,0,NO_MEDALS
MLT,MLT,,2000,0,0,0,0,0,0,0,0,,0,0,0,0,0,NO_MEDALS
MON,MON,,2000,0,0,0,0,0,0,0,0,,0,0,0,0,0,NO_MEDALS
MOZ,Mozambique,Mozambique,2000,0,1,0,1,1,0,0,1,50,-1,1,0,0,2,DIFFER
MRI,MRI,,2000,0,0,0,0,0,0,0,0,,0,0,0,0,0,NO_MEDALS
MTN,MTN,,2000,0,0,0,0,0,0,0,0,,0,0,0,0,0,NO_MEDALS
MYA,MYA,,2000,0,0,0,0,0,0,0,0,,0,0,0,0,0,NO_MEDALS
NAM,NAM,,2000,0,0,0,0,0,0,0,0,,0,0,0,0,0,NO_MEDALS
NCA,NCA,,2000,0,0,0,0,0,0,0,0,,0,0,0,0,0,NO_MEDALS
NED,Netherlands,Netherlands,2000,4,12,9,25,12,9,4,25,8,-8,3,5,0,16,DIFFER
NEP,NEP,,2000,0,0,0,0,0,0,0,0,,0,0,0,0,0,NO_MEDALS
NGR,Nigeria,Nigeria,2000,0,1,2,3,1,2,0,3,41,-1,-1,2,0,4,DIFFER
NIG,NIG,,2000,0,0,0,0,0,0,0,0,,0,0,0,0,0,NO_MEDALS
NOR,Norway,Norway,2000,3,4,3,10,4,3,3,10,19,-1,1,0,0,2,DIFFER
NRU,NRU,,2000,0,0,0,0,0,0,0,0,,0,0,0,0,0,NO_MEDALS
NZL,New Zealand,New Zealand,2000,3,1,0,4,1,0,3,4,46,2,1,-3,0,6,DIFFER
OMA,OMA,,2000,0,0,0,0,0,0,0,0,,0,0,0,0,0,NO_MEDALS
PAK,PAK,,2000,0,0,0,0,0,0,0,0,,0,0,0,0,0,NO_MEDALS
PAN,PAN,,2000,0,0,0,0,0,0,0,0,,0,0,0,0,0,NO_MEDALS
PAR,PAR,,2000,0,0,0,0,0,0,0,0,,0,0,0,0,0,NO_MEDALS
PER,PER,,2000,0,0,0,0,0,0,0,0,,0,0,0,0,0,NO_MEDALS
PHI,PHI,,2000,0,0,0,0,0,0,0,0,,0,0,0,0,0,NO_MEDALS
PLE,PLE,,2000,0,0,0,0,0,0,0,0,,0,0,0,0,0,NO_MEDALS
PLW,PLW,,2000,0,0,0,0,0,0,0,0,,0,0,0,0,0,NO_MEDALS
PNG,PNG,,2000,0,0,0,0,0,0,0,0,,0,0,0,0,0,NO_MEDALS
POL,Poland,Poland,2000,3,6,5,14,6,5,3,14,14,-3,1,2,0,6,DIFFER
POR,Portugal,Portugal,2000,2,0,0,2,0,0,2,2,69,2,0,-2,0,4,DIFFER
PRK,North Korea,North Korea,2000,3,0,1,4,0,1,3,4,60,3,-1,-2,0,6,DIFFER
PUR,PUR,,2000,0,0,0,0,0,0,0,0,,0,0,0,0,0,NO_MEDALS
QAT,Qatar,Qatar,2000,1,0,0,1,0,0,1,1,71,1,0,-1,0,2,DIFFER
ROU,Romania,Romania,2000,9,11,6,26,11,6,9,26,11,-2,5,-3,0,10,DIFFER
RSA,South Africa,South Africa,2000,3,0,2,5,0,2,3,5,55,3,-2,-1,0,6,DIFFER
RUS,Russia,Russia,2000,29,32,28,89,32,28,29,89,2,-3,4,-1,0,8,DIFFER
RWA,RWA,,2000,0,0,0,0,0,0,0,0,,0,0,0,0,0,NO_MEDALS
SAM,SAM,,2000,0,0,0,0,0,0,0,0,,0,0,0,0,0,NO_MEDALS
SCG,FR Yugoslavia,FR Yugoslavia,2000,1,1,1,3,1,1,1,3,44,0,0,0,0,0,MATCH
SEN,SEN,,2000,0,0,0,0,0,0,0,0,,0,0,0,0,0,NO_MEDALS
SEY,SEY,,2000,0,0,0,0,0,0,0,0,,0,0,0,0,0,NO_MEDALS
SGP,SGP,,2000,0,0,0,0,0,0,0,0,,0,0,0,0,0,NO_MEDALS
SKN,SKN,,2000,0,0,0,0,0,0,0,0,,0,0,0,0,0,NO_MEDALS
SLE,SLE,,2000,0,0,0,0,0,0,0,0,,0,0,0,0,0,NO_MEDALS
SLO,Slovenia,Slovenia,2000,0,2,0,2,2,0,0,2,36,-2,2,0,0,4,DIFFER
SMR,SMR,,2000,0,0,0,0,0,0,0,0,,0,0,0,0,0,NO_MEDALS
SOL,SOL,,2000,0,0,0,0,0,0,0,0,,0,0,0,0,0,NO_MEDALS
SOM,SOM,,2000,0,0,0,0,0,0,0,0,,0,0,0,0,0,NO_MEDALS
SRI,Sri Lanka,Sri Lanka,2000,0,0,1,1,0,1,0,1,64,0,-1,1,0,2,DIFFER
STP,STP,,2000,0,0,0,0,0,0,0,0,,0,0,0,0,0,NO_MEDALS
SUD,SUD,,2000,0,0,0,0,0,0,0,0,,0,0,0,0,0,NO_MEDALS
SUI,Switzerland,Switzerland,2000,2,1,6,9,1,6,2,9,37,1,-5,4,0,10,DIFFER
SUR,SUR,,2000,0,0,0,0,0,0,0,0,,0,0,0,0,0,NO_MEDALS
SVK,Slovakia,Slovakia,2000,1,1,3,5,1,3,1,5,39,0,-2,2,0,4,DIFFER
SWE,Sweden,Sweden,2000,3,4,5,12,4,5,3,12,18,-1,-1,2,0,4,DIFFER
SWZ,SWZ,,2000,0,0,0,0,0,0,0,0,,0,0,0,0,0,NO_MEDALS
SYR,SYR,,2000,0,0,0,0,0,0,0,0,,0,0,0,0,0,NO_MEDALS
TAN,TAN,,2000,0,0,0,0,0,0,0,0,,0,0,0,0,0,NO_MEDALS
TGA,TGA,,2000,0,0,0,0,0,0,0,0,,0,0,0,0,0,NO_MEDALS
THA,Thailand,Thailand,2000,2,1,0,3,1,0,2,3,47,1,1,-2,0,4,DIFFER
TJK,TJK,,2000,0,0,0,0,0,0,0,0,,0,0,0,0,0,NO_MEDALS
TKM,TKM,,2000,0,0,0,0,0,0,0,0,,0,0,0,0,0,NO_MEDALS
TOG,TOG,,2000,0,0,0,0,0,0,0,0,,0,0,0,0,0,NO_MEDALS
TPE,Chinese Taipei,Chinese Taipei,2000,4,0,1,5,0,1,4,5,58,4,-1,-3,0,8,DIFFER
TTO,Trinidad and Tobago,Trinidad and Tobago,2000,1,0,1,2,0,1,1,2,61,1,-1,0,0,2,DIFFER
TUN,TUN,,2000,0,0,0,0,0,0,0,0,,0,0,0,0,0,NO_MEDALS
TUR,Turkey,Turkey,2000,2,3,0,5,3,0,2,5,26,-1,3,-2,0,6,DIFFER
UAE,UAE,,2000,0,0,0,0,0,0,0,0,,0,0,0,0,0,NO_MEDALS
UGA,UGA,,2000,0,0,0,0,0,0,0,0,,0,0,0,0,0,NO_MEDALS
UKR,Ukraine,Ukraine,2000,10,3,10,23,3,10,10,23,21,7,-7,0,0,14,DIFFER
URU,Uruguay,Uruguay,2000,0,0,1,1,0,1,0,1,64,0,-1,1,0,2,DIFFER
USA,United States,United States,2000,31,36,24,91,37,24,32,93,1,-6,12,-8,-2,26,DIFFER
UZB,Uzbekistan,Uzbekistan,2000,2,1,1,4,1,1,2,4,43,1,0,-1,0,2,DIFFER
VAN,VAN,,2000,0,0,0,0,0,0,0,0,,0,0,0,0,0,NO_MEDALS
VEN,VEN,,2000,0,0,0,0,0,0,0,0,,0,0,0,0,0,NO_MEDALS
VIE,Vietnam,Vietnam,2000,0,0,1,1,0,1,0,1,64,0,-1,1,0,2,DIFFER
VIN,VIN,,2000,0,0,0,0,0,0,0,0,,0,0,0,0,0,NO_MEDALS
YEM,YEM,,2000,0,0,0,0,0,0,0,0,,0,0,0,0,0,NO_MEDALS
ZAM,ZAM,,2000,0,0,0,0,0,0,0,0,,0,0,0,0,0,NO_MEDALS
ZIM,ZIM,,2000,0,0,0,0,0,0,0,0,,0,0,0,0,0,NO_MEDALS
AFG,AFG,,2004,0,0,0,0,0,0,0,0,,0,0,0,0,0,NO_MEDALS
AHO,AHO,,2004,0,0,0,0,0,0,0,0,,0,0,0,0,0,NO_MEDALS
ALB,ALB,,2004,0,0,0,0,0,0,0,0,,0,0,0,0,0,NO_MEDALS
ALG,ALG,,2004,0,0,0,0,0,0,0,0,,0,0,0,0,0,NO_MEDALS
AND,AND,,2004,0,0,0,0,0,0,0,0,,0,0,0,0,0,NO_MEDALS
ANG,ANG,,2004,0,0,0,0,0,0,0,0,,0,0,0,0,0,NO_MEDALS
ANT,ANT,,2004,0,0,0,0,0,0,0,0,,0,0,0,0,0,NO_MEDALS
ARG,Argentina,Argentina,2004,4,2,0,6,2,0,4,6,38,2,2,-4,0,8,DIFFER
ARM,ARM,,2004,0,0,0,0,0,0,0,0,,0,0,0,0,0,NO_MEDALS
ARU,ARU,,2004,0,0,0,0,0,0,0,0,,0,0,0,0,0,NO_MEDALS
ASA,ASA,,2004,0,0,0,0,0,0,0,0,,0,0,0,0,0,NO_MEDALS
AUS,Australia,Australia,2004,17,17,16,50,17,16,17,50,4,0,1,-1,0,2,DIFFER
AUT,Austria,Austria,2004,1,2,4,7,2,4,1,7,27,-1,-2,3,0,6,DIFFER
AZE,Azerbaijan,Azerbaijan,2004,4,1,0,5,1,0,4,5,50,3,1,-4,0,8,DIFFER
BAH,Bahamas,Bahamas,2004,1,1,0,2,1,0,1,2,52,0,1,-1,0,2,DIFFER
BAN,BAN,,2004,0,0,0,0,0,0,0,0,,0,0,0,0,0,NO_MEDALS
BAR,BAR,,2004,0,0,0,0,0,0,0,0,,0,0,0,0,0,NO_MEDALS
BDI,BDI,,2004,0,0,0,0,0,0,0,0,,0,0,0,0,0,NO_MEDALS
BEL,Belgium,Belgium,2004,2,1,0,3,1,0,2,3,51,1,1,-2,0,4,DIFFER
BEN,BEN,,2004,0,0,0,0,0,0,0,0,,0,0,0,0,0,NO_MEDALS
BER,BER,,2004,0,0,0,0,0,0,0,0,,0,0,0,0,0,NO_MEDALS
BHU,BHU,,2004,0,0,0,0,0,0,0,0,,0,0,0,0,0,NO_MEDALS
BIH,BIH,,2004,0,0,0,0,0,0,0,0,,0,0,0,0,0,NO_MEDALS
BIZ,BIZ,,2004,0,0,0,0,0,0,0,0,,0,0,0,0,0,NO_MEDALS
BLR,Belarus,Belarus,2004,6,2,5,13,2,5,6,13,26,4,-3,-1,0,8,DIFFER
BOL,BOL,,2004,0,0,0,0,0,0,0,0,,0,0,0,0,0,NO_MEDALS
BOT,BOT,,2004,0,0,0,0,0,0,0,0,,0,0,0,0,0,NO_MEDALS
BRA,Brazil,Brazil,2004,3,5,2,10,5,2,3,10,16,-2,3,-1,0,6,DIFFER
BRN,BRN,,2004,0,0,0,0,0,0,0,0,,0,0,0,0,0,NO_MEDALS
BRU,BRU,,2004,0,0,0,0,0,0,0,0,,0,0,0,0,0,NO_MEDALS
BUL,Bulgaria,Bulgaria,2004,9,2,1,12,2,1,9,12,33,7,1,-8,0,16,DIFFER
BUR,BUR,,2004,0,0,0,0,0,0,0,0,,0,0,0,0,0,NO_MEDALS
CAF,CAF,,2004,0,0,0,0,0,0,0,0,,0,0,0,0,0,NO_MEDALS
CAM,CAM,,2004,0,0,0,0,0,0,0,0,,0,0,0,0,0,NO_MEDALS
CAN,Canada,Canada,2004,3,3,6,12,3,6,3,12,21,0,-3,3,0,6,DIFFER
CAY,CAY,,2004,0,0,0,0,0,0,0,0,,0,0,0,0,0,NO_MEDALS
CGO,CGO,,2004,0,0,0,0,0,0,0,0,,0,0,0,0,0,NO_MEDALS
CHA,CHA,,2004,0,0,0,0,0,0,0,0,,0,0,0,0,0,NO_MEDALS
CHI,Chile,Chile,2004,1,2,0,3,2,0,1,3,39,-1,2,-1,0,4,DIFFER
CHN,China,China,2004,14,32,17,63,32,17,14,63,2,-18,15,3,0,36,DIFFER
CIV,CIV,,2004,0,0,0,0,0,0,0,0,,0,0,0,0,0,NO_MEDALS
CMR,Cameroon,Cameroon,2004,0,1,0,1,1,0,0,1,54,-1,1,0,0,2,DIFFER
COD,COD,,2004,0,0,0,0,0,0,0,0,,0,0,0,0,0,NO_MEDALS
COK,COK,,2004,0,0,0,0,0,0,0,0,,0,0,0,0,0,NO_MEDALS
COL,Colombia,Colombia,2004,2,0,0,2,0,0,2,2,68,2,0,-2,0,4,DIFFER
COM,COM,,2004,0,0,0,0,0,0,0,0,,0,0,0,0,0,NO_MEDALS
CPV,CPV,,2004,0,0,0,0,0,0,0,0,,0,0,0,0,0,NO_MEDALS
CRC,CRC,,2004,0,0,0,0,0,0,0,0,,0,0,0,0,0,NO_MEDALS
CRO,Croatia,Croatia,2004,2,1,2,5,1,2,2,5,44,1,-1,0,0,2,DIFFER
CUB,Cuba,Cuba,2004,11,9,7,27,9,7,11,27,11,2,2,-4,0,8,DIFFER
CYP,CYP,,2004,0,0,0,0,0,0,0,0,,0,0,0,0,0,NO_MEDALS
CZE,Czech Republic,Czech Republic,2004,5,1,3,9,1,3,5,9,42,4,-2,-2,0,8,DIFFER
DEN,Denmark,Denmark,2004,5,2,1,8,2,1,5,8,34,3,1,-4,0,8,DIFFER
DMA,DMA,,2004,0,0,0,0,0,0,0,0,,0,0,0,0,0,NO_MEDALS
DOM,Dominican Republic,Dominican Republic,2004,0,1,0,1,1,0,0,1,54,-1,1,0,0,2,DIFFER
ECU,ECU,,2004,0,0,0,0,0,0,0,0,,0,0,0,0,0,NO_MEDALS
EGY,Egypt,Egypt,2004,3,1,1,5,1,1,3,5,46,2,0,-2,0,4,DIFFER
ERI,Eritrea,Eritrea,2004,1,0,0,1,0,0,1,1,71,1,0,-1,0,2,DIFFER
ESA,ESA,,2004,0,0,0,0,0,0,0,0,,0,0,0,0,0,NO_MEDALS
ESP,Spain,Spain,2004,6,3,11,20,3,11,6,20,20,3,-8,5,0,16,DIFFER
EST,Estonia,Estonia,2004,2,0,1,3,0,1,2,3,64,2,-1,-1,0,4,DIFFER
ETH,Ethiopia,Ethiopia,2004,2,2,3,7,2,3,2,7,28,0,-1,1,0,2,DIFFER
FIJ,FIJ,,2004,0,0,0,0,0,0,0,0,,0,0,0,0,0,NO_MEDALS
FIN,Finland,Finland,2004,0,0,2,2,0,2,0,2,61,0,-2,2,0,4,DIFFER
FRA,France,France,2004,13,11,9,33,11,9,13,33,7,2,2,-4,0,8,DIFFER
FSM,FSM,,2004,0,0,0,0,0,0,0,0,,0,0,0,0,0,NO_MEDALS
GAB,GAB,,2004,0,0,0,0,0,0,0,0,,0,0,0,0,0,NO_MEDALS
GAM,GAM,,2004,0,0,0,0,0,0,0,0,,0,0,0,0,0,NO_MEDALS
GBR,Great Britain,Great Britain,2004,12,9,9,30,9,9,12,30,10,3,0,-3,0,6,DIFFER
GBS,GBS,,2004,0,0,0,0,0,0,0,0,,0,0,0,0,0,NO_MEDALS
GEO,Georgia,Georgia,2004,0,2,2,4,2,2,0,4,32,-2,0,2,0,4,DIFFER
GEQ,GEQ,,2004,0,0,0,0,0,0,0,0,,0,0,0,0,0,NO_MEDALS
GER,Germany,Germany,2004,20,13,16,49,13,16,20,49,6,7,-3,-4,0,14,DIFFER
GHA,GHA,,2004,0,0,0,0,0,0,0,0,,0,0,0,0,0,NO_MEDALS
GRE,Greece,Greece,2004,4,6,6,16,6,6,4,16,15,-2,0,2,0,4,DIFFER
GRN,GRN,,2004,0,0,0,0,0,0,0,0,,0,0,0,0,0,NO_MEDALS
GUA,GUA,,2004,0,0,0,0,0,0,0,0,,0,0,0,0,0,NO_MEDALS
GUI,GUI,,2004,0,0,0,0,0,0,0,0,,0,0,0,0,0,NO_MEDALS
GUM,GUM,,2004,0,0,0,0,0,0,0,0,,0,0,0,0,0,NO_MEDALS
GUY,GUY,,2004,0,0,0,0,0,0,0,0,,0,0,0,0,0,NO_MEDALS
HAI,HAI,,2004,0,0,0,0,0,0,0,0,,0,0,0,0,0,NO_MEDALS
HKG,Hong Kong,Hong Kong,2004,0,0,1,1,0,1,0,1,65,0,-1,1,0,2,DIFFER
HON,HON,,2004,0,0,0,0,0,0,0,0,,0,0,0,0,0,NO_MEDALS
HUN,Hungary,Hungary,2004,3,8,6,17,8,6,3,17,12,-5,2,3,0,10,DIFFER
INA,Indonesia,Indonesia,2004,2,1,1,4,1,1,2,4,48,1,0,-1,0,2,DIFFER
IND,India,India,2004,0,0,1,1,0,1,0,1,65,0,-1,1,0,2,DIFFER
IRI,Iran,Iran,2004,2,2,2,6,2,2,2,6,29,0,0,0,0,0,MATCH
IRL,IRL,,2004,0,0,0,0,0,0,0,0,,0,0,0,0,0,NO_MEDALS
IRQ,IRQ,,2004,0,0,0,0,0,0,0,0,,0,0,0,0,0,NO_MEDALS
ISL,ISL,,2004,0,0,0,0,0,0,0,0,,0,0,0,0,0,NO_MEDALS
ISR,Israel,Israel,2004,1,1,0,2,1,0,1,2,52,0,1,-1,0,2,DIFFER
ISV,ISV,,2004,0,0,0,0,0,0,0,0,,0,0,0,0,0,NO_MEDALS
ITA,Italy,Italy,2004,11,10,11,32,10,11,11,32,8,1,-1,0,0,2,DIFFER
IVB,IVB,,2004,0,0,0,0,0,0,0,0,,0,0,0,0,0,NO_MEDALS
JAM,Jamaica,Jamaica,2004,2,2,1,5,2,1,2,5,35,0,1,-1,0,2,DIFFER
JOR,JOR,,2004,0,0,0,0,0,0,0,0,,0,0,0,0,0,NO_MEDALS
JPN,Japan,Japan,2004,12,16,9,37,16,9,12,37,5,-4,7,-3,0,14,DIFFER
KAZ,Kazakhstan,Kazakhstan,2004,3,1,4,8,1,4,3,8,40,2,-3,1,0,6,DIFFER
KEN,Kenya,Kenya,2004,2,1,4,7,1,4,2,7,41,1,-3,2,0,6,DIFFER
KGZ,KGZ,,2004,0,0,0,0,0,0,0,0,,0,0,0,0,0,NO_MEDALS
KIR,KIR,,2004,0,0,0,0,0,0,0,0,,0,0,0,0,0,NO_MEDALS
KOR,South Korea,South Korea,2004,9,9,12,30,9,12,9,30,9,0,-3,3,0,6,DIFFER
KSA,KSA,,2004,0,0,0,0,0,0,0,0,,0,0,0,0,0,NO_MEDALS
KUW,KUW,,2004,0,0,0,0,0,0,0,0,,0,0,0,0,0,NO_MEDALS
LAO,LAO,,2004,0,0,0,0,0,0,0,0,,0,0,0,0,0,NO_MEDALS
LAT,Latvia,Latvia,2004,0,0,4,4,0,4,0,4,58,0,-4,4,0,8,DIFFER
LBA,LBA,,2004,0,0,0,0,0,0,0,0,,0,0,0,0,0,NO_MEDALS
LBR,LBR,,2004,0,0,0,0,0,0,0,0,,0,0,0,0,0,NO_MEDALS
LCA,LCA,,2004,0,0,0,0,0,0,0,0,,0,0,0,0,0,NO_MEDALS
LES,LES,,2004,0,0,0,0,0,0,0,0,,0,0,0,0,0,NO_MEDALS
LIB,LIB,,2004,0,0,0,0,0,0,0,0,,0,0,0,0,0,NO_MEDALS
LIE,LIE,,2004,0,0,0,0,0,0,0,0,,0,0,0,0,0,NO_MEDALS
LTU,Lithuania,Lithuania,2004,0,1,2,3,1,2,0,3,45,-1,-1,2,0,4,DIFFER
LUX,LUX,,2004,0,0,0,0,0,0,0,0,,0,0,0,0,0,NO_MEDALS
MAD,MAD,,2004,0,0,0,0,0,0,0,0,,0,0,0,0,0,NO_MEDALS
MAR,Morocco,Morocco,2004,0,2,1,3,2,1,0,3,37,-2,1,1,0,4,DIFFER
MAS,MAS,,2004,0,0,0,0,0,0,0,0,,0,0,0,0,0,NO_MEDALS
MAW,MAW,,2004,0,0,0,0,0,0,0,0,,0,0,0,0,0,NO_MEDALS
MDA,MDA,,2004,0,0,0,0,0,0,0,0,,0,0,0,0,0,NO_MEDALS
MDV,MDV,,2004,0,0,0,0,0,0,0,0,,0,0,0,0,0,NO_MEDALS
MEX,Mexico,Mexico,2004,1,0,3,4,0,3,1,4,59,1,-3,2,0,6,DIFFER
MGL,Mongolia,Mongolia,2004,1,0,0,1,0,0,1,1,71,1,0,-1,0,2,DIFFER
MKD,MKD,,2004,0,0,0,0,0,0,0,0,,0,0,0,0,0,NO_MEDALS
MLI,MLI,,2004,0,0,0,0,0,0,0,0,,0,0,0,0,0,NO_MEDALS
MLT,MLT,,2004,0,0,0,0,0,0,0,0,,0,0,0,0,0,NO_MEDALS
MON,MON,,2004,0,0,0,0,0,0,0,0,,0,0,0,0,0,NO_MEDALS
MOZ,MOZ,,2004,0,0,0,0,0,0,0,0,,0,0,0,0,0,NO_MEDALS
MRI,MRI,,2004,0,0,0,0,0,0,0,0,,0,0,0,0,0,NO_MEDALS
MTN,MTN,,2004,0,0,0,0,0,0,0,0,,0,0,0,0,0,NO_MEDALS
MYA,MYA,,2004,0,0,0,0,0,0,0,0,,0,0,0,0,0,NO_MEDALS
NAM,NAM,,2004,0,0,0,0,0,0,0,0,,0,0,0,0,0,NO_MEDALS
NCA,NCA,,2004,0,0,0,0,0,0,0,0,,0,0,0,0,0,NO_MEDALS
NED,Netherlands,Netherlands,2004,9,4,9,22,4,9,9,22,18,5,-5,0,0,10,DIFFER
NEP,NEP,,2004,0,0,0,0,0,0,0,0,,0,0,0,0,0,NO_MEDALS
NGR,Nigeria,Nigeria,2004,2,0,0,2,0,0,2,2,68,2,0,-2,0,4,DIFFER
NIG,NIG,,2004,0,0,0,0,0,0,0,0,,0,0,0,0,0,NO_MEDALS
NOR,Norway,Norway,2004,1,5,0,6,5,0,1,6,17,-4,5,-1,0,10,DIFFER
NRU,NRU,,2004,0,0,0,0,0,0,0,0,,0,0,0,0,0,NO_MEDALS
NZL,New Zealand,New Zealand,2004,0,3,2,5,3,2,0,5,24,-3,1,2,0,6,DIFFER
OMA,OMA,,2004,0,0,0,0,0,0,0,0,,0,0,0,0,0,NO_MEDALS
PAK,PAK,,2004,0,0,0,0,0,0,0,0,,0,0,0,0,0,NO_MEDALS
PAN,PAN,,2004,0,0,0,0,0,0,0,0,,0,0,0,0,0,NO_MEDALS
PAR,Paraguay,Paraguay,2004,0,0,1,1,0,1,0,1,65,0,-1,1,0,2,DIFFER
PER,PER,,2004,0,0,0,0,0,0,0,0,,0,0,0,0,0,NO_MEDALS
PHI,PHI,,2004,0,0,0,0,0,0,0,0,,0,0,0,0,0,NO_MEDALS
PLE,PLE,,2004,0,0,0,0,0,0,0,0,,0,0,0,0,0,NO_MEDALS
PLW,PLW,,2004,0,0,0,0,0,0,0,0,,0,0,0,0,0,NO_MEDALS
PNG,PNG,,2004,0,0,0,0,0,0,0,0,,0,0,0,0,0,NO_MEDALS
POL,Poland,Poland,2004,5,3,2,10,3,2,5,10,23,2,1,-3,0,6,DIFFER
POR,Portugal,Portugal,2004,1,0,2,3,0,2,1,3,60,1,-2,1,0,4,DIFFER
PRK,North Korea,North Korea,2004,1,0,4,5,0,4,1,5,57,1,-4,3,0,8,DIFFER
PUR,PUR,,2004,0,0,0,0,0,0,0,0,,0,0,0,0,0,NO_MEDALS
QAT,QAT,,2004,0,0,0,0,0,0,0,0,,0,0,0,0,0,NO_MEDALS
ROU,Romania,Romania,2004,6,8,5,19,8,5,6,19,14,-2,3,-1,0,6,DIFFER
RSA,South Africa,South Africa,2004,2,1,3,6,1,3,2,6,43,1,-2,1,0,4,DIFFER
RUS,Russia,Russia,2004,36,28,26,90,28,26,36,90,3,8,2,-10,0,20,DIFFER
RWA,RWA,,2004,0,0,0,0,0,0,0,0,,0,0,0,0,0,NO_MEDALS
SAM,SAM,,2004,0,0,0,0,0,0,0,0,,0,0,0,0,0,NO_MEDALS
SCG,Serbia and Montenegro,Serbia and Montenegro,2004,0,0,2,2,0,2,0,2,61,0,-2,2,0,4,DIFFER
SEN,SEN,,2004,0,0,0,0,0,0,0,0,,0,0,0,0,0,NO_MEDALS
SEY,SEY,,2004,0,0,0,0,0,0,0,0,,0,0,0,0,0,NO_MEDALS
SGP,SGP,,2004,0,0,0,0,0,0,0,0,,0,0,0,0,0,NO_MEDALS
SKN,SKN,,2004,0,0,0,0,0,0,0,0,,0,0,0,0,0,NO_MEDALS
SLE,SLE,,2004,0,0,0,0,0,0,0,0,,0,0,0,0,0,NO_MEDALS
SLO,Slovenia,Slovenia,2004,3,0,1,4,0,1,3,4,63,3,-1,-2,0,6,DIFFER
SMR,SMR,,2004,0,0,0,0,0,0,0,0,,0,0,0,0,0,NO_MEDALS
SOL,SOL,,2004,0,0,0,0,0,0,0,0,,0,0,0,0,0,NO_MEDALS
SOM,SOM,,2004,0,0,0,0,0,0,0,0,,0,0,0,0,0,NO_MEDALS
SRI,SRI,,2004,0,0,0,0,0,0,0,0,,0,0,0,0,0,NO_MEDALS
STP,STP,,2004,0,0,0,0,0,0,0,0,,0,0,0,0,0,NO_MEDALS
SUD,SUD,,2004,0,0,0,0,0,0,0,0,,0,0,0,0,0,NO_MEDALS
SUI,Switzerland,Switzerland,2004,3,1,1,5,1,1,3,5,46,2,0,-2,0,4,DIFFER
SUR,SUR,,2004,0,0,0,0,0,0,0,0,,0,0,0,0,0,NO_MEDALS
SVK,Slovakia,Slovakia,2004,2,2,2,6,2,2,2,6,29,0,0,0,0,0,MATCH
SWE,Sweden,Sweden,2004,1,4,2,7,4,2,1,7,19,-3,2,1,0,6,DIFFER
SWZ,SWZ,,2004,0,0,0,0,0,0,0,0,,0,0,0,0,0,NO_MEDALS
SYR,Syria,Syria,2004,1,0,0,1,0,0,1,1,71,1,0,-1,0,2,DIFFER
TAN,TAN,,2004,0,0,0,0,0,0,0,0,,0,0,0,0,0,NO_MEDALS
TGA,TGA,,2004,0,0,0,0,0,0,0,0,,0,0,0,0,0,NO_MEDALS
THA,Thailand,Thailand,2004,4,3,1,8,3,1,4,8,25,1,2,-3,0,6,DIFFER
TJK,TJK,,2004,0,0,0,0,0,0,0,0,,0,0,0,0,0,NO_MEDALS
TKM,TKM,,2004,0,0,0,0,0,0,0,0,,0,0,0,0,0,NO_MEDALS
TLS,TLS,,2004,0,0,0,0,0,0,0,0,,0,0,0,0,0,NO_MEDALS
TOG,TOG,,2004,0,0,0,0,0,0,0,0,,0,0,0,0,0,NO_MEDALS
TPE,Chinese Taipei,Chinese Taipei,2004,1,2,2,5,2,2,1,5,31,-1,0,1,0,2,DIFFER
TTO,Trinidad and Tobago,Trinidad and Tobago,2004,1,0,0,1,0,0,1,1,71,1,0,-1,0,2,DIFFER
TUN,TUN,,2004,0,0,0,0,0,0,0,0,,0,0,0,0,0,NO_MEDALS
TUR,Turkey,Turkey,2004,5,3,3,11,3,3,4,10,22,2,0,-1,1,3,DIFFER
UAE,United Arab Emirates,United Arab Emirates,2004,0,1,0,1,1,0,0,1,54,-1,1,0,0,2,DIFFER
UGA,UGA,,2004,0,0,0,0,0,0,0,0,,0,0,0,0,0,NO_MEDALS
UKR,Ukraine,Ukraine,2004,9,8,5,22,8,5,9,22,13,1,3,-4,0,8,DIFFER
URU,URU,,2004,0,0,0,0,0,0,0,0,,0,0,0,0,0,NO_MEDALS
USA,United States,United States,2004,26,36,39,101,36,39,26,101,1,-10,-3,13,0,26,DIFFER
UZB,Uzbekistan,Uzbekistan,2004,2,2,1,5,2,1,2,5,35,0,1,-1,0,2,DIFFER
VAN,VAN,,2004,0,0,0,0,0,0,0,0,,0,0,0,0,0,NO_MEDALS
VEN,Venezuela,Venezuela,2004,2,0,0,2,0,0,2,2,68,2,0,-2,0,4,DIFFER
VIE,VIE,,2004,0,0,0,0,0,0,0,0,,0,0,0,0,0,NO_MEDALS
VIN,VIN,,2004,0,0,0,0,0,0,0,0,,0,0,0,0,0,NO_MEDALS
YEM,YEM,,2004,0,0,0,0,0,0,0,0,,0,0,0,0,0,NO_MEDALS
ZAM,ZAM,,2004,0,0,0,0,0,0,0,0,,0,0,0,0,0,NO_MEDALS
ZIM,Zimbabwe,Zimbabwe,2004,1,1,1,3,1,1,1,3,49,0,0,0,0,0,MATCH
AFG,Afghanistan,Afghanistan,2008,1,0,0,1,0,0,1,1,82,1,0,-1,0,2,DIFFER
AHO,AHO,,2008,0,0,0,0,0,0,0,0,,0,0,0,0,0,NO_MEDALS
ALB,ALB,,2008,0,0,0,0,0,0,0,0,,0,0,0,0,0,NO_MEDALS
ALG,Algeria,Algeria,2008,1,0,1,2,0,1,1,2,68,1,-1,0,0,2,DIFFER
AND,AND,,2008,0,0,0,0,0,0,0,0,,0,0,0,0,0,NO_MEDALS
ANG,ANG,,2008,0,0,0,0,0,0,0,0,,0,0,0,0,0,NO_MEDALS
ANT,ANT,,2008,0,0,0,0,0,0,0,0,,0,0,0,0,0,NO_MEDALS
ARG,Argentina,Argentina,2008,4,2,0,6,2,0,4,6,35,2,2,-4,0,8,DIFFER
ARM,Armenia,Armenia,2008,6,0,0,6,0,1,4,5,62,6,-1,-4,1,11,DIFFER
ARU,ARU,,2008,0,0,0,0,0,0,0,0,,0,0,0,0,0,NO_MEDALS
ASA,ASA,,2008,0,0,0,0,0,0,0,0,,0,0,0,0,0,NO_MEDALS
AUS,Australia,Australia,2008,17,14,15,46,14,15,17,46,6,3,-1,-2,0,6,DIFFER
AUT,Austria,Austria,2008,2,0,1,3,0,1,2,3,64,2,-1,-1,0,4,DIFFER
AZE,Azerbaijan,Azerbaijan,2008,4,1,2,7,1,1,4,6,40,3,0,-2,1,5,DIFFER
BAH,Bahamas,Bahamas,2008,1,0,1,2,0,1,1,2,68,1,-1,0,0,2,DIFFER
BAN,BAN,,2008,0,0,0,0,0,0,0,0,,0,0,0,0,0,NO_MEDALS
BAR,BAR,,2008,0,0,0,0,0,0,0,0,,0,0,0,0,0,NO_MEDALS
BDI,BDI,,2008,0,0,0,0,0,0,0,0,,0,0,0,0,0,NO_MEDALS
BEL,Belgium,Belgium,2008,0,1,1,2,2,0,0,2,37,-2,1,1,0,4,DIFFER
BEN,BEN,,2008,0,0,0,0,0,0,0,0,,0,0,0,0,0,NO_MEDALS
BER,BER,,2008,0,0,0,0,0,0,0,0,,0,0,0,0,0,NO_MEDALS
BHU,BHU,,2008,0,0,0,0,0,0,0,0,,0,0,0,0,0,NO_MEDALS
BIH,BIH,,2008,0,0,0,0,0,0,0,0,,0,0,0,0,0,NO_MEDALS
BIZ,BIZ,,2008,0,0,0,0,0,0,0,0,,0,0,0,0,0,NO_MEDALS
BLR,Belarus,Belarus,2008,9,4,5,18,3,4,7,14,24,6,0,-2,4,8,DIFFER
BOL,BOL,,2008,0,0,0,0,0,0,0,0,,0,0,0,0,0,NO_MEDALS
BOT,BOT,,2008,0,0,0,0,0,0,0,0,,0,0,0,0,0,NO_MEDALS
BRA,Brazil,Brazil,2008,9,3,4,16,3,4,10,17,23,6,-1,-6,-1,13,DIFFER
BRN,BRN,,2008,0,0,0,0,0,0,0,0,,0,0,0,0,0,NO_MEDALS
BUL,Bulgaria,Bulgaria,2008,3,1,1,5,1,1,3,5,42,2,0,-2,0,4,DIFFER
BUR,BUR,,2008,0,0,0,0,0,0,0,0,,0,0,0,0,0,NO_MEDALS
CAF,CAF,,2008,0,0,0,0,0,0,0,0,,0,0,0,0,0,NO_MEDALS
CAM,CAM,,2008,0,0,0,0,0,0,0,0,,0,0,0,0,0,NO_MEDALS
CAN,Canada,Canada,2008,7,3,9,19,3,9,8,20,20,4,-6,1,-1,11,DIFFER
CAY,CAY,,2008,0,0,0,0,0,0,0,0,,0,0,0,0,0,NO_MEDALS
CGO,CGO,,2008,0,0,0,0,0,0,0,0,,0,0,0,0,0,NO_MEDALS
CHA,CHA,,2008,0,0,0,0,0,0,0,0,,0,0,0,0,0,NO_MEDALS
CHI,Chile,Chile,2008,0,0,1,1,0,1,0,1,72,0,-1,1,0,2,DIFFER
CHN,China,China,2008,28,51,21,100,48,22,30,100,1,-20,29,-9,0,58,DIFFER
CIV,CIV,,2008,0,0,0,0,0,0,0,0,,0,0,0,0,0,NO_MEDALS
CMR,Cameroon,Cameroon,2008,0,1,0,1,1,0,0,1,53,-1,1,0,0,2,DIFFER
COD,COD,,2008,0,0,0,0,0,0,0,0,,0,0,0,0,0,NO_MEDALS
COK,COK,,2008,0,0,0,0,0,0,0,0,,0,0,0,0,0,NO_MEDALS
COL,Colombia,Colombia,2008,1,0,1,2,0,2,1,3,60,1,-2,0,-1,3,DIFFER
COM,COM,,2008,0,0,0,0,0,0,0,0,,0,0,0,0,0,NO_MEDALS
CPV,CPV,,2008,0,0,0,0,0,0,0,0,,0,0,0,0,0,NO_MEDALS
CRC,CRC,,2008,0,0,0,0,0,0,0,0,,0,0,0,0,0,NO_MEDALS
CRO,Croatia,Croatia,2008,3,0,2,5,0,2,3,5,59,3,-2,-1,0,6,DIFFER
CUB,Cuba,Cuba,2008,11,2,11,24,3,10,17,30,19,8,-8,-6,-6,22,DIFFER
CYP,CYP,,2008,0,0,0,0,0,0,0,0,,0,0,0,0,0,NO_MEDALS
CZE,Czech Republic,Czech Republic,2008,0,3,3,6,3,3,1,7,25,-3,0,2,-1,5,DIFFER
DEN,Denmark,Denmark,2008,3,2,2,7,2,2,3,7,30,1,0,-1,0,2,DIFFER
DJI,DJI,,2008,0,0,0,0,0,0,0,0,,0,0,0,0,0,NO_MEDALS
DMA,DMA,,2008,0,0,0,0,0,0,0,0,,0,0,0,0,0,NO_MEDALS
DOM,Dominican Republic,Dominican Republic,2008,0,1,1,2,1,1,0,2,47,-1,0,1,0,2,DIFFER
ECU,Ecuador,Ecuador,2008,0,0,1,1,0,1,0,1,72,0,-1,1,0,2,DIFFER
EGY,Egypt,Egypt,2008,1,0,0,1,0,0,2,2,81,1,0,-2,-1,3,DIFFER
ERI,ERI,,2008,0,0,0,0,0,0,0,0,,0,0,0,0,0,NO_MEDALS
ESA,ESA,,2008,0,0,0,0,0,0,0,0,,0,0,0,0,0,NO_MEDALS
ESP,Spain,Spain,2008,3,5,10,18,5,11,3,19,14,-2,-6,7,-1,15,DIFFER
EST,Estonia,Estonia,2008,0,1,1,2,1,1,0,2,47,-1,0,1,0,2,DIFFER
ETH,Ethiopia,Ethiopia,2008,2,4,1,7,4,2,1,7,17,-2,2,0,0,4,DIFFER
FIJ,FIJ,,2008,0,0,0,0,0,0,0,0,,0,0,0,0,0,NO_MEDALS
FIN,Finland,Finland,2008,2,1,1,4,1,1,2,4,44,1,0,-1,0,2,DIFFER
FRA,France,France,2008,18,7,16,41,7,16,20,43,10,11,-9,-4,-2,24,DIFFER
FSM,FSM,,2008,0,0,0,0,0,0,0,0,,0,0,0,0,0,NO_MEDALS
GAB,GAB,,2008,0,0,0,0,0,0,0,0,,0,0,0,0,0,NO_MEDALS
GAM,GAM,,2008,0,0,0,0,0,0,0,0,,0,0,0,0,0,NO_MEDALS
GBR,Great Britain,Great Britain,2008,16,19,13,48,19,13,19,51,4,-3,6,-6,-3,15,DIFFER
GBS,GBS,,2008,0,0,0,0,0,0,0,0,,0,0,0,0,0,NO_MEDALS
GEO,Georgia,Georgia,2008,3,3,0,6,3,2,2,7,28,0,1,-2,-1,3,DIFFER
GEQ,GEQ,,2008,0,0,0,0,0,0,0,0,,0,0,0,0,0,NO_MEDALS
GER,Germany,Germany,2008,15,16,10,41,16,11,14,41,5,-1,5,-4,0,10,DIFFER
GHA,GHA,,2008,0,0,0,0,0,0,0,0,,0,0,0,0,0,NO_MEDALS
GRE,Greece,Greece,2008,2,0,2,4,0,2,1,3,60,2,-2,1,1,5,DIFFER
GRN,GRN,,2008,0,0,0,0,0,0,0,0,,0,0,0,0,0,NO_MEDALS
GUA,GUA,,2008,0,0,0,0,0,0,0,0,,0,0,0,0,0,NO_MEDALS
GUI,GUI,,2008,0,0,0,0,0,0,0,0,,0,0,0,0,0,NO_MEDALS
GUM,GUM,,2008,0,0,0,0,0,0,0,0,,0,0,0,0,0,NO_MEDALS
GUY,GUY,,2008,0,0,0,0,0,0,0,0,,0,0,0,0,0,NO_MEDALS
HAI,HAI,,2008,0,0,0,0,0,0,0,0,,0,0,0,0,0,NO_MEDALS
HKG,HKG,,2008,0,0,0,0,0,0,0,0,,0,0,0,0,0,NO_MEDALS
HON,HON,,2008,0,0,0,0,0,0,0,0,,0,0,0,0,0,NO_MEDALS
HUN,Hungary,Hungary,2008,2,3,5,10,3,5,2,10,21,-1,-2,3,0,6,DIFFER
INA,Indonesia,Indonesia,2008,3,1,1,5,1,1,4,6,40,2,0,-3,-1,5,DIFFER
IND,India,India,2008,2,1,0,3,1,0,2,3,51,1,1,-2,0,4,DIFFER
IRI,Iran,Iran,2008,1,1,0,2,1,0,1,2,52,0,1,-1,0,2,DIFFER
IRL,Ireland,Ireland,2008,2,0,1,3,0,1,2,3,64,2,-1,-1,0,4,DIFFER
IRQ,IRQ,,2008,0,0,0,0,0,0,0,0,,0,0,0,0,0,NO_MEDALS
ISL,Iceland,Iceland,2008,0,0,1,1,0,1,0,1,72,0,-1,1,0,2,DIFFER
ISR,Israel,Israel,2008,1,0,0,1,0,0,1,1,82,1,0,-1,0,2,DIFFER
ISV,ISV,,2008,0,0,0,0,0,0,0,0,,0,0,0,0,0,NO_MEDALS
ITA,Italy,Italy,2008,10,8,9,27,8,9,10,27,9,2,-1,-1,0,4,DIFFER
IVB,IVB,,2008,0,0,0,0,0,0,0,0,,0,0,0,0,0,NO_MEDALS
JAM,Jamaica,Jamaica,2008,2,5,2,9,5,4,2,11,15,-3,1,0,-2,4,DIFFER
JOR,JOR,,2008,0,0,0,0,0,0,0,0,,0,0,0,0,0,NO_MEDALS
JPN,Japan,Japan,2008,9,9,7,25,9,8,8,25,8,0,1,-1,0,2,DIFFER
KAZ,Kazakhstan,Kazakhstan,2008,7,2,4,13,2,3,4,9,29,5,-1,0,4,6,DIFFER
KEN,Kenya,Kenya,2008,5,6,4,15,6,4,6,16,13,-1,2,-2,-1,5,DIFFER
KGZ,Kyrgyzstan,Kyrgyzstan,2008,1,0,1,2,0,1,2,3,64,1,-1,-1,-1,3,DIFFER
KIR,KIR,,2008,0,0,0,0,0,0,0,0,,0,0,0,0,0,NO_MEDALS
KOR,South Korea,South Korea,2008,8,13,10,31,13,11,8,32,7,-5,2,2,-1,9,DIFFER
KSA,KSA,,2008,0,0,0,0,0,0,0,0,,0,0,0,0,0,NO_MEDALS
KUW,KUW,,2008,0,0,0,0,0,0,0,0,,0,0,0,0,0,NO_MEDALS
LAO,LAO,,2008,0,0,0,0,0,0,0,0,,0,0,0,0,0,NO_MEDALS
LAT,Latvia,Latvia,2008,1,1,1,3,1,1,1,3,46,0,0,0,0,0,MATCH
LBA,LBA,,2008,0,0,0,0,0,0,0,0,,0,0,0,0,0,NO_MEDALS
LBR,LBR,,2008,0,0,0,0,0,0,0,0,,0,0,0,0,0,NO_MEDALS
LCA,LCA,,2008,0,0,0,0,0,0,0,0,,0,0,0,0,0,NO_MEDALS
LES,LES,,2008,0,0,0,0,0,0,0,0,,0,0,0,0,0,NO_MEDALS
LIB,LIB,,2008,0,0,0,0,0,0,0,0,,0,0,0,0,0,NO_MEDALS
LIE,LIE,,2008,0,0,0,0,0,0,0,0,,0,0,0,0,0,NO_MEDALS
LTU,Lithuania,Lithuania,2008,3,0,2,5,0,3,2,5,57,3,-3,0,0,6,DIFFER
LUX,LUX,,2008,0,0,0,0,0,0,0,0,,0,0,0,0,0,NO_MEDALS
MAD,MAD,,2008,0,0,0,0,0,0,0,0,,0,0,0,0,0,NO_MEDALS
MAR,Morocco,Morocco,2008,1,0,1,2,0,1,1,2,68,1,-1,0,0,2,DIFFER
MAS,Malaysia,Malaysia,2008,0,0,1,1,0,1,0,1,72,0,-1,1,0,2,DIFFER
MAW,MAW,,2008,0,0,0,0,0,0,0,0,,0,0,0,0,0,NO_MEDALS
MDA,Moldova,Moldova,2008,1,0,0,1,0,0,1,1,82,1,0,-1,0,2,DIFFER
MDV,MDV,,2008,0,0,0,0,0,0,0,0,,0,0,0,0,0,NO_MEDALS
MEX,Mexico,Mexico,2008,1,2,0,3,2,0,2,4,36,-1,2,-2,-1,5,DIFFER
MGL,Mongolia,Mongolia,2008,0,2,2,4,2,2,0,4,33,-2,0,2,0,4,DIFFER
MHL,MHL,,2008,0,0,0,0,0,0,0,0,,0,0,0,0,0,NO_MEDALS
MKD,MKD,,2008,0,0,0,0,0,0,0,0,,0,0,0,0,0,NO_MEDALS
MLI,MLI,,2008,0,0,0,0,0,0,0,0,,0,0,0,0,0,NO_MEDALS
MLT,MLT,,2008,0,0,0,0,0,0,0,0,,0,0,0,0,0,NO_MEDALS
MNE,MNE,,2008,0,0,0,0,0,0,0,0,,0,0,0,0,0,NO_MEDALS
MON,MON,,2008,0,0,0,0,0,0,0,0,,0,0,0,0,0,NO_MEDALS
MOZ,MOZ,,2008,0,0,0,0,0,0,0,0,,0,0,0,0,0,NO_MEDALS
MRI,Mauritius,Mauritius,2008,1,0,0,1,0,0,1,1,82,1,0,-1,0,2,DIFFER
MTN,MTN,,2008,0,0,0,0,0,0,0,0,,0,0,0,0,0,NO_MEDALS
MYA,MYA,,2008,0,0,0,0,0,0,0,0,,0,0,0,0,0,NO_MEDALS
NAM,NAM,,2008,0,0,0,0,0,0,0,0,,0,0,0,0,0,NO_MEDALS
NCA,NCA,,2008,0,0,0,0,0,0,0,0,,0,0,0,0,0,NO_MEDALS
NED,Netherlands,Netherlands,2008,4,7,5,16,7,5,4,16,11,-3,2,1,0,6,DIFFER
NEP,NEP,,2008,0,0,0,0,0,0,0,0,,0,0,0,0,0,NO_MEDALS
NGR,Nigeria,Nigeria,2008,3,0,1,4,0,3,2,5,57,3,-3,-1,-1,7,DIFFER
NIG,NIG,,2008,0,0,0,0,0,0,0,0,,0,0,0,0,0,NO_MEDALS
NOR,Norway,Norway,2008,1,3,5,9,3,5,1,9,22,-2,-2,4,0,8,DIFFER
NRU,NRU,,2008,0,0,0,0,0,0,0,0,,0,0,0,0,0,NO_MEDALS
NZL,New Zealand,New Zealand,2008,4,3,2,9,3,2,4,9,27,1,1,-2,0,4,DIFFER
OMA,OMA,,2008,0,0,0,0,0,0,0,0,,0,0,0,0,0,NO_MEDALS
PAK,PAK,,2008,0,0,0,0,0,0,0,0,,0,0,0,0,0,NO_MEDALS
PAN,Panama,Panama,2008,0,1,0,1,1,0,0,1,53,-1,1,0,0,2,DIFFER
PAR,PAR,,2008,0,0,0,0,0,0,0,0,,0,0,0,0,0,NO_MEDALS
PER,PER,,2008,0,0,0,0,0,0,0,0,,0,0,0,0,0,NO_MEDALS
PHI,PHI,,2008,0,0,0,0,0,0,0,0,,0,0,0,0,0,NO_MEDALS
PLE,PLE,,2008,0,0,0,0,0,0,0,0,,0,0,0,0,0,NO_MEDALS
PLW,PLW,,2008,0,0,0,0,0,0,0,0,,0,0,0,0,0,NO_MEDALS
PNG,PNG,,2008,0,0,0,0,0,0,0,0,,0,0,0,0,0,NO_MEDALS
POL,Poland,Poland,2008,1,3,6,10,4,5,2,11,16,-3,-2,4,-1,9,DIFFER
POR,Portugal,Portugal,2008,0,1,1,2,1,1,0,2,47,-1,0,1,0,2,DIFFER
PRK,North Korea,North Korea,2008,3,2,1,6,2,2,2,6,31,1,0,-1,0,2,DIFFER
PUR,PUR,,2008,0,0,0,0,0,0,0,0,,0,0,0,0,0,NO_MEDALS
QAT,QAT,,2008,0,0,0,0,0,0,0,0,,0,0,0,0,0,NO_MEDALS
ROU,Romania,Romania,2008,3,4,1,8,4,1,4,9,18,-1,3,-3,-1,7,DIFFER
RSA,South Africa,South Africa,2008,0,0,1,1,0,1,0,1,72,0,-1,1,0,2,DIFFER
RUS,Russia,Russia,2008,28,23,21,72,24,13,23,60,3,4,10,-2,12,16,DIFFER
RWA,RWA,,2008,0,0,0,0,0,0,0,0,,0,0,0,0,0,NO_MEDALS
SAM,Samoa,,2008,0,0,0,0,0,0,0,0,,0,0,0,0,0,NO_MEDALS
SEN,SEN,,2008,0,0,0,0,0,0,0,0,,0,0,0,0,0,NO_MEDALS
SEY,SEY,,2008,0,0,0,0,0,0,0,0,,0,0,0,0,0,NO_MEDALS
SGP,Singapore,Singapore,2008,0,0,1,1,0,1,0,1,72,0,-1,1,0,2,DIFFER
SKN,SKN,,2008,0,0,0,0,0,0,0,0,,0,0,0,0,0,NO_MEDALS
SLE,SLE,,2008,0,0,0,0,0,0,0,0,,0,0,0,0,0,NO_MEDALS
SLO,Slovenia,Slovenia,2008,2,1,2,5,1,2,2,5,39,1,-1,0,0,2,DIFFER
SMR,SMR,,2008,0,0,0,0,0,0,0,0,,0,0,0,0,0,NO_MEDALS
SOL,SOL,,2008,0,0,0,0,0,0,0,0,,0,0,0,0,0,NO_MEDALS
SOM,SOM,,2008,0,0,0,0,0,0,0,0,,0,0,0,0,0,NO_MEDALS
SRB,Serbia,Serbia,2008,2,0,1,3,0,1,2,3,64,2,-1,-1,0,4,DIFFER
SRI,SRI,,2008,0,0,0,0,0,0,0,0,,0,0,0,0,0,NO_MEDALS
STP,STP,,2008,0,0,0,0,0,0,0,0,,0,0,0,0,0,NO_MEDALS
SUD,Sudan,Sudan,2008,0,0,1,1,0,1,0,1,72,0,-1,1,0,2,DIFFER
SUI,Switzerland,Switzerland,2008,4,2,1,7,2,1,4,7,34,2,1,-3,0,6,DIFFER
SUR,SUR,,2008,0,0,0,0,0,0,0,0,,0,0,0,0,0,NO_MEDALS
SVK,Slovakia,Slovakia,2008,1,3,2,6,3,3,0,6,26,-2,0,2,0,4,DIFFER
SWE,Sweden,Sweden,2008,1,0,4,5,0,4,1,5,56,1,-4,3,0,8,DIFFER
SWZ,SWZ,,2008,0,0,0,0,0,0,0,0,,0,0,0,0,0,NO_MEDALS
SYR,SYR,,2008,0,0,0,0,0,0,0,0,,0,0,0,0,0,NO_MEDALS
TAN,TAN,,2008,0,0,0,0,0,0,0,0,,0,0,0,0,0,NO_MEDALS
TGA,TGA,,2008,0,0,0,0,0,0,0,0,,0,0,0,0,0,NO_MEDALS
THA,Thailand,Thailand,2008,0,2,2,4,2,2,2,6,31,-2,0,0,-2,2,DIFFER
TJK,Tajikistan,Tajikistan,2008,1,0,1,2,0,1,1,2,68,1,-1,0,0,2,DIFFER
TKM,TKM,,2008,0,0,0,0,0,0,0,0,,0,0,0,0,0,NO_MEDALS
TLS,TLS,,2008,0,0,0,0,0,0,0,0,,0,0,0,0,0,NO_MEDALS
TOG,Togo,Togo,2008,1,0,0,1,0,0,1,1,82,1,0,-1,0,2,DIFFER
TPE,Chinese Taipei,Chinese Taipei,2008,4,0,0,4,1,1,2,4,44,3,-1,-2,0,6,DIFFER
TTO,Trinidad and Tobago,Trinidad and Tobago,2008,0,1,1,2,1,1,0,2,47,-1,0,1,0,2,DIFFER
TUN,Tunisia,Tunisia,2008,0,1,0,1,1,0,0,1,53,-1,1,0,0,2,DIFFER
TUR,Turkey,Turkey,2008,3,1,3,7,1,1,3,5,42,2,0,0,2,2,DIFFER
TUV,TUV,,2008,0,0,0,0,0,0,0,0,,0,0,0,0,0,NO_MEDALS
UAE,UAE,,2008,0,0,0,0,0,0,0,0,,0,0,0,0,0,NO_MEDALS
UGA,UGA,,2008,0,0,0,0,0,0,0,0,,0,0,0,0,0,NO_MEDALS
UKR,Ukraine,Ukraine,2008,15,7,5,27,7,4,11,22,12,8,3,-6,5,17,DIFFER
URU,URU,,2008,0,0,0,0,0,0,0,0,,0,0,0,0,0,NO_MEDALS
USA,United States,United States,2008,35,36,39,110,36,39,37,112,2,-1,-3,2,-2,6,DIFFER
UZB,Uzbekistan,Uzbekistan,2008,3,1,2,6,0,1,3,4,63,3,0,-1,2,4,DIFFER
VAN,VAN,,2008,0,0,0,0,0,0,0,0,,0,0,0,0,0,NO_MEDALS
VEN,Venezuela,Venezuela,2008,1,0,0,1,0,0,1,1,82,1,0,-1,0,2,DIFFER
VIE,Vietnam,Vietnam,2008,0,0,1,1,0,1,0,1,72,0,-1,1,0,2,DIFFER
VIN,VIN,,2008,0,0,0,0,0,0,0,0,,0,0,0,0,0,NO_MEDALS
YEM,YEM,,2008,0,0,0,0,0,0,0,0,,0,0,0,0,0,NO_MEDALS
ZAM,ZAM,,2008,0,0,0,0,0,0,0,0,,0,0,0,0,0,NO_MEDALS
ZIM,Zimbabwe,Zimbabwe,2008,0,1,3,4,1,3,0,4,38,-1,-2,3,0,6,DIFFER
,,Samoa,2008,0,0,0,0,0,1,0,1,72,0,-1,0,-1,1,ONLY_IN_OFFICIAL
AFG,Afghanistan,Afghanistan,2012,1,0,0,1,0,0,1,1,79,1,0,-1,0,2,DIFFER
ALB,ALB,,2012,0,0,0,0,0,0,0,0,,0,0,0,0,0,NO_MEDALS
ALG,Algeria,Algeria,2012,0,1,0,1,1,0,0,1,50,-1,1,0,0,2,DIFFER
AND,AND,,2012,0,0,0,0,0,0,0,0,,0,0,0,0,0,NO_MEDALS
ANG,ANG,,2012,0,0,0,0,0,0,0,0,,0,0,0,0,0,NO_MEDALS
ANT,ANT,,2012,0,0,0,0,0,0,0,0,,0,0,0,0,0,NO_MEDALS
ARG,Argentina,Argentina,2012,2,1,1,4,1,1,2,4,42,1,0,-1,0,2,DIFFER
ARM,Armenia,Armenia,2012,2,0,1,3,0,1,1,2,65,2,-1,0,1,3,DIFFER
ARU,ARU,,2012,0,0,0,0,0,0,0,0,,0,0,0,0,0,NO_MEDALS
ASA,ASA,,2012,0,0,0,0,0,0,0,0,,0,0,0,0,0,NO_MEDALS
AUS,Australia,Australia,2012,12,7,16,35,8,15,12,35,8,4,-8,4,0,16,DIFFER
AUT,AUT,,2012,0,0,0,0,0,0,0,0,,0,0,0,0,0,NO_MEDALS
AZE,Azerbaijan,Azerbaijan,2012,6,2,2,10,2,2,5,9,32,4,0,-3,1,7,DIFFER
BAH,Bahamas,Bahamas,2012,0,1,0,1,1,0,0,1,50,-1,1,0,0,2,DIFFER
BAN,BAN,,2012,0,0,0,0,0,0,0,0,,0,0,0,0,0,NO_MEDALS
BAR,BAR,,2012,0,0,0,0,0,0,0,0,,0,0,0,0,0,NO_MEDALS
BDI,BDI,,2012,0,0,0,0,0,0,0,0,,0,0,0,0,0,NO_MEDALS
BEL,Belgium,Belgium,2012,2,0,1,3,0,1,2,3,64,2,-1,-1,0,4,DIFFER
BEN,BEN,,2012,0,0,0,0,0,0,0,0,,0,0,0,0,0,NO_MEDALS
BER,BER,,2012,0,0,0,0,0,0,0,0,,0,0,0,0,0,NO_MEDALS
BHU,BHU,,2012,0,0,0,0,0,0,0,0,,0,0,0,0,0,NO_MEDALS
BIH,BIH,,2012,0,0,0,0,0,0,0,0,,0,0,0,0,0,NO_MEDALS
BIZ,BIZ,,2012,0,0,0,0,0,0,0,0,,0,0,0,0,0,NO_MEDALS
BLR,Belarus,Belarus,2012,5,2,5,12,2,5,3,10,28,3,-3,2,2,8,DIFFER
BOL,BOL,,2012,0,0,0,0,0,0,0,0,,0,0,0,0,0,NO_MEDALS
BOT,Botswana,Botswana,2012,0,0,1,1,0,1,0,1,70,0,-1,1,0,2,DIFFER
BRA,Brazil,Brazil,2012,9,3,5,17,3,5,9,17,22,6,-2,-4,0,12,DIFFER
BRN,Bahrain,Bahrain,2012,1,0,0,1,1,0,0,1,50,0,0,0,0,0,MATCH
BRU,BRU,,2012,0,0,0,0,0,0,0,0,,0,0,0,0,0,NO_MEDALS
BUL,Bulgaria,Bulgaria,2012,1,0,1,2,0,2,1,3,60,1,-2,0,-1,3,DIFFER
BUR,BUR,,2012,0,0,0,0,0,0,0,0,,0,0,0,0,0,NO_MEDALS
CAF,CAF,,2012,0,0,0,0,0,0,0,0,,0,0,0,0,0,NO_MEDALS
CAM,CAM,,2012,0,0,0,0,0,0,0,0,,0,0,0,0,0,NO_MEDALS
CAN,Canada,Canada,2012,12,1,5,18,2,6,10,18,27,10,-5,-5,0,20,DIFFER
CAY,CAY,,2012,0,0,0,0,0,0,0,0,,0,0,0,0,0,NO_MEDALS
CGO,CGO,,2012,0,0,0,0,0,0,0,0,,0,0,0,0,0,NO_MEDALS
CHA,CHA,,2012,0,0,0,0,0,0,0,0,,0,0,0,0,0,NO_MEDALS
CHI,CHI,,2012,0,0,0,0,0,0,0,0,,0,0,0,0,0,NO_MEDALS
CHN,China,China,2012,23,38,27,88,39,31,22,92,2,-16,7,5,-4,28,DIFFER
CIV,CIV,,2012,0,0,0,0,0,0,0,0,,0,0,0,0,0,NO_MEDALS
CMR,Cameroon,,2012,0,0,0,0,0,0,0,0,,0,0,0,0,0,NO_MEDALS
COD,COD,,2012,0,0,0,0,0,0,0,0,,0,0,0,0,0,NO_MEDALS
COK,COK,,2012,0,0,0,0,0,0,0,0,,0,0,0,0,0,NO_MEDALS
COL,Colombia,Colombia,2012,4,1,3,8,1,3,5,9,38,3,-2,-2,-1,7,DIFFER
COM,COM,,2012,0,0,0,0,0,0,0,0,,0,0,0,0,0,NO_MEDALS
CPV,CPV,,2012,0,0,0,0,0,0,0,0,,0,0,0,0,0,NO_MEDALS
CRC,CRC,,2012,0,0,0,0,0,0,0,0,,0,0,0,0,0,NO_MEDALS
CRO,Croatia,Croatia,2012,2,3,1,6,3,1,2,6,26,-1,2,-1,0,4,DIFFER
CUB,Cuba,Cuba,2012,6,5,3,14,5,3,7,15,16,1,2,-4,-1,7,DIFFER
CYP,Cyprus,Cyprus,2012,0,0,1,1,0,1,0,1,70,0,-1,1,0,2,DIFFER
CZE,Czech Republic,Czech Republic,2012,3,4,3,10,4,4,3,11,19,-1,0,0,-1,1,DIFFER
DEN,Denmark,Denmark,2012,3,2,4,9,2,4,3,9,30,1,-2,1,0,4,DIFFER
DJI,DJI,,2012,0,0,0,0,0,0,0,0,,0,0,0,0,0,NO_MEDALS
DMA,DMA,,2012,0,0,0,0,0,0,0,0,,0,0,0,0,0,NO_MEDALS
DOM,Dominican Republic,Dominican Republic,2012,0,1,1,2,1,1,0,2,47,-1,0,1,0,2,DIFFER
ECU,ECU,,2012,0,0,0,0,0,0,0,0,,0,0,0,0,0,NO_MEDALS
EGY,Egypt,Egypt,2012,0,0,2,2,0,3,1,4,56,0,-3,1,-2,4,DIFFER
ERI,ERI,,2012,0,0,0,0,0,0,0,0,,0,0,0,0,0,NO_MEDALS
ESA,ESA,,2012,0,0,0,0,0,0,0,0,,0,0,0,0,0,NO_MEDALS
ESP,Spain,Spain,2012,4,3,10,17,4,10,6,20,17,0,-7,4,-3,11,DIFFER
EST,Estonia,Estonia,2012,1,0,1,2,0,1,1,2,65,1,-1,0,0,2,DIFFER
ETH,Ethiopia,Ethiopia,2012,3,3,1,7,3,2,3,8,25,0,1,-2,-1,3,DIFFER
FIJ,FIJ,,2012,0,0,0,0,0,0,0,0,,0,0,0,0,0,NO_MEDALS
FIN,Finland,Finland,2012,2,0,1,3,0,2,1,3,60,2,-2,0,0,4,DIFFER
FRA,France,France,2012,13,11,11,35,11,11,13,35,7,2,0,-2,0,4,DIFFER
FSM,FSM,,2012,0,0,0,0,0,0,0,0,,0,0,0,0,0,NO_MEDALS
GAB,Gabon,Gabon,2012,0,0,1,1,0,1,0,1,70,0,-1,1,0,2,DIFFER
GAM,GAM,,2012,0,0,0,0,0,0,0,0,,0,0,0,0,0,NO_MEDALS
GBR,Great Britain,Great Britain,2012,19,29,17,65,29,18,18,65,3,-10,11,-1,0,22,DIFFER
GBS,GBS,,2012,0,0,0,0,0,0,0,0,,0,0,0,0,0,NO_MEDALS
GEO,Georgia,Georgia,2012,3,1,3,7,1,2,3,6,40,2,-1,0,1,3,DIFFER
GEQ,GEQ,,2012,0,0,0,0,0,0,0,0,,0,0,0,0,0,NO_MEDALS
GER,Germany,Germany,2012,14,11,19,44,11,20,13,44,6,3,-9,6,0,18,DIFFER
GHA,GHA,,2012,0,0,0,0,0,0,0,0,,0,0,0,0,0,NO_MEDALS
GRE,Greece,Greece,2012,2,0,0,2,0,0,2,2,77,2,0,-2,0,4,DIFFER
GRN,Grenada,Grenada,2012,0,1,0,1,1,0,0,1,50,-1,1,0,0,2,DIFFER
GUA,Guatemala,Guatemala,2012,0,0,1,1,0,1,0,1,70,0,-1,1,0,2,DIFFER
GUI,GUI,,2012,0,0,0,0,0,0,0,0,,0,0,0,0,0,NO_MEDALS
GUM,GUM,,2012,0,0,0,0,0,0,0,0,,0,0,0,0,0,NO_MEDALS
GUY,GUY,,2012,0,0,0,0,0,0,0,0,,0,0,0,0,0,NO_MEDALS
HAI,HAI,,2012,0,0,0,0,0,0,0,0,,0,0,0,0,0,NO_MEDALS
HKG,Hong Kong,Hong Kong,2012,1,0,0,1,0,0,1,1,79,1,0,-1,0,2,DIFFER
HON,HON,,2012,0,0,0,0,0,0,0,0,,0,0,0,0,0,NO_MEDALS
HUN,Hungary,Hungary,2012,6,8,4,18,8,4,6,18,10,-2,4,-2,0,8,DIFFER
INA,Indonesia,Indonesia,2012,1,0,1,2,0,2,1,3,60,1,-2,0,-1,3,DIFFER
IND,India,India,2012,4,0,2,6,0,2,4,6,57,4,-2,-2,0,8,DIFFER
IOA,IOA,,2012,0,0,0,0,0,0,0,0,,0,0,0,0,0,NO_MEDALS
IRI,Iran,Iran,2012,3,4,5,12,7,5,1,13,12,-4,-1,4,-1,9,DIFFER
IRL,Ireland,Ireland,2012,3,1,1,5,1,1,4,6,41,2,0,-3,-1,5,DIFFER
IRQ,IRQ,,2012,0,0,0,0,0,0,0,0,,0,0,0,0,0,NO_MEDALS
ISL,ISL,,2012,0,0,0,0,0,0,0,0,,0,0,0,0,0,NO_MEDALS
ISR,ISR,,2012,0,0,0,0,0,0,0,0,,0,0,0,0,0,NO_MEDALS
ISV,ISV,,2012,0,0,0,0,0,0,0,0,,0,0,0,0,0,NO_MEDALS
ITA,Italy,Italy,2012,11,8,9,28,8,9,11,28,9,3,-1,-2,0,6,DIFFER
IVB,IVB,,2012,0,0,0,0,0,0,0,0,,0,0,0,0,0,NO_MEDALS
JAM,Jamaica,Jamaica,2012,4,4,4,12,4,5,4,13,18,0,-1,0,-1,1,DIFFER
JOR,JOR,,2012,0,0,0,0,0,0,0,0,,0,0,0,0,0,NO_MEDALS
JPN,Japan,Japan,2012,17,7,14,38,7,14,17,38,11,10,-7,-3,0,20,DIFFER
KAZ,Kazakhstan,Kazakhstan,2012,5,7,1,13,3,2,6,11,23,2,5,-5,2,12,DIFFER
KEN,Kenya,Kenya,2012,5,2,4,11,2,4,7,13,29,3,-2,-3,-2,8,DIFFER
KGZ,KGZ,,2012,0,0,0,0,0,0,0,0,,0,0,0,0,0,NO_MEDALS
KIR,KIR,,2012,0,0,0,0,0,0,0,0,,0,0,0,0,0,NO_MEDALS
KOR,South Korea,South Korea,2012,7,13,8,28,13,9,9,31,5,-6,4,-1,-3,11,DIFFER
KSA,Saudi Arabia,Saudi Arabia,2012,1,0,0,1,0,0,1,1,79,1,0,-1,0,2,DIFFER
KUW,Kuwait,Kuwait,2012,1,0,0,1,0,0,1,1,79,1,0,-1,0,2,DIFFER
LAO,LAO,,2012,0,0,0,0,0,0,0,0,,0,0,0,0,0,NO_MEDALS
LAT,Latvia,Latvia,2012,1,1,0,2,1,0,1,2,48,0,1,-1,0,2,DIFFER
LBA,LBA,,2012,0,0,0,0,0,0,0,0,,0,0,0,0,0,NO_MEDALS
LBR,LBR,,2012,0,0,0,0,0,0,0,0,,0,0,0,0,0,NO_MEDALS
LCA,LCA,,2012,0,0,0,0,0,0,0,0,,0,0,0,0,0,NO_MEDALS
LES,LES,,2012,0,0,0,0,0,0,0,0,,0,0,0,0,0,NO_MEDALS
LIB,LIB,,2012,0,0,0,0,0,0,0,0,,0,0,0,0,0,NO_MEDALS
LIE,LIE,,2012,0,0,0,0,0,0,0,0,,0,0,0,0,0,NO_MEDALS
LTU,Lithuania,Lithuania,2012,2,2,1,5,2,0,3,5,35,0,2,-2,0,4,DIFFER
LUX,LUX,,2012,0,0,0,0,0,0,0,0,,0,0,0,0,0,NO_MEDALS
MAD,MAD,,2012,0,0,0,0,0,0,0,0,,0,0,0,0,0,NO_MEDALS
MAR,Morocco,Morocco,2012,1,0,0,1,0,0,1,1,79,1,0,-1,0,2,DIFFER
MAS,Malaysia,Malaysia,2012,1,0,1,2,0,1,1,2,65,1,-1,0,0,2,DIFFER
MAW,MAW,,2012,0,0,0,0,0,0,0,0,,0,0,0,0,0,NO_MEDALS
MDA,MDA,,2012,2,0,0,2,0,0,0,0,,2,0,0,2,2,ONLY_IN_ATHLETES
MDV,MDV,,2012,0,0,0,0,0,0,0,0,,0,0,0,0,0,NO_MEDALS
MEX,Mexico,Mexico,2012,3,1,3,7,1,3,4,8,39,2,-2,-1,-1,5,DIFFER
MGL,Mongolia,Mongolia,2012,3,0,2,5,0,2,3,5,58,3,-2,-1,0,6,DIFFER
MHL,MHL,,2012,0,0,0,0,0,0,0,0,,0,0,0,0,0,NO_MEDALS
MKD,MKD,,2012,0,0,0,0,0,0,0,0,,0,0,0,0,0,NO_MEDALS
MLI,MLI,,2012,0,0,0,0,0,0,0,0,,0,0,0,0,0,NO_MEDALS
MLT,MLT,,2012,0,0,0,0,0,0,0,0,,0,0,0,0,0,NO_MEDALS
MNE,Montenegro,Montenegro,2012,0,0,1,1,0,1,0,1,70,0,-1,1,0,2,DIFFER
MON,MON,,2012,0,0,0,0,0,0,0,0,,0,0,0,0,0,NO_MEDALS
MOZ,MOZ,,2012,0,0,0,0,0,0,0,0,,0,0,0,0,0,NO_MEDALS
MRI,MRI,,2012,0,0,0,0,0,0,0,0,,0,0,0,0,0,NO_MEDALS
MTN,MTN,,2012,0,0,0,0,0,0,0,0,,0,0,0,0,0,NO_MEDALS
MYA,MYA,,2012,0,0,0,0,0,0,0,0,,0,0,0,0,0,NO_MEDALS
NAM,NAM,,2012,0,0,0,0,0,0,0,0,,0,0,0,0,0,NO_MEDALS
NCA,NCA,,2012,0,0,0,0,0,0,0,0,,0,0,0,0,0,NO_MEDALS
NED,Netherlands,Netherlands,2012,8,6,6,20,6,6,8,20,13,2,0,-2,0,4,DIFFER
NEP,NEP,,2012,0,0,0,0,0,0,0,0,,0,0,0,0,0,NO_MEDALS
NGR,NGR,,2012,0,0,0,0,0,0,0,0,,0,0,0,0,0,NO_MEDALS
NIG,NIG,,2012,0,0,0,0,0,0,0,0,,0,0,0,0,0,NO_MEDALS
NOR,Norway,Norway,2012,1,2,1,4,2,1,1,4,34,-1,1,0,0,2,DIFFER
NRU,NRU,,2012,0,0,0,0,0,0,0,0,,0,0,0,0,0,NO_MEDALS
NZL,New Zealand,New Zealand,2012,5,6,2,13,6,2,5,13,14,-1,4,-3,0,8,DIFFER
OMA,OMA,,2012,0,0,0,0,0,0,0,0,,0,0,0,0,0,NO_MEDALS
PAK,PAK,,2012,0,0,0,0,0,0,0,0,,0,0,0,0,0,NO_MEDALS
PAN,PAN,,2012,0,0,0,0,0,0,0,0,,0,0,0,0,0,NO_MEDALS
PAR,PAR,,2012,0,0,0,0,0,0,0,0,,0,0,0,0,0,NO_MEDALS
PER,PER,,2012,0,0,0,0,0,0,0,0,,0,0,0,0,0,NO_MEDALS
PHI,PHI,,2012,0,0,0,0,0,0,0,0,,0,0,0,0,0,NO_MEDALS
PLE,PLE,,2012,0,0,0,0,0,0,0,0,,0,0,0,0,0,NO_MEDALS
PLW,PLW,,2012,0,0,0,0,0,0,0,0,,0,0,0,0,0,NO_MEDALS
PNG,PNG,,2012,0,0,0,0,0,0,0,0,,0,0,0,0,0,NO_MEDALS
POL,Poland,Poland,2012,6,2,2,10,3,2,6,11,23,3,0,-4,-1,7,DIFFER
POR,Portugal,Portugal,2012,0,0,1,1,0,1,0,1,70,0,-1,1,0,2,DIFFER
PRK,North Korea,North Korea,2012,2,4,0,6,4,0,2,6,21,-2,4,-2,0,8,DIFFER
PUR,Puerto Rico,Puerto Rico,2012,1,0,1,2,0,1,1,2,65,1,-1,0,0,2,DIFFER
QAT,Qatar,Qatar,2012,2,0,0,2,0,1,1,2,65,2,-1,-1,0,4,DIFFER
ROU,Romania,Romania,2012,2,2,5,9,2,4,1,7,31,0,-2,4,2,6,DIFFER
RSA,South Africa,South Africa,2012,1,3,2,6,4,1,1,6,20,-3,2,1,0,6,DIFFER
RUS,Russia,Russia,2012,32,24,26,82,18,21,26,65,4,14,3,0,17,17,DIFFER
RWA,RWA,,2012,0,0,0,0,0,0,0,0,,0,0,0,0,0,NO_MEDALS
SAM,SAM,,2012,0,0,0,0,0,0,0,0,,0,0,0,0,0,NO_MEDALS
SEN,SEN,,2012,0,0,0,0,0,0,0,0,,0,0,0,0,0,NO_MEDALS
SEY,SEY,,2012,0,0,0,0,0,0,0,0,,0,0,0,0,0,NO_MEDALS
SGP,Singapore,Singapore,2012,2,0,0,2,0,0,2,2,77,2,0,-2,0,4,DIFFER
SKN,SKN,,2012,0,0,0,0,0,0,0,0,,0,0,0,0,0,NO_MEDALS
SLE,SLE,,2012,0,0,0,0,0,0,0,0,,0,0,0,0,0,NO_MEDALS
SLO,Slovenia,Slovenia,2012,2,1,1,4,1,1,2,4,42,1,0,-1,0,2,DIFFER
SMR,SMR,,2012,0,0,0,0,0,0,0,0,,0,0,0,0,0,NO_MEDALS
SOL,SOL,,2012,0,0,0,0,0,0,0,0,,0,0,0,0,0,NO_MEDALS
SOM,SOM,,2012,0,0,0,0,0,0,0,0,,0,0,0,0,0,NO_MEDALS
SRB,Serbia,Serbia,2012,2,1,1,4,1,1,2,4,42,1,0,-1,0,2,DIFFER
SRI,SRI,,2012,0,0,0,0,0,0,0,0,,0,0,0,0,0,NO_MEDALS
STP,STP,,2012,0,0,0,0,0,0,0,0,,0,0,0,0,0,NO_MEDALS
SUD,SUD,,2012,0,0,0,0,0,0,0,0,,0,0,0,0,0,NO_MEDALS
SUI,Switzerland,Switzerland,2012,0,2,2,4,2,2,0,4,33,-2,0,2,0,4,DIFFER
SUR,SUR,,2012,0,0,0,0,0,0,0,0,,0,0,0,0,0,NO_MEDALS
SVK,Slovakia,Slovakia,2012,3,0,1,4,0,1,3,4,63,3,-1,-2,0,6,DIFFER
SWE,Sweden,Sweden,2012,3,1,4,8,1,4,3,8,37,2,-3,1,0,6,DIFFER
SWZ,SWZ,,2012,0,0,0,0,0,0,0,0,,0,0,0,0,0,NO_MEDALS
SYR,SYR,,2012,0,0,0,0,0,0,0,0,,0,0,0,0,0,NO_MEDALS
TAN,TAN,,2012,0,0,0,0,0,0,0,0,,0,0,0,0,0,NO_MEDALS
TGA,TGA,,2012,0,0,0,0,0,0,0,0,,0,0,0,0,0,NO_MEDALS
THA,Thailand,Thailand,2012,1,0,2,3,0,2,2,4,59,1,-2,0,-1,3,DIFFER
TJK,Tajikistan,Tajikistan,2012,1,0,0,1,0,0,1,1,79,1,0,-1,0,2,DIFFER
TKM,TKM,,2012,0,0,0,0,0,0,0,0,,0,0,0,0,0,NO_MEDALS
TLS,TLS,,2012,0,0,0,0,0,0,0,0,,0,0,0,0,0,NO_MEDALS
TOG,TOG,,2012,0,0,0,0,0,0,0,0,,0,0,0,0,0,NO_MEDALS
TPE,Chinese Taipei,Chinese Taipei,2012,1,0,1,2,1,0,1,2,48,0,0,0,0,0,MATCH
TTO,Trinidad and Tobago,Trinidad and Tobago,2012,2,1,1,4,1,1,2,4,42,1,0,-1,0,2,DIFFER
TUN,Tunisia,Tunisia,2012,1,1,1,3,2,0,1,3,36,-1,1,0,0,2,DIFFER
TUR,Turkey,Turkey,2012,1,2,2,5,1,1,1,3,46,0,1,1,2,2,DIFFER
TUV,TUV,,2012,0,0,0,0,0,0,0,0,,0,0,0,0,0,NO_MEDALS
UAE,UAE,,2012,0,0,0,0,0,0,0,0,,0,0,0,0,0,NO_MEDALS
UGA,Uganda,Uganda,2012,0,1,0,1,1,0,0,1,50,-1,1,0,0,2,DIFFER
UKR,Ukraine,Ukraine,2012,9,6,5,20,5,4,10,19,15,4,2,-5,1,11,DIFFER
URU,URU,,2012,0,0,0,0,0,0,0,0,,0,0,0,0,0,NO_MEDALS
USA,United States,United States,2012,29,46,28,103,48,26,30,104,1,-19,20,-2,-1,41,DIFFER
UZB,Uzbekistan,Uzbekistan,2012,2,1,0,3,0,0,3,3,76,2,1,-3,0,6,DIFFER
VAN,VAN,,2012,0,0,0,0,0,0,0,0,,0,0,0,0,0,NO_MEDALS
VEN,Venezuela,Venezuela,2012,0,1,0,1,1,0,0,1,50,-1,1,0,0,2,DIFFER
VIE,Vietnam,,2012,0,0,0,0,0,0,0,0,,0,0,0,0,0,NO_MEDALS
VIN,VIN,,2012,0,0,0,0,0,0,0,0,,0,0,0,0,0,NO_MEDALS
YEM,YEM,,2012,0,0,0,0,0,0,0,0,,0,0,0,0,0,NO_MEDALS
ZAM,ZAM,,2012,0,0,0,0,0,0,0,0,,0,0,0,0,0,NO_MEDALS
ZIM,ZIM,,2012,0,0,0,0,0,0,0,0,,0,0,0,0,0,NO_MEDALS
,,Cameroon,2012,0,0,0,0,0,0,1,1,79,0,0,-1,-1,1,ONLY_IN_OFFICIAL
,,Vietnam,2012,0,0,0,0,0,0,1,1,79,0,0,-1,-1,1,ONLY_IN_OFFICIAL
AFG,AFG,,2016,0,0,0,0,0,0,0,0,,0,0,0,0,0,NO_MEDALS
ALB,ALB,,2016,0,0,0,0,0,0,0,0,,0,0,0,0,0,NO_MEDALS
ALG,Algeria,Algeria,2016,0,0,2,2,0,2,0,2,63,0,-2,2,0,4,DIFFER
AND,AND,,2016,0,0,0,0,0,0,0,0,,0,0,0,0,0,NO_MEDALS
ANG,ANG,,2016,0,0,0,0,0,0,0,0,,0,0,0,0,0,NO_MEDALS
ANT,ANT,,2016,0,0,0,0,0,0,0,0,,0,0,0,0,0,NO_MEDALS
ARG,Argentina,Argentina,2016,0,3,1,4,3,1,0,4,26,-3,2,1,0,6,DIFFER
ARM,Armenia,Armenia,2016,0,1,3,4,1,3,0,4,42,-1,-2,3,0,6,DIFFER
ARU,ARU,,2016,0,0,0,0,0,0,0,0,,0,0,0,0,0,NO_MEDALS
ASA,ASA,,2016,0,0,0,0,0,0,0,0,,0,0,0,0,0,NO_MEDALS
AUS,Australia,Australia,2016,10,8,11,29,8,11,10,29,10,2,-3,1,0,6,DIFFER
AUT,Austria,Austria,2016,1,0,0,1,0,0,1,1,78,1,0,-1,0,2,DIFFER
AZE,Azerbaijan,Azerbaijan,2016,10,1,7,18,1,7,10,18,39,9,-6,-3,0,18,DIFFER
BAH,Bahamas,Bahamas,2016,1,1,0,2,1,0,1,2,51,0,1,-1,0,2,DIFFER
BAN,BAN,,2016,0,0,0,0,0,0,0,0,,0,0,0,0,0,NO_MEDALS
BAR,BAR,,2016,0,0,0,0,0,0,0,0,,0,0,0,0,0,NO_MEDALS
BDI,Burundi,Burundi,2016,0,0,1,1,0,1,0,1,69,0,-1,1,0,2,DIFFER
BEL,Belgium,Belgium,2016,2,2,2,6,2,2,2,6,35,0,0,0,0,0,MATCH
BEN,BEN,,2016,0,0,0,0,0,0,0,0,,0,0,0,0,0,NO_MEDALS
BER,BER,,2016,0,0,0,0,0,0,0,0,,0,0,0,0,0,NO_MEDALS
BHU,BHU,,2016,0,0,0,0,0,0,0,0,,0,0,0,0,0,NO_MEDALS
BIH,BIH,,2016,0,0,0,0,0,0,0,0,,0,0,0,0,0,NO_MEDALS
BIZ,BIZ,,2016,0,0,0,0,0,0,0,0,,0,0,0,0,0,NO_MEDALS
BLR,Belarus,Belarus,2016,4,1,4,9,1,4,4,9,40,3,-3,0,0,6,DIFFER
BOL,BOL,,2016,0,0,0,0,0,0,0,0,,0,0,0,0,0,NO_MEDALS
BOT,BOT,,2016,0,0,0,0,0,0,0,0,,0,0,0,0,0,NO_MEDALS
BRA,Brazil,Brazil,2016,6,7,6,19,7,6,6,19,13,-1,1,0,0,2,DIFFER
BRN,Bahrain,Bahrain,2016,0,1,1,2,1,1,0,2,48,-1,0,1,0,2,DIFFER
BRU,BRU,,2016,0,0,0,0,0,0,0,0,,0,0,0,0,0,NO_MEDALS
BUL,Bulgaria,Bulgaria,2016,2,0,1,3,0,1,2,3,66,2,-1,-1,0,4,DIFFER
BUR,BUR,,2016,0,0,0,0,0,0,0,0,,0,0,0,0,0,NO_MEDALS
CAF,CAF,,2016,0,0,0,0,0,0,0,0,,0,0,0,0,0,NO_MEDALS
CAM,CAM,,2016,0,0,0,0,0,0,0,0,,0,0,0,0,0,NO_MEDALS
CAN,Canada,Canada,2016,15,4,3,22,4,3,15,22,20,11,1,-12,0,24,DIFFER
CAY,CAY,,2016,0,0,0,0,0,0,0,0,,0,0,0,0,0,NO_MEDALS
CGO,CGO,,2016,0,0,0,0,0,0,0,0,,0,0,0,0,0,NO_MEDALS
CHA,CHA,,2016,0,0,0,0,0,0,0,0,,0,0,0,0,0,NO_MEDALS
CHI,CHI,,2016,0,0,0,0,0,0,0,0,,0,0,0,0,0,NO_MEDALS
CHN,China,China,2016,26,26,18,70,26,18,26,70,3,0,8,-8,0,16,DIFFER
CIV,Ivory Coast,Ivory Coast,2016,1,1,0,2,1,0,1,2,51,0,1,-1,0,2,DIFFER
CMR,CMR,,2016,0,0,0,0,0,0,0,0,,0,0,0,0,0,NO_MEDALS
COD,COD,,2016,0,0,0,0,0,0,0,0,,0,0,0,0,0,NO_MEDALS
COK,COK,,2016,0,0,0,0,0,0,0,0,,0,0,0,0,0,NO_MEDALS
COL,Colombia,Colombia,2016,3,3,2,8,3,2,3,8,22,0,1,-1,0,2,DIFFER
COM,COM,,2016,0,0,0,0,0,0,0,0,,0,0,0,0,0,NO_MEDALS
CPV,CPV,,2016,0,0,0,0,0,0,0,0,,0,0,0,0,0,NO_MEDALS
CRC,CRC,,2016,0,0,0,0,0,0,0,0,,0,0,0,0,0,NO_MEDALS
CRO,Croatia,Croatia,2016,2,5,3,10,5,3,2,10,17,-3,2,1,0,6,DIFFER
CUB,Cuba,Cuba,2016,4,5,2,11,5,2,4,11,18,-1,3,-2,0,6,DIFFER
CYP,CYP,,2016,0,0,0,0,0,0,0,0,,0,0,0,0,0,NO_MEDALS
CZE,Czech Republic,Czech Republic,2016,7,1,2,10,1,2,7,10,43,6,-1,-5,0,12,DIFFER
DEN,Denmark,Denmark,2016,7,2,6,15,2,6,7,15,27,5,-4,-1,0,10,DIFFER
DJI,DJI,,2016,0,0,0,0,0,0,0,0,,0,0,0,0,0,NO_MEDALS
DMA,DMA,,2016,0,0,0,0,0,0,0,0,,0,0,0,0,0,NO_MEDALS
DOM,Dominican Republic,Dominican Republic,2016,1,0,0,1,0,0,1,1,78,1,0,-1,0,2,DIFFER
ECU,ECU,,2016,0,0,0,0,0,0,0,0,,0,0,0,0,0,NO_MEDALS
EGY,Egypt,Egypt,2016,3,0,0,3,0,0,3,3,75,3,0,-3,0,6,DIFFER
ERI,ERI,,2016,0,0,0,0,0,0,0,0,,0,0,0,0,0,NO_MEDALS
ESA,ESA,,2016,0,0,0,0,0,0,0,0,,0,0,0,0,0,NO_MEDALS
ESP,Spain,Spain,2016,6,7,4,17,7,4,6,17,14,-1,3,-2,0,6,DIFFER
EST,Estonia,Estonia,2016,1,0,0,1,0,0,1,1,78,1,0,-1,0,2,DIFFER
ETH,Ethiopia,Ethiopia,2016,5,1,2,8,1,2,5,8,44,4,-1,-3,0,8,DIFFER
FIJ,Fiji,Fiji,2016,0,1,0,1,1,0,0,1,54,-1,1,0,0,2,DIFFER
FIN,Finland,Finland,2016,1,0,0,1,0,0,1,1,78,1,0,-1,0,2,DIFFER
FRA,France,France,2016,14,10,18,42,10,18,14,42,7,4,-8,4,0,16,DIFFER
FSM,FSM,,2016,0,0,0,0,0,0,0,0,,0,0,0,0,0,NO_MEDALS
GAB,GAB,,2016,0,0,0,0,0,0,0,0,,0,0,0,0,0,NO_MEDALS
GAM,GAM,,2016,0,0,0,0,0,0,0,0,,0,0,0,0,0,NO_MEDALS
GBR,Great Britain,Great Britain,2016,17,27,23,67,27,23,17,67,2,-10,4,6,0,20,DIFFER
GBS,GBS,,2016,0,0,0,0,0,0,0,0,,0,0,0,0,0,NO_MEDALS
GEO,Georgia,Georgia,2016,4,2,1,7,2,1,4,7,38,2,1,-3,0,6,DIFFER
GEQ,GEQ,,2016,0,0,0,0,0,0,0,0,,0,0,0,0,0,NO_MEDALS
GER,Germany,Germany,2016,15,17,10,42,17,10,15,42,5,-2,7,-5,0,14,DIFFER
GHA,GHA,,2016,0,0,0,0,0,0,0,0,,0,0,0,0,0,NO_MEDALS
GRE,Greece,Greece,2016,2,3,1,6,3,1,2,6,25,-1,2,-1,0,4,DIFFER
GRN,Grenada,Grenada,2016,0,0,1,1,0,1,0,1,69,0,-1,1,0,2,DIFFER
GUA,GUA,,2016,0,0,0,0,0,0,0,0,,0,0,0,0,0,NO_MEDALS
GUI,GUI,,2016,0,0,0,0,0,0,0,0,,0,0,0,0,0,NO_MEDALS
GUM,GUM,,2016,0,0,0,0,0,0,0,0,,0,0,0,0,0,NO_MEDALS
GUY,GUY,,2016,0,0,0,0,0,0,0,0,,0,0,0,0,0,NO_MEDALS
HAI,HAI,,2016,0,0,0,0,0,0,0,0,,0,0,0,0,0,NO_MEDALS
HKG,HKG,,2016,0,0,0,0,0,0,0,0,,0,0,0,0,0,NO_MEDALS
HON,HON,,2016,0,0,0,0,0,0,0,0,,0,0,0,0,0,NO_MEDALS
HUN,Hungary,Hungary,2016,4,8,3,15,8,3,4,15,12,-4,5,-1,0,10,DIFFER
INA,Indonesia,Indonesia,2016,0,1,2,3,1,2,0,3,46,-1,-1,2,0,4,DIFFER
IND,India,India,2016,1,0,1,2,0,1,1,2,67,1,-1,0,0,2,DIFFER
IOA,Independent Olympic Athletes,Independent Olympic Athletes,2016,1,1,0,2,1,0,1,2,51,0,1,-1,0,2,DIFFER
IRI,Iran,Iran,2016,4,3,1,8,3,1,4,8,24,1,2,-3,0,6,DIFFER
IRL,Ireland,Ireland,2016,0,0,2,2,0,2,0,2,63,0,-2,2,0,4,DIFFER
IRQ,IRQ,,2016,0,0,0,0,0,0,0,0,,0,0,0,0,0,NO_MEDALS
ISL,ISL,,2016,0,0,0,0,0,0,0,0,,0,0,0,0,0,NO_MEDALS
ISR,Israel,Israel,2016,2,0,0,2,0,0,2,2,77,2,0,-2,0,4,DIFFER
ISV,ISV,,2016,0,0,0,0,0,0,0,0,,0,0,0,0,0,NO_MEDALS
ITA,Italy,Italy,2016,8,8,12,28,8,12,8,28,9,0,-4,4,0,8,DIFFER
IVB,IVB,,2016,0,0,0,0,0,0,0,0,,0,0,0,0,0,NO_MEDALS
JAM,Jamaica,Jamaica,2016,2,6,3,11,6,3,2,11,16,-4,3,1,0,8,DIFFER
JOR,Jordan,Jordan,2016,0,1,0,1,1,0,0,1,54,-1,1,0,0,2,DIFFER
JPN,Japan,Japan,2016,21,12,8,41,12,8,21,41,6,9,4,-13,0,26,DIFFER
KAZ,Kazakhstan,Kazakhstan,2016,10,3,5,18,2,5,10,17,30,8,-2,-5,1,15,DIFFER
KEN,Kenya,Kenya,2016,1,6,6,13,6,6,1,13,15,-5,0,5,0,10,DIFFER
KGZ,KGZ,,2016,0,0,0,0,0,0,0,0,,0,0,0,0,0,NO_MEDALS
KIR,KIR,,2016,0,0,0,0,0,0,0,0,,0,0,0,0,0,NO_MEDALS
KOR,South Korea,South Korea,2016,9,9,3,21,9,3,9,21,8,0,6,-6,0,12,DIFFER
KOS,Kosovo,Kosovo,2016,0,1,0,1,1,0,0,1,54,-1,1,0,0,2,DIFFER
KSA,KSA,,2016,0,0,0,0,0,0,0,0,,0,0,0,0,0,NO_MEDALS
LAO,LAO,,2016,0,0,0,0,0,0,0,0,,0,0,0,0,0,NO_MEDALS
LAT,LAT,,2016,0,0,0,0,0,0,0,0,,0,0,0,0,0,NO_MEDALS
LBA,LBA,,2016,0,0,0,0,0,0,0,0,,0,0,0,0,0,NO_MEDALS
LBR,LBR,,2016,0,0,0,0,0,0,0,0,,0,0,0,0,0,NO_MEDALS
LCA,LCA,,2016,0,0,0,0,0,0,0,0,,0,0,0,0,0,NO_MEDALS
LES,LES,,2016,0,0,0,0,0,0,0,0,,0,0,0,0,0,NO_MEDALS
LIB,LIB,,2016,0,0,0,0,0,0,0,0,,0,0,0,0,0,NO_MEDALS
LIE,LIE,,2016,0,0,0,0,0,0,0,0,,0,0,0,0,0,NO_MEDALS
LTU,Lithuania,Lithuania,2016,3,0,1,4,0,1,3,4,65,3,-1,-2,0,6,DIFFER
LUX,LUX,,2016,0,0,0,0,0,0,0,0,,0,0,0,0,0,NO_MEDALS
MAD,MAD,,2016,0,0,0,0,0,0,0,0,,0,0,0,0,0,NO_MEDALS
MAR,Morocco,Morocco,2016,1,0,0,1,0,0,1,1,78,1,0,-1,0,2,DIFFER
MAS,Malaysia,Malaysia,2016,1,0,4,5,0,4,1,5,60,1,-4,3,0,8,DIFFER
MAW,MAW,,2016,0,0,0,0,0,0,0,0,,0,0,0,0,0,NO_MEDALS
MDA,MDA,,2016,0,0,0,0,0,0,0,0,,0,0,0,0,0,NO_MEDALS
MDV,MDV,,2016,0,0,0,0,0,0,0,0,,0,0,0,0,0,NO_MEDALS
MEX,Mexico,Mexico,2016,2,0,3,5,0,3,2,5,61,2,-3,1,0,6,DIFFER
MGL,Mongolia,Mongolia,2016,1,0,1,2,0,1,1,2,67,1,-1,0,0,2,DIFFER
MHL,MHL,,2016,0,0,0,0,0,0,0,0,,0,0,0,0,0,NO_MEDALS
MKD,MKD,,2016,0,0,0,0,0,0,0,0,,0,0,0,0,0,NO_MEDALS
MLI,MLI,,2016,0,0,0,0,0,0,0,0,,0,0,0,0,0,NO_MEDALS
MLT,MLT,,2016,0,0,0,0,0,0,0,0,,0,0,0,0,0,NO_MEDALS
MNE,MNE,,2016,0,0,0,0,0,0,0,0,,0,0,0,0,0,NO_MEDALS
MON,MON,,2016,0,0,0,0,0,0,0,0,,0,0,0,0,0,NO_MEDALS
MOZ,MOZ,,2016,0,0,0,0,0,0,0,0,,0,0,0,0,0,NO_MEDALS
MRI,MRI,,2016,0,0,0,0,0,0,0,0,,0,0,0,0,0,NO_MEDALS
MTN,MTN,,2016,0,0,0,0,0,0,0,0,,0,0,0,0,0,NO_MEDALS
MYA,MYA,,2016,0,0,0,0,0,0,0,0,,0,0,0,0,0,NO_MEDALS
NAM,NAM,,2016,0,0,0,0,0,0,0,0,,0,0,0,0,0,NO_MEDALS
NCA,NCA,,2016,0,0,0,0,0,0,0,0,,0,0,0,0,0,NO_MEDALS
NED,Netherlands,Netherlands,2016,4,8,7,19,8,7,4,19,11,-4,1,3,0,8,DIFFER
NEP,NEP,,2016,0,0,0,0,0,0,0,0,,0,0,0,0,0,NO_MEDALS
NGR,Nigeria,Nigeria,2016,1,0,0,1,0,0,1,1,78,1,0,-1,0,2,DIFFER
NIG,Niger,Niger,2016,0,0,1,1,0,1,0,1,69,0,-1,1,0,2,DIFFER
NOR,Norway,Norway,2016,4,0,0,4,0,0,4,4,74,4,0,-4,0,8,DIFFER
NRU,NRU,,2016,0,0,0,0,0,0,0,0,,0,0,0,0,0,NO_MEDALS
NZL,New Zealand,New Zealand,2016,5,4,9,18,4,9,5,18,19,1,-5,4,0,10,DIFFER
OMA,OMA,,2016,0,0,0,0,0,0,0,0,,0,0,0,0,0,NO_MEDALS
PAK,PAK,,2016,0,0,0,0,0,0,0,0,,0,0,0,0,0,NO_MEDALS
PAN,PAN,,2016,0,0,0,0,0,0,0,0,,0,0,0,0,0,NO_MEDALS
PAR,PAR,,2016,0,0,0,0,0,0,0,0,,0,0,0,0,0,NO_MEDALS
PER,PER,,2016,0,0,0,0,0,0,0,0,,0,0,0,0,0,NO_MEDALS
PHI,Philippines,Philippines,2016,0,0,1,1,0,1,0,1,69,0,-1,1,0,2,DIFFER
PLE,PLE,,2016,0,0,0,0,0,0,0,0,,0,0,0,0,0,NO_MEDALS
PLW,PLW,,2016,0,0,0,0,0,0,0,0,,0,0,0,0,0,NO_MEDALS
PNG,PNG,,2016,0,0,0,0,0,0,0,0,,0,0,0,0,0,NO_MEDALS
POL,Poland,Poland,2016,6,2,3,11,2,3,6,11,33,4,-1,-3,0,8,DIFFER
POR,Portugal,Portugal,2016,1,0,0,1,0,0,1,1,78,1,0,-1,0,2,DIFFER
PRK,North Korea,North Korea,2016,2,2,3,7,2,3,2,7,34,0,-1,1,0,2,DIFFER
PUR,Puerto Rico,Puerto Rico,2016,0,1,0,1,1,0,0,1,54,-1,1,0,0,2,DIFFER
QAT,Qatar,Qatar,2016,0,0,1,1,0,1,0,1,69,0,-1,1,0,2,DIFFER
ROT,ROT,,2016,0,0,0,0,0,0,0,0,,0,0,0,0,0,NO_MEDALS
ROU,Romania,Romania,2016,2,1,1,4,1,1,2,4,47,1,0,-1,0,2,DIFFER
RSA,South Africa,South Africa,2016,2,2,6,10,2,6,2,10,29,0,-4,4,0,8,DIFFER
RUS,Russia,Russia,2016,20,19,17,56,19,17,20,56,4,1,2,-3,0,6,DIFFER
RWA,RWA,,2016,0,0,0,0,0,0,0,0,,0,0,0,0,0,NO_MEDALS
SAM,SAM,,2016,0,0,0,0,0,0,0,0,,0,0,0,0,0,NO_MEDALS
SEN,SEN,,2016,0,0,0,0,0,0,0,0,,0,0,0,0,0,NO_MEDALS
SEY,SEY,,2016,0,0,0,0,0,0,0,0,,0,0,0,0,0,NO_MEDALS
SGP,Singapore,Singapore,2016,0,1,0,1,1,0,0,1,54,-1,1,0,0,2,DIFFER
SKN,SKN,,2016,0,0,0,0,0,0,0,0,,0,0,0,0,0,NO_MEDALS
SLE,SLE,,2016,0,0,0,0,0,0,0,0,,0,0,0,0,0,NO_MEDALS
SLO,Slovenia,Slovenia,2016,1,1,2,4,1,2,1,4,45,0,-1,1,0,2,DIFFER
SMR,SMR,,2016,0,0,0,0,0,0,0,0,,0,0,0,0,0,NO_MEDALS
SOL,SOL,,2016,0,0,0,0,0,0,0,0,,0,0,0,0,0,NO_MEDALS
SOM,SOM,,2016,0,0,0,0,0,0,0,0,,0,0,0,0,0,NO_MEDALS
SRB,Serbia,Serbia,2016,2,2,4,8,2,4,2,8,32,0,-2,2,0,4,DIFFER
SRI,SRI,,2016,0,0,0,0,0,0,0,0,,0,0,0,0,0,NO_MEDALS
SSD,SSD,,2016,0,0,0,0,0,0,0,0,,0,0,0,0,0,NO_MEDALS
STP,STP,,2016,0,0,0,0,0,0,0,0,,0,0,0,0,0,NO_MEDALS
SUD,SUD,,2016,0,0,0,0,0,0,0,0,,0,0,0,0,0,NO_MEDALS
SUI,Switzerland,Switzerland,2016,2,3,2,7,3,2,2,7,23,-1,1,0,0,2,DIFFER
SUR,SUR,,2016,0,0,0,0,0,0,0,0,,0,0,0,0,0,NO_MEDALS
SVK,Slovakia,Slovakia,2016,0,2,2,4,2,2,0,4,37,-2,0,2,0,4,DIFFER
SWE,Sweden,Sweden,2016,3,2,6,11,2,6,3,11,28,1,-4,3,0,8,DIFFER
SWZ,SWZ,,2016,0,0,0,0,0,0,0,0,,0,0,0,0,0,NO_MEDALS
SYR,SYR,,2016,0,0,0,0,0,0,0,0,,0,0,0,0,0,NO_MEDALS
TAN,TAN,,2016,0,0,0,0,0,0,0,0,,0,0,0,0,0,NO_MEDALS
TGA,TGA,,2016,0,0,0,0,0,0,0,0,,0,0,0,0,0,NO_MEDALS
THA,Thailand,Thailand,2016,2,2,2,6,2,2,2,6,35,0,0,0,0,0,MATCH
TJK,Tajikistan,Tajikistan,2016,0,1,0,1,1,0,0,1,54,-1,1,0,0,2,DIFFER
TKM,TKM,,2016,0,0,0,0,0,0,0,0,,0,0,0,0,0,NO_MEDALS
TLS,TLS,,2016,0,0,0,0,0,0,0,0,,0,0,0,0,0,NO_MEDALS
TOG,TOG,,2016,0,0,0,0,0,0,0,0,,0,0,0,0,0,NO_MEDALS
TPE,Chinese Taipei,Chinese Taipei,2016,2,1,0,3,1,0,2,3,50,1,1,-2,0,4,DIFFER
TTO,Trinidad and Tobago,Trinidad and Tobago,2016,1,0,0,1,0,0,1,1,78,1,0,-1,0,2,DIFFER
TUN,Tunisia,Tunisia,2016,3,0,0,3,0,0,3,3,75,3,0,-3,0,6,DIFFER
TUR,Turkey,Turkey,2016,4,1,3,8,1,3,4,8,41,3,-2,-1,0,6,DIFFER
TUV,TUV,,2016,0,0,0,0,0,0,0,0,,0,0,0,0,0,NO_MEDALS
UAE,United Arab Emirates,United Arab Emirates,2016,1,0,0,1,0,0,1,1,78,1,0,-1,0,2,DIFFER
UGA,UGA,,2016,0,0,0,0,0,0,0,0,,0,0,0,0,0,NO_MEDALS
UKR,Ukraine,Ukraine,2016,4,2,5,11,2,5,4,11,31,2,-3,1,0,6,DIFFER
URU,URU,,2016,0,0,0,0,0,0,0,0,,0,0,0,0,0,NO_MEDALS
USA,United States,United States,2016,38,46,37,121,46,37,38,121,1,-8,9,-1,0,18,DIFFER
UZB,Uzbekistan,Uzbekistan,2016,7,4,2,13,4,2,7,13,21,3,2,-5,0,10,DIFFER
VAN,VAN,,2016,0,0,0,0,0,0,0,0,,0,0,0,0,0,NO_MEDALS
VEN,Venezuela,Venezuela,2016,2,0,1,3,0,2,1,3,62,2,-2,0,0,4,DIFFER
VIE,Vietnam,Vietnam,2016,0,1,1,2,1,1,0,2,48,-1,0,1,0,2,DIFFER
VIN,VIN,,2016,0,0,0,0,0,0,0,0,,0,0,0,0,0,NO_MEDALS
YEM,YEM,,2016,0,0,0,0,0,0,0,0,,0,0,0,0,0,NO_MEDALS
ZAM,ZAM,,2016,0,0,0,0,0,0,0,0,,0,0,0,0,0,NO_MEDALS
ZIM,ZIM,,2016,0,0,0,0,0,0,0,0,,0,0,0,0,0,NO_MEDALS
AFG,AFG,,2020,0,0,0,0,0,0,0,0,,0,0,0,0,0,NO_MEDALS
ALB,ALB,,2020,0,0,0,0,0,0,0,0,,0,0,0,0,0,NO_MEDALS
ALG,ALG,,2020,0,0,0,0,0,0,0,0,,0,0,0,0,0,NO_MEDALS
AND,AND,,2020,0,0,0,0,0,0,0,0,,0,0,0,0,0,NO_MEDALS
ANG,ANG,,2020,0,0,0,0,0,0,0,0,,0,0,0,0,0,NO_MEDALS
ANT,ANT,,2020,0,0,0,0,0,0,0,0,,0,0,0,0,0,NO_MEDALS
ARG,Argentina,Argentina,2020,1,0,1,2,0,1,2,3,72,1,-1,-1,-1,3,DIFFER
ARM,Armenia,Armenia,2020,2,0,2,4,0,2,2,4,69,2,-2,0,0,4,DIFFER
ARU,ARU,,2020,0,0,0,0,0,0,0,0,,0,0,0,0,0,NO_MEDALS
ASA,ASA,,2020,0,0,0,0,0,0,0,0,,0,0,0,0,0,NO_MEDALS
AUS,Australia,Australia,2020,22,16,7,45,17,7,22,46,6,5,9,-15,-1,29,DIFFER
AUT,Austria,Austria,2020,5,1,1,7,1,1,5,7,53,4,0,-4,0,8,DIFFER
AZE,Azerbaijan,Azerbaijan,2020,4,0,3,7,0,3,4,7,67,4,-3,-1,0,8,DIFFER
BAH,Bahamas,Bahamas,2020,0,2,0,2,2,0,0,2,42,-2,2,0,0,4,DIFFER
BAN,BAN,,2020,0,0,0,0,0,0,0,0,,0,0,0,0,0,NO_MEDALS
BAR,BAR,,2020,0,0,0,0,0,0,0,0,,0,0,0,0,0,NO_MEDALS
BDI,BDI,,2020,0,0,0,0,0,0,0,0,,0,0,0,0,0,NO_MEDALS
BEL,Belgium,Belgium,2020,3,3,1,7,3,1,3,7,29,0,2,-2,0,4,DIFFER
BEN,BEN,,2020,0,0,0,0,0,0,0,0,,0,0,0,0,0,NO_MEDALS
BER,Bermuda,Bermuda,2020,0,1,0,1,1,0,0,1,63,-1,1,0,0,2,DIFFER
BHU,BHU,,2020,0,0,0,0,0,0,0,0,,0,0,0,0,0,NO_MEDALS
BIH,BIH,,2020,0,0,0,0,0,0,0,0,,0,0,0,0,0,NO_MEDALS
BIZ,BIZ,,2020,0,0,0,0,0,0,0,0,,0,0,0,0,0,NO_MEDALS
BLR,Belarus,Belarus,2020,3,1,3,7,1,3,3,7,45,2,-2,0,0,4,DIFFER
BOL,BOL,,2020,0,0,0,0,0,0,0,0,,0,0,0,0,0,NO_MEDALS
BOT,Botswana,Botswana,2020,1,0,0,1,0,0,1,1,86,1,0,-1,0,2,DIFFER
BRA,Brazil,Brazil,2020,8,7,6,21,7,6,8,21,12,1,1,-2,0,4,DIFFER
BRN,Bahrain,Bahrain,2020,0,0,1,1,0,1,0,1,77,0,-1,1,0,2,DIFFER
BRU,BRU,,2020,0,0,0,0,0,0,0,0,,0,0,0,0,0,NO_MEDALS
BUL,Bulgaria,Bulgaria,2020,2,3,1,6,3,1,2,6,30,-1,2,-1,0,4,DIFFER
BUR,Burkina Faso,Burkina Faso,2020,1,0,0,1,0,0,1,1,86,1,0,-1,0,2,DIFFER
CAF,CAF,,2020,0,0,0,0,0,0,0,0,,0,0,0,0,0,NO_MEDALS
CAM,CAM,,2020,0,0,0,0,0,0,0,0,,0,0,0,0,0,NO_MEDALS
CAN,Canada,Canada,2020,11,7,6,24,7,7,10,24,11,4,0,-4,0,8,DIFFER
CAY,CAY,,2020,0,0,0,0,0,0,0,0,,0,0,0,0,0,NO_MEDALS
CGO,CGO,,2020,0,0,0,0,0,0,0,0,,0,0,0,0,0,NO_MEDALS
CHA,CHA,,2020,0,0,0,0,0,0,0,0,,0,0,0,0,0,NO_MEDALS
CHI,CHI,,2020,0,0,0,0,0,0,0,0,,0,0,0,0,0,NO_MEDALS
CHN,China,China,2020,18,37,30,85,38,32,19,89,2,-20,5,11,-4,36,DIFFER
CIV,Ivory Coast,Ivory Coast,2020,1,0,0,1,0,0,1,1,86,1,0,-1,0,2,DIFFER
CMR,CMR,,2020,0,0,0,0,0,0,0,0,,0,0,0,0,0,NO_MEDALS
COD,COD,,2020,0,0,0,0,0,0,0,0,,0,0,0,0,0,NO_MEDALS
COK,COK,,2020,0,0,0,0,0,0,0,0,,0,0,0,0,0,NO_MEDALS
COL,Colombia,Colombia,2020,1,0,4,5,0,4,1,5,66,1,-4,3,0,8,DIFFER
COM,COM,,2020,0,0,0,0,0,0,0,0,,0,0,0,0,0,NO_MEDALS
CPV,CPV,,2020,0,0,0,0,0,0,0,0,,0,0,0,0,0,NO_MEDALS
CRC,CRC,,2020,0,0,0,0,0,0,0,0,,0,0,0,0,0,NO_MEDALS
CRO,Croatia,Croatia,2020,2,3,3,8,3,3,2,8,26,-1,0,1,0,2,DIFFER
CUB,Cuba,Cuba,2020,5,7,3,15,7,3,5,15,14,-2,4,-2,0,8,DIFFER
CYP,CYP,,2020,0,0,0,0,0,0,0,0,,0,0,0,0,0,NO_MEDALS
CZE,Czech Republic,Czech Republic,2020,3,4,4,11,4,4,3,11,18,-1,0,1,0,2,DIFFER
DEN,Denmark,Denmark,2020,4,3,4,11,3,4,4,11,25,1,-1,0,0,2,DIFFER
DJI,DJI,,2020,0,0,0,0,0,0,0,0,,0,0,0,0,0,NO_MEDALS
DMA,DMA,,2020,0,0,0,0,0,0,0,0,,0,0,0,0,0,NO_MEDALS
DOM,Dominican Republic,Dominican Republic,2020,2,0,3,5,0,3,2,5,68,2,-3,1,0,6,DIFFER
ECU,Ecuador,Ecuador,2020,0,2,1,3,2,1,0,3,38,-2,1,1,0,4,DIFFER
EGY,Egypt,Egypt,2020,4,1,1,6,1,1,4,6,54,3,0,-3,0,6,DIFFER
EOR,EOR,,2020,0,0,0,0,0,0,0,0,,0,0,0,0,0,NO_MEDALS
ERI,ERI,,2020,0,0,0,0,0,0,0,0,,0,0,0,0,0,NO_MEDALS
ESA,ESA,,2020,0,0,0,0,0,0,0,0,,0,0,0,0,0,NO_MEDALS
ESP,Spain,Spain,2020,6,3,8,17,3,8,6,17,22,3,-5,2,0,10,DIFFER
EST,Estonia,Estonia,2020,1,1,0,2,1,0,1,2,59,0,1,-1,0,2,DIFFER
ETH,Ethiopia,Ethiopia,2020,2,1,1,4,1,1,2,4,56,1,0,-1,0,2,DIFFER
FIJ,Fiji,Fiji,2020,1,1,0,2,1,0,1,2,59,0,1,-1,0,2,DIFFER
FIN,Finland,Finland,2020,2,0,0,2,0,0,2,2,85,2,0,-2,0,4,DIFFER
FRA,France,France,2020,11,9,12,32,10,12,11,33,8,1,-3,1,-1,5,DIFFER
FSM,FSM,,2020,0,0,0,0,0,0,0,0,,0,0,0,0,0,NO_MEDALS
GAB,GAB,,2020,0,0,0,0,0,0,0,0,,0,0,0,0,0,NO_MEDALS
GAM,GAM,,2020,0,0,0,0,0,0,0,0,,0,0,0,0,0,NO_MEDALS
GBR,Great Britain,Great Britain,2020,22,22,21,65,22,20,22,64,4,0,2,-1,1,3,DIFFER
GBS,GBS,,2020,0,0,0,0,0,0,0,0,,0,0,0,0,0,NO_MEDALS
GEO,Georgia,Georgia,2020,1,2,5,8,2,5,1,8,33,-1,-3,4,0,8,DIFFER
GEQ,GEQ,,2020,0,0,0,0,0,0,0,0,,0,0,0,0,0,NO_MEDALS
GER,Germany,Germany,2020,16,10,11,37,10,11,16,37,9,6,-1,-5,0,12,DIFFER
GHA,Ghana,Ghana,2020,1,0,0,1,0,0,1,1,86,1,0,-1,0,2,DIFFER
GRE,Greece,Greece,2020,1,2,1,4,2,1,1,4,36,-1,1,0,0,2,DIFFER
GRN,Grenada,Grenada,2020,1,0,0,1,0,0,1,1,86,1,0,-1,0,2,DIFFER
GUA,GUA,,2020,0,0,0,0,0,0,0,0,,0,0,0,0,0,NO_MEDALS
GUI,GUI,,2020,0,0,0,0,0,0,0,0,,0,0,0,0,0,NO_MEDALS
GUM,GUM,,2020,0,0,0,0,0,0,0,0,,0,0,0,0,0,NO_MEDALS
GUY,GUY,,2020,0,0,0,0,0,0,0,0,,0,0,0,0,0,NO_MEDALS
HAI,HAI,,2020,0,0,0,0,0,0,0,0,,0,0,0,0,0,NO_MEDALS
HKG,Hong Kong,Hong Kong,2020,3,1,2,6,1,2,3,6,49,2,-1,-1,0,4,DIFFER
HON,HON,,2020,0,0,0,0,0,0,0,0,,0,0,0,0,0,NO_MEDALS
HUN,Hungary,Hungary,2020,7,6,7,20,6,7,7,20,15,1,-1,0,0,2,DIFFER
INA,Indonesia,Indonesia,2020,3,1,1,5,1,1,3,5,55,2,0,-2,0,4,DIFFER
IND,India,India,2020,4,1,2,7,1,2,4,7,48,3,-1,-2,0,6,DIFFER
IRI,Iran,Iran,2020,2,3,2,7,3,2,2,7,27,-1,1,0,0,2,DIFFER
IRL,Ireland,Ireland,2020,2,2,0,4,2,0,2,4,39,0,2,-2,0,4,DIFFER
IRQ,IRQ,,2020,0,0,0,0,0,0,0,0,,0,0,0,0,0,NO_MEDALS
ISL,ISL,,2020,0,0,0,0,0,0,0,0,,0,0,0,0,0,NO_MEDALS
ISR,Israel,Israel,2020,2,2,0,4,2,0,2,4,39,0,2,-2,0,4,DIFFER
ISV,ISV,,2020,0,0,0,0,0,0,0,0,,0,0,0,0,0,NO_MEDALS
ITA,Italy,Italy,2020,20,10,10,40,10,10,20,40,10,10,0,-10,0,20,DIFFER
IVB,IVB,,2020,0,0,0,0,0,0,0,0,,0,0,0,0,0,NO_MEDALS
JAM,Jamaica,Jamaica,2020,4,4,1,9,4,1,4,9,21,0,3,-3,0,6,DIFFER
JOR,Jordan,Jordan,2020,1,0,1,2,0,1,1,2,74,1,-1,0,0,2,DIFFER
JPN,Japan,Japan,2020,16,27,14,57,27,14,17,58,3,-11,13,-3,-1,27,DIFFER
KAZ,Kazakhstan,Kazakhstan,2020,8,0,0,8,0,0,8,8,83,8,0,-8,0,16,DIFFER
KEN,Kenya,Kenya,2020,2,4,4,10,4,4,2,10,19,-2,0,2,0,4,DIFFER
KGZ,Kyrgyzstan,Kyrgyzstan,2020,1,0,2,3,0,2,1,3,70,1,-2,1,0,4,DIFFER
KIR,KIR,,2020,0,0,0,0,0,0,0,0,,0,0,0,0,0,NO_MEDALS
KOR,South Korea,South Korea,2020,10,6,4,20,6,4,10,20,16,4,2,-6,0,12,DIFFER
KOS,Kosovo,Kosovo,2020,0,2,0,2,2,0,0,2,42,-2,2,0,0,4,DIFFER
KSA,Saudi Arabia,Saudi Arabia,2020,0,0,1,1,0,1,0,1,77,0,-1,1,0,2,DIFFER
KUW,Kuwait,Kuwait,2020,1,0,0,1,0,0,1,1,86,1,0,-1,0,2,DIFFER
LAO,LAO,,2020,0,0,0,0,0,0,0,0,,0,0,0,0,0,NO_MEDALS
LAT,Latvia,Latvia,2020,1,1,0,2,1,0,1,2,59,0,1,-1,0,2,DIFFER
LBA,LBA,,2020,0,0,0,0,0,0,0,0,,0,0,0,0,0,NO_MEDALS
LBN,LBN,,2020,0,0,0,0,0,0,0,0,,0,0,0,0,0,NO_MEDALS
LBR,LBR,,2020,0,0,0,0,0,0,0,0,,0,0,0,0,0,NO_MEDALS
LCA,LCA,,2020,0,0,0,0,0,0,0,0,,0,0,0,0,0,NO_MEDALS
LES,LES,,2020,0,0,0,0,0,0,0,0,,0,0,0,0,0,NO_MEDALS
LIE,LIE,,2020,0,0,0,0,0,0,0,0,,0,0,0,0,0,NO_MEDALS
LTU,Lithuania,Lithuania,2020,0,0,1,1,0,1,0,1,77,0,-1,1,0,2,DIFFER
LUX,LUX,,2020,0,0,0,0,0,0,0,0,,0,0,0,0,0,NO_MEDALS
MAD,MAD,,2020,0,0,0,0,0,0,0,0,,0,0,0,0,0,NO_MEDALS
MAR,Morocco,Morocco,2020,0,1,0,1,1,0,0,1,63,-1,1,0,0,2,DIFFER
MAS,Malaysia,Malaysia,2020,1,0,1,2,0,1,1,2,74,1,-1,0,0,2,DIFFER
MAW,MAW,,2020,0,0,0,0,0,0,0,0,,0,0,0,0,0,NO_MEDALS
MDA,Moldova,Moldova,2020,1,0,0,1,0,0,1,1,86,1,0,-1,0,2,DIFFER
MDV,MDV,,2020,0,0,0,0,0,0,0,0,,0,0,0,0,0,NO_MEDALS
MEX,Mexico,Mexico,2020,4,0,0,4,0,0,4,4,84,4,0,-4,0,8,DIFFER
MGL,Mongolia,Mongolia,2020,3,0,1,4,0,1,3,4,71,3,-1,-2,0,6,DIFFER
MHL,MHL,,2020,0,0,0,0,0,0,0,0,,0,0,0,0,0,NO_MEDALS
MKD,North Macedonia,North Macedonia,2020,0,0,1,1,0,1,0,1,77,0,-1,1,0,2,DIFFER
MLI,MLI,,2020,0,0,0,0,0,0,0,0,,0,0,0,0,0,NO_MEDALS
MLT,MLT,,2020,0,0,0,0,0,0,0,0,,0,0,0,0,0,NO_MEDALS
MNE,MNE,,2020,0,0,0,0,0,0,0,0,,0,0,0,0,0,NO_MEDALS
MON,MON,,2020,0,0,0,0,0,0,0,0,,0,0,0,0,0,NO_MEDALS
MOZ,MOZ,,2020,0,0,0,0,0,0,0,0,,0,0,0,0,0,NO_MEDALS
MRI,MRI,,2020,0,0,0,0,0,0,0,0,,0,0,0,0,0,NO_MEDALS
MTN,MTN,,2020,0,0,0,0,0,0,0,0,,0,0,0,0,0,NO_MEDALS
MYA,MYA,,2020,0,0,0,0,0,0,0,0,,0,0,0,0,0,NO_MEDALS
NAM,Namibia,Namibia,2020,0,0,1,1,0,1,0,1,77,0,-1,1,0,2,DIFFER
NCA,NCA,,2020,0,0,0,0,0,0,0,0,,0,0,0,0,0,NO_MEDALS
NED,Netherlands,Netherlands,2020,14,10,12,36,10,12,14,36,7,4,-2,-2,0,8,DIFFER
NEP,NEP,,2020,0,0,0,0,0,0,0,0,,0,0,0,0,0,NO_MEDALS
NGR,Nigeria,Nigeria,2020,1,0,1,2,0,1,1,2,74,1,-1,0,0,2,DIFFER
NIG,NIG,,2020,0,0,0,0,0,0,0,0,,0,0,0,0,0,NO_MEDALS
NOR,Norway,Norway,2020,2,4,2,8,4,2,2,8,20,-2,2,0,0,4,DIFFER
NRU,NRU,,2020,0,0,0,0,0,0,0,0,,0,0,0,0,0,NO_MEDALS
NZL,New Zealand,New Zealand,2020,7,7,6,20,7,6,7,20,13,0,1,-1,0,2,DIFFER
OMA,OMA,,2020,0,0,0,0,0,0,0,0,,0,0,0,0,0,NO_MEDALS
PAK,PAK,,2020,0,0,0,0,0,0,0,0,,0,0,0,0,0,NO_MEDALS
PAN,PAN,,2020,0,0,0,0,0,0,0,0,,0,0,0,0,0,NO_MEDALS
PAR,PAR,,2020,0,0,0,0,0,0,0,0,,0,0,0,0,0,NO_MEDALS
PER,PER,,2020,0,0,0,0,0,0,0,0,,0,0,0,0,0,NO_MEDALS
PHI,Philippines,Philippines,2020,1,1,2,4,1,2,1,4,50,0,-1,1,0,2,DIFFER
PLE,PLE,,2020,0,0,0,0,0,0,0,0,,0,0,0,0,0,NO_MEDALS
PLW,PLW,,2020,0,0,0,0,0,0,0,0,,0,0,0,0,0,NO_MEDALS
PNG,PNG,,2020,0,0,0,0,0,0,0,0,,0,0,0,0,0,NO_MEDALS
POL,Poland,Poland,2020,5,4,5,14,4,5,5,14,17,1,-1,0,0,2,DIFFER
POR,Portugal,Portugal,2020,2,1,1,4,1,1,2,4,56,1,0,-1,0,2,DIFFER
PUR,Puerto Rico,Puerto Rico,2020,0,1,0,1,1,0,0,1,63,-1,1,0,0,2,DIFFER
QAT,Qatar,Qatar,2020,1,2,0,3,2,0,1,3,41,-1,2,-1,0,4,DIFFER
ROC,ROC,ROC,2020,23,20,25,68,20,28,23,71,5,3,-8,2,-3,13,DIFFER
ROU,Romania,Romania,2020,0,1,3,4,1,3,0,4,46,-1,-2,3,0,6,DIFFER
RSA,South Africa,South Africa,2020,0,1,2,3,1,2,0,3,52,-1,-1,2,0,4,DIFFER
RWA,RWA,,2020,0,0,0,0,0,0,0,0,,0,0,0,0,0,NO_MEDALS
SAM,SAM,,2020,0,0,0,0,0,0,0,0,,0,0,0,0,0,NO_MEDALS
SEN,SEN,,2020,0,0,0,0,0,0,0,0,,0,0,0,0,0,NO_MEDALS
SEY,SEY,,2020,0,0,0,0,0,0,0,0,,0,0,0,0,0,NO_MEDALS
SGP,SGP,,2020,0,0,0,0,0,0,0,0,,0,0,0,0,0,NO_MEDALS
SKN,SKN,,2020,0,0,0,0,0,0,0,0,,0,0,0,0,0,NO_MEDALS
SLE,SLE,,2020,0,0,0,0,0,0,0,0,,0,0,0,0,0,NO_MEDALS
SLO,Slovenia,Slovenia,2020,1,3,1,5,3,1,1,5,31,-2,2,0,0,4,DIFFER
SMR,San Marino,San Marino,2020,2,0,1,3,0,1,2,3,72,2,-1,-1,0,4,DIFFER
SOL,SOL,,2020,0,0,0,0,0,0,0,0,,0,0,0,0,0,NO_MEDALS
SOM,SOM,,2020,0,0,0,0,0,0,0,0,,0,0,0,0,0,NO_MEDALS
SRB,Serbia,Serbia,2020,5,3,1,9,3,1,5,9,28,2,2,-4,0,8,DIFFER
SRI,SRI,,2020,0,0,0,0,0,0,0,0,,0,0,0,0,0,NO_MEDALS
SSD,SSD,,2020,0,0,0,0,0,0,0,0,,0,0,0,0,0,NO_MEDALS
STP,STP,,2020,0,0,0,0,0,0,0,0,,0,0,0,0,0,NO_MEDALS
SUD,SUD,,2020,0,0,0,0,0,0,0,0,,0,0,0,0,0,NO_MEDALS
SUI,Switzerland,Switzerland,2020,6,3,4,13,3,4,6,13,24,3,-1,-2,0,6,DIFFER
SUR,SUR,,2020,0,0,0,0,0,0,0,0,,0,0,0,0,0,NO_MEDALS
SVK,Slovakia,Slovakia,2020,1,1,2,4,1,2,1,4,50,0,-1,1,0,2,DIFFER
SWE,Sweden,Sweden,2020,0,3,6,9,3,6,0,9,23,-3,-3,6,0,12,DIFFER
SWZ,SWZ,,2020,0,0,0,0,0,0,0,0,,0,0,0,0,0,NO_MEDALS
SYR,Syria,Syria,2020,1,0,0,1,0,0,1,1,86,1,0,-1,0,2,DIFFER
TAN,TAN,,2020,0,0,0,0,0,0,0,0,,0,0,0,0,0,NO_MEDALS
TGA,TGA,,2020,0,0,0,0,0,0,0,0,,0,0,0,0,0,NO_MEDALS
THA,Thailand,Thailand,2020,1,1,0,2,1,0,1,2,59,0,1,-1,0,2,DIFFER
TJK,TJK,,2020,0,0,0,0,0,0,0,0,,0,0,0,0,0,NO_MEDALS
TKM,Turkmenistan,Turkmenistan,2020,0,0,1,1,0,1,0,1,77,0,-1,1,0,2,DIFFER
TLS,TLS,,2020,0,0,0,0,0,0,0,0,,0,0,0,0,0,NO_MEDALS
TOG,TOG,,2020,0,0,0,0,0,0,0,0,,0,0,0,0,0,NO_MEDALS
TPE,Chinese Taipei,Chinese Taipei,2020,6,2,4,12,2,4,6,12,34,4,-2,-2,0,8,DIFFER
TTO,TTO,,2020,0,0,0,0,0,0,0,0,,0,0,0,0,0,NO_MEDALS
TUN,Tunisia,Tunisia,2020,0,1,1,2,1,1,0,2,58,-1,0,1,0,2,DIFFER
TUR,Turkey,Turkey,2020,9,2,2,13,2,2,9,13,35,7,0,-7,0,14,DIFFER
TUV,TUV,,2020,0,0,0,0,0,0,0,0,,0,0,0,0,0,NO_MEDALS
UAE,UAE,,2020,0,0,0,0,0,0,0,0,,0,0,0,0,0,NO_MEDALS
UGA,Uganda,Uganda,2020,1,2,1,4,2,1,1,4,36,-1,1,0,0,2,DIFFER
UKR,Ukraine,Ukraine,2020,12,1,6,19,1,6,12,19,44,11,-5,-6,0,22,DIFFER
URU,URU,,2020,0,0,0,0,0,0,0,0,,0,0,0,0,0,NO_MEDALS
USA,United States,United States,2020,33,35,41,109,39,41,33,113,1,-6,-6,8,-4,20,DIFFER
UZB,Uzbekistan,Uzbekistan,2020,2,3,0,5,3,0,2,5,32,-1,3,-2,0,6,DIFFER
VAN,VAN,,2020,0,0,0,0,0,0,0,0,,0,0,0,0,0,NO_MEDALS
VEN,Venezuela,Venezuela,2020,0,1,3,4,1,3,0,4,46,-1,-2,3,0,6,DIFFER
VIE,VIE,,2020,0,0,0,0,0,0,0,0,,0,0,0,0,0,NO_MEDALS
VIN,VIN,,2020,0,0,0,0,0,0,0,0,,0,0,0,0,0,NO_MEDALS
YEM,YEM,,2020,0,0,0,0,0,0,0,0,,0,0,0,0,0,NO_MEDALS
ZAM,ZAM,,2020,0,0,0,0,0,0,0,0,,0,0,0,0,0,NO_MEDALS
ZIM,ZIM,,2020,0,0,0,0,0,0,0,0,,0,0,0,0,0,NO_MEDALS
AFG,AFG,,2024,0,0,0,0,0,0,0,0,,0,0,0,0,0,NO_MEDALS
AIN,AIN,,2024,1,1,3,5,0,0,0,0,,1,1,3,5,5,ONLY_IN_ATHLETES
ALB,Albania,Albania,2024,2,0,0,2,0,0,2,2,80,2,0,-2,0,4,DIFFER
ALG,Algeria,Algeria,2024,1,2,0,3,2,0,1,3,39,-1,2,-1,0,4,DIFFER
AND,AND,,2024,0,0,0,0,0,0,0,0,,0,0,0,0,0,NO_MEDALS
ANG,ANG,,2024,0,0,0,0,0,0,0,0,,0,0,0,0,0,NO_MEDALS
ANT,ANT,,2024,0,0,0,0,0,0,0,0,,0,0,0,0,0,NO_MEDALS
ARG,Argentina,Argentina,2024,1,1,1,3,1,1,1,3,52,0,0,0,0,0,MATCH
ARM,Armenia,Armenia,2024,1,0,3,4,0,3,1,4,66,1,-3,2,0,6,DIFFER
ARU,ARU,,2024,0,0,0,0,0,0,0,0,,0,0,0,0,0,NO_MEDALS
ASA,ASA,,2024,0,0,0,0,0,0,0,0,,0,0,0,0,0,NO_MEDALS
AUS,Australia,Australia,2024,16,18,18,52,18,19,16,53,4,-2,-1,2,-1,5,DIFFER
AUT,Austria,Austria,2024,3,2,0,5,2,0,3,5,36,1,2,-3,0,6,DIFFER
AZE,Azerbaijan,Azerbaijan,2024,3,2,2,7,2,2,3,7,30,1,0,-1,0,2,DIFFER
BAH,BAH,,2024,0,0,0,0,0,0,0,0,,0,0,0,0,0,NO_MEDALS
BAN,BAN,,2024,0,0,0,0,0,0,0,0,,0,0,0,0,0,NO_MEDALS
BAR,BAR,,2024,0,0,0,0,0,0,0,0,,0,0,0,0,0,NO_MEDALS
BDI,BDI,,2024,0,0,0,0,0,0,0,0,,0,0,0,0,0,NO_MEDALS
BEL,Belgium,Belgium,2024,5,3,1,9,3,1,6,10,25,2,2,-5,-1,9,DIFFER
BEN,BEN,,2024,0,0,0,0,0,0,0,0,,0,0,0,0,0,NO_MEDALS
BER,BER,,2024,0,0,0,0,0,0,0,0,,0,0,0,0,0,NO_MEDALS
BHU,BHU,,2024,0,0,0,0,0,0,0,0,,0,0,0,0,0,NO_MEDALS
BIH,BIH,,2024,0,0,0,0,0,0,0,0,,0,0,0,0,0,NO_MEDALS
BIZ,BIZ,,2024,0,0,0,0,0,0,0,0,,0,0,0,0,0,NO_MEDALS
BOL,BOL,,2024,0,0,0,0,0,0,0,0,,0,0,0,0,0,NO_MEDALS
BOT,Botswana,Botswana,2024,0,1,1,2,1,1,0,2,55,-1,0,1,0,2,DIFFER
BRA,Brazil,Brazil,2024,10,3,6,19,3,7,10,20,20,7,-4,-4,-1,15,DIFFER
BRN,Bahrain,Bahrain,2024,1,2,1,4,2,1,1,4,33,-1,1,0,0,2,DIFFER
BRU,BRU,,2024,0,0,0,0,0,0,0,0,,0,0,0,0,0,NO_MEDALS
BUL,Bulgaria,Bulgaria,2024,3,3,1,7,3,1,3,7,26,0,2,-2,0,4,DIFFER
BUR,BUR,,2024,0,0,0,0,0,0,0,0,,0,0,0,0,0,NO_MEDALS
CAF,CAF,,2024,0,0,0,0,0,0,0,0,,0,0,0,0,0,NO_MEDALS
CAM,CAM,,2024,0,0,0,0,0,0,0,0,,0,0,0,0,0,NO_MEDALS
CAN,Canada,Canada,2024,11,9,6,26,9,7,11,27,12,2,2,-5,-1,9,DIFFER
CAY,CAY,,2024,0,0,0,0,0,0,0,0,,0,0,0,0,0,NO_MEDALS
CGO,CGO,,2024,0,0,0,0,0,0,0,0,,0,0,0,0,0,NO_MEDALS
CHA,CHA,,2024,0,0,0,0,0,0,0,0,,0,0,0,0,0,NO_MEDALS
CHI,Chile,Chile,2024,0,1,1,2,1,1,0,2,55,-1,0,1,0,2,DIFFER
CHN,China,China,2024,24,38,26,88,40,27,24,91,2,-16,11,2,-3,29,DIFFER
CIV,Ivory Coast,Ivory Coast,2024,1,0,0,1,0,0,1,1,84,1,0,-1,0,2,DIFFER
CMR,CMR,,2024,0,0,0,0,0,0,0,0,,0,0,0,0,0,NO_MEDALS
COD,COD,,2024,0,0,0,0,0,0,0,0,,0,0,0,0,0,NO_MEDALS
COK,COK,,2024,0,0,0,0,0,0,0,0,,0,0,0,0,0,NO_MEDALS
COL,Colombia,Colombia,2024,1,0,3,4,0,3,1,4,66,1,-3,2,0,6,DIFFER
COM,COM,,2024,0,0,0,0,0,0,0,0,,0,0,0,0,0,NO_MEDALS
CPV,Cabo Verde,Cabo Verde,2024,1,0,0,1,0,0,1,1,84,1,0,-1,0,2,DIFFER
CRC,CRC,,2024,0,0,0,0,0,0,0,0,,0,0,0,0,0,NO_MEDALS
CRO,Croatia,Croatia,2024,3,2,2,7,2,2,3,7,30,1,0,-1,0,2,DIFFER
CUB,Cuba,Cuba,2024,6,2,1,9,2,1,6,9,32,4,1,-5,0,10,DIFFER
CYP,Cyprus,Cyprus,2024,0,0,1,1,0,1,0,1,74,0,-1,1,0,2,DIFFER
CZE,Czech Republic,Czech Republic,2024,2,3,0,5,3,0,2,5,28,-1,3,-2,0,6,DIFFER
DEN,Denmark,Denmark,2024,5,2,2,9,2,2,5,9,29,3,0,-3,0,6,DIFFER
DJI,DJI,,2024,0,0,0,0,0,0,0,0,,0,0,0,0,0,NO_MEDALS
DMA,Dominica,Dominica,2024,0,1,0,1,1,0,0,1,62,-1,1,0,0,2,DIFFER
DOM,Dominican Republic,Dominican Republic,2024,2,1,0,3,1,0,2,3,59,1,1,-2,0,4,DIFFER
ECU,Ecuador,Ecuador,2024,2,1,2,5,1,2,2,5,49,1,-1,0,0,2,DIFFER
EGY,Egypt,Egypt,2024,1,1,1,3,1,1,1,3,52,0,0,0,0,0,MATCH
EOR,Refugee Olympic Team,Refugee Olympic Team,2024,1,0,0,1,0,0,1,1,84,1,0,-1,0,2,DIFFER
ERI,ERI,,2024,0,0,0,0,0,0,0,0,,0,0,0,0,0,NO_MEDALS
ESA,ESA,,2024,0,0,0,0,0,0,0,0,,0,0,0,0,0,NO_MEDALS
ESP,Spain,Spain,2024,9,5,4,18,5,4,9,18,15,4,1,-5,0,10,DIFFER
EST,EST,,2024,0,0,0,0,0,0,0,0,,0,0,0,0,0,NO_MEDALS
ETH,Ethiopia,Ethiopia,2024,0,1,3,4,1,3,0,4,47,-1,-2,3,0,6,DIFFER
FIJ,Fiji,Fiji,2024,0,0,1,1,0,1,0,1,74,0,-1,1,0,2,DIFFER
FIN,FIN,,2024,0,0,0,0,0,0,0,0,,0,0,0,0,0,NO_MEDALS
FRA,France,France,2024,22,13,22,57,16,26,22,64,5,6,-13,0,-7,19,DIFFER
FSM,FSM,,2024,0,0,0,0,0,0,0,0,,0,0,0,0,0,NO_MEDALS
GAB,GAB,,2024,0,0,0,0,0,0,0,0,,0,0,0,0,0,NO_MEDALS
GAM,GAM,,2024,0,0,0,0,0,0,0,0,,0,0,0,0,0,NO_MEDALS
GBR,Great Britain,Great Britain,2024,28,13,22,63,14,22,29,65,7,14,-9,-7,-2,30,DIFFER
GBS,GBS,,2024,0,0,0,0,0,0,0,0,,0,0,0,0,0,NO_MEDALS
GEO,Georgia,Georgia,2024,1,3,3,7,3,3,1,7,24,-2,0,2,0,4,DIFFER
GEQ,GEQ,,2024,0,0,0,0,0,0,0,0,,0,0,0,0,0,NO_MEDALS
GER,Germany,Germany,2024,8,11,10,29,12,13,8,33,10,-4,-2,2,-4,8,DIFFER
GHA,GHA,,2024,0,0,0,0,0,0,0,0,,0,0,0,0,0,NO_MEDALS
GRE,Greece,Greece,2024,6,1,1,8,1,1,6,8,51,5,0,-5,0,10,DIFFER
GRN,Grenada,Grenada,2024,2,0,0,2,0,0,2,2,80,2,0,-2,0,4,DIFFER
GUA,Guatemala,Guatemala,2024,1,1,0,2,1,0,1,2,60,0,1,-1,0,2,DIFFER
GUI,GUI,,2024,0,0,0,0,0,0,0,0,,0,0,0,0,0,NO_MEDALS
GUM,GUM,,2024,0,0,0,0,0,0,0,0,,0,0,0,0,0,NO_MEDALS
GUY,GUY,,2024,0,0,0,0,0,0,0,0,,0,0,0,0,0,NO_MEDALS
HAI,HAI,,2024,0,0,0,0,0,0,0,0,,0,0,0,0,0,NO_MEDALS
HKG,Hong Kong,Hong Kong,2024,2,2,0,4,2,0,2,4,37,0,2,-2,0,4,DIFFER
HON,HON,,2024,0,0,0,0,0,0,0,0,,0,0,0,0,0,NO_MEDALS
HUN,Hungary,Hungary,2024,5,6,7,18,6,7,6,19,14,-1,-1,1,-1,3,DIFFER
INA,Indonesia,Indonesia,2024,1,2,0,3,2,0,1,3,39,-1,2,-1,0,4,DIFFER
IND,India,India,2024,5,0,1,6,0,1,5,6,71,5,-1,-4,0,10,DIFFER
IRI,Iran,Iran,2024,3,3,6,12,3,6,3,12,21,0,-3,3,0,6,DIFFER
IRL,Ireland,Ireland,2024,2,3,0,5,4,0,3,7,19,-2,3,-3,-2,8,DIFFER
IRQ,IRQ,,2024,0,0,0,0,0,0,0,0,,0,0,0,0,0,NO_MEDALS
ISL,ISL,,2024,0,0,0,0,0,0,0,0,,0,0,0,0,0,NO_MEDALS
ISR,Israel,Israel,2024,1,1,5,7,1,5,1,7,41,0,-4,4,0,8,DIFFER
ISV,ISV,,2024,0,0,0,0,0,0,0,0,,0,0,0,0,0,NO_MEDALS
ITA,Italy,Italy,2024,13,12,11,36,12,13,15,40,9,1,-1,-4,-4,6,DIFFER
IVB,IVB,,2024,0,0,0,0,0,0,0,0,,0,0,0,0,0,NO_MEDALS
JAM,Jamaica,Jamaica,2024,2,1,3,6,1,3,2,6,44,1,-2,1,0,4,DIFFER
JOR,Jordan,Jordan,2024,0,0,1,1,0,1,0,1,74,0,-1,1,0,2,DIFFER
JPN,Japan,Japan,2024,13,20,12,45,20,12,13,45,3,-7,8,-1,0,16,DIFFER
KAZ,Kazakhstan,Kazakhstan,2024,3,1,3,7,1,3,3,7,43,2,-2,0,0,4,DIFFER
KEN,Kenya,Kenya,2024,5,4,2,11,4,2,5,11,17,1,2,-3,0,6,DIFFER
KGZ,Kyrgyzstan,Kyrgyzstan,2024,4,0,2,6,0,2,4,6,68,4,-2,-2,0,8,DIFFER
KIR,KIR,,2024,0,0,0,0,0,0,0,0,,0,0,0,0,0,NO_MEDALS
KOR,South Korea,South Korea,2024,10,13,9,32,13,9,10,32,8,-3,4,-1,0,8,DIFFER
KOS,Kosovo,Kosovo,2024,1,0,1,2,0,1,1,2,73,1,-1,0,0,2,DIFFER
KSA,KSA,,2024,0,0,0,0,0,0,0,0,,0,0,0,0,0,NO_MEDALS
KUW,KUW,,2024,0,0,0,0,0,0,0,0,,0,0,0,0,0,NO_MEDALS
LAO,LAO,,2024,0,0,0,0,0,0,0,0,,0,0,0,0,0,NO_MEDALS
LAT,LAT,,2024,0,0,0,0,0,0,0,0,,0,0,0,0,0,NO_MEDALS
LBA,LBA,,2024,0,0,0,0,0,0,0,0,,0,0,0,0,0,NO_MEDALS
LBN,LBN,,2024,0,0,0,0,0,0,0,0,,0,0,0,0,0,NO_MEDALS
LBR,LBR,,2024,0,0,0,0,0,0,0,0,,0,0,0,0,0,NO_MEDALS
LCA,Saint Lucia,Saint Lucia,2024,0,1,1,2,1,1,0,2,55,-1,0,1,0,2,DIFFER
LES,LES,,2024,0,0,0,0,0,0,0,0,,0,0,0,0,0,NO_MEDALS
LIE,LIE,,2024,0,0,0,0,0,0,0,0,,0,0,0,0,0,NO_MEDALS
LTU,Lithuania,Lithuania,2024,2,0,2,4,0,2,2,4,70,2,-2,0,0,4,DIFFER
LUX,LUX,,2024,0,0,0,0,0,0,0,0,,0,0,0,0,0,NO_MEDALS
MAD,MAD,,2024,0,0,0,0,0,0,0,0,,0,0,0,0,0,NO_MEDALS
MAR,Morocco,Morocco,2024,1,1,0,2,1,0,1,2,60,0,1,-1,0,2,DIFFER
MAS,Malaysia,Malaysia,2024,2,0,0,2,0,0,2,2,80,2,0,-2,0,4,DIFFER
MAW,MAW,,2024,0,0,0,0,0,0,0,0,,0,0,0,0,0,NO_MEDALS
MDA,Moldova,Moldova,2024,3,0,1,4,0,1,3,4,72,3,-1,-2,0,6,DIFFER
MDV,MDV,,2024,0,0,0,0,0,0,0,0,,0,0,0,0,0,NO_MEDALS
MEX,Mexico,Mexico,2024,2,0,3,5,0,3,2,5,65,2,-3,1,0,6,DIFFER
MGL,Mongolia,Mongolia,2024,0,0,1,1,0,1,0,1,74,0,-1,1,0,2,DIFFER
MHL,MHL,,2024,0,0,0,0,0,0,0,0,,0,0,0,0,0,NO_MEDALS
MKD,MKD,,2024,0,0,0,0,0,0,0,0,,0,0,0,0,0,NO_MEDALS
MLI,MLI,,2024,0,0,0,0,0,0,0,0,,0,0,0,0,0,NO_MEDALS
MLT,MLT,,2024,0,0,0,0,0,0,0,0,,0,0,0,0,0,NO_MEDALS
MNE,MNE,,2024,0,0,0,0,0,0,0,0,,0,0,0,0,0,NO_MEDALS
MON,MON,,2024,0,0,0,0,0,0,0,0,,0,0,0,0,0,NO_MEDALS
MOZ,MOZ,,2024,0,0,0,0,0,0,0,0,,0,0,0,0,0,NO_MEDALS
MRI,MRI,,2024,0,0,0,0,0,0,0,0,,0,0,0,0,0,NO_MEDALS
MTN,MTN,,2024,0,0,0,0,0,0,0,0,,0,0,0,0,0,NO_MEDALS
MYA,MYA,,2024,0,0,0,0,0,0,0,0,,0,0,0,0,0,NO_MEDALS
NAM,NAM,,2024,0,0,0,0,0,0,0,0,,0,0,0,0,0,NO_MEDALS
NCA,NCA,,2024,0,0,0,0,0,0,0,0,,0,0,0,0,0,NO_MEDALS
NED,Netherlands,Netherlands,2024,12,14,7,33,15,7,12,34,6,-3,7,-5,-1,15,DIFFER
NEP,NEP,,2024,0,0,0,0,0,0,0,0,,0,0,0,0,0,NO_MEDALS
NGR,NGR,,2024,0,0,0,0,0,0,0,0,,0,0,0,0,0,NO_MEDALS
NIG,NIG,,2024,0,0,0,0,0,0,0,0,,0,0,0,0,0,NO_MEDALS
NOR,Norway,Norway,2024,3,4,1,8,4,1,3,8,18,-1,3,-2,0,6,DIFFER
NRU,NRU,,2024,0,0,0,0,0,0,0,0,,0,0,0,0,0,NO_MEDALS
NZL,New Zealand,New Zealand,2024,3,10,7,20,10,7,3,20,11,-7,3,4,0,14,DIFFER
OMA,OMA,,2024,0,0,0,0,0,0,0,0,,0,0,0,0,0,NO_MEDALS
PAK,Pakistan,Pakistan,2024,0,1,0,1,1,0,0,1,62,-1,1,0,0,2,DIFFER
PAN,Panama,Panama,2024,0,0,1,1,0,1,0,1,74,0,-1,1,0,2,DIFFER
PAR,PAR,,2024,0,0,0,0,0,0,0,0,,0,0,0,0,0,NO_MEDALS
PER,Peru,Peru,2024,1,0,0,1,0,0,1,1,84,1,0,-1,0,2,DIFFER
PHI,Philippines,Philippines,2024,2,2,0,4,2,0,2,4,37,0,2,-2,0,4,DIFFER
PLE,PLE,,2024,0,0,0,0,0,0,0,0,,0,0,0,0,0,NO_MEDALS
PLW,PLW,,2024,0,0,0,0,0,0,0,0,,0,0,0,0,0,NO_MEDALS
PNG,PNG,,2024,0,0,0,0,0,0,0,0,,0,0,0,0,0,NO_MEDALS
POL,Poland,Poland,2024,5,1,4,10,1,4,5,10,42,4,-3,-1,0,8,DIFFER
POR,Portugal,Portugal,2024,1,1,2,4,1,2,1,4,50,0,-1,1,0,2,DIFFER
PRK,North Korea,North Korea,2024,4,0,2,6,0,2,4,6,68,4,-2,-2,0,8,DIFFER
PUR,Puerto Rico,Puerto Rico,2024,2,0,0,2,0,0,2,2,80,2,0,-2,0,4,DIFFER
QAT,Qatar,Qatar,2024,1,0,0,1,0,0,1,1,84,1,0,-1,0,2,DIFFER
ROU,Romania,Romania,2024,2,3,4,9,3,4,2,9,23,-1,-1,2,0,4,DIFFER
RSA,South Africa,South Africa,2024,2,1,3,6,1,3,2,6,44,1,-2,1,0,4,DIFFER
RWA,RWA,,2024,0,0,0,0,0,0,0,0,,0,0,0,0,0,NO_MEDALS
SAM,SAM,,2024,0,0,0,0,0,0,0,0,,0,0,0,0,0,NO_MEDALS
SEN,SEN,,2024,0,0,0,0,0,0,0,0,,0,0,0,0,0,NO_MEDALS
SEY,SEY,,2024,0,0,0,0,0,0,0,0,,0,0,0,0,0,NO_MEDALS
SGP,Singapore,Singapore,2024,1,0,0,1,0,0,1,1,84,1,0,-1,0,2,DIFFER
SKN,SKN,,2024,0,0,0,0,0,0,0,0,,0,0,0,0,0,NO_MEDALS
SLE,SLE,,2024,0,0,0,0,0,0,0,0,,0,0,0,0,0,NO_MEDALS
SLO,Slovenia,Slovenia,2024,0,2,1,3,2,1,0,3,34,-2,1,1,0,4,DIFFER
SMR,SMR,,2024,0,0,0,0,0,0,0,0,,0,0,0,0,0,NO_MEDALS
SOL,SOL,,2024,0,0,0,0,0,0,0,0,,0,0,0,0,0,NO_MEDALS
SOM,SOM,,2024,0,0,0,0,0,0,0,0,,0,0,0,0,0,NO_MEDALS
SRB,Serbia,Serbia,2024,1,3,1,5,3,1,1,5,27,-2,2,0,0,4,DIFFER
SRI,SRI,,2024,0,0,0,0,0,0,0,0,,0,0,0,0,0,NO_MEDALS
SSD,SSD,,2024,0,0,0,0,0,0,0,0,,0,0,0,0,0,NO_MEDALS
STP,STP,,2024,0,0,0,0,0,0,0,0,,0,0,0,0,0,NO_MEDALS
SUD,SUD,,2024,0,0,0,0,0,0,0,0,,0,0,0,0,0,NO_MEDALS
SUI,Switzerland,Switzerland,2024,4,1,2,7,1,2,5,8,48,3,-1,-3,-1,7,DIFFER
SUR,SUR,,2024,0,0,0,0,0,0,0,0,,0,0,0,0,0,NO_MEDALS
SVK,Slovakia,Slovakia,2024,1,0,0,1,0,0,1,1,84,1,0,-1,0,2,DIFFER
SWE,Sweden,Sweden,2024,3,4,4,11,4,4,3,11,16,-1,0,1,0,2,DIFFER
SWZ,SWZ,,2024,0,0,0,0,0,0,0,0,,0,0,0,0,0,NO_MEDALS
SYR,SYR,,2024,0,0,0,0,0,0,0,0,,0,0,0,0,0,NO_MEDALS
TAN,TAN,,2024,0,0,0,0,0,0,0,0,,0,0,0,0,0,NO_MEDALS
TGA,TGA,,2024,0,0,0,0,0,0,0,0,,0,0,0,0,0,NO_MEDALS
THA,Thailand,Thailand,2024,2,1,3,6,1,3,2,6,44,1,-2,1,0,4,DIFFER
TJK,Tajikistan,Tajikistan,2024,3,0,0,3,0,0,3,3,79,3,0,-3,0,6,DIFFER
TKM,TKM,,2024,0,0,0,0,0,0,0,0,,0,0,0,0,0,NO_MEDALS
TLS,TLS,,2024,0,0,0,0,0,0,0,0,,0,0,0,0,0,NO_MEDALS
TOG,TOG,,2024,0,0,0,0,0,0,0,0,,0,0,0,0,0,NO_MEDALS
TPE,Chinese Taipei,Chinese Taipei,2024,5,2,0,7,2,0,5,7,35,3,2,-5,0,10,DIFFER
TTO,TTO,,2024,0,0,0,0,0,0,0,0,,0,0,0,0,0,NO_MEDALS
TUN,Tunisia,Tunisia,2024,1,1,1,3,1,1,1,3,52,0,0,0,0,0,MATCH
TUR,Turkey,Turkey,2024,5,0,3,8,0,3,5,8,64,5,-3,-2,0,10,DIFFER
TUV,TUV,,2024,0,0,0,0,0,0,0,0,,0,0,0,0,0,NO_MEDALS
UAE,UAE,,2024,0,0,0,0,0,0,0,0,,0,0,0,0,0,NO_MEDALS
UGA,Uganda,Uganda,2024,0,1,1,2,1,1,0,2,55,-1,0,1,0,2,DIFFER
UKR,Ukraine,Ukraine,2024,4,3,5,12,3,5,4,12,22,1,-2,1,0,4,DIFFER
URU,URU,,2024,0,0,0,0,0,0,0,0,,0,0,0,0,0,NO_MEDALS
USA,United States,United States,2024,39,37,42,118,40,44,42,126,1,-1,-7,0,-8,8,DIFFER
UZB,Uzbekistan,Uzbekistan,2024,3,8,2,13,8,2,3,13,13,-5,6,-1,0,12,DIFFER
VAN,VAN,,2024,0,0,0,0,0,0,0,0,,0,0,0,0,0,NO_MEDALS
VEN,VEN,,2024,0,0,0,0,0,0,0,0,,0,0,0,0,0,NO_MEDALS
VIE,VIE,,2024,0,0,0,0,0,0,0,0,,0,0,0,0,0,NO_MEDALS
VIN,VIN,,2024,0,0,0,0,0,0,0,0,,0,0,0,0,0,NO_MEDALS
YEM,YEM,,2024,0,0,0,0,0,0,0,0,,0,0,0,0,0,NO_MEDALS
ZAM,Zambia,Zambia,2024,1,0,0,1,0,0,1,1,84,1,0,-1,0,2,DIFFER
ZIM,ZIM,,2024,0,0,0,0,0,0,0,0,,0,0,0,0,0,NO_MEDALS
