athlete_NOC,athlete_Team,Year,NOC_in_medal_counts,match_in_medal,canonical_name,entity_type
AFG,Afghanistan,1936,,NO_DIFF_YEAR,Afghanistan,country
AFG,Afghanistan,1948,,NO_DIFF_YEAR,Afghanistan,country
AFG,Afghanistan,1956,,NO_DIFF_YEAR,Afghanistan,country
AFG,Afghanistan,1960,,NO_DIFF_YEAR,Afghanistan,country
AFG,Afghanistan,1964,,NO_DIFF_YEAR,Afghanistan,country
AFG,Afghanistan,1968,,NO_DIFF_YEAR,Afghanistan,country
AFG,Afghanistan,1972,,NO_DIFF_YEAR,Afghanistan,country
AFG,Afghanistan,1980,,NO_DIFF_YEAR,Afghanistan,country
AFG,Afghanistan,1988,,NO_DIFF_YEAR,Afghanistan,country
AFG,Afghanistan,1996,,NO_DIFF_YEAR,Afghanistan,country
AFG,Afghanistan,2004,,NO_DIFF_YEAR,Afghanistan,country
AFG,Afghanistan,2008,Afghanistan,YES,Afghanistan,country
AFG,Afghanistan,2012,Afghanistan,YES,Afghanistan,country
AFG,Afghanistan,2016,,NO_DIFF_YEAR,Afghanistan,country
AFG,Afghanistan,2020,,NO_DIFF_YEAR,Afghanistan,country
AFG,Afghanistan,2024,,NO_DIFF_YEAR,Afghanistan,country
AHO,Netherlands Antilles,1952,,NO_DIFF_YEAR,Netherlands Antilles,historical_different
AHO,Netherlands Antilles,1960,,NO_DIFF_YEAR,Netherlands Antilles,historical_different
AHO,Netherlands Antilles,1964,,NO_DIFF_YEAR,Netherlands Antilles,historical_different
AHO,Netherlands Antilles,1968,,NO_DIFF_YEAR,Netherlands Antilles,historical_different
AHO,Netherlands Antilles,1972,,NO_DIFF_YEAR,Netherlands Antilles,historical_different
AHO,Netherlands Antilles,1976,,NO_DIFF_YEAR,Netherlands Antilles,historical_different
AHO,Netherlands Antilles,1984,,NO_DIFF_YEAR,Netherlands Antilles,historical_different
AHO,Netherlands Antilles,1988,Netherlands Antilles,YES,Netherlands Antilles,historical_different
AHO,Netherlands Antilles,1992,,NO_DIFF_YEAR,Netherlands Antilles,historical_different
AHO,Netherlands Antilles,1996,,NO_DIFF_YEAR,Netherlands Antilles,historical_different
AHO,Netherlands Antilles,2000,,NO_DIFF_YEAR,Netherlands Antilles,historical_different
AHO,Netherlands Antilles,2004,,NO_DIFF_YEAR,Netherlands Antilles,historical_different
AHO,Netherlands Antilles,2008,,NO_DIFF_YEAR,Netherlands Antilles,historical_different
AIN,AIN,2024,,NO,Individual Neutral Athletes,special
ALB,Albania,1972,,NO_DIFF_YEAR,Albania,country
ALB,Albania,1992,,NO_DIFF_YEAR,Albania,country
ALB,Albania,1996,,NO_DIFF_YEAR,Albania,country
ALB,Albania,2000,,NO_DIFF_YEAR,Albania,country
ALB,Albania,2004,,NO_DIFF_YEAR,Albania,country
ALB,Albania,2008,,NO_DIFF_YEAR,Albania,country
ALB,Albania,2012,,NO_DIFF_YEAR,Albania,country
ALB,Albania,2016,,NO_DIFF_YEAR,Albania,country
ALB,Albania,2020,,NO_DIFF_YEAR,Albania,country
ALB,Albania,2024,Albania,YES,Albania,country
ALG,Algeria,1964,,NO_DIFF_YEAR,Algeria,country
ALG,Algeria,1968,,NO_DIFF_YEAR,Algeria,country
ALG,Algeria,1972,,NO_DIFF_YEAR,Algeria,country
ALG,Algeria,1980,,NO_DIFF_YEAR,Algeria,country
ALG,Algeria,1984,Algeria,YES,Algeria,country
ALG,Algeria,1988,,NO_DIFF_YEAR,Algeria,country
ALG,Algeria,1992,Algeria,YES,Algeria,country
ALG,Algeria,1996,Algeria,YES,Algeria,country
ALG,Algeria,2000,Algeria,YES,Algeria,country
ALG,Algeria,2004,,NO_DIFF_YEAR,Algeria,country
ALG,Algeria,2008,Algeria,YES,Algeria,country
ALG,Algeria,2012,Algeria,YES,Algeria,country
ALG,Algeria,2016,Algeria,YES,Algeria,country
ALG,Algeria,2020,,NO_DIFF_YEAR,Algeria,country
ALG,Algeria,2024,Algeria,YES,Algeria,country
AND,Andorra,1976,,NO,Andorra,country
AND,Andorra,1980,,NO,Andorra,country
AND,Andorra,1984,,NO,Andorra,country
AND,Andorra,1988,,NO,Andorra,country
AND,Andorra,1992,,NO,Andorra,country
AND,Andorra,1996,,NO,Andorra,country
AND,Andorra,2000,,NO,Andorra,country
AND,Andorra,2004,,NO,Andorra,country
AND,Andorra,2008,,NO,Andorra,country
AND,Andorra,2012,,NO,Andorra,country
AND,Andorra,2016,,NO,Andorra,country
AND,Andorra,2020,,NO,Andorra,country
AND,Andorra,2024,,NO,Andorra,country
ANG,Angola,1980,,NO,Angola,country
ANG,Angola,1988,,NO,Angola,country
ANG,Angola,1992,,NO,Angola,country
ANG,Angola,1996,,NO,Angola,country
ANG,Angola,2000,,NO,Angola,country
ANG,Angola,2004,,NO,Angola,country
ANG,Angola,2008,,NO,Angola,country
ANG,Angola,2012,,NO,Angola,country
ANG,Angola,2016,,NO,Angola,country
ANG,Angola,2020,,NO,Angola,country
ANG,Angola,2024,,NO,Angola,country
ANT,Antigua and Barbuda,1976,,NO,Antigua and Barbuda,country
ANT,Antigua and Barbuda,1984,,NO,Antigua and Barbuda,country
ANT,Antigua and Barbuda,1988,,NO,Antigua and Barbuda,country
ANT,Antigua and Barbuda,1992,,NO,Antigua and Barbuda,country
ANT,Antigua and Barbuda,1996,,NO,Antigua and Barbuda,country
ANT,Antigua and Barbuda,2000,,NO,Antigua and Barbuda,country
ANT,Antigua and Barbuda,2004,,NO,Antigua and Barbuda,country
ANT,Antigua and Barbuda,2008,,NO,Antigua and Barbuda,country
ANT,Antigua and Barbuda,2012,,NO,Antigua and Barbuda,country
ANT,Antigua and Barbuda,2016,,NO,Antigua and Barbuda,country
ANT,Antigua and Barbuda,2020,,NO,Antigua and Barbuda,country
ANT,Antigua and Barbuda,2024,,NO,Antigua and Barbuda,country
ANZ,Australasia,1908,Australasia,YES,Australasia,historical_different
ANZ,Australasia,1912,Australasia,YES,Australasia,historical_different
ANZ,Sydney Rowing Club,1912,Australasia,YES,Australasia,historical_different
ARG,Argentina,1900,,NO_DIFF_YEAR,Argentina,country
ARG,Argentina,1908,,NO_DIFF_YEAR,Argentina,country
ARG,Argentina,1920,,NO_DIFF_YEAR,Argentina,country
ARG,Argentina,1924,Argentina,YES,Argentina,country
ARG,Argentina-1,1924,Argentina,YES,Argentina,country
ARG,Argentina-2,1924,Argentina,YES,Argentina,country
ARG,Blue Red,1924,Argentina,YES,Argentina,country
ARG,Argentina,1928,Argentina,YES,Argentina,country
ARG,Cupidon III,1928,Argentina,YES,Argentina,country
ARG,Argentina,1932,Argentina,YES,Argentina,country
ARG,Argentina,1936,Argentina,YES,Argentina,country
ARG,Matrero II,1936,Argentina,YES,Argentina,country
ARG,Wiking,1936,Argentina,YES,Argentina,country
ARG,Acturus,1948,Argentina,YES,Argentina,country
ARG,Antares,1948,Argentina,YES,Argentina,country
ARG,Argentina,1948,Argentina,YES,Argentina,country
ARG,Djinn,1948,Argentina,YES,Argentina,country
ARG,Pampero,1948,Argentina,YES,Argentina,country
ARG,Arcturus,1952,Argentina,YES,Argentina,country
ARG,Argentina,1952,Argentina,YES,Argentina,country
ARG,Djinn,1952,Argentina,YES,Argentina,country
ARG,Gullvinge,1952,Argentina,YES,Argentina,country
ARG,Pampero,1952,Argentina,YES,Argentina,country
ARG,Argentina,1956,Argentina,YES,Argentina,country
ARG,Covunco III,1956,Argentina,YES,Argentina,country
ARG,Pampero,1956,Argentina,YES,Argentina,country
ARG,Ardilla,1960,Argentina,YES,Argentina,country
ARG,Argentina,1960,Argentina,YES,Argentina,country
ARG,Mizar,1960,Argentina,YES,Argentina,country
ARG,Tango,1960,Argentina,YES,Argentina,country
ARG,Argentina,1964,Argentina,YES,Argentina,country
ARG,Rampage,1964,Argentina,YES,Argentina,country
ARG,Tango,1964,Argentina,YES,Argentina,country
ARG,Argentina,1968,Argentina,YES,Argentina,country
ARG,Argentina,1972,Argentina,YES,Argentina,country
ARG,Argentina,1976,,NO_DIFF_YEAR,Argentina,country
ARG,Argentina,1984,,NO_DIFF_YEAR,Argentina,country
ARG,Argentina,1988,Argentina,YES,Argentina,country
ARG,Argentina,1992,Argentina,YES,Argentina,country
ARG,Argentina,1996,Argentina,YES,Argentina,country
ARG,Argentina,2000,Argentina,YES,Argentina,country
ARG,Argentina-1,2000,Argentina,YES,Argentina,country
ARG,Argentina-2,2000,Argentina,YES,Argentina,country
ARG,Argentina,2004,Argentina,YES,Argentina,country
ARG,Argentina-1,2004,Argentina,YES,Argentina,country
ARG,Argentina-2,2004,Argentina,YES,Argentina,country
ARG,Argentina,2008,Argentina,YES,Argentina,country
ARG,Argentina-1,2008,Argentina,YES,Argentina,country
ARG,Argentina-2,2008,Argentina,YES,Argentina,country
ARG,Argentina,2012,Argentina,YES,Argentina,country
ARG,Argentina,2016,Argentina,YES,Argentina,country
ARG,Argentina-1,2016,Argentina,YES,Argentina,country
ARG,Argentina-2,2016,Argentina,YES,Argentina,country
ARG,Argentina,2020,Argentina,YES,Argentina,country
ARG,Argentina,2024,Argentina,YES,Argentina,country
ARM,Armenia,1996,Armenia,YES,Armenia,country
ARM,Armenia,2000,Armenia,YES,Armenia,country
ARM,Armenia,2004,,NO_DIFF_YEAR,Armenia,country
ARM,Armenia,2008,Armenia,YES,Armenia,country
ARM,Armenia,2012,Armenia,YES,Armenia,country
ARM,Armenia,2016,Armenia,YES,Armenia,country
ARM,Armenia,2020,Armenia,YES,Armenia,country
ARM,Armenia,2024,Armenia,YES,Armenia,country
ARU,Aruba,1988,,NO,Aruba,country
ARU,Aruba,1992,,NO,Aruba,country
ARU,Aruba,1996,,NO,Aruba,country
ARU,Aruba,2000,,NO,Aruba,country
ARU,Aruba,2004,,NO,Aruba,country
ARU,Aruba,2008,,NO,Aruba,country
ARU,Aruba,2012,,NO,Aruba,country
ARU,Aruba,2016,,NO,Aruba,country
ARU,Aruba,2020,,NO,Aruba,country
ARU,Aruba,2024,,NO,Aruba,country
ASA,American Samoa,1988,,NO,American Samoa,country
ASA,American Samoa,1992,,NO,American Samoa,country
ASA,American Samoa,1996,,NO,American Samoa,country
ASA,American Samoa,2000,,NO,American Samoa,country
ASA,American Samoa,2004,,NO,American Samoa,country
ASA,American Samoa,2008,,NO,American Samoa,country
ASA,American Samoa,2012,,NO,American Samoa,country
ASA,American Samoa,2016,,NO,American Samoa,country
ASA,American Samoa,2020,,NO,American Samoa,country
ASA,American Samoa,2024,,NO,American Samoa,country
AUS,Australia,1896,Australia,YES,Australia,country
AUS,Australia/Great Britain,1896,Australia,YES,Australia,country
AUS,Amateur Athletic Association,1900,Australia,YES,Australia,country
AUS,Australia,1900,Australia,YES,Australia,country
AUS,Australia,1904,Australia,YES,Australia,country
AUS,Australia,1920,Australia,YES,Australia,country
AUS,Australia,1924,Australia,YES,Australia,country
AUS,Australia,1928,Australia,YES,Australia,country
AUS,Australia,1932,Australia,YES,Australia,country
AUS,Australia,1936,Australia,YES,Australia,country
AUS,Australia,1948,Australia,YES,Australia,country
AUS,Moorina,1948,Australia,YES,Australia,country
AUS,Australia,1952,Australia,YES,Australia,country
AUS,Hornet,1952,Australia,YES,Australia,country
AUS,Vinha,1952,Australia,YES,Australia,country
AUS,Australia,1956,Australia,YES,Australia,country
AUS,Buraddoo,1956,Australia,YES,Australia,country
AUS,Falcon IV,1956,Australia,YES,Australia,country
AUS,Naiad,1956,Australia,YES,Australia,country
AUS,Paula,1956,Australia,YES,Australia,country
AUS,Australia,1960,Australia,YES,Australia,country
AUS,Buraddoo,1960,Australia,YES,Australia,country
AUS,Falcon VI,1960,Australia,YES,Australia,country
AUS,Gabbiano,1960,Australia,YES,Australia,country
AUS,Pakaria,1960,Australia,YES,Australia,country
AUS,Australia,1964,Australia,YES,Australia,country
AUS,Barrenjoey,1964,Australia,YES,Australia,country
AUS,Cambria,1964,Australia,YES,Australia,country
AUS,Diablo,1964,Australia,YES,Australia,country
AUS,Maryke,1964,Australia,YES,Australia,country
AUS,Australia,1968,Australia,YES,Australia,country
AUS,Australia,1972,Australia,YES,Australia,country
AUS,Australia,1976,Australia,YES,Australia,country
AUS,Australia,1980,Australia,YES,Australia,country
AUS,Australia,1984,Australia,YES,Australia,country
AUS,Australia,1988,Australia,YES,Australia,country
AUS,Australia,1992,Australia,YES,Australia,country
AUS,Australia,1996,Australia,YES,Australia,country
AUS,Australia-1,1996,Australia,YES,Australia,country
AUS,Australia-2,1996,Australia,YES,Australia,country
AUS,Australia,2000,Australia,YES,Australia,country
AUS,Australia-1,2000,Australia,YES,Australia,country
AUS,Australia-2,2000,Australia,YES,Australia,country
AUS,Australia-3,2000,Australia,YES,Australia,country
AUS,Australia,2004,Australia,YES,Australia,country
AUS,Australia-1,2004,Australia,YES,Australia,country
AUS,Australia-2,2004,Australia,YES,Australia,country
AUS,Australia,2008,Australia,YES,Australia,country
AUS,Australia-1,2008,Australia,YES,Australia,country
AUS,Australia-2,2008,Australia,YES,Australia,country
AUS,Greenoaks Dundee,2008,Australia,YES,Australia,country
AUS,Quando Quando,2008,Australia,YES,Australia,country
AUS,Relampago,2008,Australia,YES,Australia,country
AUS,Australia,2012,Australia,YES,Australia,country
AUS,Australia-1,2012,Australia,YES,Australia,country
AUS,Australia-2,2012,Australia,YES,Australia,country
AUS,Australia,2016,Australia,YES,Australia,country
AUS,Australia-1,2016,Australia,YES,Australia,country
AUS,Australia-2,2016,Australia,YES,Australia,country
AUS,Australia,2020,Australia,YES,Australia,country
AUS,Australia,2024,Australia,YES,Australia,country
AUT,Austria,1896,Austria,YES,Austria,country
AUT,Austria,1900,Austria,YES,Austria,country
AUT,Austria-1,1900,Austria,YES,Austria,country
AUT,Austria,1904,Austria,YES,Austria,country
AUT,"Philadelphia Turngemeinde, Philadelphia",1904,Austria,YES,Austria,country
AUT,Austria,1908,Austria,YES,Austria,country
AUT,Austria,1912,Austria,YES,Austria,country
AUT,"R.-V. Germania, Leitmeritz",1912,Austria,YES,Austria,country
AUT,Austria,1924,Austria,YES,Austria,country
AUT,Austria,1928,Austria,YES,Austria,country
AUT,Austria,1932,Austria,YES,Austria,country
AUT,Austria,1936,Austria,YES,Austria,country
AUT,Breslau,1936,Austria,YES,Austria,country
AUT,Austria,1948,Austria,YES,Austria,country
AUT,Donar III,1948,Austria,YES,Austria,country
AUT,30. Februar,1952,Austria,YES,Austria,country
AUT,Austria,1952,Austria,YES,Austria,country
AUT,Austria,1956,Austria,YES,Austria,country
AUT,Austria,1960,Austria,YES,Austria,country
AUT,Evita VI,1960,Austria,YES,Austria,country
AUT,May-Be 1960,1960,Austria,YES,Austria,country
AUT,Surprise,1960,Austria,YES,Austria,country
AUT,Austria,1964,,NO_DIFF_YEAR,Austria,country
AUT,Brigantia,1964,,NO_DIFF_YEAR,Austria,country
AUT,Austria,1968,Austria,YES,Austria,country
AUT,Austria,1972,Austria,YES,Austria,country
AUT,Austria,1976,Austria,YES,Austria,country
AUT,Austria,1980,Austria,YES,Austria,country
AUT,Austria,1984,Austria,YES,Austria,country
AUT,Austria,1988,Austria,YES,Austria,country
AUT,Austria,1992,Austria,YES,Austria,country
AUT,Austria,1996,Austria,YES,Austria,country
AUT,Austria-1,1996,Austria,YES,Austria,country
AUT,Austria-2,1996,Austria,YES,Austria,country
AUT,Austria,2000,Austria,YES,Austria,country
AUT,Austria,2004,Austria,YES,Austria,country
AUT,Austria-1,2004,Austria,YES,Austria,country
AUT,Austria-2,2004,Austria,YES,Austria,country
AUT,Austria,2008,Austria,YES,Austria,country
AUT,Austria-1,2008,Austria,YES,Austria,country
AUT,Austria-2,2008,Austria,YES,Austria,country
AUT,Austria,2012,,NO_DIFF_YEAR,Austria,country
AUT,Austria,2016,Austria,YES,Austria,country
AUT,Austria-1,2016,Austria,YES,Austria,country
AUT,Austria-2,2016,Austria,YES,Austria,country
AUT,Austria,2020,Austria,YES,Austria,country
AUT,Austria,2024,Austria,YES,Austria,country
AZE,Azerbaijan,1996,Azerbaijan,YES,Azerbaijan,country
AZE,Azerbaijan,2000,Azerbaijan,YES,Azerbaijan,country
AZE,Azerbaijan,2004,Azerbaijan,YES,Azerbaijan,country
AZE,Azerbaijan,2008,Azerbaijan,YES,Azerbaijan,country
AZE,Azerbaijan,2012,Azerbaijan,YES,Azerbaijan,country
AZE,Azerbaijan,2016,Azerbaijan,YES,Azerbaijan,country
AZE,Azerbaijan,2020,Azerbaijan,YES,Azerbaijan,country
AZE,Azerbaijan,2024,Azerbaijan,YES,Azerbaijan,country
BAH,Bahamas,1952,,NO_DIFF_YEAR,Bahamas,country
BAH,Gem III,1952,,NO_DIFF_YEAR,Bahamas,country
BAH,Yeoman,1952,,NO_DIFF_YEAR,Bahamas,country
BAH,Bahamas,1956,Bahamas,YES,Bahamas,country
BAH,Gem IV,1956,Bahamas,YES,Bahamas,country
BAH,Bahamas,1960,,NO_DIFF_YEAR,Bahamas,country
BAH,Bim,1960,,NO_DIFF_YEAR,Bahamas,country
BAH,Combine,1960,,NO_DIFF_YEAR,Bahamas,country
BAH,Gem VII,1960,,NO_DIFF_YEAR,Bahamas,country
BAH,John B,1960,,NO_DIFF_YEAR,Bahamas,country
BAH,Bahamas,1964,Bahamas,YES,Bahamas,country
BAH,Gem,1964,Bahamas,YES,Bahamas,country
BAH,Guanahani,1964,Bahamas,YES,Bahamas,country
BAH,John B,1964,Bahamas,YES,Bahamas,country
BAH,Bahamas,1968,,NO_DIFF_YEAR,Bahamas,country
BAH,Bahamas,1972,,NO_DIFF_YEAR,Bahamas,country
BAH,Bahamas,1976,,NO_DIFF_YEAR,Bahamas,country
BAH,Bahamas,1984,,NO_DIFF_YEAR,Bahamas,country
BAH,Bahamas,1988,,NO_DIFF_YEAR,Bahamas,country
BAH,Bahamas,1992,Bahamas,YES,Bahamas,country
BAH,Bahamas,1996,Bahamas,YES,Bahamas,country
BAH,Bahamas,2000,Bahamas,YES,Bahamas,country
BAH,Bahamas,2004,Bahamas,YES,Bahamas,country
BAH,Bahamas,2008,Bahamas,YES,Bahamas,country
BAH,Bahamas,2012,Bahamas,YES,Bahamas,country
BAH,Bahamas,2016,Bahamas,YES,Bahamas,country
BAH,Bahamas,2020,Bahamas,YES,Bahamas,country
BAH,Bahamas,2024,,NO_DIFF_YEAR,Bahamas,country
BAN,Bangladesh,1984,,NO,Bangladesh,country
BAN,Bangladesh,1988,,NO,Bangladesh,country
BAN,Bangladesh,1992,,NO,Bangladesh,country
BAN,Bangladesh,1996,,NO,Bangladesh,country
BAN,Bangladesh,2000,,NO,Bangladesh,country
BAN,Bangladesh,2004,,NO,Bangladesh,country
BAN,Bangladesh,2008,,NO,Bangladesh,country
BAN,Bangladesh,2012,,NO,Bangladesh,country
BAN,Bangladesh,2016,,NO,Bangladesh,country
BAN,Bangladesh,2020,,NO,Bangladesh,country
BAN,Bangladesh,2024,,NO,Bangladesh,country
BAR,Barbados,1968,,NO_DIFF_YEAR,Barbados,country
BAR,Barbados,1972,,NO_DIFF_YEAR,Barbados,country
BAR,Barbados,1976,,NO_DIFF_YEAR,Barbados,country
BAR,Barbados,1984,,NO_DIFF_YEAR,Barbados,country
BAR,Barbados,1988,,NO_DIFF_YEAR,Barbados,country
BAR,Barbados,1992,,NO_DIFF_YEAR,Barbados,country
BAR,Barbados,1996,,NO_DIFF_YEAR,Barbados,country
BAR,Barbados,2000,Barbados,YES,Barbados,country
BAR,Barbados,2004,,NO_DIFF_YEAR,Barbados,country
BAR,Barbados,2008,,NO_DIFF_YEAR,Barbados,country
BAR,Barbados,2012,,NO_DIFF_YEAR,Barbados,country
BAR,Barbados,2016,,NO_DIFF_YEAR,Barbados,country
BAR,Barbados,2020,,NO_DIFF_YEAR,Barbados,country
BAR,Barbados,2024,,NO_DIFF_YEAR,Barbados,country
BDI,Burundi,1996,Burundi,YES,Burundi,country
BDI,Burundi,2000,,NO_DIFF_YEAR,Burundi,country
BDI,Burundi,2004,,NO_DIFF_YEAR,Burundi,country
BDI,Burundi,2008,,NO_DIFF_YEAR,Burundi,country
BDI,Burundi,2012,,NO_DIFF_YEAR,Burundi,country
BDI,Burundi,2016,Burundi,YES,Burundi,country
BDI,Burundi,2020,,NO_DIFF_YEAR,Burundi,country
BDI,Burundi,2024,,NO_DIFF_YEAR,Burundi,country
BEL,Belgium,1900,Belgium,YES,Belgium,country
BEL,Belgium-1,1900,Belgium,YES,Belgium,country
BEL,Belgium-2,1900,Belgium,YES,Belgium,country
BEL,Brussels Swimming and Water Polo Club,1900,Belgium,YES,Belgium,country
BEL,Pupilles de Neptune de Lille #1-3,1900,Belgium,YES,Belgium,country
BEL,Royal Club Nautique de Gand,1900,Belgium,YES,Belgium,country
BEL,Univ. of Brussels,1900,Belgium,YES,Belgium,country
BEL,Belgium,1908,Belgium,YES,Belgium,country
BEL,Royal Club Nautique de Gand,1908,Belgium,YES,Belgium,country
BEL,Zut,1908,Belgium,YES,Belgium,country
BEL,Belgium,1912,Belgium,YES,Belgium,country
BEL,Royal Club Nautique de Gand,1912,Belgium,YES,Belgium,country
BEL,Antwerpia V,1920,Belgium,YES,Belgium,country
BEL,Belgium,1920,Belgium,YES,Belgium,country
BEL,Belgium-1,1920,Belgium,YES,Belgium,country
BEL,Belgium-2,1920,Belgium,YES,Belgium,country
BEL,Belgium-3,1920,Belgium,YES,Belgium,country
BEL,Belgium-4,1920,Belgium,YES,Belgium,country
BEL,Edelweiss II-1,1920,Belgium,YES,Belgium,country
BEL,Suzy-2,1920,Belgium,YES,Belgium,country
BEL,Tan-Fe-Pah,1920,Belgium,YES,Belgium,country
BEL,Antwerpia V,1924,Belgium,YES,Belgium,country
BEL,Belgium,1924,Belgium,YES,Belgium,country
BEL,Belgium-1,1924,Belgium,YES,Belgium,country
BEL,Belgium-2,1924,Belgium,YES,Belgium,country
BEL,Ciss,1924,Belgium,YES,Belgium,country
BEL,Belgium,1928,Belgium,YES,Belgium,country
BEL,Ubu,1928,Belgium,YES,Belgium,country
BEL,Belgium,1932,Belgium,YES,Belgium,country
BEL,Belgium,1936,Belgium,YES,Belgium,country
BEL,Danzig,1936,Belgium,YES,Belgium,country
BEL,Freddy,1936,Belgium,YES,Belgium,country
BEL,Belgium,1948,Belgium,YES,Belgium,country
BEL,Dolfijn,1948,Belgium,YES,Belgium,country
BEL,Lalage,1948,Belgium,YES,Belgium,country
BEL,Belgium,1952,Belgium,YES,Belgium,country
BEL,Girl Pat,1952,Belgium,YES,Belgium,country
BEL,Belgium,1956,Belgium,YES,Belgium,country
BEL,Belgium,1960,Belgium,YES,Belgium,country
BEL,Meteor,1960,Belgium,YES,Belgium,country
BEL,Belgium,1964,Belgium,YES,Belgium,country
BEL,Belgium,1968,Belgium,YES,Belgium,country
BEL,Belgium,1972,Belgium,YES,Belgium,country
BEL,Belgium,1976,Belgium,YES,Belgium,country
BEL,Belgium,1980,Belgium,YES,Belgium,country
BEL,Belgium,1984,Belgium,YES,Belgium,country
BEL,Belgium,1988,Belgium,YES,Belgium,country
BEL,Belgium,1992,Belgium,YES,Belgium,country
BEL,Belgium,1996,Belgium,YES,Belgium,country
BEL,Belgium,2000,Belgium,YES,Belgium,country
BEL,Belgium,2004,Belgium,YES,Belgium,country
BEL,Belgium,2008,Belgium,YES,Belgium,country
BEL,Belgium,2012,Belgium,YES,Belgium,country
BEL,Belgium,2016,Belgium,YES,Belgium,country
BEL,Belgium,2020,Belgium,YES,Belgium,country
BEL,Belgium,2024,Belgium,YES,Belgium,country
BEN,Benin,1972,,NO,Benin,country
BEN,Benin,1980,,NO,Benin,country
BEN,Benin,1984,,NO,Benin,country
BEN,Benin,1988,,NO,Benin,country
BEN,Benin,1992,,NO,Benin,country
BEN,Benin,1996,,NO,Benin,country
BEN,Benin,2000,,NO,Benin,country
BEN,Benin,2004,,NO,Benin,country
BEN,Benin,2008,,NO,Benin,country
BEN,Benin,2012,,NO,Benin,country
BEN,Benin,2016,,NO,Benin,country
BEN,Benin,2020,,NO,Benin,country
BEN,Benin,2024,,NO,Benin,country
BER,Bermuda,1936,,NO_DIFF_YEAR,Bermuda,country
BER,Bermuda,1948,,NO_DIFF_YEAR,Bermuda,country
BER,Bermuda,1952,,NO_DIFF_YEAR,Bermuda,country
BER,Pam,1956,,NO_DIFF_YEAR,Bermuda,country
BER,Bermuda,1960,,NO_DIFF_YEAR,Bermuda,country
BER,Bermudes,1960,,NO_DIFF_YEAR,Bermuda,country
BER,Bermudian,1960,,NO_DIFF_YEAR,Bermuda,country
BER,Oleander II,1960,,NO_DIFF_YEAR,Bermuda,country
BER,Bermuda,1964,,NO_DIFF_YEAR,Bermuda,country
BER,Oleander XII,1964,,NO_DIFF_YEAR,Bermuda,country
BER,Bermuda,1968,,NO_DIFF_YEAR,Bermuda,country
BER,Bermuda,1972,,NO_DIFF_YEAR,Bermuda,country
BER,Bermuda,1976,Bermuda,YES,Bermuda,country
BER,Bermuda,1984,,NO_DIFF_YEAR,Bermuda,country
BER,Bermuda,1988,,NO_DIFF_YEAR,Bermuda,country
BER,Bermuda,1992,,NO_DIFF_YEAR,Bermuda,country
BER,Bermuda,1996,,NO_DIFF_YEAR,Bermuda,country
BER,Bermuda,2000,,NO_DIFF_YEAR,Bermuda,country
BER,Bermuda,2004,,NO_DIFF_YEAR,Bermuda,country
BER,Bermuda,2008,,NO_DIFF_YEAR,Bermuda,country
BER,Bermuda,2012,,NO_DIFF_YEAR,Bermuda,country
BER,Bermuda,2016,,NO_DIFF_YEAR,Bermuda,country
BER,Bermuda,2020,Bermuda,YES,Bermuda,country
BER,Bermuda,2024,,NO_DIFF_YEAR,Bermuda,country
BHU,Bhutan,1984,,NO,Bhutan,country
BHU,Bhutan,1988,,NO,Bhutan,country
BHU,Bhutan,1992,,NO,Bhutan,country
BHU,Bhutan,1996,,NO,Bhutan,country
BHU,Bhutan,2000,,NO,Bhutan,country
BHU,Bhutan,2004,,NO,Bhutan,country
BHU,Bhutan,2008,,NO,Bhutan,country
BHU,Bhutan,2012,,NO,Bhutan,country
BHU,Bhutan,2016,,NO,Bhutan,country
BHU,Bhutan,2020,,NO,Bhutan,country
BHU,Bhutan,2024,,NO,Bhutan,country
BIH,Bosnia and Herzegovina,1992,,NO,Bosnia and Herzegovina,country
BIH,Bosnia and Herzegovina,1996,,NO,Bosnia and Herzegovina,country
BIH,Bosnia and Herzegovina,2000,,NO,Bosnia and Herzegovina,country
BIH,Bosnia and Herzegovina,2004,,NO,Bosnia and Herzegovina,country
BIH,Bosnia and Herzegovina,2008,,NO,Bosnia and Herzegovina,country
BIH,Bosnia and Herzegovina,2012,,NO,Bosnia and Herzegovina,country
BIH,Bosnia and Herzegovina,2016,,NO,Bosnia and Herzegovina,country
BIH,Bosnia and Herzegovina,2020,,NO,Bosnia and Herzegovina,country
BIH,Bosnia & Herzegovina,2024,,NO,Bosnia and Herzegovina,country
BIZ,Belize,1968,,NO,Belize,country
BIZ,Belize,1972,,NO,Belize,country
BIZ,Belize,1976,,NO,Belize,country
BIZ,Belize,1984,,NO,Belize,country
BIZ,Belize,1988,,NO,Belize,country
BIZ,Belize,1992,,NO,Belize,country
BIZ,Belize,1996,,NO,Belize,country
BIZ,Belize,2000,,NO,Belize,country
BIZ,Belize,2004,,NO,Belize,country
BIZ,Belize,2008,,NO,Belize,country
BIZ,Belize,2012,,NO,Belize,country
BIZ,Belize,2016,,NO,Belize,country
BIZ,Belize,2020,,NO,Belize,country
BIZ,Belize,2024,,NO,Belize,country
BLR,Belarus,1996,Belarus,YES,Belarus,country
BLR,Belarus,2000,Belarus,YES,Belarus,country
BLR,Belarus,2004,Belarus,YES,Belarus,country
BLR,Belarus,2008,Belarus,YES,Belarus,country
BLR,Belarus-1,2008,Belarus,YES,Belarus,country
BLR,Belarus-2,2008,Belarus,YES,Belarus,country
BLR,Belarus,2012,Belarus,YES,Belarus,country
BLR,Belarus,2016,Belarus,YES,Belarus,country
BLR,Belarus,2020,Belarus,YES,Belarus,country
BOH,Bohemia,1900,Bohemia,YES,Bohemia,historical_different
BOH,Bohemia/Great Britain,1900,Bohemia,YES,Bohemia,historical_different
BOH,Bohemia,1908,Bohemia,YES,Bohemia,historical_different
BOH,Bohemia,1912,,NO_DIFF_YEAR,Bohemia,historical_different
BOH,Bohemia-1,1912,,NO_DIFF_YEAR,Bohemia,historical_different
BOH,Bohemia-2,1912,,NO_DIFF_YEAR,Bohemia,historical_different
BOH,Bohemia-3,1912,,NO_DIFF_YEAR,Bohemia,historical_different
BOL,Bolivia,1936,,NO,Bolivia,country
BOL,Bolivia,1964,,NO,Bolivia,country
BOL,Bolivia,1968,,NO,Bolivia,country
BOL,Bolivia,1972,,NO,Bolivia,country
BOL,Bolivia,1976,,NO,Bolivia,country
BOL,Bolivia,1984,,NO,Bolivia,country
BOL,Bolivia,1988,,NO,Bolivia,country
BOL,Bolivia,1992,,NO,Bolivia,country
BOL,Bolivia,1996,,NO,Bolivia,country
BOL,Bolivia,2000,,NO,Bolivia,country
BOL,Bolivia,2004,,NO,Bolivia,country
BOL,Bolivia,2008,,NO,Bolivia,country
BOL,Bolivia,2012,,NO,Bolivia,country
BOL,Bolivia,2016,,NO,Bolivia,country
BOL,Bolivia,2020,,NO,Bolivia,country
BOL,Bolivia,2024,,NO,Bolivia,country
BOT,Botswana,1980,,NO_DIFF_YEAR,Botswana,country
BOT,Botswana,1984,,NO_DIFF_YEAR,Botswana,country
BOT,Botswana,1988,,NO_DIFF_YEAR,Botswana,country
BOT,Botswana,1992,,NO_DIFF_YEAR,Botswana,country
BOT,Botswana,1996,,NO_DIFF_YEAR,Botswana,country
BOT,Botswana,2000,,NO_DIFF_YEAR,Botswana,country
BOT,Botswana,2004,,NO_DIFF_YEAR,Botswana,country
BOT,Botswana,2008,,NO_DIFF_YEAR,Botswana,country
BOT,Botswana,2012,Botswana,YES,Botswana,country
BOT,Botswana,2016,,NO_DIFF_YEAR,Botswana,country
BOT,Botswana,2020,Botswana,YES,Botswana,country
BOT,Botswana,2024,Botswana,YES,Botswana,country
BRA,Brazil,1900,,NO_DIFF_YEAR,Brazil,country
BRA,Brazil,1920,Brazil,YES,Brazil,country
BRA,Brazil,1924,,NO_DIFF_YEAR,Brazil,country
BRA,Brazil,1932,,NO_DIFF_YEAR,Brazil,country
BRA,Brazil,1936,,NO_DIFF_YEAR,Brazil,country
BRA,Lbeck,1936,,NO_DIFF_YEAR,Brazil,country
BRA,Andorinha,1948,Brazil,YES,Brazil,country
BRA,Brazil,1948,Brazil,YES,Brazil,country
BRA,Buscape II,1948,Brazil,YES,Brazil,country
BRA,Brazil,1952,Brazil,YES,Brazil,country
BRA,Bu III,1952,Brazil,YES,Brazil,country
BRA,Escapade,1952,Brazil,YES,Brazil,country
BRA,Brazil,1956,Brazil,YES,Brazil,country
BRA,Inca,1956,Brazil,YES,Brazil,country
BRA,Brazil,1960,Brazil,YES,Brazil,country
BRA,Pimm,1960,Brazil,YES,Brazil,country
BRA,Terrible,1960,Brazil,YES,Brazil,country
BRA,Brazil,1964,Brazil,YES,Brazil,country
BRA,Clementine V,1964,Brazil,YES,Brazil,country
BRA,Vento Sul,1964,Brazil,YES,Brazil,country
BRA,Brazil,1968,Brazil,YES,Brazil,country
BRA,Brazil,1972,Brazil,YES,Brazil,country
BRA,Brazil,1976,Brazil,YES,Brazil,country
BRA,Brazil,1980,Brazil,YES,Brazil,country
BRA,Brazil,1984,Brazil,YES,Brazil,country
BRA,Brazil,1988,Brazil,YES,Brazil,country
BRA,Brazil,1992,Brazil,YES,Brazil,country
BRA,Brazil,1996,Brazil,YES,Brazil,country
BRA,Brazil-1,1996,Brazil,YES,Brazil,country
BRA,Brazil-2,1996,Brazil,YES,Brazil,country
BRA,Brazil,2000,Brazil,YES,Brazil,country
BRA,Brazil-1,2000,Brazil,YES,Brazil,country
BRA,Brazil-2,2000,Brazil,YES,Brazil,country
BRA,Brazil,2004,Brazil,YES,Brazil,country
BRA,Brazil-1,2004,Brazil,YES,Brazil,country
BRA,Brazil-2,2004,Brazil,YES,Brazil,country
BRA,Brazil,2008,Brazil,YES,Brazil,country
BRA,Brazil-1,2008,Brazil,YES,Brazil,country
BRA,Brazil-2,2008,Brazil,YES,Brazil,country
BRA,Brazil,2012,Brazil,YES,Brazil,country
BRA,Brazil-1,2012,Brazil,YES,Brazil,country
BRA,Brazil-2,2012,Brazil,YES,Brazil,country
BRA,Brazil,2016,Brazil,YES,Brazil,country
BRA,Brazil-1,2016,Brazil,YES,Brazil,country
BRA,Brazil-2,2016,Brazil,YES,Brazil,country
BRA,Brazil,2020,Brazil,YES,Brazil,country
BRA,Brazil,2024,Brazil,YES,Brazil,country
BRN,Bahrain,1984,,NO_DIFF_YEAR,Bahrain,country
BRN,Bahrain,1988,,NO_DIFF_YEAR,Bahrain,country
BRN,Bahrain,1992,,NO_DIFF_YEAR,Bahrain,country
BRN,Bahrain,1996,,NO_DIFF_YEAR,Bahrain,country
BRN,Bahrain,2000,,NO_DIFF_YEAR,Bahrain,country
BRN,Bahrain,2004,,NO_DIFF_YEAR,Bahrain,country
BRN,Bahrain,2008,,NO_DIFF_YEAR,Bahrain,country
BRN,Bahrain,2012,Bahrain,YES,Bahrain,country
BRN,Bahrain,2016,Bahrain,YES,Bahrain,country
BRN,Bahrain,2020,Bahrain,YES,Bahrain,country
BRN,Bahrain,2024,Bahrain,YES,Bahrain,country
BRU,Brunei,1996,,NO,Brunei Darussalam,country
BRU,Brunei,2000,,NO,Brunei Darussalam,country
BRU,Brunei,2004,,NO,Brunei Darussalam,country
BRU,Brunei,2012,,NO,Brunei Darussalam,country
BRU,Brunei,2016,,NO,Brunei Darussalam,country
BRU,Brunei,2020,,NO,Brunei Darussalam,country
BRU,Brunei Darussalam,2024,,NO,Brunei Darussalam,country
BUL,Bulgaria,1924,,NO_DIFF_YEAR,Bulgaria,country
BUL,Bulgaria,1928,,NO_DIFF_YEAR,Bulgaria,country
BUL,Bulgaria,1932,,NO_DIFF_YEAR,Bulgaria,country
BUL,Bulgaria,1936,,NO_DIFF_YEAR,Bulgaria,country
BUL,Bulgaria,1952,Bulgaria,YES,Bulgaria,country
BUL,Bulgaria,1956,Bulgaria,YES,Bulgaria,country
BUL,Bulgaria,1960,Bulgaria,YES,Bulgaria,country
BUL,Bulgaria,1964,Bulgaria,YES,Bulgaria,country
BUL,Bulgaria,1968,Bulgaria,YES,Bulgaria,country
BUL,Bulgaria,1972,Bulgaria,YES,Bulgaria,country
BUL,Bulgaria,1976,Bulgaria,YES,Bulgaria,country
BUL,Bulgaria,1980,Bulgaria,YES,Bulgaria,country
BUL,Bulgaria,1988,Bulgaria,YES,Bulgaria,country
BUL,Bulgaria,1992,Bulgaria,YES,Bulgaria,country
BUL,Bulgaria-1,1992,Bulgaria,YES,Bulgaria,country
BUL,Bulgaria-2,1992,Bulgaria,YES,Bulgaria,country
BUL,Bulgaria,1996,Bulgaria,YES,Bulgaria,country
BUL,Bulgaria,2000,Bulgaria,YES,Bulgaria,country
BUL,Bulgaria,2004,Bulgaria,YES,Bulgaria,country
BUL,Bulgaria,2008,Bulgaria,YES,Bulgaria,country
BUL,Bulgaria,2012,Bulgaria,YES,Bulgaria,country
BUL,Bulgaria,2016,Bulgaria,YES,Bulgaria,country
BUL,Bulgaria,2020,Bulgaria,YES,Bulgaria,country
BUL,Bulgaria,2024,Bulgaria,YES,Bulgaria,country
BUR,Burkina Faso,1972,,NO_DIFF_YEAR,Burkina Faso,country
BUR,Burkina Faso,1988,,NO_DIFF_YEAR,Burkina Faso,country
BUR,Burkina Faso,1992,,NO_DIFF_YEAR,Burkina Faso,country
BUR,Burkina Faso,1996,,NO_DIFF_YEAR,Burkina Faso,country
BUR,Burkina Faso,2000,,NO_DIFF_YEAR,Burkina Faso,country
BUR,Burkina Faso,2004,,NO_DIFF_YEAR,Burkina Faso,country
BUR,Burkina Faso,2008,,NO_DIFF_YEAR,Burkina Faso,country
BUR,Burkina Faso,2012,,NO_DIFF_YEAR,Burkina Faso,country
BUR,Burkina Faso,2016,,NO_DIFF_YEAR,Burkina Faso,country
BUR,Burkina Faso,2020,Burkina Faso,YES,Burkina Faso,country
BUR,Burkina Faso,2024,,NO_DIFF_YEAR,Burkina Faso,country
CAF,Central African Republic,1968,,NO,Central African Republic,country
CAF,Central African Republic,1984,,NO,Central African Republic,country
CAF,Central African Republic,1988,,NO,Central African Republic,country
CAF,Central African Republic,1992,,NO,Central African Republic,country
CAF,Central African Republic,1996,,NO,Central African Republic,country
CAF,Central African Republic,2000,,NO,Central African Republic,country
CAF,Central African Republic,2004,,NO,Central African Republic,country
CAF,Central African Republic,2008,,NO,Central African Republic,country
CAF,Central African Republic,2012,,NO,Central African Republic,country
CAF,Central African Republic,2016,,NO,Central African Republic,country
CAF,Central African Republic,2020,,NO,Central African Republic,country
CAF,Centr Afric Re,2024,,NO,Central African Republic,country
CAM,Cambodia,1956,,NO,Cambodia,country
CAM,Cambodia,1964,,NO,Cambodia,country
CAM,GyoshuII,1964,,NO,Cambodia,country
CAM,Cambodia,1972,,NO,Cambodia,country
CAM,Cambodia,1996,,NO,Cambodia,country
CAM,Cambodia,2000,,NO,Cambodia,country
CAM,Cambodia,2004,,NO,Cambodia,country
CAM,Cambodia,2008,,NO,Cambodia,country
CAM,Cambodia,2012,,NO,Cambodia,country
CAM,Cambodia,2016,,NO,Cambodia,country
CAM,Cambodia,2020,,NO,Cambodia,country
CAM,Cambodia,2024,,NO,Cambodia,country
CAN,Canada,1900,Canada,YES,Canada,country
CAN,Canada,1904,Canada,YES,Canada,country
CAN,Galt Football Club,1904,Canada,YES,Canada,country
CAN,Mohawk Indians-2,1904,Canada,YES,Canada,country
CAN,Toronto Argonauts,1904,Canada,YES,Canada,country
CAN,Winnipeg Shamrocks-1,1904,Canada,YES,Canada,country
CAN,Argonaut Rowing Club,1908,Canada,YES,Canada,country
CAN,Canada,1908,Canada,YES,Canada,country
CAN,Toronto Argonauts,1908,Canada,YES,Canada,country
CAN,Canada,1912,Canada,YES,Canada,country
CAN,Toronto Argonauts,1912,Canada,YES,Canada,country
CAN,Canada,1920,Canada,YES,Canada,country
CAN,Canada,1924,Canada,YES,Canada,country
CAN,Canada,1928,Canada,YES,Canada,country
CAN,Canada,1932,Canada,YES,Canada,country
CAN,Caprice,1932,Canada,YES,Canada,country
CAN,Santa Maria,1932,Canada,YES,Canada,country
CAN,Windor,1932,Canada,YES,Canada,country
CAN,Canada,1936,Canada,YES,Canada,country
CAN,Dresden,1936,Canada,YES,Canada,country
CAN,Ariel,1948,Canada,YES,Canada,country
CAN,Canada,1948,Canada,YES,Canada,country
CAN,Scaup,1948,Canada,YES,Canada,country
CAN,Canada,1952,Canada,YES,Canada,country
CAN,Jet,1952,Canada,YES,Canada,country
CAN,Trickson VI,1952,Canada,YES,Canada,country
CAN,Whirlaway,1952,Canada,YES,Canada,country
CAN,Beaver,1956,Canada,YES,Canada,country
CAN,Canada,1956,Canada,YES,Canada,country
CAN,Manana,1956,Canada,YES,Canada,country
CAN,Tomahawk II,1956,Canada,YES,Canada,country
CAN,Argo II,1960,Canada,YES,Canada,country
CAN,Canada,1960,Canada,YES,Canada,country
CAN,Mad Dog,1960,Canada,YES,Canada,country
CAN,SagaII,1960,Canada,YES,Canada,country
CAN,Scram,1960,Canada,YES,Canada,country
CAN,Canada,1964,Canada,YES,Canada,country
CAN,Glisten,1964,Canada,YES,Canada,country
CAN,Serendipity,1964,Canada,YES,Canada,country
CAN,State VI,1964,Canada,YES,Canada,country
CAN,Syndi,1964,Canada,YES,Canada,country
CAN,Canada,1968,Canada,YES,Canada,country
CAN,Canada,1972,Canada,YES,Canada,country
CAN,Canada,1976,Canada,YES,Canada,country
CAN,Canada,1984,Canada,YES,Canada,country
CAN,Canada,1988,Canada,YES,Canada,country
CAN,Canada,1992,Canada,YES,Canada,country
CAN,Canada-1,1992,Canada,YES,Canada,country
CAN,Canada-2,1992,Canada,YES,Canada,country
CAN,Canada,1996,Canada,YES,Canada,country
CAN,Canada-1,1996,Canada,YES,Canada,country
CAN,Canada-2,1996,Canada,YES,Canada,country
CAN,Canada,2000,Canada,YES,Canada,country
CAN,Canada-1,2000,Canada,YES,Canada,country
CAN,Canada-2,2000,Canada,YES,Canada,country
CAN,Canada,2004,Canada,YES,Canada,country
CAN,Canada-1,2004,Canada,YES,Canada,country
CAN,Canada-2,2004,Canada,YES,Canada,country
CAN,Canada,2008,Canada,YES,Canada,country
CAN,Gran Gesto,2008,Canada,YES,Canada,country
CAN,Orion,2008,Canada,YES,Canada,country
CAN,Pop Art,2008,Canada,YES,Canada,country
CAN,Canada,2012,Canada,YES,Canada,country
CAN,Canada,2016,Canada,YES,Canada,country
CAN,Canada-1,2016,Canada,YES,Canada,country
CAN,Canada-2,2016,Canada,YES,Canada,country
CAN,Canada,2020,Canada,YES,Canada,country
CAN,Canada,2024,Canada,YES,Canada,country
CAY,Cayman Islands,1976,,NO,Cayman Islands,country
CAY,Cayman Islands,1984,,NO,Cayman Islands,country
CAY,Cayman Islands,1988,,NO,Cayman Islands,country
CAY,Cayman Islands,1992,,NO,Cayman Islands,country
CAY,Cayman Islands,1996,,NO,Cayman Islands,country
CAY,Cayman Islands,2000,,NO,Cayman Islands,country
CAY,Cayman Islands,2004,,NO,Cayman Islands,country
CAY,Cayman Islands,2008,,NO,Cayman Islands,country
CAY,Cayman Islands,2012,,NO,Cayman Islands,country
CAY,Cayman Islands,2016,,NO,Cayman Islands,country
CAY,Cayman Islands,2020,,NO,Cayman Islands,country
CAY,Cayman Islands,2024,,NO,Cayman Islands,country
CGO,Congo (Brazzaville),1964,,NO,Republic of the Congo,country
CGO,Congo (Brazzaville),1972,,NO,Republic of the Congo,country
CGO,Congo (Brazzaville),1980,,NO,Republic of the Congo,country
CGO,Congo (Brazzaville),1984,,NO,Republic of the Congo,country
CGO,Congo (Brazzaville),1988,,NO,Republic of the Congo,country
CGO,Congo (Brazzaville),1992,,NO,Republic of the Congo,country
CGO,Congo (Brazzaville),1996,,NO,Republic of the Congo,country
CGO,Congo (Brazzaville),2000,,NO,Republic of the Congo,country
CGO,Congo (Brazzaville),2004,,NO,Republic of the Congo,country
CGO,Congo (Brazzaville),2008,,NO,Republic of the Congo,country
CGO,Congo (Brazzaville),2012,,NO,Republic of the Congo,country
CGO,Congo (Brazzaville),2016,,NO,Republic of the Congo,country
CGO,Republic of the Congo,2020,,NO,Republic of the Congo,country
CGO,Congo,2024,,NO,Republic of the Congo,country
CHA,Chad,1964,,NO,Chad,country
CHA,Chad,1968,,NO,Chad,country
CHA,Chad,1972,,NO,Chad,country
CHA,Chad,1984,,NO,Chad,country
CHA,Chad,1988,,NO,Chad,country
CHA,Chad,1992,,NO,Chad,country
CHA,Chad,1996,,NO,Chad,country
CHA,Chad,2000,,NO,Chad,country
CHA,Chad,2004,,NO,Chad,country
CHA,Chad,2008,,NO,Chad,country
CHA,Chad,2012,,NO,Chad,country
CHA,Chad,2016,,NO,Chad,country
CHA,Chad,2020,,NO,Chad,country
CHA,Chad,2024,,NO,Chad,country
CHI,Chile,1912,,NO_DIFF_YEAR,Chile,country
CHI,Chile,1920,,NO_DIFF_YEAR,Chile,country
CHI,Chile,1924,,NO_DIFF_YEAR,Chile,country
CHI,Chile,1928,Chile,YES,Chile,country
CHI,Chile,1936,,NO_DIFF_YEAR,Chile,country
CHI,Mainz,1936,,NO_DIFF_YEAR,Chile,country
CHI,Chile,1948,,NO_DIFF_YEAR,Chile,country
CHI,Chile,1952,Chile,YES,Chile,country
CHI,Chile,1956,Chile,YES,Chile,country
CHI,Chile,1960,,NO_DIFF_YEAR,Chile,country
CHI,Chile,1964,,NO_DIFF_YEAR,Chile,country
CHI,Chile,1968,,NO_DIFF_YEAR,Chile,country
CHI,Chile,1972,,NO_DIFF_YEAR,Chile,country
CHI,Chile,1976,,NO_DIFF_YEAR,Chile,country
CHI,Chile,1984,,NO_DIFF_YEAR,Chile,country
CHI,Chile,1988,Chile,YES,Chile,country
CHI,Chile,1992,,NO_DIFF_YEAR,Chile,country
CHI,Chile,1996,,NO_DIFF_YEAR,Chile,country
CHI,Chile,2000,Chile,YES,Chile,country
CHI,Chile,2004,Chile,YES,Chile,country
CHI,Chile,2008,Chile,YES,Chile,country
CHI,Chile,2012,,NO_DIFF_YEAR,Chile,country
CHI,Chile,2016,,NO_DIFF_YEAR,Chile,country
CHI,Chile,2020,,NO_DIFF_YEAR,Chile,country
CHI,Chile,2024,Chile,YES,Chile,country
CHN,China,1932,,NO_DIFF_YEAR,China,country
CHN,China,1936,,NO_DIFF_YEAR,China,country
CHN,China,1948,,NO_DIFF_YEAR,China,country
CHN,China,1952,,NO_DIFF_YEAR,China,country
CHN,China,1984,China,YES,China,country
CHN,China,1988,China,YES,China,country
CHN,China-1,1988,China,YES,China,country
CHN,China-2,1988,China,YES,China,country
CHN,China,1992,China,YES,China,country
CHN,China-1,1992,China,YES,China,country
CHN,China-2,1992,China,YES,China,country
CHN,China,1996,China,YES,China,country
CHN,China-1,1996,China,YES,China,country
CHN,China-2,1996,China,YES,China,country
CHN,China,2000,China,YES,China,country
CHN,China-1,2000,China,YES,China,country
CHN,China-2,2000,China,YES,China,country
CHN,China,2004,China,YES,China,country
CHN,China-1,2004,China,YES,China,country
CHN,China-2,2004,China,YES,China,country
CHN,China,2008,China,YES,China,country
CHN,China-1,2008,China,YES,China,country
CHN,China-2,2008,China,YES,China,country
CHN,China-3,2008,China,YES,China,country
CHN,China,2012,China,YES,China,country
CHN,China-1,2012,China,YES,China,country
CHN,China-2,2012,China,YES,China,country
CHN,China,2016,China,YES,China,country
CHN,China-1,2016,China,YES,China,country
CHN,China-2,2016,China,YES,China,country
CHN,China,2020,China,YES,China,country
CHN,China,2024,China,YES,China,country
CIV,Cote d'Ivoire,1964,,NO_DIFF_YEAR,Ivory Coast,historical_same
CIV,Cote d'Ivoire,1968,,NO_DIFF_YEAR,Ivory Coast,historical_same
CIV,Cote d'Ivoire,1972,,NO_DIFF_YEAR,Ivory Coast,historical_same
CIV,Cote d'Ivoire,1976,,NO_DIFF_YEAR,Ivory Coast,historical_same
CIV,Cote d'Ivoire,1984,Ivory Coast,YES,Ivory Coast,historical_same
CIV,Cote d'Ivoire,1988,,NO_DIFF_YEAR,Ivory Coast,historical_same
CIV,Cote d'Ivoire,1992,,NO_DIFF_YEAR,Ivory Coast,historical_same
CIV,Cote d'Ivoire,1996,,NO_DIFF_YEAR,Ivory Coast,historical_same
CIV,Cote d'Ivoire,2000,,NO_DIFF_YEAR,Ivory Coast,historical_same
CIV,Cote d'Ivoire,2004,,NO_DIFF_YEAR,Ivory Coast,historical_same
CIV,Cote d'Ivoire,2008,,NO_DIFF_YEAR,Ivory Coast,historical_same
CIV,Cote d'Ivoire,2012,,NO_DIFF_YEAR,Ivory Coast,historical_same
CIV,Cote d'Ivoire,2016,Ivory Coast,YES,Ivory Coast,historical_same
CIV,Ivory Coast,2020,Ivory Coast,YES,Ivory Coast,historical_same
CIV,Côte d'Ivoire,2024,Ivory Coast,YES,Ivory Coast,historical_same
CMR,Cameroon,1964,,NO_DIFF_YEAR,Cameroon,country
CMR,Cameroon,1968,Cameroon,YES,Cameroon,country
CMR,Cameroon,1972,,NO_DIFF_YEAR,Cameroon,country
CMR,Cameroon,1976,,NO_DIFF_YEAR,Cameroon,country
CMR,Cameroon,1980,,NO_DIFF_YEAR,Cameroon,country
CMR,Cameroon,1984,Cameroon,YES,Cameroon,country
CMR,Cameroon,1988,,NO_DIFF_YEAR,Cameroon,country
CMR,Cameroon,1992,,NO_DIFF_YEAR,Cameroon,country
CMR,Cameroon,1996,,NO_DIFF_YEAR,Cameroon,country
CMR,Cameroon,2000,Cameroon,YES,Cameroon,country
CMR,Cameroon,2004,Cameroon,YES,Cameroon,country
CMR,Cameroon,2008,Cameroon,YES,Cameroon,country
CMR,Cameroon,2012,Cameroon,YES,Cameroon,country
CMR,Cameroon,2016,,NO_DIFF_YEAR,Cameroon,country
CMR,Cameroon,2020,,NO_DIFF_YEAR,Cameroon,country
CMR,Cameroon,2024,,NO_DIFF_YEAR,Cameroon,country
COD,Congo (Kinshasa),1968,,NO,Democratic Republic of the Congo,country
COD,Congo (Kinshasa),1984,,NO,Democratic Republic of the Congo,country
COD,Congo (Kinshasa),1988,,NO,Democratic Republic of the Congo,country
COD,Congo (Kinshasa),1992,,NO,Democratic Republic of the Congo,country
COD,Congo (Kinshasa),1996,,NO,Democratic Republic of the Congo,country
COD,Congo (Kinshasa),2000,,NO,Democratic Republic of the Congo,country
COD,Congo (Kinshasa),2004,,NO,Democratic Republic of the Congo,country
COD,Congo (Kinshasa),2008,,NO,Democratic Republic of the Congo,country
COD,Congo (Kinshasa),2012,,NO,Democratic Republic of the Congo,country
COD,Congo (Kinshasa),2016,,NO,Democratic Republic of the Congo,country
COD,Democratic Republic of the Congo,2020,,NO,Democratic Republic of the Congo,country
COD,DR Congo,2024,,NO,Democratic Republic of the Congo,country
COK,Cook Islands,1988,,NO,Cook Islands,country
COK,Cook Islands,1992,,NO,Cook Islands,country
COK,Cook Islands,1996,,NO,Cook Islands,country
COK,Cook Islands,2000,,NO,Cook Islands,country
COK,Cook Islands,2004,,NO,Cook Islands,country
COK,Cook Islands,2008,,NO,Cook Islands,country
COK,Cook Islands,2012,,NO,Cook Islands,country
COK,Cook Islands,2016,,NO,Cook Islands,country
COK,Cook Islands,2020,,NO,Cook Islands,country
COK,Cook Islands,2024,,NO,Cook Islands,country
COL,Racing Club de France,1900,,NO_DIFF_YEAR,Colombia,country
COL,Colombia,1932,,NO_DIFF_YEAR,Colombia,country
COL,Colombia,1936,,NO_DIFF_YEAR,Colombia,country
COL,Colombia,1948,,NO_DIFF_YEAR,Colombia,country
COL,Colombia,1956,,NO_DIFF_YEAR,Colombia,country
COL,Colombia,1960,,NO_DIFF_YEAR,Colombia,country
COL,Colombia,1964,,NO_DIFF_YEAR,Colombia,country
COL,Colombia,1968,,NO_DIFF_YEAR,Colombia,country
COL,Colombia,1972,Colombia,YES,Colombia,country
COL,Colombia,1976,,NO_DIFF_YEAR,Colombia,country
COL,Colombia,1980,,NO_DIFF_YEAR,Colombia,country
COL,Colombia,1984,Colombia,YES,Colombia,country
COL,Colombia,1988,Colombia,YES,Colombia,country
COL,Colombia,1992,Colombia,YES,Colombia,country
COL,Colombia,1996,,NO_DIFF_YEAR,Colombia,country
COL,Colombia,2000,Colombia,YES,Colombia,country
COL,Colombia,2004,Colombia,YES,Colombia,country
COL,Colombia,2008,Colombia,YES,Colombia,country
COL,Colombia,2012,Colombia,YES,Colombia,country
COL,Colombia,2016,Colombia,YES,Colombia,country
COL,Colombia,2020,Colombia,YES,Colombia,country
COL,Colombia,2024,Colombia,YES,Colombia,country
COM,Comoros,1996,,NO,Comoros,country
COM,Comoros,2000,,NO,Comoros,country
COM,Comoros,2004,,NO,Comoros,country
COM,Comoros,2008,,NO,Comoros,country
COM,Comoros,2012,,NO,Comoros,country
COM,Comoros,2016,,NO,Comoros,country
COM,Comoros,2020,,NO,Comoros,country
COM,Comoros,2024,,NO,Comoros,country
CPV,Cape Verde,1996,,NO_DIFF_YEAR,Cabo Verde,country
CPV,Cape Verde,2000,,NO_DIFF_YEAR,Cabo Verde,country
CPV,Cape Verde,2004,,NO_DIFF_YEAR,Cabo Verde,country
CPV,Cape Verde,2008,,NO_DIFF_YEAR,Cabo Verde,country
CPV,Cape Verde,2012,,NO_DIFF_YEAR,Cabo Verde,country
CPV,Cape Verde,2016,,NO_DIFF_YEAR,Cabo Verde,country
CPV,Cape Verde,2020,,NO_DIFF_YEAR,Cabo Verde,country
CPV,Cabo Verde,2024,Cabo Verde,YES,Cabo Verde,country
CRC,Costa Rica,1936,,NO_DIFF_YEAR,Costa Rica,country
CRC,Costa Rica,1964,,NO_DIFF_YEAR,Costa Rica,country
CRC,Costa Rica,1968,,NO_DIFF_YEAR,Costa Rica,country
CRC,Costa Rica,1972,,NO_DIFF_YEAR,Costa Rica,country
CRC,Costa Rica,1976,,NO_DIFF_YEAR,Costa Rica,country
CRC,Costa Rica,1980,,NO_DIFF_YEAR,Costa Rica,country
CRC,Costa Rica,1984,,NO_DIFF_YEAR,Costa Rica,country
CRC,Costa Rica,1988,Costa Rica,YES,Costa Rica,country
CRC,Costa Rica,1992,,NO_DIFF_YEAR,Costa Rica,country
CRC,Costa Rica,1996,Costa Rica,YES,Costa Rica,country
CRC,Costa Rica,2000,Costa Rica,YES,Costa Rica,country
CRC,Costa Rica,2004,,NO_DIFF_YEAR,Costa Rica,country
CRC,Costa Rica,2008,,NO_DIFF_YEAR,Costa Rica,country
CRC,Costa Rica,2012,,NO_DIFF_YEAR,Costa Rica,country
CRC,Costa Rica,2016,,NO_DIFF_YEAR,Costa Rica,country
CRC,Costa Rica,2020,,NO_DIFF_YEAR,Costa Rica,country
CRC,Costa Rica,2024,,NO_DIFF_YEAR,Costa Rica,country
CRO,Croatia,1992,Croatia,YES,Croatia,country
CRO,Croatia,1996,Croatia,YES,Croatia,country
CRO,Croatia,2000,Croatia,YES,Croatia,country
CRO,Croatia,2004,Croatia,YES,Croatia,country
CRO,Croatia,2008,Croatia,YES,Croatia,country
CRO,Croatia,2012,Croatia,YES,Croatia,country
CRO,Croatia,2016,Croatia,YES,Croatia,country
CRO,Croatia,2020,Croatia,YES,Croatia,country
CRO,Croatia,2024,Croatia,YES,Croatia,country
CUB,Cuba,1900,Cuba,YES,Cuba,country
CUB,Cuba,1904,Cuba,YES,Cuba,country
CUB,Cuba,1924,,NO_DIFF_YEAR,Cuba,country
CUB,Hatuey,1924,,NO_DIFF_YEAR,Cuba,country
CUB,Cuba,1928,,NO_DIFF_YEAR,Cuba,country
CUB,Cuba,1932,,NO_DIFF_YEAR,Cuba,country
CUB,Cuba,1948,Cuba,YES,Cuba,country
CUB,Kurush II,1948,Cuba,YES,Cuba,country
CUB,Cuba,1952,,NO_DIFF_YEAR,Cuba,country
CUB,Kurush IV,1952,,NO_DIFF_YEAR,Cuba,country
CUB,Cuba,1956,,NO_DIFF_YEAR,Cuba,country
CUB,Kurush IV,1956,,NO_DIFF_YEAR,Cuba,country
CUB,Cuba,1960,,NO_DIFF_YEAR,Cuba,country
CUB,Vesania,1960,,NO_DIFF_YEAR,Cuba,country
CUB,Cuba,1964,Cuba,YES,Cuba,country
CUB,Cuba,1968,Cuba,YES,Cuba,country
CUB,Cuba,1972,Cuba,YES,Cuba,country
CUB,Cuba,1976,Cuba,YES,Cuba,country
CUB,Cuba,1980,Cuba,YES,Cuba,country
CUB,Cuba,1992,Cuba,YES,Cuba,country
CUB,Cuba,1996,Cuba,YES,Cuba,country
CUB,Cuba,2000,Cuba,YES,Cuba,country
CUB,Cuba,2004,Cuba,YES,Cuba,country
CUB,Cuba,2008,Cuba,YES,Cuba,country
CUB,Cuba-1,2008,Cuba,YES,Cuba,country
CUB,Cuba-2,2008,Cuba,YES,Cuba,country
CUB,Cuba,2012,Cuba,YES,Cuba,country
CUB,Cuba,2016,Cuba,YES,Cuba,country
CUB,Cuba,2020,Cuba,YES,Cuba,country
CUB,Cuba,2024,Cuba,YES,Cuba,country
CYP,Cyprus,1980,,NO_DIFF_YEAR,Cyprus,country
CYP,Cyprus,1984,,NO_DIFF_YEAR,Cyprus,country
CYP,Cyprus,1988,,NO_DIFF_YEAR,Cyprus,country
CYP,Cyprus,1992,,NO_DIFF_YEAR,Cyprus,country
CYP,Cyprus,1996,,NO_DIFF_YEAR,Cyprus,country
CYP,Cyprus,2000,,NO_DIFF_YEAR,Cyprus,country
CYP,Cyprus,2004,,NO_DIFF_YEAR,Cyprus,country
CYP,Cyprus,2008,,NO_DIFF_YEAR,Cyprus,country
CYP,Cyprus,2012,Cyprus,YES,Cyprus,country
CYP,Cyprus,2016,,NO_DIFF_YEAR,Cyprus,country
CYP,Cyprus,2020,,NO_DIFF_YEAR,Cyprus,country
CYP,Cyprus,2024,Cyprus,YES,Cyprus,country
CZE,Czech Republic,1996,Czech Republic,YES,Czech Republic,country
CZE,Czech Republic-1,1996,Czech Republic,YES,Czech Republic,country
CZE,Czech Republic-2,1996,Czech Republic,YES,Czech Republic,country
CZE,Czech Republic,2000,Czech Republic,YES,Czech Republic,country
CZE,Czech Republic-1,2000,Czech Republic,YES,Czech Republic,country
CZE,Czech Republic-2,2000,Czech Republic,YES,Czech Republic,country
CZE,Czech Republic,2004,Czech Republic,YES,Czech Republic,country
CZE,Czech Republic-1,2004,Czech Republic,YES,Czech Republic,country
CZE,Czech Republic-2,2004,Czech Republic,YES,Czech Republic,country
CZE,Czech Republic,2008,Czech Republic,YES,Czech Republic,country
CZE,Czech Republic-1,2008,Czech Republic,YES,Czech Republic,country
CZE,Czech Republic-2,2008,Czech Republic,YES,Czech Republic,country
CZE,Czech Republic,2012,Czech Republic,YES,Czech Republic,country
CZE,Czech Republic-1,2012,Czech Republic,YES,Czech Republic,country
CZE,Czech Republic-2,2012,Czech Republic,YES,Czech Republic,country
CZE,Czech Republic,2016,Czech Republic,YES,Czech Republic,country
CZE,Czech Republic-1,2016,Czech Republic,YES,Czech Republic,country
CZE,Czech Republic-2,2016,Czech Republic,YES,Czech Republic,country
CZE,Czech Republic,2020,Czech Republic,YES,Czech Republic,country
CZE,Czechia,2024,Czech Republic,YES,Czech Republic,country
DEN,Denmark,1896,Denmark,YES,Denmark,country
DEN,Denmark,1900,Denmark,YES,Denmark,country
DEN,Denmark/Sweden,1900,Denmark,YES,Denmark,country
DEN,Denmark,1908,Denmark,YES,Denmark,country
DEN,Denmark,1912,Denmark,YES,Denmark,country
DEN,Denmark-1,1912,Denmark,YES,Denmark,country
DEN,Denmark-2,1912,Denmark,YES,Denmark,country
DEN,Denmark-3,1912,Denmark,YES,Denmark,country
DEN,Denmark-4,1912,Denmark,YES,Denmark,country
DEN,Nurdug II,1912,Denmark,YES,Denmark,country
DEN,Nykjbings paa Falster,1912,Denmark,YES,Denmark,country
DEN,Polyteknisk Roklub-1,1912,Denmark,YES,Denmark,country
DEN,Roklubb Kbnhavn-2,1912,Denmark,YES,Denmark,country
DEN,Denmark,1920,Denmark,YES,Denmark,country
DEN,Bonzo,1924,Denmark,YES,Denmark,country
DEN,Denmark,1924,Denmark,YES,Denmark,country
DEN,Denmark-1,1924,Denmark,YES,Denmark,country
DEN,Denmark-2,1924,Denmark,YES,Denmark,country
DEN,Denmark,1928,Denmark,YES,Denmark,country
DEN,Hi-Hi,1928,Denmark,YES,Denmark,country
DEN,Denmark,1932,Denmark,YES,Denmark,country
DEN,Anitra,1936,Denmark,YES,Denmark,country
DEN,Denmark,1936,Denmark,YES,Denmark,country
DEN,Kiel,1936,Denmark,YES,Denmark,country
DEN,Denmark,1948,Denmark,YES,Denmark,country
DEN,Morena,1948,Denmark,YES,Denmark,country
DEN,Snap,1948,Denmark,YES,Denmark,country
DEN,Denmark,1952,Denmark,YES,Denmark,country
DEN,Jill,1952,Denmark,YES,Denmark,country
DEN,Snude,1952,Denmark,YES,Denmark,country
DEN,Denmark,1956,Denmark,YES,Denmark,country
DEN,Tip,1956,Denmark,YES,Denmark,country
DEN,Chok,1960,Denmark,YES,Denmark,country
DEN,Denmark,1960,Denmark,YES,Denmark,country
DEN,Skum,1960,Denmark,YES,Denmark,country
DEN,Web II,1960,Denmark,YES,Denmark,country
DEN,Denmark,1964,Denmark,YES,Denmark,country
DEN,Miss Denmark 1964,1964,Denmark,YES,Denmark,country
DEN,Web III,1964,Denmark,YES,Denmark,country
DEN,White Lady,1964,Denmark,YES,Denmark,country
DEN,Denmark,1968,Denmark,YES,Denmark,country
DEN,Denmark,1972,Denmark,YES,Denmark,country
DEN,Denmark,1976,Denmark,YES,Denmark,country
DEN,Denmark,1980,Denmark,YES,Denmark,country
DEN,Denmark,1984,Denmark,YES,Denmark,country
DEN,Denmark,1988,Denmark,YES,Denmark,country
DEN,Denmark,1992,Denmark,YES,Denmark,country
DEN,Denmark-1,1992,Denmark,YES,Denmark,country
DEN,Denmark-2,1992,Denmark,YES,Denmark,country
DEN,Denmark,1996,Denmark,YES,Denmark,country
DEN,Denmark-1,1996,Denmark,YES,Denmark,country
DEN,Denmark-2,1996,Denmark,YES,Denmark,country
DEN,Denmark,2000,Denmark,YES,Denmark,country
DEN,Denmark-1,2000,Denmark,YES,Denmark,country
DEN,Denmark-2,2000,Denmark,YES,Denmark,country
DEN,Denmark,2004,Denmark,YES,Denmark,country
DEN,Denmark-1,2004,Denmark,YES,Denmark,country
DEN,Denmark-2,2004,Denmark,YES,Denmark,country
DEN,Clearwater,2008,Denmark,YES,Denmark,country
DEN,Denmark,2008,Denmark,YES,Denmark,country
DEN,Denmark-1,2008,Denmark,YES,Denmark,country
DEN,Denmark-2,2008,Denmark,YES,Denmark,country
DEN,Digby,2008,Denmark,YES,Denmark,country
DEN,Don Schufro,2008,Denmark,YES,Denmark,country
DEN,Denmark,2012,Denmark,YES,Denmark,country
DEN,Denmark-1,2012,Denmark,YES,Denmark,country
DEN,Denmark-2,2012,Denmark,YES,Denmark,country
DEN,Denmark,2016,Denmark,YES,Denmark,country
DEN,Denmark,2020,Denmark,YES,Denmark,country
DEN,Denmark,2024,Denmark,YES,Denmark,country
DJI,Djibouti,1984,,NO_DIFF_YEAR,Djibouti,country
DJI,Djibouti,1988,Djibouti,YES,Djibouti,country
DJI,Djibouti,1992,,NO_DIFF_YEAR,Djibouti,country
DJI,Djibouti,1996,,NO_DIFF_YEAR,Djibouti,country
DJI,Djibouti,2000,,NO_DIFF_YEAR,Djibouti,country
DJI,Djibouti,2008,,NO_DIFF_YEAR,Djibouti,country
DJI,Djibouti,2012,,NO_DIFF_YEAR,Djibouti,country
DJI,Djibouti,2016,,NO_DIFF_YEAR,Djibouti,country
DJI,Djibouti,2020,,NO_DIFF_YEAR,Djibouti,country
DJI,Djibouti,2024,,NO_DIFF_YEAR,Djibouti,country
DMA,Dominica,1996,,NO_DIFF_YEAR,Dominica,country
DMA,Dominica,2000,,NO_DIFF_YEAR,Dominica,country
DMA,Dominica,2004,,NO_DIFF_YEAR,Dominica,country
DMA,Dominica,2008,,NO_DIFF_YEAR,Dominica,country
DMA,Dominica,2012,,NO_DIFF_YEAR,Dominica,country
DMA,Dominica,2016,,NO_DIFF_YEAR,Dominica,country
DMA,Dominica,2020,,NO_DIFF_YEAR,Dominica,country
DMA,Dominica,2024,Dominica,YES,Dominica,country
DOM,Dominican Republic,1964,,NO_DIFF_YEAR,Dominican Republic,country
DOM,Dominican Republic,1968,,NO_DIFF_YEAR,Dominican Republic,country
DOM,Dominican Republic,1972,,NO_DIFF_YEAR,Dominican Republic,country
DOM,Dominican Republic,1976,,NO_DIFF_YEAR,Dominican Republic,country
DOM,Dominican Republic,1980,,NO_DIFF_YEAR,Dominican Republic,country
DOM,Dominican Republic,1984,Dominican Republic,YES,Dominican Republic,country
DOM,Dominican Republic,1988,,NO_DIFF_YEAR,Dominican Republic,country
DOM,Dominican Republic,1992,,NO_DIFF_YEAR,Dominican Republic,country
DOM,Dominican Republic,1996,,NO_DIFF_YEAR,Dominican Republic,country
DOM,Dominican Republic,2000,,NO_DIFF_YEAR,Dominican Republic,country
DOM,Dominican Republic,2004,Dominican Republic,YES,Dominican Republic,country
DOM,Dominican Republic,2008,Dominican Republic,YES,Dominican Republic,country
DOM,Dominican Republic,2012,Dominican Republic,YES,Dominican Republic,country
DOM,Dominican Republic,2016,Dominican Republic,YES,Dominican Republic,country
DOM,Dominican Republic,2020,Dominican Republic,YES,Dominican Republic,country
DOM,Dominican Republic,2024,Dominican Republic,YES,Dominican Republic,country
ECU,Ecuador,1924,,NO_DIFF_YEAR,Ecuador,country
ECU,Ecuador,1968,,NO_DIFF_YEAR,Ecuador,country
ECU,Ecuador,1972,,NO_DIFF_YEAR,Ecuador,country
ECU,Ecuador,1976,,NO_DIFF_YEAR,Ecuador,country
ECU,Ecuador,1980,,NO_DIFF_YEAR,Ecuador,country
ECU,Ecuador,1984,,NO_DIFF_YEAR,Ecuador,country
ECU,Ecuador,1988,,NO_DIFF_YEAR,Ecuador,country
ECU,Ecuador,1992,,NO_DIFF_YEAR,Ecuador,country
ECU,Ecuador,1996,Ecuador,YES,Ecuador,country
ECU,Ecuador,2000,,NO_DIFF_YEAR,Ecuador,country
ECU,Ecuador,2004,,NO_DIFF_YEAR,Ecuador,country
ECU,Ecuador,2008,Ecuador,YES,Ecuador,country
ECU,Ecuador,2012,,NO_DIFF_YEAR,Ecuador,country
ECU,Ecuador,2016,,NO_DIFF_YEAR,Ecuador,country
ECU,Ecuador,2020,Ecuador,YES,Ecuador,country
ECU,Ecuador,2024,Ecuador,YES,Ecuador,country
EGY,Egypt,1920,,NO_DIFF_YEAR,Egypt,country
EGY,Egypt,1924,,NO_DIFF_YEAR,Egypt,country
EGY,Egypt,1928,Egypt,YES,Egypt,country
EGY,Egypt,1936,Egypt,YES,Egypt,country
EGY,Egypt,1948,Egypt,YES,Egypt,country
EGY,Egypt,1952,Egypt,YES,Egypt,country
EGY,Egypt,1956,,NO_DIFF_YEAR,Egypt,country
EGY,Egypt,1964,,NO_DIFF_YEAR,Egypt,country
EGY,Egypt,1968,,NO_DIFF_YEAR,Egypt,country
EGY,Egypt,1972,,NO_DIFF_YEAR,Egypt,country
EGY,Egypt,1976,,NO_DIFF_YEAR,Egypt,country
EGY,Egypt,1984,Egypt,YES,Egypt,country
EGY,Egypt,1988,,NO_DIFF_YEAR,Egypt,country
EGY,Egypt,1992,,NO_DIFF_YEAR,Egypt,country
EGY,Egypt,1996,,NO_DIFF_YEAR,Egypt,country
EGY,Egypt,2000,,NO_DIFF_YEAR,Egypt,country
EGY,Egypt,2004,Egypt,YES,Egypt,country
EGY,Egypt,2008,Egypt,YES,Egypt,country
EGY,Egypt,2012,Egypt,YES,Egypt,country
EGY,Egypt,2016,Egypt,YES,Egypt,country
EGY,Egypt,2020,Egypt,YES,Egypt,country
EGY,Egypt,2024,Egypt,YES,Egypt,country
EOR,Refugee Olympic Team,2020,,NO_DIFF_YEAR,Refugee Olympic Team,special
EOR,EOR,2024,Refugee Olympic Team,YES,Refugee Olympic Team,special
ERI,Eritrea,2000,,NO_DIFF_YEAR,Eritrea,country
ERI,Eritrea,2004,Eritrea,YES,Eritrea,country
ERI,Eritrea,2008,,NO_DIFF_YEAR,Eritrea,country
ERI,Eritrea,2012,,NO_DIFF_YEAR,Eritrea,country
ERI,Eritrea,2016,,NO_DIFF_YEAR,Eritrea,country
ERI,Eritrea,2020,,NO_DIFF_YEAR,Eritrea,country
ERI,Eritrea,2024,,NO_DIFF_YEAR,Eritrea,country
ESA,El Salvador,1932,,NO,El Salvador,country
ESA,El Salvador,1968,,NO,El Salvador,country
ESA,El Salvador,1972,,NO,El Salvador,country
ESA,El Salvador,1984,,NO,El Salvador,country
ESA,El Salvador,1988,,NO,El Salvador,country
ESA,El Salvador,1992,,NO,El Salvador,country
ESA,El Salvador,1996,,NO,El Salvador,country
ESA,El Salvador,2000,,NO,El Salvador,country
ESA,El Salvador,2004,,NO,El Salvador,country
ESA,El Salvador,2008,,NO,El Salvador,country
ESA,El Salvador,2012,,NO,El Salvador,country
ESA,El Salvador,2016,,NO,El Salvador,country
ESA,El Salvador,2020,,NO,El Salvador,country
ESA,El Salvador,2024,,NO,El Salvador,country
ESP,Ral-Club Barcelona,1900,Spain,YES,Spain,country
ESP,Spain,1900,Spain,YES,Spain,country
ESP,Spain-1,1900,Spain,YES,Spain,country
ESP,Spain,1920,Spain,YES,Spain,country
ESP,Spain-1,1920,Spain,YES,Spain,country
ESP,Spain-2,1920,Spain,YES,Spain,country
ESP,Amolgavar,1924,,NO_DIFF_YEAR,Spain,country
ESP,Spain,1924,,NO_DIFF_YEAR,Spain,country
ESP,Spain-1,1924,,NO_DIFF_YEAR,Spain,country
ESP,Spain-2,1924,,NO_DIFF_YEAR,Spain,country
ESP,Fruits,1928,Spain,YES,Spain,country
ESP,Spain,1928,Spain,YES,Spain,country
ESP,Spain,1932,Spain,YES,Spain,country
ESP,Galerna,1948,Spain,YES,Spain,country
ESP,Spain,1948,Spain,YES,Spain,country
ESP,Spain,1952,Spain,YES,Spain,country
ESP,Spain,1956,,NO_DIFF_YEAR,Spain,country
ESP,Canopus,1960,Spain,YES,Spain,country
ESP,Pasodoble,1960,Spain,YES,Spain,country
ESP,Posillipo III,1960,Spain,YES,Spain,country
ESP,Spain,1960,Spain,YES,Spain,country
ESP,Tajamar,1960,Spain,YES,Spain,country
ESP,Spain,1964,,NO_DIFF_YEAR,Spain,country
ESP,Spain,1968,,NO_DIFF_YEAR,Spain,country
ESP,Spain,1972,Spain,YES,Spain,country
ESP,Spain,1976,Spain,YES,Spain,country
ESP,Spain,1980,Spain,YES,Spain,country
ESP,Spain,1984,Spain,YES,Spain,country
ESP,Spain,1988,Spain,YES,Spain,country
ESP,Spain,1992,Spain,YES,Spain,country
ESP,Spain,1996,Spain,YES,Spain,country
ESP,Spain-1,1996,Spain,YES,Spain,country
ESP,Spain-2,1996,Spain,YES,Spain,country
ESP,Spain,2000,Spain,YES,Spain,country
ESP,Spain,2004,Spain,YES,Spain,country
ESP,Spain-1,2004,Spain,YES,Spain,country
ESP,Spain-2,2004,Spain,YES,Spain,country
ESP,Spain,2008,Spain,YES,Spain,country
ESP,Spain-1,2008,Spain,YES,Spain,country
ESP,Spain-2,2008,Spain,YES,Spain,country
ESP,Spain,2012,Spain,YES,Spain,country
ESP,Spain-1,2012,Spain,YES,Spain,country
ESP,Spain-2,2012,Spain,YES,Spain,country
ESP,Spain,2016,Spain,YES,Spain,country
ESP,Spain-1,2016,Spain,YES,Spain,country
ESP,Spain-2,2016,Spain,YES,Spain,country
ESP,Spain,2020,Spain,YES,Spain,country
ESP,Spain,2024,Spain,YES,Spain,country
EST,Estonia,1920,Estonia,YES,Estonia,country
EST,Estonia,1924,Estonia,YES,Estonia,country
EST,Estonia,1928,Estonia,YES,Estonia,country
EST,Tutti V,1928,Estonia,YES,Estonia,country
EST,Estonia,1932,,NO_DIFF_YEAR,Estonia,country
EST,Brandenburg,1936,Estonia,YES,Estonia,country
EST,Estonia,1936,Estonia,YES,Estonia,country
EST,Estonia,1992,Estonia,YES,Estonia,country
EST,Estonia,1996,,NO_DIFF_YEAR,Estonia,country
EST,Estonia,2000,Estonia,YES,Estonia,country
EST,Estonia,2004,Estonia,YES,Estonia,country
EST,Estonia,2008,Estonia,YES,Estonia,country
EST,Estonia,2012,Estonia,YES,Estonia,country
EST,Estonia,2016,Estonia,YES,Estonia,country
EST,Estonia,2020,Estonia,YES,Estonia,country
EST,Estonia,2024,,NO_DIFF_YEAR,Estonia,country
ETH,Ethiopia,1956,,NO_DIFF_YEAR,Ethiopia,country
ETH,Ethiopia,1960,Ethiopia,YES,Ethiopia,country
ETH,Ethiopia,1964,Ethiopia,YES,Ethiopia,country
ETH,Ethiopia,1968,Ethiopia,YES,Ethiopia,country
ETH,Ethiopia,1972,Ethiopia,YES,Ethiopia,country
ETH,Ethiopia,1980,Ethiopia,YES,Ethiopia,country
ETH,Ethiopia,1992,Ethiopia,YES,Ethiopia,country
ETH,Ethiopia,1996,Ethiopia,YES,Ethiopia,country
ETH,Ethiopia,2000,Ethiopia,YES,Ethiopia,country
ETH,Ethiopia,2004,Ethiopia,YES,Ethiopia,country
ETH,Ethiopia,2008,Ethiopia,YES,Ethiopia,country
ETH,Ethiopia,2012,Ethiopia,YES,Ethiopia,country
ETH,Ethiopia,2016,Ethiopia,YES,Ethiopia,country
ETH,Ethiopia,2020,Ethiopia,YES,Ethiopia,country
ETH,Ethiopia,2024,Ethiopia,YES,Ethiopia,country
EUN,Unified Team,1992,Unified Team,YES,Unified Team,historical_different
EUN,Unified Team-1,1992,Unified Team,YES,Unified Team,historical_different
EUN,Unified Team-2,1992,Unified Team,YES,Unified Team,historical_different
FIJ,Fiji,1956,,NO_DIFF_YEAR,Fiji,country
FIJ,Fiji,1960,,NO_DIFF_YEAR,Fiji,country
FIJ,Fiji,1968,,NO_DIFF_YEAR,Fiji,country
FIJ,Fiji,1972,,NO_DIFF_YEAR,Fiji,country
FIJ,Fiji,1976,,NO_DIFF_YEAR,Fiji,country
FIJ,Fiji,1984,,NO_DIFF_YEAR,Fiji,country
FIJ,Fiji,1988,,NO_DIFF_YEAR,Fiji,country
FIJ,Fiji,1992,,NO_DIFF_YEAR,Fiji,country
FIJ,Fiji,1996,,NO_DIFF_YEAR,Fiji,country
FIJ,Fiji,2000,,NO_DIFF_YEAR,Fiji,country
FIJ,Fiji,2004,,NO_DIFF_YEAR,Fiji,country
FIJ,Fiji,2008,,NO_DIFF_YEAR,Fiji,country
FIJ,Fiji,2012,,NO_DIFF_YEAR,Fiji,country
FIJ,Fiji,2016,Fiji,YES,Fiji,country
FIJ,Fiji,2020,Fiji,YES,Fiji,country
FIJ,Fiji,2024,Fiji,YES,Fiji,country
FIN,Finland,1908,Finland,YES,Finland,country
FIN,Finland,1912,Finland,YES,Finland,country
FIN,Finn II,1912,Finland,YES,Finland,country
FIN,Heatherbell,1912,Finland,YES,Finland,country
FIN,Helsingfors R. K.,1912,Finland,YES,Finland,country
FIN,Lucky Girl-1,1912,Finland,YES,Finland,country
FIN,Nina,1912,Finland,YES,Finland,country
FIN,rn-2,1912,Finland,YES,Finland,country
FIN,Finland,1920,Finland,YES,Finland,country
FIN,Finland,1924,Finland,YES,Finland,country
FIN,Finland-1,1924,Finland,YES,Finland,country
FIN,Finland-2,1924,Finland,YES,Finland,country
FIN,Finland,1928,Finland,YES,Finland,country
FIN,Finland,1932,Finland,YES,Finland,country
FIN,Bremen,1936,Finland,YES,Finland,country
FIN,Finland,1936,Finland,YES,Finland,country
FIN,Lynn,1936,Finland,YES,Finland,country
FIN,Sheerio,1936,Finland,YES,Finland,country
FIN,Finland,1948,Finland,YES,Finland,country
FIN,Lucky Star,1948,Finland,YES,Finland,country
FIN,Raili,1948,Finland,YES,Finland,country
FIN,Vinha,1948,Finland,YES,Finland,country
FIN,Finland,1952,Finland,YES,Finland,country
FIN,Lucky Star,1952,Finland,YES,Finland,country
FIN,Ralia,1952,Finland,YES,Finland,country
FIN,Teresita,1952,Finland,YES,Finland,country
FIN,Tu-Fri,1952,Finland,YES,Finland,country
FIN,Finland,1956,Finland,YES,Finland,country
FIN,Xantippa,1956,Finland,YES,Finland,country
FIN,Bella,1960,Finland,YES,Finland,country
FIN,Finland,1960,Finland,YES,Finland,country
FIN,Inga-Lill XXXXIII,1960,Finland,YES,Finland,country
FIN,Rififi,1960,Finland,YES,Finland,country
FIN,Chaje II,1964,Finland,YES,Finland,country
FIN,Finland,1964,Finland,YES,Finland,country
FIN,Squid III,1964,Finland,YES,Finland,country
FIN,Finland,1968,Finland,YES,Finland,country
FIN,Finland,1972,Finland,YES,Finland,country
FIN,Finland,1976,Finland,YES,Finland,country
FIN,Finland,1980,Finland,YES,Finland,country
FIN,Finland,1984,Finland,YES,Finland,country
FIN,Finland,1988,Finland,YES,Finland,country
FIN,Finland,1992,Finland,YES,Finland,country
FIN,Finland,1996,Finland,YES,Finland,country
FIN,Finland,2000,Finland,YES,Finland,country
FIN,Finland,2004,Finland,YES,Finland,country
FIN,Finland,2008,Finland,YES,Finland,country
FIN,Finland,2012,Finland,YES,Finland,country
FIN,Finland,2016,Finland,YES,Finland,country
FIN,Finland,2020,Finland,YES,Finland,country
FIN,Finland,2024,,NO_DIFF_YEAR,Finland,country
FRA,France,1896,France,YES,France,country
FRA,Alcyon-6,1900,France,YES,France,country
FRA,Alcyon-7,1900,France,YES,France,country
FRA,Amulet-3,1900,France,YES,France,country
FRA,Amulet-7,1900,France,YES,France,country
FRA,Ariette-10,1900,France,YES,France,country
FRA,Ariette-8,1900,France,YES,France,country
FRA,"BLO Polo Club, Rugby",1900,France,YES,France,country
FRA,Baby-1,1900,France,YES,France,country
FRA,Baby-9,1900,France,YES,France,country
FRA,"Bagatelle Polo Club, Paris",1900,France,YES,France,country
FRA,C.V.A.-14,1900,France,YES,France,country
FRA,C.V.A.-7,1900,France,YES,France,country
FRA,Carabinier-15,1900,France,YES,France,country
FRA,Carabinier-5,1900,France,YES,France,country
FRA,Cercle Nautique de Reims-4,1900,France,YES,France,country
FRA,Cercle de l'Aviron Roubaix-4,1900,France,YES,France,country
FRA,Cinara-13,1900,France,YES,France,country
FRA,Club Nautique de Dieppe-5,1900,France,YES,France,country
FRA,Club Nautique de Franais-1,1900,France,YES,France,country
FRA,Club Nautique de Lyon-2,1900,France,YES,France,country
FRA,Colette-10,1900,France,YES,France,country
FRA,Colette-12,1900,France,YES,France,country
FRA,Compigne Polo Club,1900,France,YES,France,country
FRA,Crabe I-11,1900,France,YES,France,country
FRA,Crabe I-2,1900,France,YES,France,country
FRA,Crabe I-3,1900,France,YES,France,country
FRA,Crabe II-1,1900,France,YES,France,country
FRA,Crabe II-12,1900,France,YES,France,country
FRA,Crabe II-4,1900,France,YES,France,country
FRA,Crocodile-11,1900,France,YES,France,country
FRA,Crocodile-13,1900,France,YES,France,country
FRA,Demi-Mondaine-15,1900,France,YES,France,country
FRA,Demi-Mondaine-17,1900,France,YES,France,country
FRA,Dick-8,1900,France,YES,France,country
FRA,Ducky-16,1900,France,YES,France,country
FRA,Ducky-4,1900,France,YES,France,country
FRA,Esterel-1,1900,France,YES,France,country
FRA,Fantlet-2,1900,France,YES,France,country
FRA,Fantlet-7,1900,France,YES,France,country
FRA,Favorite-1,1900,France,YES,France,country
FRA,Favorite-17,1900,France,YES,France,country
FRA,Femur-1,1900,France,YES,France,country
FRA,Femur-18,1900,France,YES,France,country
FRA,France,1900,France,YES,France,country
FRA,France-1,1900,France,YES,France,country
FRA,France-2,1900,France,YES,France,country
FRA,France-3,1900,France,YES,France,country
FRA,France-4,1900,France,YES,France,country
FRA,France/Great Britain,1900,France,YES,France,country
FRA,Freia-19,1900,France,YES,France,country
FRA,Freia-5,1900,France,YES,France,country
FRA,Galopin-20,1900,France,YES,France,country
FRA,Galopin-9,1900,France,YES,France,country
FRA,Giselle-6,1900,France,YES,France,country
FRA,Gitana-2,1900,France,YES,France,country
FRA,Gitana-21,1900,France,YES,France,country
FRA,Gwendoline-2,1900,France,YES,France,country
FRA,Gwendoline-22,1900,France,YES,France,country
FRA,Gyp-23,1900,France,YES,France,country
FRA,Gyp-6,1900,France,YES,France,country
FRA,Hb-20,1900,France,YES,France,country
FRA,Hb-24,1900,France,YES,France,country
FRA,Jeanette-25,1900,France,YES,France,country
FRA,Jeannette-18,1900,France,YES,France,country
FRA,Libellule de Paris,1900,France,YES,France,country
FRA,Libellule de Paris-3,1900,France,YES,France,country
FRA,Mamie-4,1900,France,YES,France,country
FRA,Mamie-6,1900,France,YES,France,country
FRA,Marsouin-26,1900,France,YES,France,country
FRA,Marsouin-8,1900,France,YES,France,country
FRA,Martha-1,1900,France,YES,France,country
FRA,Martha-27,1900,France,YES,France,country
FRA,Mascaret-28,1900,France,YES,France,country
FRA,Mascaret-4,1900,France,YES,France,country
FRA,Mignon-29,1900,France,YES,France,country
FRA,Mignon-3,1900,France,YES,France,country
FRA,Nina Claire-2,1900,France,YES,France,country
FRA,Nina Claire-30,1900,France,YES,France,country
FRA,Olle,1900,France,YES,France,country
FRA,Pettit-Poucet-6,1900,France,YES,France,country
FRA,Pierre et Jean-3,1900,France,YES,France,country
FRA,Pierre et Jean-4,1900,France,YES,France,country
FRA,Pirouette-31,1900,France,YES,France,country
FRA,Pirouette-5,1900,France,YES,France,country
FRA,Plume-Patte-5,1900,France,YES,France,country
FRA,Plume-patte-32,1900,France,YES,France,country
FRA,Pupilles de Neptune de Lille #1-3,1900,France,YES,France,country
FRA,Pupilles de Neptune de Lille #2-1,1900,France,YES,France,country
FRA,Pupilles de Neptune de Lille-1,1900,France,YES,France,country
FRA,Quand-Mme-2,1900,France,YES,France,country
FRA,Quand-Mme-33,1900,France,YES,France,country
FRA,Racing Club de France,1900,France,YES,France,country
FRA,Rowing Club Castillon-3,1900,France,YES,France,country
FRA,Rozenn-3,1900,France,YES,France,country
FRA,Sarcelle-3,1900,France,YES,France,country
FRA,Sarcelle-35,1900,France,YES,France,country
FRA,Scamasaxe-2,1900,France,YES,France,country
FRA,Scamasaxe-3,1900,France,YES,France,country
FRA,Scamasaxe-34,1900,France,YES,France,country
FRA,Sidi Fekkar-36,1900,France,YES,France,country
FRA,Sidi-Fekkar-14,1900,France,YES,France,country
FRA,Singy-37,1900,France,YES,France,country
FRA,Singy-7,1900,France,YES,France,country
FRA,Societ Nautique de la Marne,1900,France,YES,France,country
FRA,Societ Nautique de la Marne-1,1900,France,YES,France,country
FRA,Societ Nautique de la Marne-3,1900,France,YES,France,country
FRA,Souriceau-38,1900,France,YES,France,country
FRA,Souriceau-4,1900,France,YES,France,country
FRA,Souvenance,1900,France,YES,France,country
FRA,Stade Franais AC-2,1900,France,YES,France,country
FRA,Suzon IV-39,1900,France,YES,France,country
FRA,Suzon IV-5,1900,France,YES,France,country
FRA,Tornade-16,1900,France,YES,France,country
FRA,Tournade-40,1900,France,YES,France,country
FRA,Tritons Lillois-2,1900,France,YES,France,country
FRA,Turquoise-1,1900,France,YES,France,country
FRA,Turquoise-3,1900,France,YES,France,country
FRA,USFSA,1900,France,YES,France,country
FRA,Union des Socits Franais de Sports Athletiques,1900,France,YES,France,country
FRA,United States/France,1900,France,YES,France,country
FRA,Verveine-19,1900,France,YES,France,country
FRA,Verveine-41,1900,France,YES,France,country
FRA,Chicago Athletic Association,1904,France,YES,France,country
FRA,France,1904,France,YES,France,country
FRA,Camille,1908,France,YES,France,country
FRA,France,1908,France,YES,France,country
FRA,France-1,1908,France,YES,France,country
FRA,France-2,1908,France,YES,France,country
FRA,Guyoni,1908,France,YES,France,country
FRA,France,1912,France,YES,France,country
FRA,Mac Miche,1912,France,YES,France,country
FRA,Socit Nautique de Bayonne,1912,France,YES,France,country
FRA,France,1920,France,YES,France,country
FRA,France-1,1920,France,YES,France,country
FRA,France-2,1920,France,YES,France,country
FRA,France-3,1920,France,YES,France,country
FRA,Rose Pompon,1920,France,YES,France,country
FRA,France,1924,France,YES,France,country
FRA,France-1,1924,France,YES,France,country
FRA,France-2,1924,France,YES,France,country
FRA,Namoussa,1924,France,YES,France,country
FRA,Sandra,1924,France,YES,France,country
FRA,Cupidon Viking,1928,France,YES,France,country
FRA,France,1928,France,YES,France,country
FRA,L'Aile VI,1928,France,YES,France,country
FRA,France,1932,France,YES,France,country
FRA,Tramontane,1932,France,YES,France,country
FRA,EA II,1936,France,YES,France,country
FRA,Fada,1936,France,YES,France,country
FRA,France,1936,France,YES,France,country
FRA,Leipzig,1936,France,YES,France,country
FRA,Qu'Importe,1936,France,YES,France,country
FRA,Allegro,1948,France,YES,France,country
FRA,Aloha II,1948,France,YES,France,country
FRA,France,1948,France,YES,France,country
FRA,LaBandera,1948,France,YES,France,country
FRA,Red Indian,1948,France,YES,France,country
FRA,Damoiselle,1952,France,YES,France,country
FRA,Eissero VI,1952,France,YES,France,country
FRA,France,1952,France,YES,France,country
FRA,Virginie,1952,France,YES,France,country
FRA,France,1956,France,YES,France,country
FRA,Gam II,1956,France,YES,France,country
FRA,Gilliatt V,1956,France,YES,France,country
FRA,Kannibaltje,1956,France,YES,France,country
FRA,Astrid III,1960,France,YES,France,country
FRA,Calypse II,1960,France,YES,France,country
FRA,France,1960,France,YES,France,country
FRA,Frip IV,1960,France,YES,France,country
FRA,Snowten III,1960,France,YES,France,country
FRA,France,1964,France,YES,France,country
FRA,Pigoule,1964,France,YES,France,country
FRA,France,1968,France,YES,France,country
FRA,France,1972,France,YES,France,country
FRA,France,1976,France,YES,France,country
FRA,France,1980,France,YES,France,country
FRA,France,1984,France,YES,France,country
FRA,France,1988,France,YES,France,country
FRA,France,1992,France,YES,France,country
FRA,France-1,1992,France,YES,France,country
FRA,France-2,1992,France,YES,France,country
FRA,France-3,1992,France,YES,France,country
FRA,France,1996,France,YES,France,country
FRA,France-1,1996,France,YES,France,country
FRA,France-2,1996,France,YES,France,country
FRA,France,2000,France,YES,France,country
FRA,France-1,2000,France,YES,France,country
FRA,France-2,2000,France,YES,France,country
FRA,France,2004,France,YES,France,country
FRA,France-1,2004,France,YES,France,country
FRA,France-2,2004,France,YES,France,country
FRA,Calimucho,2008,France,YES,France,country
FRA,Diabolo St Maurice,2008,France,YES,France,country
FRA,France,2008,France,YES,France,country
FRA,France-1,2008,France,YES,France,country
FRA,France-2,2008,France,YES,France,country
FRA,Whitini Star,2008,France,YES,France,country
FRA,France,2012,France,YES,France,country
FRA,France-1,2012,France,YES,France,country
FRA,France-2,2012,France,YES,France,country
FRA,France,2016,France,YES,France,country
FRA,France-1,2016,France,YES,France,country
FRA,France-2,2016,France,YES,France,country
FRA,France,2020,France,YES,France,country
FRA,France,2024,France,YES,France,country
FRG,West Germany,1968,West Germany,YES,West Germany,historical_different
FRG,West Germany,1972,West Germany,YES,West Germany,historical_different
FRG,West Germany-1,1972,West Germany,YES,West Germany,historical_different
FRG,West Germany-2,1972,West Germany,YES,West Germany,historical_different
FRG,West Germany-3,1972,West Germany,YES,West Germany,historical_different
FRG,West Germany,1976,West Germany,YES,West Germany,historical_different
FRG,West Germany,1984,West Germany,YES,West Germany,historical_different
FRG,West Germany,1988,West Germany,YES,West Germany,historical_different
FRG,West Germany-1,1988,West Germany,YES,West Germany,historical_different
FRG,West Germany-2,1988,West Germany,YES,West Germany,historical_different
FSM,Federated States of Micronesia,2000,,NO,Federated States of Micronesia,country
FSM,Federated States of Micronesia,2004,,NO,Federated States of Micronesia,country
FSM,Federated States of Micronesia,2008,,NO,Federated States of Micronesia,country
FSM,Federated States of Micronesia,2012,,NO,Federated States of Micronesia,country
FSM,Federated States of Micronesia,2016,,NO,Federated States of Micronesia,country
FSM,Federated States of Micronesia,2020,,NO,Federated States of Micronesia,country
FSM,Micronesia,2024,,NO,Federated States of Micronesia,country
GAB,Gabon,1972,,NO_DIFF_YEAR,Gabon,country
GAB,Gabon,1984,,NO_DIFF_YEAR,Gabon,country
GAB,Gabon,1988,,NO_DIFF_YEAR,Gabon,country
GAB,Gabon,1992,,NO_DIFF_YEAR,Gabon,country
GAB,Gabon,1996,,NO_DIFF_YEAR,Gabon,country
GAB,Gabon,2000,,NO_DIFF_YEAR,Gabon,country
GAB,Gabon,2004,,NO_DIFF_YEAR,Gabon,country
GAB,Gabon,2008,,NO_DIFF_YEAR,Gabon,country
GAB,Gabon,2012,Gabon,YES,Gabon,country
GAB,Gabon,2016,,NO_DIFF_YEAR,Gabon,country
GAB,Gabon,2020,,NO_DIFF_YEAR,Gabon,country
GAB,Gabon,2024,,NO_DIFF_YEAR,Gabon,country
GAM,Gambia,1984,,NO,The Gambia,country
GAM,Gambia,1988,,NO,The Gambia,country
GAM,Gambia,1992,,NO,The Gambia,country
GAM,Gambia,1996,,NO,The Gambia,country
GAM,Gambia,2000,,NO,The Gambia,country
GAM,Gambia,2004,,NO,The Gambia,country
GAM,Gambia,2008,,NO,The Gambia,country
GAM,Gambia,2012,,NO,The Gambia,country
GAM,Gambia,2016,,NO,The Gambia,country
GAM,The Gambia,2020,,NO,The Gambia,country
GAM,Gambia,2024,,NO,The Gambia,country
GBR,Australia/Great Britain,1896,Great Britain,YES,Great Britain,country
GBR,Great Britain,1896,Great Britain,YES,Great Britain,country
GBR,Great Britain/Germany,1896,Great Britain,YES,Great Britain,country
GBR,Amateur Athletic Association,1900,Great Britain,YES,Great Britain,country
GBR,"BLO Polo Club, Rugby",1900,Great Britain,YES,Great Britain,country
GBR,"Bagatelle Polo Club, Paris",1900,Great Britain,YES,Great Britain,country
GBR,Bohemia/Great Britain,1900,Great Britain,YES,Great Britain,country
GBR,Bona Fide,1900,Great Britain,YES,Great Britain,country
GBR,Brynhild-2,1900,Great Britain,YES,Great Britain,country
GBR,Cicely-1,1900,Great Britain,YES,Great Britain,country
GBR,Devon and Somerset Wanderers,1900,Great Britain,YES,Great Britain,country
GBR,Foxhunters Hurlingham,1900,Great Britain,YES,Great Britain,country
GBR,France/Great Britain,1900,Great Britain,YES,Great Britain,country
GBR,Great Britain,1900,Great Britain,YES,Great Britain,country
GBR,Great Britain-1,1900,Great Britain,YES,Great Britain,country
GBR,Great Britain-2,1900,Great Britain,YES,Great Britain,country
GBR,Laurea-1,1900,Great Britain,YES,Great Britain,country
GBR,Libellule de Paris,1900,Great Britain,YES,Great Britain,country
GBR,Moseley Wanderers,1900,Great Britain,YES,Great Britain,country
GBR,Nan-2,1900,Great Britain,YES,Great Britain,country
GBR,Olle,1900,Great Britain,YES,Great Britain,country
GBR,"Osborne Swimming Club, Manchester",1900,Great Britain,YES,Great Britain,country
GBR,Scotia,1900,Great Britain,YES,Great Britain,country
GBR,Union des Socits Franais de Sports Athletiques,1900,Great Britain,YES,Great Britain,country
GBR,United States/Great Britain,1900,Great Britain,YES,Great Britain,country
GBR,Univ. of Brussels,1900,Great Britain,YES,Great Britain,country
GBR,Upton Park FC,1900,Great Britain,YES,Great Britain,country
GBR,Great Britain,1904,Great Britain,YES,Great Britain,country
GBR,Cambridge University Boat Club-2,1908,Great Britain,YES,Great Britain,country
GBR,Cobweb-1,1908,Great Britain,YES,Great Britain,country
GBR,Cornwall,1908,Great Britain,YES,Great Britain,country
GBR,Dormy-1,1908,Great Britain,YES,Great Britain,country
GBR,Dylan-2,1908,Great Britain,YES,Great Britain,country
GBR,England-1,1908,Great Britain,YES,Great Britain,country
GBR,Great Britain,1908,Great Britain,YES,Great Britain,country
GBR,Great Britain-1,1908,Great Britain,YES,Great Britain,country
GBR,Great Britain-2,1908,Great Britain,YES,Great Britain,country
GBR,Great Britain-3,1908,Great Britain,YES,Great Britain,country
GBR,Great Britain-4,1908,Great Britain,YES,Great Britain,country
GBR,Gyrinus-1,1908,Great Britain,YES,Great Britain,country
GBR,Hera-1,1908,Great Britain,YES,Great Britain,country
GBR,Heroine,1908,Great Britain,YES,Great Britain,country
GBR,Hurlingham-2,1908,Great Britain,YES,Great Britain,country
GBR,Ireland-2,1908,Great Britain,YES,Great Britain,country
GBR,Ireland-3,1908,Great Britain,YES,Great Britain,country
GBR,K Division Metropolitan Police Team-3,1908,Great Britain,YES,Great Britain,country
GBR,Leander Club #1-1,1908,Great Britain,YES,Great Britain,country
GBR,Leander Club #2-2,1908,Great Britain,YES,Great Britain,country
GBR,Leander Club-1,1908,Great Britain,YES,Great Britain,country
GBR,Leander Club-2,1908,Great Britain,YES,Great Britain,country
GBR,Liverpool Police Team-2,1908,Great Britain,YES,Great Britain,country
GBR,London City Police-1,1908,Great Britain,YES,Great Britain,country
GBR,Magdalen College Boat Club-1,1908,Great Britain,YES,Great Britain,country
GBR,Mouchette-2,1908,Great Britain,YES,Great Britain,country
GBR,Quicksilver-2,1908,Great Britain,YES,Great Britain,country
GBR,Roehampton-1,1908,Great Britain,YES,Great Britain,country
GBR,Scotland-3,1908,Great Britain,YES,Great Britain,country
GBR,Sea Dog-2,1908,Great Britain,YES,Great Britain,country
GBR,Sibindi-2,1908,Great Britain,YES,Great Britain,country
GBR,Sorais-2,1908,Great Britain,YES,Great Britain,country
GBR,Wales-4,1908,Great Britain,YES,Great Britain,country
GBR,Wolseley-Siddeley-1,1908,Great Britain,YES,Great Britain,country
GBR,England,1912,Great Britain,YES,Great Britain,country
GBR,England-1,1912,Great Britain,YES,Great Britain,country
GBR,Great Britain,1912,Great Britain,YES,Great Britain,country
GBR,Great Britain-1,1912,Great Britain,YES,Great Britain,country
GBR,Great Britain-2,1912,Great Britain,YES,Great Britain,country
GBR,Great Britain-3,1912,Great Britain,YES,Great Britain,country
GBR,Great Britain-4,1912,Great Britain,YES,Great Britain,country
GBR,Ireland,1912,Great Britain,YES,Great Britain,country
GBR,Ireland-3,1912,Great Britain,YES,Great Britain,country
GBR,Leander Club-1,1912,Great Britain,YES,Great Britain,country
GBR,"New College, Oxford-2",1912,Great Britain,YES,Great Britain,country
GBR,Scotland,1912,Great Britain,YES,Great Britain,country
GBR,Scotland-2,1912,Great Britain,YES,Great Britain,country
GBR,Thames Rowing Club,1912,Great Britain,YES,Great Britain,country
GBR,Ancora,1920,Great Britain,YES,Great Britain,country
GBR,Brat,1920,Great Britain,YES,Great Britain,country
GBR,Great Britain,1920,Great Britain,YES,Great Britain,country
GBR,Great Britain-1,1920,Great Britain,YES,Great Britain,country
GBR,Great Britain-2,1920,Great Britain,YES,Great Britain,country
GBR,Great Britain-3,1920,Great Britain,YES,Great Britain,country
GBR,Great Britain-4,1920,Great Britain,YES,Great Britain,country
GBR,Emily,1924,Great Britain,YES,Great Britain,country
GBR,Great Britain,1924,Great Britain,YES,Great Britain,country
GBR,Great Britain-1,1924,Great Britain,YES,Great Britain,country
GBR,Great Britain-2,1924,Great Britain,YES,Great Britain,country
GBR,Feo,1928,Great Britain,YES,Great Britain,country
GBR,Great Britain,1928,Great Britain,YES,Great Britain,country
GBR,Great Britain,1932,Great Britain,YES,Great Britain,country
GBR,Joy,1932,Great Britain,YES,Great Britain,country
GBR,Great Britain,1936,Great Britain,YES,Great Britain,country
GBR,Lalage,1936,Great Britain,YES,Great Britain,country
GBR,Paka,1936,Great Britain,YES,Great Britain,country
GBR,Potsdam,1936,Great Britain,YES,Great Britain,country
GBR,Saskia,1936,Great Britain,YES,Great Britain,country
GBR,Ceres II,1948,Great Britain,YES,Great Britain,country
GBR,Gem II,1948,Great Britain,YES,Great Britain,country
GBR,Great Britain,1948,Great Britain,YES,Great Britain,country
GBR,Johan,1948,Great Britain,YES,Great Britain,country
GBR,Swift,1948,Great Britain,YES,Great Britain,country
GBR,Fortuna,1952,Great Britain,YES,Great Britain,country
GBR,Great Britain,1952,Great Britain,YES,Great Britain,country
GBR,Sabre,1952,Great Britain,YES,Great Britain,country
GBR,Titia,1952,Great Britain,YES,Great Britain,country
GBR,Unique,1952,Great Britain,YES,Great Britain,country
GBR,Bluebottle,1956,Great Britain,YES,Great Britain,country
GBR,Chuckles,1956,Great Britain,YES,Great Britain,country
GBR,Great Britain,1956,Great Britain,YES,Great Britain,country
GBR,Starlight III,1956,Great Britain,YES,Great Britain,country
GBR,Vision,1956,Great Britain,YES,Great Britain,country
GBR,Beaver,1960,Great Britain,YES,Great Britain,country
GBR,Great Britain,1960,Great Britain,YES,Great Britain,country
GBR,Salamander,1960,Great Britain,YES,Great Britain,country
GBR,Twinkle,1960,Great Britain,YES,Great Britain,country
GBR,Yeoman VII,1960,Great Britain,YES,Great Britain,country
GBR,Andromeda,1964,Great Britain,YES,Great Britain,country
GBR,Great Britain,1964,Great Britain,YES,Great Britain,country
GBR,Lady C,1964,Great Britain,YES,Great Britain,country
GBR,Yeoman XII,1964,Great Britain,YES,Great Britain,country
GBR,Great Britain,1968,Great Britain,YES,Great Britain,country
GBR,Great Britain,1972,Great Britain,YES,Great Britain,country
GBR,Great Britain-1,1972,Great Britain,YES,Great Britain,country
GBR,Great Britain-2,1972,Great Britain,YES,Great Britain,country
GBR,Great Britain,1976,Great Britain,YES,Great Britain,country
GBR,Great Britain,1980,Great Britain,YES,Great Britain,country
GBR,Great Britain,1984,Great Britain,YES,Great Britain,country
GBR,Great Britain,1988,Great Britain,YES,Great Britain,country
GBR,Great Britain-1,1988,Great Britain,YES,Great Britain,country
GBR,Great Britain-2,1988,Great Britain,YES,Great Britain,country
GBR,Great Britain,1992,Great Britain,YES,Great Britain,country
GBR,Great Britain-1,1992,Great Britain,YES,Great Britain,country
GBR,Great Britain-2,1992,Great Britain,YES,Great Britain,country
GBR,Great Britain,1996,Great Britain,YES,Great Britain,country
GBR,Great Britain-1,1996,Great Britain,YES,Great Britain,country
GBR,Great Britain-2,1996,Great Britain,YES,Great Britain,country
GBR,Great Britain,2000,Great Britain,YES,Great Britain,country
GBR,Great Britain-1,2000,Great Britain,YES,Great Britain,country
GBR,Great Britain-2,2000,Great Britain,YES,Great Britain,country
GBR,Great Britain,2004,Great Britain,YES,Great Britain,country
GBR,Great Britain-1,2004,Great Britain,YES,Great Britain,country
GBR,Great Britain-2,2004,Great Britain,YES,Great Britain,country
GBR,Great Britain,2008,Great Britain,YES,Great Britain,country
GBR,Great Britain-1,2008,Great Britain,YES,Great Britain,country
GBR,Great Britain-2,2008,Great Britain,YES,Great Britain,country
GBR,Lancet,2008,Great Britain,YES,Great Britain,country
GBR,Lucky Star,2008,Great Britain,YES,Great Britain,country
GBR,Mistral Hojris,2008,Great Britain,YES,Great Britain,country
GBR,Great Britain,2012,Great Britain,YES,Great Britain,country
GBR,Great Britain-1,2012,Great Britain,YES,Great Britain,country
GBR,Great Britain-2,2012,Great Britain,YES,Great Britain,country
GBR,Great Britain,2016,Great Britain,YES,Great Britain,country
GBR,Great Britain-1,2016,Great Britain,YES,Great Britain,country
GBR,Great Britain-2,2016,Great Britain,YES,Great Britain,country
GBR,Great Britain,2020,Great Britain,YES,Great Britain,country
GBR,Great Britain,2024,Great Britain,YES,Great Britain,country
GBS,Guinea Bissau,1996,,NO,Guinea Bissau,historical_different
GBS,Guinea Bissau,2000,,NO,Guinea Bissau,historical_different
GBS,Guinea Bissau,2004,,NO,Guinea Bissau,historical_different
GBS,Guinea Bissau,2008,,NO,Guinea Bissau,historical_different
GBS,Guinea Bissau,2012,,NO,Guinea Bissau,historical_different
GBS,Guinea Bissau,2016,,NO,Guinea Bissau,historical_different
GBS,Guinea-Bissau,2020,,NO,Guinea Bissau,historical_different
GBS,Guinea-Bissau,2024,,NO,Guinea Bissau,historical_different
GDR,East Germany,1968,East Germany,YES,East Germany,historical_different
GDR,East Germany,1972,East Germany,YES,East Germany,historical_different
GDR,East Germany-1,1972,East Germany,YES,East Germany,historical_different
GDR,East Germany-2,1972,East Germany,YES,East Germany,historical_different
GDR,East Germany-3,1972,East Germany,YES,East Germany,historical_different
GDR,East Germany,1976,East Germany,YES,East Germany,historical_different
GDR,East Germany,1980,East Germany,YES,East Germany,historical_different
GDR,East Germany,1988,East Germany,YES,East Germany,historical_different
GEO,Georgia,1996,Georgia,YES,Georgia,country
GEO,Georgia,2000,Georgia,YES,Georgia,country
GEO,Georgia,2004,Georgia,YES,Georgia,country
GEO,Georgia,2008,Georgia,YES,Georgia,country
GEO,Georgia,2012,Georgia,YES,Georgia,country
GEO,Georgia,2016,Georgia,YES,Georgia,country
GEO,Georgia,2020,Georgia,YES,Georgia,country
GEO,Georgia,2024,Georgia,YES,Georgia,country
GEQ,Equatorial Guinea,1984,,NO,Equatorial Guinea,country
GEQ,Equatorial Guinea,1988,,NO,Equatorial Guinea,country
GEQ,Equatorial Guinea,1992,,NO,Equatorial Guinea,country
GEQ,Equatorial Guinea,1996,,NO,Equatorial Guinea,country
GEQ,Equatorial Guinea,2000,,NO,Equatorial Guinea,country
GEQ,Equatorial Guinea,2004,,NO,Equatorial Guinea,country
GEQ,Equatorial Guinea,2008,,NO,Equatorial Guinea,country
GEQ,Equatorial Guinea,2012,,NO,Equatorial Guinea,country
GEQ,Equatorial Guinea,2016,,NO,Equatorial Guinea,country
GEQ,Equatorial Guinea,2020,,NO,Equatorial Guinea,country
GEQ,Equatorial Guinea,2024,,NO,Equatorial Guinea,country
GER,Germany,1896,Germany,YES,Germany,country
GER,Great Britain/Germany,1896,Germany,YES,Germany,country
GER,Aschenbrodel,1900,Germany,YES,Germany,country
GER,Deutscher Schwimm Verband Berlin,1900,Germany,YES,Germany,country
GER,Favorite Hammonia-3,1900,Germany,YES,Germany,country
GER,Frankfurt Club,1900,Germany,YES,Germany,country
GER,"Germania Ruder Club, Hamburg",1900,Germany,YES,Germany,country
GER,"Germania Ruder Club, Hamburg-2",1900,Germany,YES,Germany,country
GER,Germany,1900,Germany,YES,Germany,country
GER,Germany-1,1900,Germany,YES,Germany,country
GER,Ludwigshafener Ruder Verein-1,1900,Germany,YES,Germany,country
GER,Germany,1904,Germany,YES,Germany,country
GER,Germany/United States,1904,Germany,YES,Germany,country
GER,"South St Louis Turnverein, St Louis",1904,Germany,YES,Germany,country
GER,St. Louis Southwest Turnverein #2-3,1904,Germany,YES,Germany,country
GER,"Turnverein Vorwrts, Chicago",1904,Germany,YES,Germany,country
GER,Berliner Ruderclub,1908,Germany,YES,Germany,country
GER,Germany,1908,Germany,YES,Germany,country
GER,Germany-1,1908,Germany,YES,Germany,country
GER,Germany-2,1908,Germany,YES,Germany,country
GER,Berliner Ruderclub Sport-Borussia-1,1912,Germany,YES,Germany,country
GER,Berliner Ruderverein von 1876-2,1912,Germany,YES,Germany,country
GER,Germany,1912,Germany,YES,Germany,country
GER,Germany-1,1912,Germany,YES,Germany,country
GER,Germany-2,1912,Germany,YES,Germany,country
GER,Ludwigshafener Ruderverein,1912,Germany,YES,Germany,country
GER,Germany,1928,Germany,YES,Germany,country
GER,Pan,1928,Germany,YES,Germany,country
GER,Germany,1932,Germany,YES,Germany,country
GER,Germania II,1936,Germany,YES,Germany,country
GER,Germany,1936,Germany,YES,Germany,country
GER,Gustel V,1936,Germany,YES,Germany,country
GER,Rostock,1936,Germany,YES,Germany,country
GER,Wannsee,1936,Germany,YES,Germany,country
GER,Germany,1952,Germany,YES,Germany,country
GER,Gustel X,1952,Germany,YES,Germany,country
GER,Nirwana,1952,Germany,YES,Germany,country
GER,Paka V,1952,Germany,YES,Germany,country
GER,Tom Kyle,1952,Germany,YES,Germany,country
GER,Germany,1956,United Team of Germany,YES,Germany,country
GER,Gustl XI,1956,United Team of Germany,YES,Germany,country
GER,Tilly,1956,United Team of Germany,YES,Germany,country
GER,Wendehals,1956,United Team of Germany,YES,Germany,country
GER,Bellatrix IX,1960,United Team of Germany,YES,Germany,country
GER,Bronia,1960,United Team of Germany,YES,Germany,country
GER,Dinah V,1960,United Team of Germany,YES,Germany,country
GER,Germany,1960,United Team of Germany,YES,Germany,country
GER,Macky VI,1960,United Team of Germany,YES,Germany,country
GER,Bellatrix XIII,1964,United Team of Germany,YES,Germany,country
GER,Germany,1964,United Team of Germany,YES,Germany,country
GER,Mutafo,1964,United Team of Germany,YES,Germany,country
GER,Subbnboana,1964,United Team of Germany,YES,Germany,country
GER,Tantalus,1964,United Team of Germany,YES,Germany,country
GER,Germany,1992,Germany,YES,Germany,country
GER,Germany-1,1992,Germany,YES,Germany,country
GER,Germany-2,1992,Germany,YES,Germany,country
GER,Germany-3,1992,Germany,YES,Germany,country
GER,Germany,1996,Germany,YES,Germany,country
GER,Germany-1,1996,Germany,YES,Germany,country
GER,Germany-2,1996,Germany,YES,Germany,country
GER,Germany,2000,Germany,YES,Germany,country
GER,Germany-1,2000,Germany,YES,Germany,country
GER,Germany-2,2000,Germany,YES,Germany,country
GER,Germany,2004,Germany,YES,Germany,country
GER,Germany-1,2004,Germany,YES,Germany,country
GER,Germany-2,2004,Germany,YES,Germany,country
GER,Bonaparte,2008,Germany,YES,Germany,country
GER,Elvis Va,2008,Germany,YES,Germany,country
GER,Germany,2008,Germany,YES,Germany,country
GER,Germany-1,2008,Germany,YES,Germany,country
GER,Germany-2,2008,Germany,YES,Germany,country
GER,Satchmo,2008,Germany,YES,Germany,country
GER,Germany,2012,Germany,YES,Germany,country
GER,Germany-1,2012,Germany,YES,Germany,country
GER,Germany-2,2012,Germany,YES,Germany,country
GER,Germany,2016,Germany,YES,Germany,country
GER,Germany-1,2016,Germany,YES,Germany,country
GER,Germany-2,2016,Germany,YES,Germany,country
GER,Germany,2020,Germany,YES,Germany,country
GER,Germany,2024,Germany,YES,Germany,country
GHA,Ghana,1952,,NO_DIFF_YEAR,Ghana,country
GHA,Ghana,1960,Ghana,YES,Ghana,country
GHA,Ghana,1964,Ghana,YES,Ghana,country
GHA,Ghana,1968,,NO_DIFF_YEAR,Ghana,country
GHA,Ghana,1972,Ghana,YES,Ghana,country
GHA,Ghana,1984,,NO_DIFF_YEAR,Ghana,country
GHA,Ghana,1988,,NO_DIFF_YEAR,Ghana,country
GHA,Ghana,1992,Ghana,YES,Ghana,country
GHA,Ghana,1996,,NO_DIFF_YEAR,Ghana,country
GHA,Ghana,2000,,NO_DIFF_YEAR,Ghana,country
GHA,Ghana,2004,,NO_DIFF_YEAR,Ghana,country
GHA,Ghana,2008,,NO_DIFF_YEAR,Ghana,country
GHA,Ghana,2012,,NO_DIFF_YEAR,Ghana,country
GHA,Ghana,2016,,NO_DIFF_YEAR,Ghana,country
GHA,Ghana,2020,Ghana,YES,Ghana,country
GHA,Ghana,2024,,NO_DIFF_YEAR,Ghana,country
GRE,Ethnikos Gymnastikos Syllogos,1896,Greece,YES,Greece,country
GRE,Greece,1896,Greece,YES,Greece,country
GRE,Greece-1,1896,Greece,YES,Greece,country
GRE,Greece-2,1896,Greece,YES,Greece,country
GRE,Greece-3,1896,Greece,YES,Greece,country
GRE,Greece,1900,,NO_DIFF_YEAR,Greece,country
GRE,Greece,1904,Greece,YES,Greece,country
GRE,Pan-Hellenic Athletic Club,1904,Greece,YES,Greece,country
GRE,Greece,1908,Greece,YES,Greece,country
GRE,Greece,1912,Greece,YES,Greece,country
GRE,Greece,1920,Greece,YES,Greece,country
GRE,Greece,1924,,NO_DIFF_YEAR,Greece,country
GRE,Greece,1928,,NO_DIFF_YEAR,Greece,country
GRE,Greece,1932,,NO_DIFF_YEAR,Greece,country
GRE,Greece,1936,,NO_DIFF_YEAR,Greece,country
GRE,Greece,1948,,NO_DIFF_YEAR,Greece,country
GRE,Nephos I,1948,,NO_DIFF_YEAR,Greece,country
GRE,Greece,1952,,NO_DIFF_YEAR,Greece,country
GRE,Marie-Tim,1952,,NO_DIFF_YEAR,Greece,country
GRE,Greece,1956,Greece,YES,Greece,country
GRE,Nikh,1956,Greece,YES,Greece,country
GRE,Greece,1960,Greece,YES,Greece,country
GRE,Nirefs,1960,Greece,YES,Greece,country
GRE,Olympion,1960,Greece,YES,Greece,country
GRE,Zefyros,1960,Greece,YES,Greece,country
GRE,Greece,1964,,NO_DIFF_YEAR,Greece,country
GRE,Proteus II,1964,,NO_DIFF_YEAR,Greece,country
GRE,Greece,1968,Greece,YES,Greece,country
GRE,Greece,1972,Greece,YES,Greece,country
GRE,Greece,1976,,NO_DIFF_YEAR,Greece,country
GRE,Greece,1980,Greece,YES,Greece,country
GRE,Greece,1984,Greece,YES,Greece,country
GRE,Greece,1988,Greece,YES,Greece,country
GRE,Greece,1992,Greece,YES,Greece,country
GRE,Greece,1996,Greece,YES,Greece,country
GRE,Greece,2000,Greece,YES,Greece,country
GRE,Greece,2004,Greece,YES,Greece,country
GRE,Greece-1,2004,Greece,YES,Greece,country
GRE,Greece-2,2004,Greece,YES,Greece,country
GRE,Greece,2008,Greece,YES,Greece,country
GRE,Greece-1,2008,Greece,YES,Greece,country
GRE,Greece-2,2008,Greece,YES,Greece,country
GRE,Greece,2012,Greece,YES,Greece,country
GRE,Greece,2016,Greece,YES,Greece,country
GRE,Greece,2020,Greece,YES,Greece,country
GRE,Greece,2024,Greece,YES,Greece,country
GRN,Grenada,1984,,NO_DIFF_YEAR,Grenada,country
GRN,Grenada,1988,,NO_DIFF_YEAR,Grenada,country
GRN,Grenada,1992,,NO_DIFF_YEAR,Grenada,country
GRN,Grenada,1996,,NO_DIFF_YEAR,Grenada,country
GRN,Grenada,2000,,NO_DIFF_YEAR,Grenada,country
GRN,Grenada,2004,,NO_DIFF_YEAR,Grenada,country
GRN,Grenada,2008,,NO_DIFF_YEAR,Grenada,country
GRN,Grenada,2012,Grenada,YES,Grenada,country
GRN,Grenada,2016,Grenada,YES,Grenada,country
GRN,Grenada,2020,Grenada,YES,Grenada,country
GRN,Grenada,2024,Grenada,YES,Grenada,country
GUA,Guatemala,1932,,NO_DIFF_YEAR,Guatemala,country
GUA,Guatemala,1952,,NO_DIFF_YEAR,Guatemala,country
GUA,Guatemala,1968,,NO_DIFF_YEAR,Guatemala,country
GUA,Guatemala,1972,,NO_DIFF_YEAR,Guatemala,country
GUA,Guatemala,1976,,NO_DIFF_YEAR,Guatemala,country
GUA,Guatemala,1980,,NO_DIFF_YEAR,Guatemala,country
GUA,Guatemala,1984,,NO_DIFF_YEAR,Guatemala,country
GUA,Guatemala,1988,,NO_DIFF_YEAR,Guatemala,country
GUA,Guatemala,1992,,NO_DIFF_YEAR,Guatemala,country
GUA,Guatemala,1996,,NO_DIFF_YEAR,Guatemala,country
GUA,Guatemala,2000,,NO_DIFF_YEAR,Guatemala,country
GUA,Guatemala,2004,,NO_DIFF_YEAR,Guatemala,country
GUA,Guatemala,2008,,NO_DIFF_YEAR,Guatemala,country
GUA,Guatemala,2012,Guatemala,YES,Guatemala,country
GUA,Guatemala,2016,,NO_DIFF_YEAR,Guatemala,country
GUA,Guatemala,2020,,NO_DIFF_YEAR,Guatemala,country
GUA,Guatemala,2024,Guatemala,YES,Guatemala,country
GUI,Guinea,1968,,NO,Guinea,country
GUI,Guinea,1980,,NO,Guinea,country
GUI,Guinea,1984,,NO,Guinea,country
GUI,Guinea,1988,,NO,Guinea,country
GUI,Guinea,1992,,NO,Guinea,country
GUI,Guinea,1996,,NO,Guinea,country
GUI,Guinea,2000,,NO,Guinea,country
GUI,Guinea,2004,,NO,Guinea,country
GUI,Guinea,2008,,NO,Guinea,country
GUI,Guinea,2012,,NO,Guinea,country
GUI,Guinea,2016,,NO,Guinea,country
GUI,Guinea,2020,,NO,Guinea,country
GUI,Guinea,2024,,NO,Guinea,country
GUM,Guam,1988,,NO,Guam,country
GUM,Guam,1992,,NO,Guam,country
GUM,Guam,1996,,NO,Guam,country
GUM,Guam,2000,,NO,Guam,country
GUM,Guam,2004,,NO,Guam,country
GUM,Guam,2008,,NO,Guam,country
GUM,Guam,2012,,NO,Guam,country
GUM,Guam,2016,,NO,Guam,country
GUM,Guam,2020,,NO,Guam,country
GUM,Guam,2024,,NO,Guam,country
GUY,Guyana,1948,,NO_DIFF_YEAR,Guyana,country
GUY,Guyana,1952,,NO_DIFF_YEAR,Guyana,country
GUY,Guyana,1956,,NO_DIFF_YEAR,Guyana,country
GUY,Guyana,1960,,NO_DIFF_YEAR,Guyana,country
GUY,Guyana,1964,,NO_DIFF_YEAR,Guyana,country
GUY,Guyana,1968,,NO_DIFF_YEAR,Guyana,country
GUY,Guyana,1972,,NO_DIFF_YEAR,Guyana,country
GUY,Guyana,1980,Guyana,YES,Guyana,country
GUY,Guyana,1984,,NO_DIFF_YEAR,Guyana,country
GUY,Guyana,1988,,NO_DIFF_YEAR,Guyana,country
GUY,Guyana,1992,,NO_DIFF_YEAR,Guyana,country
GUY,Guyana,1996,,NO_DIFF_YEAR,Guyana,country
GUY,Guyana,2000,,NO_DIFF_YEAR,Guyana,country
GUY,Guyana,2004,,NO_DIFF_YEAR,Guyana,country
GUY,Guyana,2008,,NO_DIFF_YEAR,Guyana,country
GUY,Guyana,2012,,NO_DIFF_YEAR,Guyana,country
GUY,Guyana,2016,,NO_DIFF_YEAR,Guyana,country
GUY,Guyana,2020,,NO_DIFF_YEAR,Guyana,country
GUY,Guyana,2024,,NO_DIFF_YEAR,Guyana,country
HAI,Haiti,1900,,NO_DIFF_YEAR,Haiti,country
HAI,Union des Socits Franais de Sports Athletiques,1900,,NO_DIFF_YEAR,Haiti,country
HAI,Haiti,1924,Haiti,YES,Haiti,country
HAI,Haiti,1928,Haiti,YES,Haiti,country
HAI,Haiti,1932,,NO_DIFF_YEAR,Haiti,country
HAI,Haiti,1960,,NO_DIFF_YEAR,Haiti,country
HAI,Haiti,1972,,NO_DIFF_YEAR,Haiti,country
HAI,Haiti,1976,,NO_DIFF_YEAR,Haiti,country
HAI,Haiti,1984,,NO_DIFF_YEAR,Haiti,country
HAI,Haiti,1988,,NO_DIFF_YEAR,Haiti,country
HAI,Haiti,1992,,NO_DIFF_YEAR,Haiti,country
HAI,Haiti,1996,,NO_DIFF_YEAR,Haiti,country
HAI,Haiti,2000,,NO_DIFF_YEAR,Haiti,country
HAI,Haiti,2004,,NO_DIFF_YEAR,Haiti,country
HAI,Haiti,2008,,NO_DIFF_YEAR,Haiti,country
HAI,Haiti,2012,,NO_DIFF_YEAR,Haiti,country
HAI,Haiti,2016,,NO_DIFF_YEAR,Haiti,country
HAI,Haiti,2020,,NO_DIFF_YEAR,Haiti,country
HAI,Haiti,2024,,NO_DIFF_YEAR,Haiti,country
HKG,Hong Kong,1952,,NO_DIFF_YEAR,Hong Kong,country
HKG,Hong Kong,1956,,NO_DIFF_YEAR,Hong Kong,country
HKG,Hong Kong,1960,,NO_DIFF_YEAR,Hong Kong,country
HKG,Hong Kong,1964,,NO_DIFF_YEAR,Hong Kong,country
HKG,Phoenix,1964,,NO_DIFF_YEAR,Hong Kong,country
HKG,Hong Kong,1968,,NO_DIFF_YEAR,Hong Kong,country
HKG,Hong Kong,1972,,NO_DIFF_YEAR,Hong Kong,country
HKG,Hong Kong,1976,,NO_DIFF_YEAR,Hong Kong,country
HKG,Hong Kong,1984,,NO_DIFF_YEAR,Hong Kong,country
HKG,Hong Kong,1988,,NO_DIFF_YEAR,Hong Kong,country
HKG,Hong Kong-1,1988,,NO_DIFF_YEAR,Hong Kong,country
HKG,Hong Kong-2,1988,,NO_DIFF_YEAR,Hong Kong,country
HKG,Hong Kong,1992,,NO_DIFF_YEAR,Hong Kong,country
HKG,Hong Kong,1996,Hong Kong,YES,Hong Kong,country
HKG,Hong Kong,2000,,NO_DIFF_YEAR,Hong Kong,country
HKG,Hong Kong,2004,Hong Kong,YES,Hong Kong,country
HKG,Hong Kong-1,2004,Hong Kong,YES,Hong Kong,country
HKG,Hong Kong-2,2004,Hong Kong,YES,Hong Kong,country
HKG,Hong Kong,2008,,NO_DIFF_YEAR,Hong Kong,country
HKG,Hong Kong,2012,Hong Kong,YES,Hong Kong,country
HKG,Hong Kong,2016,,NO_DIFF_YEAR,Hong Kong,country
HKG,"Hong Kong, China",2020,Hong Kong,YES,Hong Kong,country
HKG,"Hong Kong, China",2024,Hong Kong,YES,Hong Kong,country
HON,Honduras,1968,,NO,Honduras,country
HON,Honduras,1976,,NO,Honduras,country
HON,Honduras,1984,,NO,Honduras,country
HON,Honduras,1988,,NO,Honduras,country
HON,Honduras,1992,,NO,Honduras,country
HON,Honduras,1996,,NO,Honduras,country
HON,Honduras,2000,,NO,Honduras,country
HON,Honduras,2004,,NO,Honduras,country
HON,Honduras,2008,,NO,Honduras,country
HON,Honduras,2012,,NO,Honduras,country
HON,Honduras,2016,,NO,Honduras,country
HON,Honduras,2020,,NO,Honduras,country
HON,Honduras,2024,,NO,Honduras,country
HUN,Hungary,1896,Hungary,YES,Hungary,country
HUN,Hungary,1900,Hungary,YES,Hungary,country
HUN,Hungary,1904,Hungary,YES,Hungary,country
HUN,Hungary,1908,Hungary,YES,Hungary,country
HUN,Pannonia RC/National RC,1908,Hungary,YES,Hungary,country
HUN,Hungaria Evezos Egylet,1912,Hungary,YES,Hungary,country
HUN,Hungary,1912,Hungary,YES,Hungary,country
HUN,Hungary-2,1912,Hungary,YES,Hungary,country
HUN,Hungary-3,1912,Hungary,YES,Hungary,country
HUN,Hungary,1924,Hungary,YES,Hungary,country
HUN,Hungary-1,1924,Hungary,YES,Hungary,country
HUN,Hungary-2,1924,Hungary,YES,Hungary,country
HUN,Hungaria,1928,Hungary,YES,Hungary,country
HUN,Hungary,1928,Hungary,YES,Hungary,country
HUN,Hungary,1932,Hungary,YES,Hungary,country
HUN,Hungary,1936,Hungary,YES,Hungary,country
HUN,Knigsberg,1936,Hungary,YES,Hungary,country
HUN,Hungary,1948,Hungary,YES,Hungary,country
HUN,Hungary,1952,Hungary,YES,Hungary,country
HUN,Hungary,1956,Hungary,YES,Hungary,country
HUN,Balaton,1960,Hungary,YES,Hungary,country
HUN,Hungary,1960,Hungary,YES,Hungary,country
HUN,Olimpia,1960,Hungary,YES,Hungary,country
HUN,Hungary,1964,Hungary,YES,Hungary,country
HUN,Hungary,1968,Hungary,YES,Hungary,country
HUN,Hungary,1972,Hungary,YES,Hungary,country
HUN,Hungary,1976,Hungary,YES,Hungary,country
HUN,Hungary,1980,Hungary,YES,Hungary,country
HUN,Hungary,1988,Hungary,YES,Hungary,country
HUN,Hungary,1992,Hungary,YES,Hungary,country
HUN,Hungary,1996,Hungary,YES,Hungary,country
HUN,Hungary,2000,Hungary,YES,Hungary,country
HUN,Hungary,2004,Hungary,YES,Hungary,country
HUN,Hungary-1,2004,Hungary,YES,Hungary,country
HUN,Hungary-2,2004,Hungary,YES,Hungary,country
HUN,Hungary,2008,Hungary,YES,Hungary,country
HUN,Hungary,2012,Hungary,YES,Hungary,country
HUN,Hungary,2016,Hungary,YES,Hungary,country
HUN,Hungary,2020,Hungary,YES,Hungary,country
HUN,Hungary,2024,Hungary,YES,Hungary,country
INA,Indonesia,1952,,NO_DIFF_YEAR,Indonesia,country
INA,Indonesia,1956,,NO_DIFF_YEAR,Indonesia,country
INA,Indonesia,1960,,NO_DIFF_YEAR,Indonesia,country
INA,Partenope,1960,,NO_DIFF_YEAR,Indonesia,country
INA,Tengiri,1960,,NO_DIFF_YEAR,Indonesia,country
INA,Indonesia,1968,,NO_DIFF_YEAR,Indonesia,country
INA,Indonesia,1972,,NO_DIFF_YEAR,Indonesia,country
INA,Indonesia,1976,,NO_DIFF_YEAR,Indonesia,country
INA,Indonesia,1984,,NO_DIFF_YEAR,Indonesia,country
INA,Indonesia,1988,Indonesia,YES,Indonesia,country
INA,Indonesia,1992,Indonesia,YES,Indonesia,country
INA,Indonesia-1,1992,Indonesia,YES,Indonesia,country
INA,Indonesia-2,1992,Indonesia,YES,Indonesia,country
INA,Indonesia,1996,Indonesia,YES,Indonesia,country
INA,Indonesia-1,1996,Indonesia,YES,Indonesia,country
INA,Indonesia-2,1996,Indonesia,YES,Indonesia,country
INA,Indonesia,2000,Indonesia,YES,Indonesia,country
INA,Indonesia-1,2000,Indonesia,YES,Indonesia,country
INA,Indonesia-2,2000,Indonesia,YES,Indonesia,country
INA,Indonesia,2004,Indonesia,YES,Indonesia,country
INA,Indonesia-1,2004,Indonesia,YES,Indonesia,country
INA,Indonesia-2,2004,Indonesia,YES,Indonesia,country
INA,Indonesia,2008,Indonesia,YES,Indonesia,country
INA,Indonesia-1,2008,Indonesia,YES,Indonesia,country
INA,Indonesia-2,2008,Indonesia,YES,Indonesia,country
INA,Indonesia,2012,Indonesia,YES,Indonesia,country
INA,Indonesia,2016,Indonesia,YES,Indonesia,country
INA,Indonesia-1,2016,Indonesia,YES,Indonesia,country
INA,Indonesia-2,2016,Indonesia,YES,Indonesia,country
INA,Indonesia,2020,Indonesia,YES,Indonesia,country
INA,Indonesia,2024,Indonesia,YES,Indonesia,country
IND,India,1900,India,YES,India,country
IND,India,1920,,NO_DIFF_YEAR,India,country
IND,India,1924,,NO_DIFF_YEAR,India,country
IND,India-1,1924,,NO_DIFF_YEAR,India,country
IND,India-2,1924,,NO_DIFF_YEAR,India,country
IND,India,1928,India,YES,India,country
IND,India,1932,India,YES,India,country
IND,India,1936,India,YES,India,country
IND,India,1948,India,YES,India,country
IND,India,1952,India,YES,India,country
IND,India,1956,India,YES,India,country
IND,India,1960,India,YES,India,country
IND,India,1964,India,YES,India,country
IND,India,1968,India,YES,India,country
IND,India,1972,India,YES,India,country
IND,India,1976,,NO_DIFF_YEAR,India,country
IND,India,1980,India,YES,India,country
IND,India,1984,,NO_DIFF_YEAR,India,country
IND,India,1988,,NO_DIFF_YEAR,India,country
IND,India,1992,,NO_DIFF_YEAR,India,country
IND,India,1996,India,YES,India,country
IND,India,2000,India,YES,India,country
IND,India,2004,India,YES,India,country
IND,India,2008,India,YES,India,country
IND,India,2012,India,YES,India,country
IND,India-1,2012,India,YES,India,country
IND,India-2,2012,India,YES,India,country
IND,India,2016,India,YES,India,country
IND,India,2020,India,YES,India,country
IND,India,2024,India,YES,India,country
IOA,Individual Olympic Athletes,1992,,NO,Individual Olympic Athletes,special
IOA,Individual Olympic Athletes,2000,,NO,Individual Olympic Athletes,special
IOA,Individual Olympic Athletes,2012,,NO,Individual Olympic Athletes,special
IOA,Individual Olympic Athletes,2016,Independent Olympic Athletes,YES,Individual Olympic Athletes,special
IOP,,1992,Independent Olympic Participants,YES,Independent Olympic Participants,special
IRI,Iran,1900,,NO_DIFF_YEAR,Iran,country
IRI,Iran,1948,Iran,YES,Iran,country
IRI,Iran,1952,Iran,YES,Iran,country
IRI,Iran,1956,Iran,YES,Iran,country
IRI,Iran,1960,Iran,YES,Iran,country
IRI,Iran,1964,Iran,YES,Iran,country
IRI,Iran,1968,Iran,YES,Iran,country
IRI,Iran,1972,Iran,YES,Iran,country
IRI,Iran,1976,Iran,YES,Iran,country
IRI,Iran,1988,Iran,YES,Iran,country
IRI,Iran,1992,Iran,YES,Iran,country
IRI,Iran,1996,Iran,YES,Iran,country
IRI,Iran,2000,Iran,YES,Iran,country
IRI,Iran,2004,Iran,YES,Iran,country
IRI,Iran,2008,Iran,YES,Iran,country
IRI,Iran,2012,Iran,YES,Iran,country
IRI,Iran,2016,Iran,YES,Iran,country
IRI,Iran,2020,Iran,YES,Iran,country
IRI,IR Iran,2024,Iran,YES,Iran,country
IRL,Ireland,1924,,NO_DIFF_YEAR,Ireland,country
IRL,Ireland-1,1924,,NO_DIFF_YEAR,Ireland,country
IRL,Ireland-2,1924,,NO_DIFF_YEAR,Ireland,country
IRL,Ireland,1928,Ireland,YES,Ireland,country
IRL,Ireland,1932,Ireland,YES,Ireland,country
IRL,Ireland,1948,,NO_DIFF_YEAR,Ireland,country
IRL,The Cloud,1948,,NO_DIFF_YEAR,Ireland,country
IRL,Ireland,1952,Ireland,YES,Ireland,country
IRL,Ireland,1956,Ireland,YES,Ireland,country
IRL,Aletta,1960,,NO_DIFF_YEAR,Ireland,country
IRL,Ireland,1960,,NO_DIFF_YEAR,Ireland,country
IRL,Three Leaves,1960,,NO_DIFF_YEAR,Ireland,country
IRL,Akatonbo,1964,Ireland,YES,Ireland,country
IRL,Ireland,1964,Ireland,YES,Ireland,country
IRL,Ireland,1968,,NO_DIFF_YEAR,Ireland,country
IRL,Ireland,1972,,NO_DIFF_YEAR,Ireland,country
IRL,Ireland,1976,,NO_DIFF_YEAR,Ireland,country
IRL,Ireland,1980,Ireland,YES,Ireland,country
IRL,Ireland,1984,Ireland,YES,Ireland,country
IRL,Ireland,1988,,NO_DIFF_YEAR,Ireland,country
IRL,Ireland,1992,Ireland,YES,Ireland,country
IRL,Ireland,1996,Ireland,YES,Ireland,country
IRL,Ireland,2000,Ireland,YES,Ireland,country
IRL,Ireland,2004,,NO_DIFF_YEAR,Ireland,country
IRL,Ireland,2008,Ireland,YES,Ireland,country
IRL,Ireland,2012,Ireland,YES,Ireland,country
IRL,Ireland,2016,Ireland,YES,Ireland,country
IRL,Ireland,2020,Ireland,YES,Ireland,country
IRL,Ireland,2024,Ireland,YES,Ireland,country
IRQ,Iraq,1948,,NO_DIFF_YEAR,Iraq,country
IRQ,Iraq,1960,Iraq,YES,Iraq,country
IRQ,Iraq,1964,,NO_DIFF_YEAR,Iraq,country
IRQ,Iraq,1968,,NO_DIFF_YEAR,Iraq,country
IRQ,Iraq,1980,,NO_DIFF_YEAR,Iraq,country
IRQ,Iraq,1984,,NO_DIFF_YEAR,Iraq,country
IRQ,Iraq,1988,,NO_DIFF_YEAR,Iraq,country
IRQ,Iraq,1992,,NO_DIFF_YEAR,Iraq,country
IRQ,Iraq,1996,,NO_DIFF_YEAR,Iraq,country
IRQ,Iraq,2000,,NO_DIFF_YEAR,Iraq,country
IRQ,Iraq,2004,,NO_DIFF_YEAR,Iraq,country
IRQ,Iraq,2008,,NO_DIFF_YEAR,Iraq,country
IRQ,Iraq,2012,,NO_DIFF_YEAR,Iraq,country
IRQ,Iraq,2016,,NO_DIFF_YEAR,Iraq,country
IRQ,Iraq,2020,,NO_DIFF_YEAR,Iraq,country
IRQ,Iraq,2024,,NO_DIFF_YEAR,Iraq,country
ISL,Iceland,1908,,NO_DIFF_YEAR,Iceland,country
ISL,Iceland,1912,,NO_DIFF_YEAR,Iceland,country
ISL,Iceland,1936,,NO_DIFF_YEAR,Iceland,country
ISL,Iceland,1948,,NO_DIFF_YEAR,Iceland,country
ISL,Iceland,1952,,NO_DIFF_YEAR,Iceland,country
ISL,Iceland,1956,Iceland,YES,Iceland,country
ISL,Iceland,1960,,NO_DIFF_YEAR,Iceland,country
ISL,Iceland,1964,,NO_DIFF_YEAR,Iceland,country
ISL,Iceland,1968,,NO_DIFF_YEAR,Iceland,country
ISL,Iceland,1972,,NO_DIFF_YEAR,Iceland,country
ISL,Iceland,1976,,NO_DIFF_YEAR,Iceland,country
ISL,Iceland,1980,,NO_DIFF_YEAR,Iceland,country
ISL,Iceland,1984,Iceland,YES,Iceland,country
ISL,Iceland,1988,,NO_DIFF_YEAR,Iceland,country
ISL,Iceland,1992,,NO_DIFF_YEAR,Iceland,country
ISL,Iceland,1996,,NO_DIFF_YEAR,Iceland,country
ISL,Iceland,2000,Iceland,YES,Iceland,country
ISL,Iceland,2004,,NO_DIFF_YEAR,Iceland,country
ISL,Iceland,2008,Iceland,YES,Iceland,country
ISL,Iceland,2012,,NO_DIFF_YEAR,Iceland,country
ISL,Iceland,2016,,NO_DIFF_YEAR,Iceland,country
ISL,Iceland,2020,,NO_DIFF_YEAR,Iceland,country
ISL,Iceland,2024,,NO_DIFF_YEAR,Iceland,country
ISR,Israel,1952,,NO_DIFF_YEAR,Israel,country
ISR,Israel,1956,,NO_DIFF_YEAR,Israel,country
ISR,Israel,1960,,NO_DIFF_YEAR,Israel,country
ISR,Israel,1964,,NO_DIFF_YEAR,Israel,country
ISR,Israel,1968,,NO_DIFF_YEAR,Israel,country
ISR,Israel,1972,,NO_DIFF_YEAR,Israel,country
ISR,Israel,1976,,NO_DIFF_YEAR,Israel,country
ISR,Israel,1984,,NO_DIFF_YEAR,Israel,country
ISR,Israel,1988,,NO_DIFF_YEAR,Israel,country
ISR,Israel,1992,Israel,YES,Israel,country
ISR,Israel,1996,Israel,YES,Israel,country
ISR,Israel,2000,Israel,YES,Israel,country
ISR,Israel,2004,Israel,YES,Israel,country
ISR,Israel,2008,Israel,YES,Israel,country
ISR,Israel,2012,,NO_DIFF_YEAR,Israel,country
ISR,Israel,2016,Israel,YES,Israel,country
ISR,Israel,2020,Israel,YES,Israel,country
ISR,Israel,2024,Israel,YES,Israel,country
ISV,United States Virgin Islands,1968,,NO_DIFF_YEAR,Virgin Islands,country
ISV,United States Virgin Islands,1972,,NO_DIFF_YEAR,Virgin Islands,country
ISV,United States Virgin Islands,1976,,NO_DIFF_YEAR,Virgin Islands,country
ISV,United States Virgin Islands,1984,,NO_DIFF_YEAR,Virgin Islands,country
ISV,United States Virgin Islands,1988,Virgin Islands,YES,Virgin Islands,country
ISV,United States Virgin Islands,1992,,NO_DIFF_YEAR,Virgin Islands,country
ISV,United States Virgin Islands,1996,,NO_DIFF_YEAR,Virgin Islands,country
ISV,United States Virgin Islands,2000,,NO_DIFF_YEAR,Virgin Islands,country
ISV,United States Virgin Islands,2004,,NO_DIFF_YEAR,Virgin Islands,country
ISV,United States Virgin Islands,2008,,NO_DIFF_YEAR,Virgin Islands,country
ISV,United States Virgin Islands,2012,,NO_DIFF_YEAR,Virgin Islands,country
ISV,United States Virgin Islands,2016,,NO_DIFF_YEAR,Virgin Islands,country
ISV,Virgin Islands,2020,,NO_DIFF_YEAR,Virgin Islands,country
ISV,"Virgin Islands, US",2024,,NO_DIFF_YEAR,Virgin Islands,country
ITA,Italy,1896,,NO_DIFF_YEAR,Italy,country
ITA,Italy,1900,Italy,YES,Italy,country
ITA,Italy,1904,,NO_DIFF_YEAR,Italy,country
ITA,Italy,1908,Italy,YES,Italy,country
ITA,Italy,1912,Italy,YES,Italy,country
ITA,Italy,1920,Italy,YES,Italy,country
ITA,Italy,1924,Italy,YES,Italy,country
ITA,Mebi,1924,Italy,YES,Italy,country
ITA,Bamba,1928,Italy,YES,Italy,country
ITA,Italy,1928,Italy,YES,Italy,country
ITA,Twins II,1928,Italy,YES,Italy,country
ITA,Italy,1932,Italy,YES,Italy,country
ITA,Augsburg,1936,Italy,YES,Italy,country
ITA,Esperia,1936,Italy,YES,Italy,country
ITA,Italia,1936,Italy,YES,Italy,country
ITA,Italy,1936,Italy,YES,Italy,country
ITA,Pegaso,1936,Italy,YES,Italy,country
ITA,Ausonia,1948,Italy,YES,Italy,country
ITA,Ciocca II,1948,Italy,YES,Italy,country
ITA,Enotria,1948,Italy,YES,Italy,country
ITA,Italy,1948,Italy,YES,Italy,country
ITA,Legionario,1948,Italy,YES,Italy,country
ITA,Ciocca,1952,Italy,YES,Italy,country
ITA,Galatea II,1952,Italy,YES,Italy,country
ITA,Italy,1952,Italy,YES,Italy,country
ITA,Merope,1952,Italy,YES,Italy,country
ITA,Mirtala,1952,Italy,YES,Italy,country
ITA,Aretusa,1956,Italy,YES,Italy,country
ITA,Italy,1956,Italy,YES,Italy,country
ITA,Merope III,1956,Italy,YES,Italy,country
ITA,Romolo,1956,Italy,YES,Italy,country
ITA,Twins VIII,1956,Italy,YES,Italy,country
ITA,Aldebaran II,1960,Italy,YES,Italy,country
ITA,Italy,1960,Italy,YES,Italy,country
ITA,Merope III,1960,Italy,YES,Italy,country
ITA,Venilia,1960,Italy,YES,Italy,country
ITA,Voloira II,1960,Italy,YES,Italy,country
ITA,Aldebaran,1964,Italy,YES,Italy,country
ITA,Argeste,1964,Italy,YES,Italy,country
ITA,Grifone,1964,Italy,YES,Italy,country
ITA,Italy,1964,Italy,YES,Italy,country
ITA,Umberta V,1964,Italy,YES,Italy,country
ITA,Italy,1968,Italy,YES,Italy,country
ITA,Italy,1972,Italy,YES,Italy,country
ITA,Italy,1976,Italy,YES,Italy,country
ITA,Italy,1980,Italy,YES,Italy,country
ITA,Italy,1984,Italy,YES,Italy,country
ITA,Italy,1988,Italy,YES,Italy,country
ITA,Italy,1992,Italy,YES,Italy,country
ITA,Italy,1996,Italy,YES,Italy,country
ITA,Italy,2000,Italy,YES,Italy,country
ITA,Italy-1,2000,Italy,YES,Italy,country
ITA,Italy-2,2000,Italy,YES,Italy,country
ITA,Italy,2004,Italy,YES,Italy,country
ITA,Italy-1,2004,Italy,YES,Italy,country
ITA,Italy-2,2004,Italy,YES,Italy,country
ITA,Italy,2008,Italy,YES,Italy,country
ITA,Italy-1,2008,Italy,YES,Italy,country
ITA,Italy-2,2008,Italy,YES,Italy,country
ITA,Italy,2012,Italy,YES,Italy,country
ITA,Italy-1,2012,Italy,YES,Italy,country
ITA,Italy-2,2012,Italy,YES,Italy,country
ITA,Italy,2016,Italy,YES,Italy,country
ITA,Italy-1,2016,Italy,YES,Italy,country
ITA,Italy-2,2016,Italy,YES,Italy,country
ITA,Italy,2020,Italy,YES,Italy,country
ITA,Italy,2024,Italy,YES,Italy,country
IVB,British Virgin Islands,1984,,NO,British Virgin Islands,country
IVB,British Virgin Islands,1988,,NO,British Virgin Islands,country
IVB,British Virgin Islands,1992,,NO,British Virgin Islands,country
IVB,British Virgin Islands,1996,,NO,British Virgin Islands,country
IVB,British Virgin Islands,2000,,NO,British Virgin Islands,country
IVB,British Virgin Islands,2004,,NO,British Virgin Islands,country
IVB,British Virgin Islands,2008,,NO,British Virgin Islands,country
IVB,British Virgin Islands,2012,,NO,British Virgin Islands,country
IVB,British Virgin Islands,2016,,NO,British Virgin Islands,country
IVB,British Virgin Islands,2020,,NO,British Virgin Islands,country
IVB,"Virgin Islands, B",2024,,NO,British Virgin Islands,country
JAM,Jamaica,1948,Jamaica,YES,Jamaica,country
JAM,Jamaica,1952,Jamaica,YES,Jamaica,country
JAM,Jamaica,1956,,NO_DIFF_YEAR,Jamaica,country
JAM,Jamaica,1964,,NO_DIFF_YEAR,Jamaica,country
JAM,Miss Nippon IV,1964,,NO_DIFF_YEAR,Jamaica,country
JAM,Jamaica,1968,Jamaica,YES,Jamaica,country
JAM,Jamaica,1972,Jamaica,YES,Jamaica,country
JAM,Jamaica,1976,Jamaica,YES,Jamaica,country
JAM,Jamaica,1980,Jamaica,YES,Jamaica,country
JAM,Jamaica,1984,Jamaica,YES,Jamaica,country
JAM,Jamaica,1988,Jamaica,YES,Jamaica,country
JAM,Jamaica,1992,Jamaica,YES,Jamaica,country
JAM,Jamaica,1996,Jamaica,YES,Jamaica,country
JAM,Jamaica,2000,Jamaica,YES,Jamaica,country
JAM,Jamaica,2004,Jamaica,YES,Jamaica,country
JAM,Jamaica,2008,Jamaica,YES,Jamaica,country
JAM,Jamaica,2012,Jamaica,YES,Jamaica,country
JAM,Jamaica,2016,Jamaica,YES,Jamaica,country
JAM,Jamaica,2020,Jamaica,YES,Jamaica,country
JAM,Jamaica,2024,Jamaica,YES,Jamaica,country
JOR,Jordan,1980,,NO_DIFF_YEAR,Jordan,country
JOR,Jordan,1984,,NO_DIFF_YEAR,Jordan,country
JOR,Jordan,1988,,NO_DIFF_YEAR,Jordan,country
JOR,Jordan,1992,,NO_DIFF_YEAR,Jordan,country
JOR,Jordan,1996,,NO_DIFF_YEAR,Jordan,country
JOR,Jordan,2000,,NO_DIFF_YEAR,Jordan,country
JOR,Jordan,2004,,NO_DIFF_YEAR,Jordan,country
JOR,Jordan,2008,,NO_DIFF_YEAR,Jordan,country
JOR,Jordan,2012,,NO_DIFF_YEAR,Jordan,country
JOR,Jordan,2016,Jordan,YES,Jordan,country
JOR,Jordan,2020,Jordan,YES,Jordan,country
JOR,Jordan,2024,Jordan,YES,Jordan,country
JPN,Japan,1912,,NO_DIFF_YEAR,Japan,country
JPN,Japan,1920,Japan,YES,Japan,country
JPN,Japan,1924,Japan,YES,Japan,country
JPN,Japan-1,1924,Japan,YES,Japan,country
JPN,Japan-2,1924,Japan,YES,Japan,country
JPN,Japan,1928,Japan,YES,Japan,country
JPN,Japan,1932,Japan,YES,Japan,country
JPN,Essen,1936,Japan,YES,Japan,country
JPN,Japan,1936,Japan,YES,Japan,country
JPN,Myojo,1936,Japan,YES,Japan,country
JPN,Japan,1952,Japan,YES,Japan,country
JPN,Japan,1956,Japan,YES,Japan,country
JPN,Boreas,1960,Japan,YES,Japan,country
JPN,Danaldo,1960,Japan,YES,Japan,country
JPN,Japan,1960,Japan,YES,Japan,country
JPN,Japan,1964,Japan,YES,Japan,country
JPN,Miss Nippon V,1964,Japan,YES,Japan,country
JPN,MitaII,1964,Japan,YES,Japan,country
JPN,Riccar,1964,Japan,YES,Japan,country
JPN,Roy,1964,Japan,YES,Japan,country
JPN,Japan,1968,Japan,YES,Japan,country
JPN,Japan,1972,Japan,YES,Japan,country
JPN,Japan,1976,Japan,YES,Japan,country
JPN,Japan,1984,Japan,YES,Japan,country
JPN,Japan,1988,Japan,YES,Japan,country
JPN,Japan-1,1988,Japan,YES,Japan,country
JPN,Japan-2,1988,Japan,YES,Japan,country
JPN,Japan,1992,Japan,YES,Japan,country
JPN,Japan-1,1992,Japan,YES,Japan,country
JPN,Japan-2,1992,Japan,YES,Japan,country
JPN,Japan-3,1992,Japan,YES,Japan,country
JPN,Japan,1996,Japan,YES,Japan,country
JPN,Japan-1,1996,Japan,YES,Japan,country
JPN,Japan-2,1996,Japan,YES,Japan,country
JPN,Japan,2000,Japan,YES,Japan,country
JPN,Japan-1,2000,Japan,YES,Japan,country
JPN,Japan-2,2000,Japan,YES,Japan,country
JPN,Japan,2004,Japan,YES,Japan,country
JPN,Japan-1,2004,Japan,YES,Japan,country
JPN,Japan-2,2004,Japan,YES,Japan,country
JPN,Dow Jones,2008,Japan,YES,Japan,country
JPN,Japan,2008,Japan,YES,Japan,country
JPN,Japan-1,2008,Japan,YES,Japan,country
JPN,Japan-2,2008,Japan,YES,Japan,country
JPN,Rambo,2008,Japan,YES,Japan,country
JPN,Whisper,2008,Japan,YES,Japan,country
JPN,Japan,2012,Japan,YES,Japan,country
JPN,Japan-1,2012,Japan,YES,Japan,country
JPN,Japan-2,2012,Japan,YES,Japan,country
JPN,Japan,2016,Japan,YES,Japan,country
JPN,Japan,2020,Japan,YES,Japan,country
JPN,Japan,2024,Japan,YES,Japan,country
KAZ,Kazakhstan,1996,Kazakhstan,YES,Kazakhstan,country
KAZ,Kazakhstan,2000,Kazakhstan,YES,Kazakhstan,country
KAZ,Kazakhstan,2004,Kazakhstan,YES,Kazakhstan,country
KAZ,Kazakhstan,2008,Kazakhstan,YES,Kazakhstan,country
KAZ,Kazakhstan,2012,Kazakhstan,YES,Kazakhstan,country
KAZ,Kazakhstan,2016,Kazakhstan,YES,Kazakhstan,country
KAZ,Kazakhstan,2020,Kazakhstan,YES,Kazakhstan,country
KAZ,Kazakhstan,2024,Kazakhstan,YES,Kazakhstan,country
KEN,Kenya,1956,,NO_DIFF_YEAR,Kenya,country
KEN,Kenya,1960,,NO_DIFF_YEAR,Kenya,country
KEN,Kenya,1964,Kenya,YES,Kenya,country
KEN,Kenya,1968,Kenya,YES,Kenya,country
KEN,Kenya,1972,Kenya,YES,Kenya,country
KEN,Kenya,1984,Kenya,YES,Kenya,country
KEN,Kenya,1988,Kenya,YES,Kenya,country
KEN,Kenya,1992,Kenya,YES,Kenya,country
KEN,Kenya,1996,Kenya,YES,Kenya,country
KEN,Kenya,2000,Kenya,YES,Kenya,country
KEN,Kenya,2004,Kenya,YES,Kenya,country
KEN,Kenya,2008,Kenya,YES,Kenya,country
KEN,Kenya,2012,Kenya,YES,Kenya,country
KEN,Kenya,2016,Kenya,YES,Kenya,country
KEN,Kenya,2020,Kenya,YES,Kenya,country
KEN,Kenya,2024,Kenya,YES,Kenya,country
KGZ,Kyrgyzstan,1996,,NO_DIFF_YEAR,Kyrgyzstan,country
KGZ,Kyrgyzstan,2000,Kyrgyzstan,YES,Kyrgyzstan,country
KGZ,Kyrgyzstan,2004,,NO_DIFF_YEAR,Kyrgyzstan,country
KGZ,Kyrgyzstan,2008,Kyrgyzstan,YES,Kyrgyzstan,country
KGZ,Kyrgyzstan,2012,,NO_DIFF_YEAR,Kyrgyzstan,country
KGZ,Kyrgyzstan,2016,,NO_DIFF_YEAR,Kyrgyzstan,country
KGZ,Kyrgyzstan,2020,Kyrgyzstan,YES,Kyrgyzstan,country
KGZ,Kyrgyzstan,2024,Kyrgyzstan,YES,Kyrgyzstan,country
KIR,Kiribati,2004,,NO,Kiribati,country
KIR,Kiribati,2008,,NO,Kiribati,country
KIR,Kiribati,2012,,NO,Kiribati,country
KIR,Kiribati,2016,,NO,Kiribati,country
KIR,Kiribati,2020,,NO,Kiribati,country
KIR,Kiribati,2024,,NO,Kiribati,country
KOR,South Korea,1948,South Korea,YES,South Korea,country
KOR,South Korea,1952,South Korea,YES,South Korea,country
KOR,South Korea,1956,South Korea,YES,South Korea,country
KOR,South Korea,1960,,NO_DIFF_YEAR,South Korea,country
KOR,South Korea,1964,South Korea,YES,South Korea,country
KOR,South Korea,1968,South Korea,YES,South Korea,country
KOR,South Korea,1972,South Korea,YES,South Korea,country
KOR,South Korea,1976,South Korea,YES,South Korea,country
KOR,South Korea,1984,South Korea,YES,South Korea,country
KOR,South Korea,1988,South Korea,YES,South Korea,country
KOR,South Korea-1,1988,South Korea,YES,South Korea,country
KOR,South Korea-2,1988,South Korea,YES,South Korea,country
KOR,South Korea,1992,South Korea,YES,South Korea,country
KOR,South Korea-1,1992,South Korea,YES,South Korea,country
KOR,South Korea-2,1992,South Korea,YES,South Korea,country
KOR,South Korea,1996,South Korea,YES,South Korea,country
KOR,South Korea-1,1996,South Korea,YES,South Korea,country
KOR,South Korea-2,1996,South Korea,YES,South Korea,country
KOR,South Korea,2000,South Korea,YES,South Korea,country
KOR,South Korea-1,2000,South Korea,YES,South Korea,country
KOR,South Korea-2,2000,South Korea,YES,South Korea,country
KOR,South Korea,2004,South Korea,YES,South Korea,country
KOR,South Korea-1,2004,South Korea,YES,South Korea,country
KOR,South Korea-2,2004,South Korea,YES,South Korea,country
KOR,South Korea,2008,South Korea,YES,South Korea,country
KOR,South Korea-1,2008,South Korea,YES,South Korea,country
KOR,South Korea-2,2008,South Korea,YES,South Korea,country
KOR,South Korea,2012,South Korea,YES,South Korea,country
KOR,South Korea-1,2012,South Korea,YES,South Korea,country
KOR,South Korea-2,2012,South Korea,YES,South Korea,country
KOR,South Korea,2016,South Korea,YES,South Korea,country
KOR,South Korea-1,2016,South Korea,YES,South Korea,country
KOR,South Korea-2,2016,South Korea,YES,South Korea,country
KOR,South Korea,2020,South Korea,YES,South Korea,country
KOR,Korea,2024,South Korea,YES,South Korea,country
KOS,Kosovo,2016,Kosovo,YES,Kosovo,country
KOS,Kosovo,2020,Kosovo,YES,Kosovo,country
KOS,Kosovo,2024,Kosovo,YES,Kosovo,country
KSA,Saudi Arabia,1972,,NO_DIFF_YEAR,Saudi Arabia,country
KSA,Saudi Arabia,1976,,NO_DIFF_YEAR,Saudi Arabia,country
KSA,Saudi Arabia,1984,,NO_DIFF_YEAR,Saudi Arabia,country
KSA,Saudi Arabia,1988,,NO_DIFF_YEAR,Saudi Arabia,country
KSA,Saudi Arabia,1992,,NO_DIFF_YEAR,Saudi Arabia,country
KSA,Saudi Arabia,1996,,NO_DIFF_YEAR,Saudi Arabia,country
KSA,Saudi Arabia,2000,Saudi Arabia,YES,Saudi Arabia,country
KSA,Saudi Arabia,2004,,NO_DIFF_YEAR,Saudi Arabia,country
KSA,Saudi Arabia,2008,,NO_DIFF_YEAR,Saudi Arabia,country
KSA,Saudi Arabia,2012,Saudi Arabia,YES,Saudi Arabia,country
KSA,Saudi Arabia,2016,,NO_DIFF_YEAR,Saudi Arabia,country
KSA,Saudi Arabia,2020,Saudi Arabia,YES,Saudi Arabia,country
KSA,Saudi Arabia,2024,,NO_DIFF_YEAR,Saudi Arabia,country
KUW,Kuwait,1968,,NO_DIFF_YEAR,Kuwait,country
KUW,Kuwait,1972,,NO_DIFF_YEAR,Kuwait,country
KUW,Kuwait,1976,,NO_DIFF_YEAR,Kuwait,country
KUW,Kuwait,1980,,NO_DIFF_YEAR,Kuwait,country
KUW,Kuwait,1984,,NO_DIFF_YEAR,Kuwait,country
KUW,Kuwait,1988,,NO_DIFF_YEAR,Kuwait,country
KUW,Kuwait,1992,,NO_DIFF_YEAR,Kuwait,country
KUW,Kuwait,1996,,NO_DIFF_YEAR,Kuwait,country
KUW,Kuwait,2000,Kuwait,YES,Kuwait,country
KUW,Kuwait,2004,,NO_DIFF_YEAR,Kuwait,country
KUW,Kuwait,2008,,NO_DIFF_YEAR,Kuwait,country
KUW,Kuwait,2012,Kuwait,YES,Kuwait,country
KUW,Kuwait,2020,Kuwait,YES,Kuwait,country
KUW,Kuwait,2024,,NO_DIFF_YEAR,Kuwait,country
LAO,Laos,1980,,NO,Lao PDR,country
LAO,Laos,1988,,NO,Lao PDR,country
LAO,Laos,1992,,NO,Lao PDR,country
LAO,Laos,1996,,NO,Lao PDR,country
LAO,Laos,2000,,NO,Lao PDR,country
LAO,Laos,2004,,NO,Lao PDR,country
LAO,Laos,2008,,NO,Lao PDR,country
LAO,Laos,2012,,NO,Lao PDR,country
LAO,Laos,2016,,NO,Lao PDR,country
LAO,Laos,2020,,NO,Lao PDR,country
LAO,Lao PDR,2024,,NO,Lao PDR,country
LAT,Latvia,1924,,NO_DIFF_YEAR,Latvia,country
LAT,Latvia,1928,,NO_DIFF_YEAR,Latvia,country
LAT,Latvia,1932,Latvia,YES,Latvia,country
LAT,Latvia,1936,Latvia,YES,Latvia,country
LAT,Latvia,1992,Latvia,YES,Latvia,country
LAT,Latvia,1996,Latvia,YES,Latvia,country
LAT,Latvia,2000,Latvia,YES,Latvia,country
LAT,Latvia,2004,Latvia,YES,Latvia,country
LAT,Latvia,2008,Latvia,YES,Latvia,country
LAT,Latvia,2012,Latvia,YES,Latvia,country
LAT,Latvia-1,2012,Latvia,YES,Latvia,country
LAT,Latvia-2,2012,Latvia,YES,Latvia,country
LAT,Latvia,2016,,NO_DIFF_YEAR,Latvia,country
LAT,Latvia,2020,Latvia,YES,Latvia,country
LAT,Latvia,2024,,NO_DIFF_YEAR,Latvia,country
LBA,Libya,1968,,NO,Libya,country
LBA,Libya,1980,,NO,Libya,country
LBA,Libya,1988,,NO,Libya,country
LBA,Libya,1992,,NO,Libya,country
LBA,Libya,1996,,NO,Libya,country
LBA,Libya,2000,,NO,Libya,country
LBA,Libya,2004,,NO,Libya,country
LBA,Libya,2008,,NO,Libya,country
LBA,Libya,2012,,NO,Libya,country
LBA,Libya,2016,,NO,Libya,country
LBA,Libya,2020,,NO,Libya,country
LBA,Libya,2024,,NO,Libya,country
LBN,Lebanon,2020,,NO_DIFF_YEAR,Lebanon,country
LBN,Lebanon,2024,,NO_DIFF_YEAR,Lebanon,country
LBR,Liberia,1956,,NO,Liberia,country
LBR,Liberia,1960,,NO,Liberia,country
LBR,Liberia,1964,,NO,Liberia,country
LBR,Liberia,1972,,NO,Liberia,country
LBR,Liberia,1984,,NO,Liberia,country
LBR,Liberia,1988,,NO,Liberia,country
LBR,Liberia,1996,,NO,Liberia,country
LBR,Liberia,2000,,NO,Liberia,country
LBR,Liberia,2004,,NO,Liberia,country
LBR,Liberia,2008,,NO,Liberia,country
LBR,Liberia,2012,,NO,Liberia,country
LBR,Liberia,2016,,NO,Liberia,country
LBR,Liberia,2020,,NO,Liberia,country
LBR,Liberia,2024,,NO,Liberia,country
LCA,Saint Lucia,1996,,NO_DIFF_YEAR,Saint Lucia,country
LCA,Saint Lucia,2000,,NO_DIFF_YEAR,Saint Lucia,country
LCA,Saint Lucia,2004,,NO_DIFF_YEAR,Saint Lucia,country
LCA,Saint Lucia,2008,,NO_DIFF_YEAR,Saint Lucia,country
LCA,Saint Lucia,2012,,NO_DIFF_YEAR,Saint Lucia,country
LCA,Saint Lucia,2016,,NO_DIFF_YEAR,Saint Lucia,country
LCA,Saint Lucia,2020,,NO_DIFF_YEAR,Saint Lucia,country
LCA,Saint Lucia,2024,Saint Lucia,YES,Saint Lucia,country
LES,Lesotho,1972,,NO,Lesotho,country
LES,Lesotho,1980,,NO,Lesotho,country
LES,Lesotho,1984,,NO,Lesotho,country
LES,Lesotho,1988,,NO,Lesotho,country
LES,Lesotho,1992,,NO,Lesotho,country
LES,Lesotho,1996,,NO,Lesotho,country
LES,Lesotho,2000,,NO,Lesotho,country
LES,Lesotho,2004,,NO,Lesotho,country
LES,Lesotho,2008,,NO,Lesotho,country
LES,Lesotho,2012,,NO,Lesotho,country
LES,Lesotho,2016,,NO,Lesotho,country
LES,Lesotho,2020,,NO,Lesotho,country
LES,Lesotho,2024,,NO,Lesotho,country
LIB,Lebanon,1948,,NO_DIFF_YEAR,Lebanon,country
LIB,Lebanon,1952,Lebanon,YES,Lebanon,country
LIB,Lebanon,1960,,NO_DIFF_YEAR,Lebanon,country
LIB,Maid of Lebanon,1960,,NO_DIFF_YEAR,Lebanon,country
LIB,Lebanon,1964,,NO_DIFF_YEAR,Lebanon,country
LIB,Lebanon,1968,,NO_DIFF_YEAR,Lebanon,country
LIB,Lebanon,1972,Lebanon,YES,Lebanon,country
LIB,Lebanon,1976,,NO_DIFF_YEAR,Lebanon,country
LIB,Lebanon,1980,Lebanon,YES,Lebanon,country
LIB,Lebanon,1984,,NO_DIFF_YEAR,Lebanon,country
LIB,Lebanon,1988,,NO_DIFF_YEAR,Lebanon,country
LIB,Lebanon,1992,,NO_DIFF_YEAR,Lebanon,country
LIB,Lebanon,1996,,NO_DIFF_YEAR,Lebanon,country
LIB,Lebanon,2000,,NO_DIFF_YEAR,Lebanon,country
LIB,Lebanon,2004,,NO_DIFF_YEAR,Lebanon,country
LIB,Lebanon,2008,,NO_DIFF_YEAR,Lebanon,country
LIB,Lebanon,2012,,NO_DIFF_YEAR,Lebanon,country
LIB,Lebanon,2016,,NO_DIFF_YEAR,Lebanon,country
LIE,Liechtenstein,1936,,NO,Liechtenstein,country
LIE,Liechtenstein,1948,,NO,Liechtenstein,country
LIE,Liechtenstein,1952,,NO,Liechtenstein,country
LIE,Liechtenstein,1960,,NO,Liechtenstein,country
LIE,Liechtenstein,1964,,NO,Liechtenstein,country
LIE,Liechtenstein,1968,,NO,Liechtenstein,country
LIE,Liechtenstein,1972,,NO,Liechtenstein,country
LIE,Liechtenstein,1976,,NO,Liechtenstein,country
LIE,Liechtenstein,1984,,NO,Liechtenstein,country
LIE,Liechtenstein,1988,,NO,Liechtenstein,country
LIE,Liechtenstein,1992,,NO,Liechtenstein,country
LIE,Liechtenstein,1996,,NO,Liechtenstein,country
LIE,Liechtenstein,2000,,NO,Liechtenstein,country
LIE,Liechtenstein,2004,,NO,Liechtenstein,country
LIE,Liechtenstein,2008,,NO,Liechtenstein,country
LIE,Liechtenstein,2012,,NO,Liechtenstein,country
LIE,Liechtenstein,2016,,NO,Liechtenstein,country
LIE,Liechtenstein,2020,,NO,Liechtenstein,country
LIE,Liechtenstein,2024,,NO,Liechtenstein,country
LTU,Lithuania,1924,,NO_DIFF_YEAR,Lithuania,country
LTU,Lithuania,1928,,NO_DIFF_YEAR,Lithuania,country
LTU,Lithuania,1992,Lithuania,YES,Lithuania,country
LTU,Lithuania,1996,Lithuania,YES,Lithuania,country
LTU,Lithuania,2000,Lithuania,YES,Lithuania,country
LTU,Lithuania,2004,Lithuania,YES,Lithuania,country
LTU,Lithuania,2008,Lithuania,YES,Lithuania,country
LTU,Lithuania,2012,Lithuania,YES,Lithuania,country
LTU,Lithuania,2016,Lithuania,YES,Lithuania,country
LTU,Lithuania,2020,Lithuania,YES,Lithuania,country
LTU,Lithuania,2024,Lithuania,YES,Lithuania,country
LUX,Luxembourg,1900,Luxembourg,YES,Luxembourg,country
LUX,Luxembourg,1912,,NO_DIFF_YEAR,Luxembourg,country
LUX,Luxembourg,1920,Luxembourg,YES,Luxembourg,country
LUX,Luxembourg,1924,,NO_DIFF_YEAR,Luxembourg,country
LUX,Luxembourg,1928,,NO_DIFF_YEAR,Luxembourg,country
LUX,Luxembourg,1932,,NO_DIFF_YEAR,Luxembourg,country
LUX,Luxembourg,1936,,NO_DIFF_YEAR,Luxembourg,country
LUX,Luxembourg,1948,,NO_DIFF_YEAR,Luxembourg,country
LUX,Luxembourg,1952,Luxembourg,YES,Luxembourg,country
LUX,Luxembourg,1956,,NO_DIFF_YEAR,Luxembourg,country
LUX,Luxembourg,1960,,NO_DIFF_YEAR,Luxembourg,country
LUX,Luxembourg,1964,,NO_DIFF_YEAR,Luxembourg,country
LUX,Luxembourg,1968,,NO_DIFF_YEAR,Luxembourg,country
LUX,Luxembourg,1972,,NO_DIFF_YEAR,Luxembourg,country
LUX,Luxembourg,1976,,NO_DIFF_YEAR,Luxembourg,country
LUX,Luxembourg,1980,,NO_DIFF_YEAR,Luxembourg,country
LUX,Luxembourg,1984,,NO_DIFF_YEAR,Luxembourg,country
LUX,Luxembourg,1988,,NO_DIFF_YEAR,Luxembourg,country
LUX,Luxembourg,1992,,NO_DIFF_YEAR,Luxembourg,country
LUX,Luxembourg,1996,,NO_DIFF_YEAR,Luxembourg,country
LUX,Luxembourg,2000,,NO_DIFF_YEAR,Luxembourg,country
LUX,Luxembourg,2004,,NO_DIFF_YEAR,Luxembourg,country
LUX,Luxembourg,2008,,NO_DIFF_YEAR,Luxembourg,country
LUX,Luxembourg,2012,,NO_DIFF_YEAR,Luxembourg,country
LUX,Luxembourg,2016,,NO_DIFF_YEAR,Luxembourg,country
LUX,Luxembourg,2020,,NO_DIFF_YEAR,Luxembourg,country
LUX,Luxembourg,2024,,NO_DIFF_YEAR,Luxembourg,country
MAD,Madagascar,1964,,NO,Madagascar,country
MAD,Madagascar,1968,,NO,Madagascar,country
MAD,Madagascar,1972,,NO,Madagascar,country
MAD,Madagascar,1980,,NO,Madagascar,country
MAD,Madagascar,1984,,NO,Madagascar,country
MAD,Madagascar,1992,,NO,Madagascar,country
MAD,Madagascar,1996,,NO,Madagascar,country
MAD,Madagascar,2000,,NO,Madagascar,country
MAD,Madagascar,2004,,NO,Madagascar,country
MAD,Madagascar,2008,,NO,Madagascar,country
MAD,Madagascar,2012,,NO,Madagascar,country
MAD,Madagascar,2016,,NO,Madagascar,country
MAD,Madagascar,2020,,NO,Madagascar,country
MAD,Madagascar,2024,,NO,Madagascar,country
MAL,Malaya,1956,,NO,Malaya,historical_different
MAL,Malaya,1960,,NO,Malaya,historical_different
MAR,Morocco,1960,Morocco,YES,Morocco,country
MAR,Morocco,1964,,NO_DIFF_YEAR,Morocco,country
MAR,Morocco,1968,,NO_DIFF_YEAR,Morocco,country
MAR,Morocco,1972,,NO_DIFF_YEAR,Morocco,country
MAR,Morocco,1976,,NO_DIFF_YEAR,Morocco,country
MAR,Morocco,1984,Morocco,YES,Morocco,country
MAR,Morocco,1988,Morocco,YES,Morocco,country
MAR,Morocco,1992,Morocco,YES,Morocco,country
MAR,Morocco,1996,Morocco,YES,Morocco,country
MAR,Morocco,2000,Morocco,YES,Morocco,country
MAR,Morocco,2004,Morocco,YES,Morocco,country
MAR,Morocco,2008,Morocco,YES,Morocco,country
MAR,Morocco,2012,Morocco,YES,Morocco,country
MAR,Morocco,2016,Morocco,YES,Morocco,country
MAR,Morocco,2020,Morocco,YES,Morocco,country
MAR,Morocco,2024,Morocco,YES,Morocco,country
MAS,Malaysia,1964,,NO_DIFF_YEAR,Malaysia,country
MAS,Malaysia,1968,,NO_DIFF_YEAR,Malaysia,country
MAS,Malaysia,1972,,NO_DIFF_YEAR,Malaysia,country
MAS,Malaysia,1976,,NO_DIFF_YEAR,Malaysia,country
MAS,Malaysia,1984,,NO_DIFF_YEAR,Malaysia,country
MAS,Malaysia,1988,,NO_DIFF_YEAR,Malaysia,country
MAS,Malaysia,1992,Malaysia,YES,Malaysia,country
MAS,Malaysia-1,1992,Malaysia,YES,Malaysia,country
MAS,Malaysia-2,1992,Malaysia,YES,Malaysia,country
MAS,Malaysia,1996,Malaysia,YES,Malaysia,country
MAS,Malaysia-1,1996,Malaysia,YES,Malaysia,country
MAS,Malaysia-2,1996,Malaysia,YES,Malaysia,country
MAS,Malaysia,2000,,NO_DIFF_YEAR,Malaysia,country
MAS,Malaysia-1,2000,,NO_DIFF_YEAR,Malaysia,country
MAS,Malaysia-2,2000,,NO_DIFF_YEAR,Malaysia,country
MAS,Malaysia,2004,,NO_DIFF_YEAR,Malaysia,country
MAS,Malaysia-1,2004,,NO_DIFF_YEAR,Malaysia,country
MAS,Malaysia-2,2004,,NO_DIFF_YEAR,Malaysia,country
MAS,Malaysia,2008,Malaysia,YES,Malaysia,country
MAS,Malaysia-1,2008,Malaysia,YES,Malaysia,country
MAS,Malaysia-2,2008,Malaysia,YES,Malaysia,country
MAS,Malaysia,2012,Malaysia,YES,Malaysia,country
MAS,Malaysia,2016,Malaysia,YES,Malaysia,country
MAS,Malaysia,2020,Malaysia,YES,Malaysia,country
MAS,Malaysia,2024,Malaysia,YES,Malaysia,country
MAW,Malawi,1972,,NO,Malawi,country
MAW,Malawi,1984,,NO,Malawi,country
MAW,Malawi,1988,,NO,Malawi,country
MAW,Malawi,1992,,NO,Malawi,country
MAW,Malawi,1996,,NO,Malawi,country
MAW,Malawi,2000,,NO,Malawi,country
MAW,Malawi,2004,,NO,Malawi,country
MAW,Malawi,2008,,NO,Malawi,country
MAW,Malawi,2012,,NO,Malawi,country
MAW,Malawi,2016,,NO,Malawi,country
MAW,Malawi,2020,,NO,Malawi,country
MAW,Malawi,2024,,NO,Malawi,country
MDA,Moldova,1996,Moldova,YES,Moldova,country
MDA,Moldova,2000,Moldova,YES,Moldova,country
MDA,Moldova,2004,,NO_DIFF_YEAR,Moldova,country
MDA,Moldova,2008,Moldova,YES,Moldova,country
MDA,Moldova,2012,,NO_DIFF_YEAR,Moldova,country
MDA,Moldova,2016,,NO_DIFF_YEAR,Moldova,country
MDA,Moldova,2020,Moldova,YES,Moldova,country
MDA,Republic of Moldova,2024,Moldova,YES,Moldova,country
MDV,Maldives,1988,,NO,Maldives,country
MDV,Maldives,1992,,NO,Maldives,country
MDV,Maldives,1996,,NO,Maldives,country
MDV,Maldives,2000,,NO,Maldives,country
MDV,Maldives,2004,,NO,Maldives,country
MDV,Maldives,2008,,NO,Maldives,country
MDV,Maldives,2012,,NO,Maldives,country
MDV,Maldives,2016,,NO,Maldives,country
MDV,Maldives,2020,,NO,Maldives,country
MDV,Maldives,2024,,NO,Maldives,country
MEX,A North American Team,1900,,NO_DIFF_YEAR,Mexico,country
MEX,Mexico,1924,,NO_DIFF_YEAR,Mexico,country
MEX,Mexico,1928,,NO_DIFF_YEAR,Mexico,country
MEX,Mexico,1932,Mexico,YES,Mexico,country
MEX,Mexico,1936,Mexico,YES,Mexico,country
MEX,Mexico,1948,Mexico,YES,Mexico,country
MEX,Mexico,1952,Mexico,YES,Mexico,country
MEX,Mexico,1956,Mexico,YES,Mexico,country
MEX,Chamukina,1960,Mexico,YES,Mexico,country
MEX,Mexico,1960,Mexico,YES,Mexico,country
MEX,Acipactli,1964,Mexico,YES,Mexico,country
MEX,Mexico,1964,Mexico,YES,Mexico,country
MEX,Nausikaa 4,1964,Mexico,YES,Mexico,country
MEX,Tlaloc,1964,Mexico,YES,Mexico,country
MEX,Xolotl,1964,Mexico,YES,Mexico,country
MEX,Mexico,1968,Mexico,YES,Mexico,country
MEX,Mexico,1972,Mexico,YES,Mexico,country
MEX,Mexico,1976,Mexico,YES,Mexico,country
MEX,Mexico,1980,Mexico,YES,Mexico,country
MEX,Mexico,1984,Mexico,YES,Mexico,country
MEX,Mexico,1988,Mexico,YES,Mexico,country
MEX,Mexico,1992,Mexico,YES,Mexico,country
MEX,Mexico,1996,Mexico,YES,Mexico,country
MEX,Mexico,2000,Mexico,YES,Mexico,country
MEX,Mexico,2004,Mexico,YES,Mexico,country
MEX,Mexico,2008,Mexico,YES,Mexico,country
MEX,Mexico,2012,Mexico,YES,Mexico,country
MEX,Mexico,2016,Mexico,YES,Mexico,country
MEX,Mexico,2020,Mexico,YES,Mexico,country
MEX,Mexico,2024,Mexico,YES,Mexico,country
MGL,Mongolia,1964,,NO_DIFF_YEAR,Mongolia,country
MGL,Mongolia,1968,Mongolia,YES,Mongolia,country
MGL,Mongolia,1972,Mongolia,YES,Mongolia,country
MGL,Mongolia,1976,Mongolia,YES,Mongolia,country
MGL,Mongolia,1980,Mongolia,YES,Mongolia,country
MGL,Mongolia,1988,Mongolia,YES,Mongolia,country
MGL,Mongolia,1992,Mongolia,YES,Mongolia,country
MGL,Mongolia,1996,Mongolia,YES,Mongolia,country
MGL,Mongolia,2000,,NO_DIFF_YEAR,Mongolia,country
MGL,Mongolia,2004,Mongolia,YES,Mongolia,country
MGL,Mongolia,2008,Mongolia,YES,Mongolia,country
MGL,Mongolia,2012,Mongolia,YES,Mongolia,country
MGL,Mongolia,2016,Mongolia,YES,Mongolia,country
MGL,Mongolia,2020,Mongolia,YES,Mongolia,country
MGL,Mongolia,2024,Mongolia,YES,Mongolia,country
MHL,Marshall Islands,2008,,NO,Marshall Islands,country
MHL,Marshall Islands,2012,,NO,Marshall Islands,country
MHL,Marshall Islands,2016,,NO,Marshall Islands,country
MHL,Marshall Islands,2020,,NO,Marshall Islands,country
MHL,Marshall Islands,2024,,NO,Marshall Islands,country
MKD,Macedonia,1996,,NO_DIFF_YEAR,Macedonia,historical_same
MKD,Macedonia,2000,Macedonia,YES,Macedonia,historical_same
MKD,Macedonia,2004,,NO_DIFF_YEAR,Macedonia,historical_same
MKD,Macedonia,2008,,NO_DIFF_YEAR,Macedonia,historical_same
MKD,Macedonia,2012,,NO_DIFF_YEAR,Macedonia,historical_same
MKD,Macedonia,2016,,NO_DIFF_YEAR,Macedonia,historical_same
MKD,North Macedonia,2020,North Macedonia,YES,Macedonia,historical_same
MKD,North Macedonia,2024,,NO_DIFF_YEAR,Macedonia,historical_same
MLI,Mali,1964,,NO,Mali,country
MLI,Mali,1968,,NO,Mali,country
MLI,Mali,1972,,NO,Mali,country
MLI,Mali,1980,,NO,Mali,country
MLI,Mali,1984,,NO,Mali,country
MLI,Mali,1988,,NO,Mali,country
MLI,Mali,1992,,NO,Mali,country
MLI,Mali,1996,,NO,Mali,country
MLI,Mali,2000,,NO,Mali,country
MLI,Mali,2004,,NO,Mali,country
MLI,Mali,2008,,NO,Mali,country
MLI,Mali,2012,,NO,Mali,country
MLI,Mali,2016,,NO,Mali,country
MLI,Mali,2020,,NO,Mali,country
MLI,Mali,2024,,NO,Mali,country
MLT,Malta,1928,,NO,Malta,country
MLT,Malta,1936,,NO,Malta,country
MLT,Malta,1948,,NO,Malta,country
MLT,Malta,1960,,NO,Malta,country
MLT,Merope,1960,,NO,Malta,country
MLT,Malta,1968,,NO,Malta,country
MLT,Malta,1972,,NO,Malta,country
MLT,Malta,1980,,NO,Malta,country
MLT,Malta,1984,,NO,Malta,country
MLT,Malta,1988,,NO,Malta,country
MLT,Malta,1992,,NO,Malta,country
MLT,Malta,1996,,NO,Malta,country
MLT,Malta,2000,,NO,Malta,country
MLT,Malta,2004,,NO,Malta,country
MLT,Malta,2008,,NO,Malta,country
MLT,Malta,2012,,NO,Malta,country
MLT,Malta,2016,,NO,Malta,country
MLT,Malta,2020,,NO,Malta,country
MLT,Malta,2024,,NO,Malta,country
MNE,Montenegro,2008,,NO_DIFF_YEAR,Montenegro,country
MNE,Montenegro,2012,Montenegro,YES,Montenegro,country
MNE,Montenegro,2016,,NO_DIFF_YEAR,Montenegro,country
MNE,Montenegro,2020,,NO_DIFF_YEAR,Montenegro,country
MNE,Montenegro,2024,,NO_DIFF_YEAR,Montenegro,country
MON,Monaco,1920,,NO,Monaco,country
MON,Monaco,1924,,NO,Monaco,country
MON,Monaco,1928,,NO,Monaco,country
MON,Monaco,1932,,NO,Monaco,country
MON,Monaco,1936,,NO,Monaco,country
MON,Monaco,1948,,NO,Monaco,country
MON,Hirondelle,1952,,NO,Monaco,country
MON,Monaco,1952,,NO,Monaco,country
MON,Damoiselle IV,1960,,NO,Monaco,country
MON,Monaco,1960,,NO,Monaco,country
MON,Monaco,1964,,NO,Monaco,country
MON,Monaco,1968,,NO,Monaco,country
MON,Monaco,1972,,NO,Monaco,country
MON,Monaco,1976,,NO,Monaco,country
MON,Monaco,1984,,NO,Monaco,country
MON,Monaco,1988,,NO,Monaco,country
MON,Monaco,1992,,NO,Monaco,country
MON,Monaco,1996,,NO,Monaco,country
MON,Monaco,2000,,NO,Monaco,country
MON,Monaco,2004,,NO,Monaco,country
MON,Monaco,2008,,NO,Monaco,country
MON,Monaco,2012,,NO,Monaco,country
MON,Monaco,2016,,NO,Monaco,country
MON,Monaco,2020,,NO,Monaco,country
MON,Monaco,2024,,NO,Monaco,country
MOZ,Mozambique,1980,,NO_DIFF_YEAR,Mozambique,country
MOZ,Mozambique,1984,,NO_DIFF_YEAR,Mozambique,country
MOZ,Mozambique,1988,,NO_DIFF_YEAR,Mozambique,country
MOZ,Mozambique,1992,,NO_DIFF_YEAR,Mozambique,country
MOZ,Mozambique,1996,Mozambique,YES,Mozambique,country
MOZ,Mozambique,2000,Mozambique,YES,Mozambique,country
MOZ,Mozambique,2004,,NO_DIFF_YEAR,Mozambique,country
MOZ,Mozambique,2008,,NO_DIFF_YEAR,Mozambique,country
MOZ,Mozambique,2012,,NO_DIFF_YEAR,Mozambique,country
MOZ,Mozambique,2016,,NO_DIFF_YEAR,Mozambique,country
MOZ,Mozambique,2020,,NO_DIFF_YEAR,Mozambique,country
MOZ,Mozambique,2024,,NO_DIFF_YEAR,Mozambique,country
MRI,Mauritius,1984,,NO_DIFF_YEAR,Mauritius,country
MRI,Mauritius,1988,,NO_DIFF_YEAR,Mauritius,country
MRI,Mauritius,1992,,NO_DIFF_YEAR,Mauritius,country
MRI,Mauritius,1996,,NO_DIFF_YEAR,Mauritius,country
MRI,Mauritius-1,1996,,NO_DIFF_YEAR,Mauritius,country
MRI,Mauritius-2,1996,,NO_DIFF_YEAR,Mauritius,country
MRI,Mauritius,2000,,NO_DIFF_YEAR,Mauritius,country
MRI,Mauritius,2004,,NO_DIFF_YEAR,Mauritius,country
MRI,Mauritius,2008,Mauritius,YES,Mauritius,country
MRI,Mauritius,2012,,NO_DIFF_YEAR,Mauritius,country
MRI,Mauritius,2016,,NO_DIFF_YEAR,Mauritius,country
MRI,Mauritius,2020,,NO_DIFF_YEAR,Mauritius,country
MRI,Mauritius,2024,,NO_DIFF_YEAR,Mauritius,country
MTN,Mauritania,1984,,NO,Mauritania,country
MTN,Mauritania,1988,,NO,Mauritania,country
MTN,Mauritania,1992,,NO,Mauritania,country
MTN,Mauritania,1996,,NO,Mauritania,country
MTN,Mauritania,2000,,NO,Mauritania,country
MTN,Mauritania,2004,,NO,Mauritania,country
MTN,Mauritania,2008,,NO,Mauritania,country
MTN,Mauritania,2012,,NO,Mauritania,country
MTN,Mauritania,2016,,NO,Mauritania,country
MTN,Mauritania,2020,,NO,Mauritania,country
MTN,Mauritania,2024,,NO,Mauritania,country
MYA,Myanmar,1948,,NO,Myanmar,country
MYA,Myanmar,1952,,NO,Myanmar,country
MYA,Kingfisher,1956,,NO,Myanmar,country
MYA,Myanmar,1956,,NO,Myanmar,country
MYA,Myanmar,1960,,NO,Myanmar,country
MYA,Yangon,1960,,NO,Myanmar,country
MYA,Myanmar,1964,,NO,Myanmar,country
MYA,Myanmar,1968,,NO,Myanmar,country
MYA,Myanmar,1972,,NO,Myanmar,country
MYA,Myanmar,1980,,NO,Myanmar,country
MYA,Myanmar,1984,,NO,Myanmar,country
MYA,Myanmar,1988,,NO,Myanmar,country
MYA,Myanmar,1992,,NO,Myanmar,country
MYA,Myanmar,1996,,NO,Myanmar,country
MYA,Myanmar,2000,,NO,Myanmar,country
MYA,Myanmar,2004,,NO,Myanmar,country
MYA,Myanmar,2008,,NO,Myanmar,country
MYA,Myanmar,2012,,NO,Myanmar,country
MYA,Myanmar,2016,,NO,Myanmar,country
MYA,Myanmar,2020,,NO,Myanmar,country
MYA,Myanmar,2024,,NO,Myanmar,country
NAM,Namibia,1992,Namibia,YES,Namibia,country
NAM,Namibia,1996,Namibia,YES,Namibia,country
NAM,Namibia,2000,,NO_DIFF_YEAR,Namibia,country
NAM,Namibia,2004,,NO_DIFF_YEAR,Namibia,country
NAM,Namibia,2008,,NO_DIFF_YEAR,Namibia,country
NAM,Namibia,2012,,NO_DIFF_YEAR,Namibia,country
NAM,Namibia,2016,,NO_DIFF_YEAR,Namibia,country
NAM,Namibia,2020,Namibia,YES,Namibia,country
NAM,Namibia,2024,,NO_DIFF_YEAR,Namibia,country
NBO,North Borneo,1956,,NO,North Borneo,historical_different
NCA,Nicaragua,1968,,NO,Nicaragua,country
NCA,Nicaragua,1972,,NO,Nicaragua,country
NCA,Nicaragua,1976,,NO,Nicaragua,country
NCA,Nicaragua,1980,,NO,Nicaragua,country
NCA,Nicaragua,1984,,NO,Nicaragua,country
NCA,Nicaragua,1992,,NO,Nicaragua,country
NCA,Nicaragua,1996,,NO,Nicaragua,country
NCA,Nicaragua,2000,,NO,Nicaragua,country
NCA,Nicaragua,2004,,NO,Nicaragua,country
NCA,Nicaragua,2008,,NO,Nicaragua,country
NCA,Nicaragua,2012,,NO,Nicaragua,country
NCA,Nicaragua,2016,,NO,Nicaragua,country
NCA,Nicaragua,2020,,NO,Nicaragua,country
NCA,Nicaragua,2024,,NO,Nicaragua,country
NED,Mascotte,1900,Netherlands,YES,Netherlands,country
NED,Minerva Amsterdam,1900,Netherlands,YES,Netherlands,country
NED,Netherlands,1900,Netherlands,YES,Netherlands,country
NED,Univ. of Brussels,1900,Netherlands,YES,Netherlands,country
NED,Amstel Amsterdam,1908,Netherlands,YES,Netherlands,country
NED,Netherlands,1908,Netherlands,YES,Netherlands,country
NED,Netherlands,1912,Netherlands,YES,Netherlands,country
NED,Beatrijs III-1,1920,Netherlands,YES,Netherlands,country
NED,Boreas-2,1920,Netherlands,YES,Netherlands,country
NED,Netherlands,1920,Netherlands,YES,Netherlands,country
NED,Oranje,1920,Netherlands,YES,Netherlands,country
NED,Netherlands,1924,Netherlands,YES,Netherlands,country
NED,Willem-Six,1924,Netherlands,YES,Netherlands,country
NED,Hollandia,1928,Netherlands,YES,Netherlands,country
NED,Kemphaan,1928,Netherlands,YES,Netherlands,country
NED,Netherlands,1928,Netherlands,YES,Netherlands,country
NED,Holland,1932,Netherlands,YES,Netherlands,country
NED,Netherlands,1932,Netherlands,YES,Netherlands,country
NED,Bem II,1936,Netherlands,YES,Netherlands,country
NED,DeRuyter,1936,Netherlands,YES,Netherlands,country
NED,Netherlands,1936,Netherlands,YES,Netherlands,country
NED,Nrnberg,1936,Netherlands,YES,Netherlands,country
NED,Joy,1948,Netherlands,YES,Netherlands,country
NED,Netherlands,1948,Netherlands,YES,Netherlands,country
NED,St. Margrite,1948,Netherlands,YES,Netherlands,country
NED,Starita,1948,Netherlands,YES,Netherlands,country
NED,Bem II,1952,Netherlands,YES,Netherlands,country
NED,DeRuyter,1952,Netherlands,YES,Netherlands,country
NED,Netherlands,1952,Netherlands,YES,Netherlands,country
NED,Thalatta,1952,Netherlands,YES,Netherlands,country
NED,Netherlands,1956,,NO_DIFF_YEAR,Netherlands,country
NED,Daisy,1960,Netherlands,YES,Netherlands,country
NED,Netherlands,1960,Netherlands,YES,Netherlands,country
NED,Trintel II,1960,Netherlands,YES,Netherlands,country
NED,Barco Deloro,1964,Netherlands,YES,Netherlands,country
NED,Daisy,1964,Netherlands,YES,Netherlands,country
NED,Netherlands,1964,Netherlands,YES,Netherlands,country
NED,Netherlands,1968,Netherlands,YES,Netherlands,country
NED,Netherlands,1972,Netherlands,YES,Netherlands,country
NED,Netherlands,1976,Netherlands,YES,Netherlands,country
NED,Netherlands,1980,Netherlands,YES,Netherlands,country
NED,Netherlands,1984,Netherlands,YES,Netherlands,country
NED,Netherlands,1988,Netherlands,YES,Netherlands,country
NED,Netherlands,1992,Netherlands,YES,Netherlands,country
NED,Netherlands,1996,Netherlands,YES,Netherlands,country
NED,Netherlands-1,1996,Netherlands,YES,Netherlands,country
NED,Netherlands-2,1996,Netherlands,YES,Netherlands,country
NED,Netherlands,2000,Netherlands,YES,Netherlands,country
NED,Netherlands,2004,Netherlands,YES,Netherlands,country
NED,Nadine,2008,Netherlands,YES,Netherlands,country
NED,Netherlands,2008,Netherlands,YES,Netherlands,country
NED,Netherlands-1,2008,Netherlands,YES,Netherlands,country
NED,Netherlands-2,2008,Netherlands,YES,Netherlands,country
NED,Salinero,2008,Netherlands,YES,Netherlands,country
NED,Sunrise,2008,Netherlands,YES,Netherlands,country
NED,Netherlands,2012,Netherlands,YES,Netherlands,country
NED,Netherlands-1,2012,Netherlands,YES,Netherlands,country
NED,Netherlands-2,2012,Netherlands,YES,Netherlands,country
NED,Netherlands,2016,Netherlands,YES,Netherlands,country
NED,Netherlands-1,2016,Netherlands,YES,Netherlands,country
NED,Netherlands-2,2016,Netherlands,YES,Netherlands,country
NED,Netherlands,2020,Netherlands,YES,Netherlands,country
NED,Netherlands,2024,Netherlands,YES,Netherlands,country
NEP,Nepal,1964,,NO,Nepal,country
NEP,Nepal,1972,,NO,Nepal,country
NEP,Nepal,1976,,NO,Nepal,country
NEP,Nepal,1980,,NO,Nepal,country
NEP,Nepal,1984,,NO,Nepal,country
NEP,Nepal,1988,,NO,Nepal,country
NEP,Nepal,1992,,NO,Nepal,country
NEP,Nepal,1996,,NO,Nepal,country
NEP,Nepal,2000,,NO,Nepal,country
NEP,Nepal,2004,,NO,Nepal,country
NEP,Nepal,2008,,NO,Nepal,country
NEP,Nepal,2012,,NO,Nepal,country
NEP,Nepal,2016,,NO,Nepal,country
NEP,Nepal,2020,,NO,Nepal,country
NEP,Nepal,2024,,NO,Nepal,country
NFL,Newfoundland,1904,,NO,Newfoundland,historical_different
NGR,Nigeria,1952,,NO_DIFF_YEAR,Nigeria,country
NGR,Nigeria,1956,,NO_DIFF_YEAR,Nigeria,country
NGR,Nigeria,1960,,NO_DIFF_YEAR,Nigeria,country
NGR,Nigeria,1964,Nigeria,YES,Nigeria,country
NGR,Nigeria,1968,,NO_DIFF_YEAR,Nigeria,country
NGR,Nigeria,1972,Nigeria,YES,Nigeria,country
NGR,Nigeria,1980,,NO_DIFF_YEAR,Nigeria,country
NGR,Nigeria,1984,Nigeria,YES,Nigeria,country
NGR,Nigeria,1988,,NO_DIFF_YEAR,Nigeria,country
NGR,Nigeria-1,1988,,NO_DIFF_YEAR,Nigeria,country
NGR,Nigeria-2,1988,,NO_DIFF_YEAR,Nigeria,country
NGR,Nigeria,1992,Nigeria,YES,Nigeria,country
NGR,Nigeria-1,1992,Nigeria,YES,Nigeria,country
NGR,Nigeria-2,1992,Nigeria,YES,Nigeria,country
NGR,Nigeria,1996,Nigeria,YES,Nigeria,country
NGR,Nigeria,2000,Nigeria,YES,Nigeria,country
NGR,Nigeria-1,2000,Nigeria,YES,Nigeria,country
NGR,Nigeria-2,2000,Nigeria,YES,Nigeria,country
NGR,Nigeria,2004,Nigeria,YES,Nigeria,country
NGR,Nigeria-1,2004,Nigeria,YES,Nigeria,country
NGR,Nigeria-2,2004,Nigeria,YES,Nigeria,country
NGR,Nigeria,2008,Nigeria,YES,Nigeria,country
NGR,Nigeria,2012,,NO_DIFF_YEAR,Nigeria,country
NGR,Nigeria,2016,Nigeria,YES,Nigeria,country
NGR,Nigeria,2020,Nigeria,YES,Nigeria,country
NGR,Nigeria,2024,,NO_DIFF_YEAR,Nigeria,country
NIG,Niger,1964,,NO_DIFF_YEAR,Niger,country
NIG,Niger,1968,,NO_DIFF_YEAR,Niger,country
NIG,Niger,1972,Niger,YES,Niger,country
NIG,Niger,1984,,NO_DIFF_YEAR,Niger,country
NIG,Niger,1988,,NO_DIFF_YEAR,Niger,country
NIG,Niger,1992,,NO_DIFF_YEAR,Niger,country
NIG,Niger,1996,,NO_DIFF_YEAR,Niger,country
NIG,Niger,2000,,NO_DIFF_YEAR,Niger,country
NIG,Niger,2004,,NO_DIFF_YEAR,Niger,country
NIG,Niger,2008,,NO_DIFF_YEAR,Niger,country
NIG,Niger,2012,,NO_DIFF_YEAR,Niger,country
NIG,Niger,2016,Niger,YES,Niger,country
NIG,Niger,2020,,NO_DIFF_YEAR,Niger,country
NIG,Niger,2024,,NO_DIFF_YEAR,Niger,country
NOR,Norway,1900,Norway,YES,Norway,country
NOR,Norway,1904,Norway,YES,Norway,country
NOR,"Norwegier Turnverein, Brooklyn",1904,Norway,YES,Norway,country
NOR,Fram,1908,Norway,YES,Norway,country
NOR,Norway,1908,Norway,YES,Norway,country
NOR,Norwegian Rowing Association,1908,Norway,YES,Norway,country
NOR,Kristiania Roklub,1912,Norway,YES,Norway,country
NOR,Kristiania Roklub-1,1912,Norway,YES,Norway,country
NOR,Magda IX,1912,Norway,YES,Norway,country
NOR,Norway,1912,Norway,YES,Norway,country
NOR,Norway-1,1912,Norway,YES,Norway,country
NOR,Norway-2,1912,Norway,YES,Norway,country
NOR,Norway-3,1912,Norway,YES,Norway,country
NOR,Ormsund Roklub-2,1912,Norway,YES,Norway,country
NOR,Sonja II,1912,Norway,YES,Norway,country
NOR,Studenternes Roklub-2,1912,Norway,YES,Norway,country
NOR,Taifun,1912,Norway,YES,Norway,country
NOR,Atlanta,1920,Norway,YES,Norway,country
NOR,Eleda,1920,Norway,YES,Norway,country
NOR,Fornebo,1920,Norway,YES,Norway,country
NOR,Heira II,1920,Norway,YES,Norway,country
NOR,Irene,1920,Norway,YES,Norway,country
NOR,Jo,1920,Norway,YES,Norway,country
NOR,Lyn-2,1920,Norway,YES,Norway,country
NOR,Marmi II-1,1920,Norway,YES,Norway,country
NOR,Mosk II,1920,Norway,YES,Norway,country
NOR,Norway,1920,Norway,YES,Norway,country
NOR,Sildra-1,1920,Norway,YES,Norway,country
NOR,Stella-2,1920,Norway,YES,Norway,country
NOR,Bera,1924,Norway,YES,Norway,country
NOR,Elisabeth V,1924,Norway,YES,Norway,country
NOR,Norway,1924,Norway,YES,Norway,country
NOR,Norway-2,1924,Norway,YES,Norway,country
NOR,Noreg,1928,Norway,YES,Norway,country
NOR,Norna,1928,Norway,YES,Norway,country
NOR,Norway,1928,Norway,YES,Norway,country
NOR,Norway,1932,,NO_DIFF_YEAR,Norway,country
NOR,Hamburg,1936,Norway,YES,Norway,country
NOR,KNS,1936,Norway,YES,Norway,country
NOR,Lully II,1936,Norway,YES,Norway,country
NOR,Norway,1936,Norway,YES,Norway,country
NOR,Silja,1936,Norway,YES,Norway,country
NOR,Apache,1948,Norway,YES,Norway,country
NOR,Nora,1948,Norway,YES,Norway,country
NOR,Norway,1948,Norway,YES,Norway,country
NOR,Pan,1948,Norway,YES,Norway,country
NOR,Elisabeth X,1952,Norway,YES,Norway,country
NOR,Encore,1952,Norway,YES,Norway,country
NOR,Norway,1952,Norway,YES,Norway,country
NOR,Pan,1952,Norway,YES,Norway,country
NOR,Norway,1956,Norway,YES,Norway,country
NOR,Pan II,1956,Norway,YES,Norway,country
NOR,Viking,1956,Norway,YES,Norway,country
NOR,Lett,1960,Norway,YES,Norway,country
NOR,Norway,1960,Norway,YES,Norway,country
NOR,Sirene,1960,Norway,YES,Norway,country
NOR,Struten,1960,Norway,YES,Norway,country
NOR,Fram III,1964,,NO_DIFF_YEAR,Norway,country
NOR,Lucky,1964,,NO_DIFF_YEAR,Norway,country
NOR,Monica,1964,,NO_DIFF_YEAR,Norway,country
NOR,Norway,1964,,NO_DIFF_YEAR,Norway,country
NOR,Norway,1968,Norway,YES,Norway,country
NOR,Norway,1972,Norway,YES,Norway,country
NOR,Norway,1976,Norway,YES,Norway,country
NOR,Norway,1984,Norway,YES,Norway,country
NOR,Norway,1988,Norway,YES,Norway,country
NOR,Norway,1992,Norway,YES,Norway,country
NOR,Norway,1996,Norway,YES,Norway,country
NOR,Norway,2000,Norway,YES,Norway,country
NOR,Norway-1,2000,Norway,YES,Norway,country
NOR,Norway-2,2000,Norway,YES,Norway,country
NOR,Norway,2004,Norway,YES,Norway,country
NOR,Norway-1,2004,Norway,YES,Norway,country
NOR,Norway-2,2004,Norway,YES,Norway,country
NOR,Norway,2008,Norway,YES,Norway,country
NOR,Norway-1,2008,Norway,YES,Norway,country
NOR,Norway-2,2008,Norway,YES,Norway,country
NOR,Norway,2012,Norway,YES,Norway,country
NOR,Norway,2016,Norway,YES,Norway,country
NOR,Norway,2020,Norway,YES,Norway,country
NOR,Norway,2024,Norway,YES,Norway,country
NRU,Nauru,1996,,NO,Nauru,country
NRU,Nauru,2000,,NO,Nauru,country
NRU,Nauru,2004,,NO,Nauru,country
NRU,Nauru,2008,,NO,Nauru,country
NRU,Nauru,2012,,NO,Nauru,country
NRU,Nauru,2016,,NO,Nauru,country
NRU,Nauru,2020,,NO,Nauru,country
NRU,Nauru,2024,,NO,Nauru,country
NZL,"Osborne Swimming Club, Manchester",1900,,NO_DIFF_YEAR,New Zealand,country
NZL,New Zealand,1920,New Zealand,YES,New Zealand,country
NZL,New Zealand,1924,New Zealand,YES,New Zealand,country
NZL,New Zealand,1928,New Zealand,YES,New Zealand,country
NZL,New Zealand,1932,New Zealand,YES,New Zealand,country
NZL,New Zealand,1936,New Zealand,YES,New Zealand,country
NZL,New Zealand,1948,,NO_DIFF_YEAR,New Zealand,country
NZL,New Zealand,1952,New Zealand,YES,New Zealand,country
NZL,Jest,1956,New Zealand,YES,New Zealand,country
NZL,New Zealand,1956,New Zealand,YES,New Zealand,country
NZL,Red Dragon,1956,New Zealand,YES,New Zealand,country
NZL,Harmony,1960,New Zealand,YES,New Zealand,country
NZL,New Zealand,1960,New Zealand,YES,New Zealand,country
NZL,New Zealand,1964,New Zealand,YES,New Zealand,country
NZL,Pandora,1964,New Zealand,YES,New Zealand,country
NZL,New Zealand,1968,New Zealand,YES,New Zealand,country
NZL,New Zealand,1972,New Zealand,YES,New Zealand,country
NZL,New Zealand,1976,New Zealand,YES,New Zealand,country
NZL,New Zealand,1980,,NO_DIFF_YEAR,New Zealand,country
NZL,New Zealand,1984,New Zealand,YES,New Zealand,country
NZL,New Zealand,1988,New Zealand,YES,New Zealand,country
NZL,New Zealand,1992,New Zealand,YES,New Zealand,country
NZL,New Zealand,1996,New Zealand,YES,New Zealand,country
NZL,New Zealand,2000,New Zealand,YES,New Zealand,country
NZL,New Zealand,2004,New Zealand,YES,New Zealand,country
NZL,New Zealand,2008,New Zealand,YES,New Zealand,country
NZL,New Zealand,2012,New Zealand,YES,New Zealand,country
NZL,New Zealand,2016,New Zealand,YES,New Zealand,country
NZL,New Zealand,2020,New Zealand,YES,New Zealand,country
NZL,New Zealand,2024,New Zealand,YES,New Zealand,country
OMA,Oman,1984,,NO,Oman,country
OMA,Oman,1988,,NO,Oman,country
OMA,Oman,1992,,NO,Oman,country
OMA,Oman,1996,,NO,Oman,country
OMA,Oman,2000,,NO,Oman,country
OMA,Oman,2004,,NO,Oman,country
OMA,Oman,2008,,NO,Oman,country
OMA,Oman,2012,,NO,Oman,country
OMA,Oman,2016,,NO,Oman,country
OMA,Oman,2020,,NO,Oman,country
OMA,Oman,2024,,NO,Oman,country
PAK,Pakistan,1948,,NO_DIFF_YEAR,Pakistan,country
PAK,Pakistan,1952,,NO_DIFF_YEAR,Pakistan,country
PAK,Pakistan,1956,Pakistan,YES,Pakistan,country
PAK,Pakistan,1960,Pakistan,YES,Pakistan,country
PAK,Pakistan,1964,Pakistan,YES,Pakistan,country
PAK,Pakistan,1968,Pakistan,YES,Pakistan,country
PAK,Pakistan,1972,Pakistan,YES,Pakistan,country
PAK,Pakistan,1976,Pakistan,YES,Pakistan,country
PAK,Pakistan,1984,Pakistan,YES,Pakistan,country
PAK,Pakistan,1988,Pakistan,YES,Pakistan,country
PAK,Pakistan,1992,Pakistan,YES,Pakistan,country
PAK,Pakistan,1996,,NO_DIFF_YEAR,Pakistan,country
PAK,Pakistan,2000,,NO_DIFF_YEAR,Pakistan,country
PAK,Pakistan,2004,,NO_DIFF_YEAR,Pakistan,country
PAK,Pakistan,2008,,NO_DIFF_YEAR,Pakistan,country
PAK,Pakistan,2012,,NO_DIFF_YEAR,Pakistan,country
PAK,Pakistan,2016,,NO_DIFF_YEAR,Pakistan,country
PAK,Pakistan,2020,,NO_DIFF_YEAR,Pakistan,country
PAK,Pakistan,2024,Pakistan,YES,Pakistan,country
PAN,Panama,1928,,NO_DIFF_YEAR,Panama,country
PAN,Panama,1948,Panama,YES,Panama,country
PAN,Panama,1952,,NO_DIFF_YEAR,Panama,country
PAN,Panama,1960,,NO_DIFF_YEAR,Panama,country
PAN,Panama,1964,,NO_DIFF_YEAR,Panama,country
PAN,Panama,1968,,NO_DIFF_YEAR,Panama,country
PAN,Panama,1972,,NO_DIFF_YEAR,Panama,country
PAN,Panama,1976,,NO_DIFF_YEAR,Panama,country
PAN,Panama,1984,,NO_DIFF_YEAR,Panama,country
PAN,Panama,1988,,NO_DIFF_YEAR,Panama,country
PAN,Panama,1992,,NO_DIFF_YEAR,Panama,country
PAN,Panama,1996,,NO_DIFF_YEAR,Panama,country
PAN,Panama,2000,,NO_DIFF_YEAR,Panama,country
PAN,Panama,2004,,NO_DIFF_YEAR,Panama,country
PAN,Panama,2008,Panama,YES,Panama,country
PAN,Panama,2012,,NO_DIFF_YEAR,Panama,country
PAN,Panama,2016,,NO_DIFF_YEAR,Panama,country
PAN,Panama,2020,,NO_DIFF_YEAR,Panama,country
PAN,Panama,2024,Panama,YES,Panama,country
PAR,Paraguay,1968,,NO_DIFF_YEAR,Paraguay,country
PAR,Paraguay,1972,,NO_DIFF_YEAR,Paraguay,country
PAR,Paraguay,1976,,NO_DIFF_YEAR,Paraguay,country
PAR,Paraguay,1984,,NO_DIFF_YEAR,Paraguay,country
PAR,Paraguay,1988,,NO_DIFF_YEAR,Paraguay,country
PAR,Paraguay,1992,,NO_DIFF_YEAR,Paraguay,country
PAR,Paraguay,1996,,NO_DIFF_YEAR,Paraguay,country
PAR,Paraguay,2000,,NO_DIFF_YEAR,Paraguay,country
PAR,Paraguay,2004,Paraguay,YES,Paraguay,country
PAR,Paraguay,2008,,NO_DIFF_YEAR,Paraguay,country
PAR,Paraguay,2012,,NO_DIFF_YEAR,Paraguay,country
PAR,Paraguay,2016,,NO_DIFF_YEAR,Paraguay,country
PAR,Paraguay,2020,,NO_DIFF_YEAR,Paraguay,country
PAR,Paraguay,2024,,NO_DIFF_YEAR,Paraguay,country
PER,Peru,1900,,NO_DIFF_YEAR,Peru,country
PER,Peru,1932,,NO_DIFF_YEAR,Peru,country
PER,Peru,1936,,NO_DIFF_YEAR,Peru,country
PER,Peru,1948,Peru,YES,Peru,country
PER,Peru,1956,,NO_DIFF_YEAR,Peru,country
PER,Peru,1960,,NO_DIFF_YEAR,Peru,country
PER,Peru,1964,,NO_DIFF_YEAR,Peru,country
PER,Peru,1968,,NO_DIFF_YEAR,Peru,country
PER,Peru,1972,,NO_DIFF_YEAR,Peru,country
PER,Peru,1976,,NO_DIFF_YEAR,Peru,country
PER,Peru,1980,,NO_DIFF_YEAR,Peru,country
PER,Peru,1984,Peru,YES,Peru,country
PER,Peru,1988,Peru,YES,Peru,country
PER,Peru,1992,Peru,YES,Peru,country
PER,Peru,1996,,NO_DIFF_YEAR,Peru,country
PER,Peru,2000,,NO_DIFF_YEAR,Peru,country
PER,Peru,2004,,NO_DIFF_YEAR,Peru,country
PER,Peru,2008,,NO_DIFF_YEAR,Peru,country
PER,Peru,2012,,NO_DIFF_YEAR,Peru,country
PER,Peru,2016,,NO_DIFF_YEAR,Peru,country
PER,Peru,2020,,NO_DIFF_YEAR,Peru,country
PER,Peru,2024,Peru,YES,Peru,country
PHI,Philippines,1924,,NO_DIFF_YEAR,Philippines,country
PHI,Philippines,1928,Philippines,YES,Philippines,country
PHI,Philippines,1932,Philippines,YES,Philippines,country
PHI,Philippines,1936,Philippines,YES,Philippines,country
PHI,Philippines,1948,,NO_DIFF_YEAR,Philippines,country
PHI,Philippines,1952,,NO_DIFF_YEAR,Philippines,country
PHI,Philippines,1956,,NO_DIFF_YEAR,Philippines,country
PHI,Patricia,1960,,NO_DIFF_YEAR,Philippines,country
PHI,Philippines,1960,,NO_DIFF_YEAR,Philippines,country
PHI,Kalayaan,1964,Philippines,YES,Philippines,country
PHI,Philippines,1964,Philippines,YES,Philippines,country
PHI,Philippines,1968,,NO_DIFF_YEAR,Philippines,country
PHI,Philippines,1972,,NO_DIFF_YEAR,Philippines,country
PHI,Philippines,1976,,NO_DIFF_YEAR,Philippines,country
PHI,Philippines,1984,,NO_DIFF_YEAR,Philippines,country
PHI,Philippines,1988,Philippines,YES,Philippines,country
PHI,Philippines,1992,Philippines,YES,Philippines,country
PHI,Philippines,1996,Philippines,YES,Philippines,country
PHI,Philippines,2000,,NO_DIFF_YEAR,Philippines,country
PHI,Philippines,2004,,NO_DIFF_YEAR,Philippines,country
PHI,Philippines,2008,,NO_DIFF_YEAR,Philippines,country
PHI,Philippines,2012,,NO_DIFF_YEAR,Philippines,country
PHI,Philippines,2016,Philippines,YES,Philippines,country
PHI,Philippines,2020,Philippines,YES,Philippines,country
PHI,Philippines,2024,Philippines,YES,Philippines,country
PLE,Palestine,1996,,NO,Palestine,country
PLE,Palestine,2000,,NO,Palestine,country
PLE,Palestine,2004,,NO,Palestine,country
PLE,Palestine,2008,,NO,Palestine,country
PLE,Palestine,2012,,NO,Palestine,country
PLE,Palestine,2016,,NO,Palestine,country
PLE,Palestine,2020,,NO,Palestine,country
PLE,Palestine,2024,,NO,Palestine,country
PLW,Palau,2000,,NO,Palau,country
PLW,Palau,2004,,NO,Palau,country
PLW,Palau,2008,,NO,Palau,country
PLW,Palau,2012,,NO,Palau,country
PLW,Palau,2016,,NO,Palau,country
PLW,Palau,2020,,NO,Palau,country
PLW,Palau,2024,,NO,Palau,country
PNG,Papua New Guinea,1976,,NO,Papua New Guinea,country
PNG,Papua New Guinea,1984,,NO,Papua New Guinea,country
PNG,Papua New Guinea,1988,,NO,Papua New Guinea,country
PNG,Papua New Guinea,1992,,NO,Papua New Guinea,country
PNG,Papua New Guinea,1996,,NO,Papua New Guinea,country
PNG,Papua New Guinea,2000,,NO,Papua New Guinea,country
PNG,Papua New Guinea,2004,,NO,Papua New Guinea,country
PNG,Papua New Guinea,2008,,NO,Papua New Guinea,country
PNG,Papua New Guinea,2012,,NO,Papua New Guinea,country
PNG,Papua New Guinea,2016,,NO,Papua New Guinea,country
PNG,Papua New Guinea,2020,,NO,Papua New Guinea,country
PNG,Papua New Guinea,2024,,NO,Papua New Guinea,country
POL,Poland,1912,,NO_DIFF_YEAR,Poland,country
POL,Poland,1924,Poland,YES,Poland,country
POL,Poland,1928,Poland,YES,Poland,country
POL,Poland,1932,Poland,YES,Poland,country
POL,Danuta,1936,Poland,YES,Poland,country
POL,Poland,1936,Poland,YES,Poland,country
POL,Poland,1948,Poland,YES,Poland,country
POL,Poland,1952,Poland,YES,Poland,country
POL,Poland,1956,Poland,YES,Poland,country
POL,Poland,1960,Poland,YES,Poland,country
POL,Poland,1964,Poland,YES,Poland,country
POL,Poland,1968,Poland,YES,Poland,country
POL,Poland,1972,Poland,YES,Poland,country
POL,Poland-1,1972,Poland,YES,Poland,country
POL,Poland-2,1972,Poland,YES,Poland,country
POL,Poland-3,1972,Poland,YES,Poland,country
POL,Poland,1976,Poland,YES,Poland,country
POL,Poland,1980,Poland,YES,Poland,country
POL,Poland,1988,Poland,YES,Poland,country
POL,Poland,1992,Poland,YES,Poland,country
POL,Poland-1,1992,Poland,YES,Poland,country
POL,Poland-2,1992,Poland,YES,Poland,country
POL,Poland,1996,Poland,YES,Poland,country
POL,Poland-1,1996,Poland,YES,Poland,country
POL,Poland-2,1996,Poland,YES,Poland,country
POL,Poland,2000,Poland,YES,Poland,country
POL,Poland-1,2000,Poland,YES,Poland,country
POL,Poland-2,2000,Poland,YES,Poland,country
POL,Poland,2004,Poland,YES,Poland,country
POL,Poland,2008,Poland,YES,Poland,country
POL,Poland-1,2008,Poland,YES,Poland,country
POL,Poland-2,2008,Poland,YES,Poland,country
POL,Poland,2012,Poland,YES,Poland,country
POL,Poland-1,2012,Poland,YES,Poland,country
POL,Poland-2,2012,Poland,YES,Poland,country
POL,Poland,2016,Poland,YES,Poland,country
POL,Poland-1,2016,Poland,YES,Poland,country
POL,Poland-2,2016,Poland,YES,Poland,country
POL,Poland,2020,Poland,YES,Poland,country
POL,Poland,2024,Poland,YES,Poland,country
POR,Portugal,1912,,NO_DIFF_YEAR,Portugal,country
POR,Portugal,1920,,NO_DIFF_YEAR,Portugal,country
POR,Portugal,1924,Portugal,YES,Portugal,country
POR,Camelia,1928,Portugal,YES,Portugal,country
POR,Portugal,1928,Portugal,YES,Portugal,country
POR,Portugal,1932,,NO_DIFF_YEAR,Portugal,country
POR,Hannover,1936,Portugal,YES,Portugal,country
POR,Portugal,1936,Portugal,YES,Portugal,country
POR,Vicking,1936,Portugal,YES,Portugal,country
POR,Argus,1948,Portugal,YES,Portugal,country
POR,Espardate,1948,Portugal,YES,Portugal,country
POR,Portugal,1948,Portugal,YES,Portugal,country
POR,Symphony,1948,Portugal,YES,Portugal,country
POR,Alcaid,1952,Portugal,YES,Portugal,country
POR,Espadarte,1952,Portugal,YES,Portugal,country
POR,Portugal,1952,Portugal,YES,Portugal,country
POR,Sjhxa,1952,Portugal,YES,Portugal,country
POR,Canopus,1956,,NO_DIFF_YEAR,Portugal,country
POR,Faneca,1956,,NO_DIFF_YEAR,Portugal,country
POR,Portugal,1956,,NO_DIFF_YEAR,Portugal,country
POR,Calcinhas,1960,Portugal,YES,Portugal,country
POR,Ciocca III,1960,Portugal,YES,Portugal,country
POR,Grifo III,1960,Portugal,YES,Portugal,country
POR,Ma'Lindo,1960,Portugal,YES,Portugal,country
POR,Portugal,1960,Portugal,YES,Portugal,country
POR,Faneca,1964,,NO_DIFF_YEAR,Portugal,country
POR,Grifo IV,1964,,NO_DIFF_YEAR,Portugal,country
POR,Portugal,1964,,NO_DIFF_YEAR,Portugal,country
POR,Portugal,1968,,NO_DIFF_YEAR,Portugal,country
POR,Portugal,1972,,NO_DIFF_YEAR,Portugal,country
POR,Portugal,1976,Portugal,YES,Portugal,country
POR,Portugal,1980,,NO_DIFF_YEAR,Portugal,country
POR,Portugal,1984,Portugal,YES,Portugal,country
POR,Portugal,1988,Portugal,YES,Portugal,country
POR,Portugal,1992,,NO_DIFF_YEAR,Portugal,country
POR,Portugal,1996,Portugal,YES,Portugal,country
POR,Portugal,2000,Portugal,YES,Portugal,country
POR,Portugal,2004,Portugal,YES,Portugal,country
POR,Galopin De La Font,2008,Portugal,YES,Portugal,country
POR,Notavel,2008,Portugal,YES,Portugal,country
POR,Oxalis,2008,Portugal,YES,Portugal,country
POR,Portugal,2008,Portugal,YES,Portugal,country
POR,Portugal,2012,Portugal,YES,Portugal,country
POR,Portugal,2016,Portugal,YES,Portugal,country
POR,Portugal,2020,Portugal,YES,Portugal,country
POR,Portugal,2024,Portugal,YES,Portugal,country
PRK,North Korea,1972,North Korea,YES,North Korea,country
PRK,North Korea,1976,North Korea,YES,North Korea,country
PRK,North Korea,1980,North Korea,YES,North Korea,country
PRK,North Korea,1992,North Korea,YES,North Korea,country
PRK,North Korea-1,1992,North Korea,YES,North Korea,country
PRK,North Korea-2,1992,North Korea,YES,North Korea,country
PRK,North Korea,1996,North Korea,YES,North Korea,country
PRK,North Korea-1,1996,North Korea,YES,North Korea,country
PRK,North Korea-2,1996,North Korea,YES,North Korea,country
PRK,North Korea,2000,North Korea,YES,North Korea,country
PRK,North Korea,2004,North Korea,YES,North Korea,country
PRK,North Korea,2008,North Korea,YES,North Korea,country
PRK,North Korea,2012,North Korea,YES,North Korea,country
PRK,North Korea,2016,North Korea,YES,North Korea,country
PRK,DPR Korea,2024,North Korea,YES,North Korea,country
PUR,Puerto Rico,1948,Puerto Rico,YES,Puerto Rico,country
PUR,Puerto Rico,1952,,NO_DIFF_YEAR,Puerto Rico,country
PUR,Puerto Rico,1956,,NO_DIFF_YEAR,Puerto Rico,country
PUR,Puerto Rico,1960,,NO_DIFF_YEAR,Puerto Rico,country
PUR,Puerto Rico,1964,,NO_DIFF_YEAR,Puerto Rico,country
PUR,Puerto Rico,1968,,NO_DIFF_YEAR,Puerto Rico,country
PUR,Puerto Rico,1972,,NO_DIFF_YEAR,Puerto Rico,country
PUR,Puerto Rico,1976,Puerto Rico,YES,Puerto Rico,country
PUR,Puerto Rico,1980,,NO_DIFF_YEAR,Puerto Rico,country
PUR,Puerto Rico,1984,Puerto Rico,YES,Puerto Rico,country
PUR,Puerto Rico,1988,,NO_DIFF_YEAR,Puerto Rico,country
PUR,Puerto Rico,1992,Puerto Rico,YES,Puerto Rico,country
PUR,Puerto Rico,1996,Puerto Rico,YES,Puerto Rico,country
PUR,Puerto Rico,2000,,NO_DIFF_YEAR,Puerto Rico,country
PUR,Puerto Rico,2004,,NO_DIFF_YEAR,Puerto Rico,country
PUR,Puerto Rico,2008,,NO_DIFF_YEAR,Puerto Rico,country
PUR,Puerto Rico,2012,Puerto Rico,YES,Puerto Rico,country
PUR,Puerto Rico,2016,Puerto Rico,YES,Puerto Rico,country
PUR,Puerto Rico,2020,Puerto Rico,YES,Puerto Rico,country
PUR,Puerto Rico,2024,Puerto Rico,YES,Puerto Rico,country
QAT,Qatar,1984,,NO_DIFF_YEAR,Qatar,country
QAT,Qatar,1988,,NO_DIFF_YEAR,Qatar,country
QAT,Qatar,1992,Qatar,YES,Qatar,country
QAT,Qatar,1996,,NO_DIFF_YEAR,Qatar,country
QAT,Qatar,2000,Qatar,YES,Qatar,country
QAT,Qatar,2004,,NO_DIFF_YEAR,Qatar,country
QAT,Qatar,2008,,NO_DIFF_YEAR,Qatar,country
QAT,Qatar,2012,Qatar,YES,Qatar,country
QAT,Qatar,2016,Qatar,YES,Qatar,country
QAT,Qatar,2020,Qatar,YES,Qatar,country
QAT,Qatar,2024,Qatar,YES,Qatar,country
RHO,Peri,1960,,NO,Rhodesia,historical_different
RHO,Rhodesia,1960,,NO,Rhodesia,historical_different
ROC,Russia,2020,ROC,YES,Russia,country
ROT,Refugee Olympic Athletes,2016,,NO_DIFF_YEAR,Refugee Olympic Team,special
ROU,Romania,1900,,NO_DIFF_YEAR,Romania,country
ROU,Romania,1924,Romania,YES,Romania,country
ROU,Romania,1928,,NO_DIFF_YEAR,Romania,country
ROU,Romania,1932,,NO_DIFF_YEAR,Romania,country
ROU,Romania,1936,Romania,YES,Romania,country
ROU,Romania,1952,Romania,YES,Romania,country
ROU,Romania,1956,Romania,YES,Romania,country
ROU,Romania,1960,Romania,YES,Romania,country
ROU,Romania,1964,Romania,YES,Romania,country
ROU,Romania,1968,Romania,YES,Romania,country
ROU,Romania,1972,Romania,YES,Romania,country
ROU,Romania,1976,Romania,YES,Romania,country
ROU,Romania,1980,Romania,YES,Romania,country
ROU,Romania,1984,Romania,YES,Romania,country
ROU,Romania,1988,Romania,YES,Romania,country
ROU,Romania,1992,Romania,YES,Romania,country
ROU,Romania-1,1992,Romania,YES,Romania,country
ROU,Romania-2,1992,Romania,YES,Romania,country
ROU,Romania,1996,Romania,YES,Romania,country
ROU,Romania,2000,Romania,YES,Romania,country
ROU,Romania,2004,Romania,YES,Romania,country
ROU,Romania,2008,Romania,YES,Romania,country
ROU,Romania,2012,Romania,YES,Romania,country
ROU,Romania,2016,Romania,YES,Romania,country
ROU,Romania-1,2016,Romania,YES,Romania,country
ROU,Romania-2,2016,Romania,YES,Romania,country
ROU,Romania,2020,Romania,YES,Romania,country
ROU,Romania,2024,Romania,YES,Romania,country
RSA,Boer Team,1904,,NO_DIFF_YEAR,South Africa,country
RSA,South Africa,1904,,NO_DIFF_YEAR,South Africa,country
RSA,South Africa,1908,South Africa,YES,South Africa,country
RSA,South Africa,1912,South Africa,YES,South Africa,country
RSA,South Africa,1920,South Africa,YES,South Africa,country
RSA,South Africa-1,1920,South Africa,YES,South Africa,country
RSA,South Africa-2,1920,South Africa,YES,South Africa,country
RSA,South Africa,1924,South Africa,YES,South Africa,country
RSA,South Africa,1928,South Africa,YES,South Africa,country
RSA,South Africa,1932,South Africa,YES,South Africa,country
RSA,Springbok,1932,South Africa,YES,South Africa,country
RSA,South Africa,1936,South Africa,YES,South Africa,country
RSA,South Africa,1948,South Africa,YES,South Africa,country
RSA,Shoveller,1952,South Africa,YES,South Africa,country
RSA,South Africa,1952,South Africa,YES,South Africa,country
RSA,Impala,1956,South Africa,YES,South Africa,country
RSA,South Africa,1956,South Africa,YES,South Africa,country
RSA,Yeoman V,1956,South Africa,YES,South Africa,country
RSA,Hakahana,1960,South Africa,YES,South Africa,country
RSA,South Africa,1960,South Africa,YES,South Africa,country
RSA,South Africa,1992,South Africa,YES,South Africa,country
RSA,South Africa,1996,South Africa,YES,South Africa,country
RSA,South Africa,2000,South Africa,YES,South Africa,country
RSA,South Africa,2004,South Africa,YES,South Africa,country
RSA,South Africa,2008,South Africa,YES,South Africa,country
RSA,South Africa,2012,South Africa,YES,South Africa,country
RSA,South Africa,2016,South Africa,YES,South Africa,country
RSA,South Africa,2020,South Africa,YES,South Africa,country
RSA,South Africa,2024,South Africa,YES,South Africa,country
RUS,Russia,1900,Russian Empire,HISTORICAL,Russia,country
RUS,Russia-1,1900,Russian Empire,HISTORICAL,Russia,country
RUS,Russia,1908,Russian Empire,YES,Russia,country
RUS,Bylina-2,1912,Russian Empire,YES,Russia,country
RUS,Gallia II,1912,Russian Empire,YES,Russia,country
RUS,Norman-1,1912,Russian Empire,YES,Russia,country
RUS,Russia,1912,Russian Empire,YES,Russia,country
RUS,Russia,1924,Russia,HISTORICAL,Russia,country
RUS,Russia,1996,Russia,YES,Russia,country
RUS,Russia,2000,Russia,YES,Russia,country
RUS,Russia,2004,Russia,YES,Russia,country
RUS,Russia-1,2004,Russia,YES,Russia,country
RUS,Russia-2,2004,Russia,YES,Russia,country
RUS,Russia,2008,Russia,YES,Russia,country
RUS,Russia-1,2008,Russia,YES,Russia,country
RUS,Russia-2,2008,Russia,YES,Russia,country
RUS,Russia,2012,Russia,YES,Russia,country
RUS,Russia-1,2012,Russia,YES,Russia,country
RUS,Russia-2,2012,Russia,YES,Russia,country
RUS,Russia,2016,Russia,YES,Russia,country
RUS,Russia-1,2016,Russia,YES,Russia,country
RUS,Russia-2,2016,Russia,YES,Russia,country
RWA,Rwanda,1984,,NO,Rwanda,country
RWA,Rwanda,1988,,NO,Rwanda,country
RWA,Rwanda,1992,,NO,Rwanda,country
RWA,Rwanda,1996,,NO,Rwanda,country
RWA,Rwanda,2000,,NO,Rwanda,country
RWA,Rwanda,2004,,NO,Rwanda,country
RWA,Rwanda,2008,,NO,Rwanda,country
RWA,Rwanda,2012,,NO,Rwanda,country
RWA,Rwanda,2016,,NO,Rwanda,country
RWA,Rwanda,2020,,NO,Rwanda,country
RWA,Rwanda,2024,,NO,Rwanda,country
SAA,Saar,1952,,NO,Saar,historical_different
SAM,Samoa,1984,,NO_DIFF_YEAR,Samoa,country
SAM,Samoa,1988,,NO_DIFF_YEAR,Samoa,country
SAM,Samoa,1992,,NO_DIFF_YEAR,Samoa,country
SAM,Samoa,1996,,NO_DIFF_YEAR,Samoa,country
SAM,Samoa,2000,,NO_DIFF_YEAR,Samoa,country
SAM,Samoa,2004,,NO_DIFF_YEAR,Samoa,country
SAM,Samoa,2008,Samoa,YES,Samoa,country
SAM,Samoa,2012,,NO_DIFF_YEAR,Samoa,country
SAM,Samoa,2016,,NO_DIFF_YEAR,Samoa,country
SAM,Samoa,2020,,NO_DIFF_YEAR,Samoa,country
SAM,Samoa,2024,,NO_DIFF_YEAR,Samoa,country
SCG,Serbia and Montenegro,1996,FR Yugoslavia,YES,Serbia and Montenegro,historical_different
SCG,Serbia and Montenegro,2000,FR Yugoslavia,YES,Serbia and Montenegro,historical_different
SCG,Serbia and Montenegro,2004,Serbia and Montenegro,YES,Serbia and Montenegro,historical_different
SEN,Senegal,1964,,NO_DIFF_YEAR,Senegal,country
SEN,Senegal,1968,,NO_DIFF_YEAR,Senegal,country
SEN,Senegal,1972,,NO_DIFF_YEAR,Senegal,country
SEN,Senegal,1976,,NO_DIFF_YEAR,Senegal,country
SEN,Senegal,1980,,NO_DIFF_YEAR,Senegal,country
SEN,Senegal,1984,,NO_DIFF_YEAR,Senegal,country
SEN,Senegal,1988,Senegal,YES,Senegal,country
SEN,Senegal,1992,,NO_DIFF_YEAR,Senegal,country
SEN,Senegal,1996,,NO_DIFF_YEAR,Senegal,country
SEN,Senegal,2000,,NO_DIFF_YEAR,Senegal,country
SEN,Senegal,2004,,NO_DIFF_YEAR,Senegal,country
SEN,Senegal,2008,,NO_DIFF_YEAR,Senegal,country
SEN,Senegal,2012,,NO_DIFF_YEAR,Senegal,country
SEN,Senegal,2016,,NO_DIFF_YEAR,Senegal,country
SEN,Senegal,2020,,NO_DIFF_YEAR,Senegal,country
SEN,Senegal,2024,,NO_DIFF_YEAR,Senegal,country
SEY,Seychelles,1980,,NO,Seychelles,country
SEY,Seychelles,1984,,NO,Seychelles,country
SEY,Seychelles,1992,,NO,Seychelles,country
SEY,Seychelles,1996,,NO,Seychelles,country
SEY,Seychelles,2000,,NO,Seychelles,country
SEY,Seychelles,2004,,NO,Seychelles,country
SEY,Seychelles,2008,,NO,Seychelles,country
SEY,Seychelles,2012,,NO,Seychelles,country
SEY,Seychelles,2016,,NO,Seychelles,country
SEY,Seychelles,2020,,NO,Seychelles,country
SEY,Seychelles,2024,,NO,Seychelles,country
SGP,Singapore,1948,,NO_DIFF_YEAR,Singapore,country
SGP,Singapore,1952,,NO_DIFF_YEAR,Singapore,country
SGP,Rika II,1956,,NO_DIFF_YEAR,Singapore,country
SGP,Singapore,1956,,NO_DIFF_YEAR,Singapore,country
SGP,June Climene,1960,Singapore,YES,Singapore,country
SGP,Singapore,1960,Singapore,YES,Singapore,country
SGP,Singapore,1968,,NO_DIFF_YEAR,Singapore,country
SGP,Singapore,1972,,NO_DIFF_YEAR,Singapore,country
SGP,Singapore,1976,,NO_DIFF_YEAR,Singapore,country
SGP,Singapore,1984,,NO_DIFF_YEAR,Singapore,country
SGP,Singapore,1988,,NO_DIFF_YEAR,Singapore,country
SGP,Singapore,1992,,NO_DIFF_YEAR,Singapore,country
SGP,Singapore,1996,,NO_DIFF_YEAR,Singapore,country
SGP,Singapore,2000,,NO_DIFF_YEAR,Singapore,country
SGP,Singapore,2004,,NO_DIFF_YEAR,Singapore,country
SGP,Singapore-1,2004,,NO_DIFF_YEAR,Singapore,country
SGP,Singapore-2,2004,,NO_DIFF_YEAR,Singapore,country
SGP,Singapore,2008,Singapore,YES,Singapore,country
SGP,Singapore,2012,Singapore,YES,Singapore,country
SGP,Singapore,2016,Singapore,YES,Singapore,country
SGP,Singapore,2020,,NO_DIFF_YEAR,Singapore,country
SGP,Singapore,2024,Singapore,YES,Singapore,country
SKN,Saint Kitts and Nevis,1996,,NO,Saint Kitts and Nevis,country
SKN,Saint Kitts and Nevis,2000,,NO,Saint Kitts and Nevis,country
SKN,Saint Kitts and Nevis,2004,,NO,Saint Kitts and Nevis,country
SKN,Saint Kitts and Nevis,2008,,NO,Saint Kitts and Nevis,country
SKN,Saint Kitts and Nevis,2012,,NO,Saint Kitts and Nevis,country
SKN,Saint Kitts and Nevis,2016,,NO,Saint Kitts and Nevis,country
SKN,Saint Kitts and Nevis,2020,,NO,Saint Kitts and Nevis,country
SKN,St Kitts and Nevis,2024,,NO,Saint Kitts and Nevis,country
SLE,Sierra Leone,1968,,NO,Sierra Leone,country
SLE,Sierra Leone,1980,,NO,Sierra Leone,country
SLE,Sierra Leone,1984,,NO,Sierra Leone,country
SLE,Sierra Leone,1988,,NO,Sierra Leone,country
SLE,Sierra Leone,1992,,NO,Sierra Leone,country
SLE,Sierra Leone,1996,,NO,Sierra Leone,country
SLE,Sierra Leone,2000,,NO,Sierra Leone,country
SLE,Sierra Leone,2004,,NO,Sierra Leone,country
SLE,Sierra Leone,2008,,NO,Sierra Leone,country
SLE,Sierra Leone,2012,,NO,Sierra Leone,country
SLE,Sierra Leone,2016,,NO,Sierra Leone,country
SLE,Sierra Leone,2020,,NO,Sierra Leone,country
SLE,Sierra Leone,2024,,NO,Sierra Leone,country
SLO,Slovenia,1992,Slovenia,YES,Slovenia,country
SLO,Slovenia,1996,Slovenia,YES,Slovenia,country
SLO,Slovenia,2000,Slovenia,YES,Slovenia,country
SLO,Slovenia,2004,Slovenia,YES,Slovenia,country
SLO,Slovenia-1,2004,Slovenia,YES,Slovenia,country
SLO,Slovenia-2,2004,Slovenia,YES,Slovenia,country
SLO,Slovenia,2008,Slovenia,YES,Slovenia,country
SLO,Slovenia,2012,Slovenia,YES,Slovenia,country
SLO,Slovenia,2016,Slovenia,YES,Slovenia,country
SLO,Slovenia,2020,Slovenia,YES,Slovenia,country
SLO,Slovenia,2024,Slovenia,YES,Slovenia,country
SMR,San Marino,1960,,NO_DIFF_YEAR,San Marino,country
SMR,San Marino,1968,,NO_DIFF_YEAR,San Marino,country
SMR,San Marino,1972,,NO_DIFF_YEAR,San Marino,country
SMR,San Marino,1976,,NO_DIFF_YEAR,San Marino,country
SMR,San Marino,1980,,NO_DIFF_YEAR,San Marino,country
SMR,San Marino,1984,,NO_DIFF_YEAR,San Marino,country
SMR,San Marino,1988,,NO_DIFF_YEAR,San Marino,country
SMR,San Marino,1992,,NO_DIFF_YEAR,San Marino,country
SMR,San Marino,1996,,NO_DIFF_YEAR,San Marino,country
SMR,San Marino,2000,,NO_DIFF_YEAR,San Marino,country
SMR,San Marino,2004,,NO_DIFF_YEAR,San Marino,country
SMR,San Marino,2008,,NO_DIFF_YEAR,San Marino,country
SMR,San Marino,2012,,NO_DIFF_YEAR,San Marino,country
SMR,San Marino,2016,,NO_DIFF_YEAR,San Marino,country
SMR,San Marino,2020,San Marino,YES,San Marino,country
SMR,San Marino,2024,,NO_DIFF_YEAR,San Marino,country
SOL,Solomon Islands,1984,,NO,Solomon Islands,country
SOL,Solomon Islands,1988,,NO,Solomon Islands,country
SOL,Solomon Islands,1992,,NO,Solomon Islands,country
SOL,Solomon Islands,1996,,NO,Solomon Islands,country
SOL,Solomon Islands,2000,,NO,Solomon Islands,country
SOL,Solomon Islands,2004,,NO,Solomon Islands,country
SOL,Solomon Islands,2008,,NO,Solomon Islands,country
SOL,Solomon Islands,2012,,NO,Solomon Islands,country
SOL,Solomon Islands,2016,,NO,Solomon Islands,country
SOL,Solomon Islands,2020,,NO,Solomon Islands,country
SOL,Solomon Islands,2024,,NO,Solomon Islands,country
SOM,Somalia,1972,,NO,Somalia,country
SOM,Somalia,1984,,NO,Somalia,country
SOM,Somalia,1988,,NO,Somalia,country
SOM,Somalia,1996,,NO,Somalia,country
SOM,Somalia,2000,,NO,Somalia,country
SOM,Somalia,2004,,NO,Somalia,country
SOM,Somalia,2008,,NO,Somalia,country
SOM,Somalia,2012,,NO,Somalia,country
SOM,Somalia,2016,,NO,Somalia,country
SOM,Somalia,2020,,NO,Somalia,country
SOM,Somalia,2024,,NO,Somalia,country
SRB,Serbia,1912,,NO_DIFF_YEAR,Serbia,country
SRB,Serbia,2008,Serbia,YES,Serbia,country
SRB,Serbia,2012,Serbia,YES,Serbia,country
SRB,Serbia-1,2012,Serbia,YES,Serbia,country
SRB,Serbia-2,2012,Serbia,YES,Serbia,country
SRB,Serbia,2016,Serbia,YES,Serbia,country
SRB,Serbia,2020,Serbia,YES,Serbia,country
SRB,Serbia,2024,Serbia,YES,Serbia,country
SRI,Sri Lanka,1948,Ceylon,YES,Sri Lanka,country
SRI,Sri Lanka,1952,,NO_DIFF_YEAR,Sri Lanka,country
SRI,Sri Lanka,1956,,NO_DIFF_YEAR,Sri Lanka,country
SRI,Sri Lanka,1960,,NO_DIFF_YEAR,Sri Lanka,country
SRI,Sri Lanka,1964,,NO_DIFF_YEAR,Sri Lanka,country
SRI,Sri Lanka,1968,,NO_DIFF_YEAR,Sri Lanka,country
SRI,Sri Lanka,1972,,NO_DIFF_YEAR,Sri Lanka,country
SRI,Sri Lanka,1980,,NO_DIFF_YEAR,Sri Lanka,country
SRI,Sri Lanka,1984,,NO_DIFF_YEAR,Sri Lanka,country
SRI,Sri Lanka,1988,,NO_DIFF_YEAR,Sri Lanka,country
SRI,Sri Lanka,1992,,NO_DIFF_YEAR,Sri Lanka,country
SRI,Sri Lanka,1996,,NO_DIFF_YEAR,Sri Lanka,country
SRI,Sri Lanka,2000,Sri Lanka,YES,Sri Lanka,country
SRI,Sri Lanka,2004,,NO_DIFF_YEAR,Sri Lanka,country
SRI,Sri Lanka,2008,,NO_DIFF_YEAR,Sri Lanka,country
SRI,Sri Lanka,2012,,NO_DIFF_YEAR,Sri Lanka,country
SRI,Sri Lanka,2016,,NO_DIFF_YEAR,Sri Lanka,country
SRI,Sri Lanka,2020,,NO_DIFF_YEAR,Sri Lanka,country
SRI,Sri Lanka,2024,,NO_DIFF_YEAR,Sri Lanka,country
SSD,South Sudan,2016,,NO,South Sudan,country
SSD,South Sudan,2020,,NO,South Sudan,country
SSD,South Sudan,2024,,NO,South Sudan,country
STP,Sao Tome and Principe,1996,,NO,São Tomé and Príncipe,country
STP,Sao Tome and Principe,2000,,NO,São Tomé and Príncipe,country
STP,Sao Tome and Principe,2004,,NO,São Tomé and Príncipe,country
STP,Sao Tome and Principe,2008,,NO,São Tomé and Príncipe,country
STP,Sao Tome and Principe,2012,,NO,São Tomé and Príncipe,country
STP,Sao Tome and Principe,2016,,NO,São Tomé and Príncipe,country
STP,São Tomé and Príncipe,2020,,NO,São Tomé and Príncipe,country
STP,Sao Tome & Principe,2024,,NO,São Tomé and Príncipe,country
SUD,Sudan,1960,,NO_DIFF_YEAR,Sudan,country
SUD,Sudan,1968,,NO_DIFF_YEAR,Sudan,country
SUD,Sudan,1972,,NO_DIFF_YEAR,Sudan,country
SUD,Sudan,1984,,NO_DIFF_YEAR,Sudan,country
SUD,Sudan,1988,,NO_DIFF_YEAR,Sudan,country
SUD,Sudan,1992,,NO_DIFF_YEAR,Sudan,country
SUD,Sudan,1996,,NO_DIFF_YEAR,Sudan,country
SUD,Sudan,2000,,NO_DIFF_YEAR,Sudan,country
SUD,Sudan,2004,,NO_DIFF_YEAR,Sudan,country
SUD,Sudan,2008,Sudan,YES,Sudan,country
SUD,Sudan,2012,,NO_DIFF_YEAR,Sudan,country
SUD,Sudan,2016,,NO_DIFF_YEAR,Sudan,country
SUD,Sudan,2020,,NO_DIFF_YEAR,Sudan,country
SUD,Sudan,2024,,NO_DIFF_YEAR,Sudan,country
SUI,Switzerland,1896,Switzerland,YES,Switzerland,country
SUI,Lerina,1900,Switzerland,YES,Switzerland,country
SUI,Switzerland,1900,Switzerland,YES,Switzerland,country
SUI,Switzerland,1904,Switzerland,YES,Switzerland,country
SUI,Switzerland,1908,,NO_DIFF_YEAR,Switzerland,country
SUI,Switzerland,1912,,NO_DIFF_YEAR,Switzerland,country
SUI,Switzerland,1920,Switzerland,YES,Switzerland,country
SUI,Switzerland,1924,Switzerland,YES,Switzerland,country
SUI,Switzerland-1,1924,Switzerland,YES,Switzerland,country
SUI,Switzerland-2,1924,Switzerland,YES,Switzerland,country
SUI,Switzerland,1928,Switzerland,YES,Switzerland,country
SUI,Switzerland,1932,Switzerland,YES,Switzerland,country
SUI,Kln,1936,Switzerland,YES,Switzerland,country
SUI,Switzerland,1936,Switzerland,YES,Switzerland,country
SUI,Ylliam II,1936,Switzerland,YES,Switzerland,country
SUI,Ali-Baba II,1948,Switzerland,YES,Switzerland,country
SUI,Switzerland,1948,Switzerland,YES,Switzerland,country
SUI,Ylliam VII,1948,Switzerland,YES,Switzerland,country
SUI,Ali-Baba IV,1952,Switzerland,YES,Switzerland,country
SUI,Switzerland,1952,Switzerland,YES,Switzerland,country
SUI,Tim-Tam III,1952,Switzerland,YES,Switzerland,country
SUI,Ylliam VIII,1952,Switzerland,YES,Switzerland,country
SUI,Switzerland,1956,Switzerland,YES,Switzerland,country
SUI,Ali-Baba VI,1960,Switzerland,YES,Switzerland,country
SUI,Baccara,1960,Switzerland,YES,Switzerland,country
SUI,Ballerina IV,1960,Switzerland,YES,Switzerland,country
SUI,Fantasio III,1960,Switzerland,YES,Switzerland,country
SUI,Switzerland,1960,Switzerland,YES,Switzerland,country
SUI,Alain IV,1964,Switzerland,YES,Switzerland,country
SUI,Ali-Baba IX,1964,Switzerland,YES,Switzerland,country
SUI,Pousse-Moi Pas VII,1964,Switzerland,YES,Switzerland,country
SUI,Switzerland,1964,Switzerland,YES,Switzerland,country
SUI,Switzerland,1968,Switzerland,YES,Switzerland,country
SUI,Switzerland,1972,Switzerland,YES,Switzerland,country
SUI,Switzerland,1976,Switzerland,YES,Switzerland,country
SUI,Switzerland,1980,Switzerland,YES,Switzerland,country
SUI,Switzerland,1984,Switzerland,YES,Switzerland,country
SUI,Switzerland,1988,Switzerland,YES,Switzerland,country
SUI,Switzerland,1992,Switzerland,YES,Switzerland,country
SUI,Switzerland,1996,Switzerland,YES,Switzerland,country
SUI,Switzerland,2000,Switzerland,YES,Switzerland,country
SUI,Switzerland,2004,Switzerland,YES,Switzerland,country
SUI,Switzerland-1,2004,Switzerland,YES,Switzerland,country
SUI,Switzerland-2,2004,Switzerland,YES,Switzerland,country
SUI,Switzerland,2008,Switzerland,YES,Switzerland,country
SUI,Switzerland-1,2008,Switzerland,YES,Switzerland,country
SUI,Switzerland-2,2008,Switzerland,YES,Switzerland,country
SUI,Switzerland,2012,Switzerland,YES,Switzerland,country
SUI,Switzerland-1,2012,Switzerland,YES,Switzerland,country
SUI,Switzerland-2,2012,Switzerland,YES,Switzerland,country
SUI,Switzerland,2016,Switzerland,YES,Switzerland,country
SUI,Switzerland-1,2016,Switzerland,YES,Switzerland,country
SUI,Switzerland-2,2016,Switzerland,YES,Switzerland,country
SUI,Switzerland,2020,Switzerland,YES,Switzerland,country
SUI,Switzerland,2024,Switzerland,YES,Switzerland,country
SUR,Suriname,1968,,NO_DIFF_YEAR,Suriname,country
SUR,Suriname,1972,,NO_DIFF_YEAR,Suriname,country
SUR,Suriname,1976,,NO_DIFF_YEAR,Suriname,country
SUR,Suriname,1984,,NO_DIFF_YEAR,Suriname,country
SUR,Suriname,1988,Suriname,YES,Suriname,country
SUR,Suriname,1992,Suriname,YES,Suriname,country
SUR,Suriname,1996,,NO_DIFF_YEAR,Suriname,country
SUR,Suriname,2000,,NO_DIFF_YEAR,Suriname,country
SUR,Suriname,2004,,NO_DIFF_YEAR,Suriname,country
SUR,Suriname,2008,,NO_DIFF_YEAR,Suriname,country
SUR,Suriname,2012,,NO_DIFF_YEAR,Suriname,country
SUR,Suriname,2016,,NO_DIFF_YEAR,Suriname,country
SUR,Suriname,2020,,NO_DIFF_YEAR,Suriname,country
SUR,Suriname,2024,,NO_DIFF_YEAR,Suriname,country
SVK,Slovakia,1996,Slovakia,YES,Slovakia,country
SVK,Slovakia-1,1996,Slovakia,YES,Slovakia,country
SVK,Slovakia-2,1996,Slovakia,YES,Slovakia,country
SVK,Slovakia,2000,Slovakia,YES,Slovakia,country
SVK,Slovakia,2004,Slovakia,YES,Slovakia,country
SVK,Slovakia-1,2004,Slovakia,YES,Slovakia,country
SVK,Slovakia-2,2004,Slovakia,YES,Slovakia,country
SVK,Slovakia,2008,Slovakia,YES,Slovakia,country
SVK,Slovakia,2012,Slovakia,YES,Slovakia,country
SVK,Slovakia,2016,Slovakia,YES,Slovakia,country
SVK,Slovakia,2020,Slovakia,YES,Slovakia,country
SVK,Slovakia,2024,Slovakia,YES,Slovakia,country
SWE,Sweden,1896,,NO_DIFF_YEAR,Sweden,country
SWE,Denmark/Sweden,1900,Sweden,YES,Sweden,country
SWE,Sweden,1900,Sweden,YES,Sweden,country
SWE,Freja,1908,Sweden,YES,Sweden,country
SWE,Saga-2,1908,Sweden,YES,Sweden,country
SWE,Sweden,1908,Sweden,YES,Sweden,country
SWE,Vinga-1,1908,Sweden,YES,Sweden,country
SWE,Erna Signe,1912,Sweden,YES,Sweden,country
SWE,Gteborgs Roddfrening-2,1912,Sweden,YES,Sweden,country
SWE,Gteborgs Roddklubb-1,1912,Sweden,YES,Sweden,country
SWE,K.S.S.S. 1912-2,1912,Sweden,YES,Sweden,country
SWE,Kerstin-1,1912,Sweden,YES,Sweden,country
SWE,Kitty-1,1912,Sweden,YES,Sweden,country
SWE,Marga-2,1912,Sweden,YES,Sweden,country
SWE,Roddklubben af 1912-1,1912,Sweden,YES,Sweden,country
SWE,Roddklubben af 1912-2,1912,Sweden,YES,Sweden,country
SWE,Sans Atout-1,1912,Sweden,YES,Sweden,country
SWE,Sass-2,1912,Sweden,YES,Sweden,country
SWE,Sweden,1912,Sweden,YES,Sweden,country
SWE,Sweden-1,1912,Sweden,YES,Sweden,country
SWE,Sweden-2,1912,Sweden,YES,Sweden,country
SWE,Sweden-3,1912,Sweden,YES,Sweden,country
SWE,Sweden-4,1912,Sweden,YES,Sweden,country
SWE,Vaxholm Roddklubb,1912,Sweden,YES,Sweden,country
SWE,Elsie,1920,Sweden,YES,Sweden,country
SWE,Kullan,1920,Sweden,YES,Sweden,country
SWE,Sif,1920,Sweden,YES,Sweden,country
SWE,Sweden,1920,Sweden,YES,Sweden,country
SWE,Sweden-1,1920,Sweden,YES,Sweden,country
SWE,Sweden-2,1920,Sweden,YES,Sweden,country
SWE,Aloha II,1924,Sweden,YES,Sweden,country
SWE,Sweden,1924,Sweden,YES,Sweden,country
SWE,Sweden-1,1924,Sweden,YES,Sweden,country
SWE,Sweden-2,1924,Sweden,YES,Sweden,country
SWE,Ingegerd,1928,Sweden,YES,Sweden,country
SWE,Sweden,1928,Sweden,YES,Sweden,country
SWE,Sylvia,1928,Sweden,YES,Sweden,country
SWE,Bissbi,1932,Sweden,YES,Sweden,country
SWE,Sweden,1932,Sweden,YES,Sweden,country
SWE,Swedish Star,1932,Sweden,YES,Sweden,country
SWE,Ilderim,1936,Sweden,YES,Sweden,country
SWE,May Be,1936,Sweden,YES,Sweden,country
SWE,Sunshine,1936,Sweden,YES,Sweden,country
SWE,Sweden,1936,Sweden,YES,Sweden,country
SWE,Ali-Baba II,1948,Sweden,YES,Sweden,country
SWE,Chance,1948,Sweden,YES,Sweden,country
SWE,Lotta IV,1948,Sweden,YES,Sweden,country
SWE,Slaghoken,1948,Sweden,YES,Sweden,country
SWE,Sweden,1948,Sweden,YES,Sweden,country
SWE,Hojwa,1952,Sweden,YES,Sweden,country
SWE,Lotta IV,1952,Sweden,YES,Sweden,country
SWE,May Be VII,1952,Sweden,YES,Sweden,country
SWE,Sweden,1952,Sweden,YES,Sweden,country
SWE,Tornado,1952,Sweden,YES,Sweden,country
SWE,Rush V,1956,Sweden,YES,Sweden,country
SWE,Slaghoken II,1956,Sweden,YES,Sweden,country
SWE,Sweden,1956,Sweden,YES,Sweden,country
SWE,Galejan,1960,Sweden,YES,Sweden,country
SWE,Lasha,1960,Sweden,YES,Sweden,country
SWE,Mari,1960,Sweden,YES,Sweden,country
SWE,Sjovinge,1960,Sweden,YES,Sweden,country
SWE,Sweden,1960,Sweden,YES,Sweden,country
SWE,Hayama,1964,Sweden,YES,Sweden,country
SWE,Humbug V,1964,Sweden,YES,Sweden,country
SWE,Kuling,1964,Sweden,YES,Sweden,country
SWE,Rush VII,1964,Sweden,YES,Sweden,country
SWE,Sweden,1964,Sweden,YES,Sweden,country
SWE,Sweden,1968,Sweden,YES,Sweden,country
SWE,Sweden,1972,Sweden,YES,Sweden,country
SWE,Sweden,1976,Sweden,YES,Sweden,country
SWE,Sweden,1980,Sweden,YES,Sweden,country
SWE,Sweden,1984,Sweden,YES,Sweden,country
SWE,Sweden,1988,Sweden,YES,Sweden,country
SWE,Sweden-1,1988,Sweden,YES,Sweden,country
SWE,Sweden-2,1988,Sweden,YES,Sweden,country
SWE,Sweden,1992,Sweden,YES,Sweden,country
SWE,Sweden-1,1992,Sweden,YES,Sweden,country
SWE,Sweden-2,1992,Sweden,YES,Sweden,country
SWE,Sweden,1996,Sweden,YES,Sweden,country
SWE,Sweden-1,1996,Sweden,YES,Sweden,country
SWE,Sweden-2,1996,Sweden,YES,Sweden,country
SWE,Sweden,2000,Sweden,YES,Sweden,country
SWE,Sweden-1,2000,Sweden,YES,Sweden,country
SWE,Sweden-2,2000,Sweden,YES,Sweden,country
SWE,Sweden,2004,Sweden,YES,Sweden,country
SWE,Sweden-2,2004,Sweden,YES,Sweden,country
SWE,Briar,2008,Sweden,YES,Sweden,country
SWE,Floresco,2008,Sweden,YES,Sweden,country
SWE,Solos Carex,2008,Sweden,YES,Sweden,country
SWE,Sweden,2008,Sweden,YES,Sweden,country
SWE,Sweden-1,2008,Sweden,YES,Sweden,country
SWE,Sweden-2,2008,Sweden,YES,Sweden,country
SWE,Sweden,2012,Sweden,YES,Sweden,country
SWE,Sweden,2016,Sweden,YES,Sweden,country
SWE,Sweden,2020,Sweden,YES,Sweden,country
SWE,Sweden,2024,Sweden,YES,Sweden,country
SWZ,Swaziland,1972,,NO,Swaziland,country
SWZ,Swaziland,1984,,NO,Swaziland,country
SWZ,Swaziland,1988,,NO,Swaziland,country
SWZ,Swaziland,1992,,NO,Swaziland,country
SWZ,Swaziland,1996,,NO,Swaziland,country
SWZ,Swaziland,2000,,NO,Swaziland,country
SWZ,Swaziland,2004,,NO,Swaziland,country
SWZ,Swaziland,2008,,NO,Swaziland,country
SWZ,Swaziland,2012,,NO,Swaziland,country
SWZ,Swaziland,2016,,NO,Swaziland,country
SWZ,Eswatini,2020,,NO,Swaziland,country
SWZ,Eswatini,2024,,NO,Swaziland,country
SYR,Syria,1948,,NO_DIFF_YEAR,Syria,country
SYR,Syria,1968,,NO_DIFF_YEAR,Syria,country
SYR,Syria,1972,,NO_DIFF_YEAR,Syria,country
SYR,Syria,1980,,NO_DIFF_YEAR,Syria,country
SYR,Syria,1984,Syria,YES,Syria,country
SYR,Syria,1988,,NO_DIFF_YEAR,Syria,country
SYR,Syria,1992,,NO_DIFF_YEAR,Syria,country
SYR,Syria,1996,Syria,YES,Syria,country
SYR,Syria,2000,,NO_DIFF_YEAR,Syria,country
SYR,Syria,2004,Syria,YES,Syria,country
SYR,Syria,2008,,NO_DIFF_YEAR,Syria,country
SYR,Syria,2012,,NO_DIFF_YEAR,Syria,country
SYR,Syria,2016,,NO_DIFF_YEAR,Syria,country
SYR,Syria,2020,Syria,YES,Syria,country
SYR,Syria,2024,,NO_DIFF_YEAR,Syria,country
TAN,Tanzania,1964,,NO_DIFF_YEAR,Tanzania,country
TAN,Tanzania,1968,,NO_DIFF_YEAR,Tanzania,country
TAN,Tanzania,1972,,NO_DIFF_YEAR,Tanzania,country
TAN,Tanzania,1980,Tanzania,YES,Tanzania,country
TAN,Tanzania,1984,,NO_DIFF_YEAR,Tanzania,country
TAN,Tanzania,1988,,NO_DIFF_YEAR,Tanzania,country
TAN,Tanzania,1992,,NO_DIFF_YEAR,Tanzania,country
TAN,Tanzania,1996,,NO_DIFF_YEAR,Tanzania,country
TAN,Tanzania,2000,,NO_DIFF_YEAR,Tanzania,country
TAN,Tanzania,2004,,NO_DIFF_YEAR,Tanzania,country
TAN,Tanzania,2008,,NO_DIFF_YEAR,Tanzania,country
TAN,Tanzania,2012,,NO_DIFF_YEAR,Tanzania,country
TAN,Tanzania,2016,,NO_DIFF_YEAR,Tanzania,country
TAN,Tanzania,2020,,NO_DIFF_YEAR,Tanzania,country
TAN,Tanzania,2024,,NO_DIFF_YEAR,Tanzania,country
TCH,Czechoslovakia,1920,Czechoslovakia,YES,Czechoslovakia,historical_different
TCH,Czechoslovakia-1,1920,Czechoslovakia,YES,Czechoslovakia,historical_different
TCH,Czechoslovakia-3,1920,Czechoslovakia,YES,Czechoslovakia,historical_different
TCH,Czechoslovakia,1924,Czechoslovakia,YES,Czechoslovakia,historical_different
TCH,Czechoslovakia-1,1924,Czechoslovakia,YES,Czechoslovakia,historical_different
TCH,Czechoslovakia-2,1924,Czechoslovakia,YES,Czechoslovakia,historical_different
TCH,Czechoslovakia,1928,Czechoslovakia,YES,Czechoslovakia,historical_different
TCH,Czechoslovakia,1932,Czechoslovakia,YES,Czechoslovakia,historical_different
TCH,Czechoslovakia,1936,Czechoslovakia,YES,Czechoslovakia,historical_different
TCH,Czechoslovakia,1948,Czechoslovakia,YES,Czechoslovakia,historical_different
TCH,Czechoslovakia,1952,Czechoslovakia,YES,Czechoslovakia,historical_different
TCH,Czechoslovakia,1956,Czechoslovakia,YES,Czechoslovakia,historical_different
TCH,Czechoslovakia,1960,Czechoslovakia,YES,Czechoslovakia,historical_different
TCH,Czechoslovakia,1964,Czechoslovakia,YES,Czechoslovakia,historical_different
TCH,Czechoslovakia,1968,Czechoslovakia,YES,Czechoslovakia,historical_different
TCH,Czechoslovakia,1972,Czechoslovakia,YES,Czechoslovakia,historical_different
TCH,Czechoslovakia-1,1972,Czechoslovakia,YES,Czechoslovakia,historical_different
TCH,Czechoslovakia-2,1972,Czechoslovakia,YES,Czechoslovakia,historical_different
TCH,Czechoslovakia-3,1972,Czechoslovakia,YES,Czechoslovakia,historical_different
TCH,Czechoslovakia,1976,Czechoslovakia,YES,Czechoslovakia,historical_different
TCH,Czechoslovakia,1980,Czechoslovakia,YES,Czechoslovakia,historical_different
TCH,Czechoslovakia,1988,Czechoslovakia,YES,Czechoslovakia,historical_different
TCH,Czechoslovakia,1992,Czechoslovakia,YES,Czechoslovakia,historical_different
TCH,Czechoslovakia-1,1992,Czechoslovakia,YES,Czechoslovakia,historical_different
TCH,Czechoslovakia-2,1992,Czechoslovakia,YES,Czechoslovakia,historical_different
TCH,Czechoslovakia-3,1992,Czechoslovakia,YES,Czechoslovakia,historical_different
TGA,Tonga,1984,,NO_DIFF_YEAR,Tonga,country
TGA,Tonga,1988,,NO_DIFF_YEAR,Tonga,country
TGA,Tonga,1992,,NO_DIFF_YEAR,Tonga,country
TGA,Tonga,1996,Tonga,YES,Tonga,country
TGA,Tonga,2000,,NO_DIFF_YEAR,Tonga,country
TGA,Tonga,2004,,NO_DIFF_YEAR,Tonga,country
TGA,Tonga,2008,,NO_DIFF_YEAR,Tonga,country
TGA,Tonga,2012,,NO_DIFF_YEAR,Tonga,country
TGA,Tonga,2016,,NO_DIFF_YEAR,Tonga,country
TGA,Tonga,2020,,NO_DIFF_YEAR,Tonga,country
TGA,Tonga,2024,,NO_DIFF_YEAR,Tonga,country
THA,Thailand,1952,,NO_DIFF_YEAR,Thailand,country
THA,Thailand,1956,,NO_DIFF_YEAR,Thailand,country
THA,Tichiboo,1956,,NO_DIFF_YEAR,Thailand,country
THA,Siames-Cat,1960,,NO_DIFF_YEAR,Thailand,country
THA,Thailand,1960,,NO_DIFF_YEAR,Thailand,country
THA,Linglom,1964,,NO_DIFF_YEAR,Thailand,country
THA,Thailand,1964,,NO_DIFF_YEAR,Thailand,country
THA,Thailand,1968,,NO_DIFF_YEAR,Thailand,country
THA,Thailand,1972,,NO_DIFF_YEAR,Thailand,country
THA,Thailand,1976,Thailand,YES,Thailand,country
THA,Thailand,1984,Thailand,YES,Thailand,country
THA,Thailand,1988,Thailand,YES,Thailand,country
THA,Thailand,1992,Thailand,YES,Thailand,country
THA,Thailand,1996,Thailand,YES,Thailand,country
THA,Thailand-1,1996,Thailand,YES,Thailand,country
THA,Thailand-2,1996,Thailand,YES,Thailand,country
THA,Thailand,2000,Thailand,YES,Thailand,country
THA,Thailand,2004,Thailand,YES,Thailand,country
THA,Thailand-1,2004,Thailand,YES,Thailand,country
THA,Thailand-2,2004,Thailand,YES,Thailand,country
THA,Thailand,2008,Thailand,YES,Thailand,country
THA,Thailand,2012,Thailand,YES,Thailand,country
THA,Thailand,2016,Thailand,YES,Thailand,country
THA,Thailand,2020,Thailand,YES,Thailand,country
THA,Thailand,2024,Thailand,YES,Thailand,country
TJK,Tajikistan,1996,,NO_DIFF_YEAR,Tajikistan,country
TJK,Tajikistan,2000,,NO_DIFF_YEAR,Tajikistan,country
TJK,Tajikistan,2004,,NO_DIFF_YEAR,Tajikistan,country
TJK,Tajikistan,2008,Tajikistan,YES,Tajikistan,country
TJK,Tajikistan,2012,Tajikistan,YES,Tajikistan,country
TJK,Tajikistan,2016,Tajikistan,YES,Tajikistan,country
TJK,Tajikistan,2020,,NO_DIFF_YEAR,Tajikistan,country
TJK,Tajikistan,2024,Tajikistan,YES,Tajikistan,country
TKM,Turkmenistan,1996,,NO_DIFF_YEAR,Turkmenistan,country
TKM,Turkmenistan,2000,,NO_DIFF_YEAR,Turkmenistan,country
TKM,Turkmenistan,2004,,NO_DIFF_YEAR,Turkmenistan,country
TKM,Turkmenistan,2008,,NO_DIFF_YEAR,Turkmenistan,country
TKM,Turkmenistan,2012,,NO_DIFF_YEAR,Turkmenistan,country
TKM,Turkmenistan,2016,,NO_DIFF_YEAR,Turkmenistan,country
TKM,Turkmenistan,2020,Turkmenistan,YES,Turkmenistan,country
TKM,Turkmenistan,2024,,NO_DIFF_YEAR,Turkmenistan,country
TLS,Timor Leste,2004,,NO,Timor Leste,country
TLS,Timor Leste,2008,,NO,Timor Leste,country
TLS,Timor Leste,2012,,NO,Timor Leste,country
TLS,Timor Leste,2016,,NO,Timor Leste,country
TLS,East Timor,2020,,NO,Timor Leste,country
TLS,Timor-Leste,2024,,NO,Timor Leste,country
TOG,Togo,1972,,NO_DIFF_YEAR,Togo,country
TOG,Togo,1984,,NO_DIFF_YEAR,Togo,country
TOG,Togo,1988,,NO_DIFF_YEAR,Togo,country
TOG,Togo,1992,,NO_DIFF_YEAR,Togo,country
TOG,Togo,1996,,NO_DIFF_YEAR,Togo,country
TOG,Togo,2000,,NO_DIFF_YEAR,Togo,country
TOG,Togo,2004,,NO_DIFF_YEAR,Togo,country
TOG,Togo,2008,Togo,YES,Togo,country
TOG,Togo,2012,,NO_DIFF_YEAR,Togo,country
TOG,Togo,2016,,NO_DIFF_YEAR,Togo,country
TOG,Togo,2020,,NO_DIFF_YEAR,Togo,country
TOG,Togo,2024,,NO_DIFF_YEAR,Togo,country
TPE,Chinese Taipei,1956,Formosa,HISTORICAL,Chinese Taipei,historical_same
TPE,Chinese Taipei,1960,Formosa,YES,Chinese Taipei,historical_same
TPE,Chinese Taipei,1964,Formosa,HISTORICAL,Chinese Taipei,historical_same
TPE,Chinese Taipei,1968,Taiwan,YES,Chinese Taipei,historical_same
TPE,Chinese Taipei,1972,,NO_DIFF_YEAR,Chinese Taipei,historical_same
TPE,Chinese Taipei,1984,Chinese Taipei,YES,Chinese Taipei,historical_same
TPE,Chinese Taipei,1988,,NO_DIFF_YEAR,Chinese Taipei,historical_same
TPE,Chinese Taipei-1,1988,,NO_DIFF_YEAR,Chinese Taipei,historical_same
TPE,Chinese Taipei-2,1988,,NO_DIFF_YEAR,Chinese Taipei,historical_same
TPE,Chinese Taipei,1992,Chinese Taipei,YES,Chinese Taipei,historical_same
TPE,Chinese Taipei,1996,Chinese Taipei,YES,Chinese Taipei,historical_same
TPE,Chinese Taipei-1,1996,Chinese Taipei,YES,Chinese Taipei,historical_same
TPE,Chinese Taipei-2,1996,Chinese Taipei,YES,Chinese Taipei,historical_same
TPE,Chinese Taipei,2000,Chinese Taipei,YES,Chinese Taipei,historical_same
TPE,Chinese Taipei-1,2000,Chinese Taipei,YES,Chinese Taipei,historical_same
TPE,Chinese Taipei-2,2000,Chinese Taipei,YES,Chinese Taipei,historical_same
TPE,Chinese Taipei,2004,Chinese Taipei,YES,Chinese Taipei,historical_same
TPE,Chinese Taipei,2008,Chinese Taipei,YES,Chinese Taipei,historical_same
TPE,Chinese Taipei,2012,Chinese Taipei,YES,Chinese Taipei,historical_same
TPE,Chinese Taipei,2016,Chinese Taipei,YES,Chinese Taipei,historical_same
TPE,Chinese Taipei,2020,Chinese Taipei,YES,Chinese Taipei,historical_same
TPE,Chinese Taipei,2024,Chinese Taipei,YES,Chinese Taipei,historical_same
TTO,Trinidad and Tobago,1948,Trinidad and Tobago,YES,Trinidad and Tobago,country
TTO,Trinidad and Tobago,1952,Trinidad and Tobago,YES,Trinidad and Tobago,country
TTO,Trinidad and Tobago,1956,,NO_DIFF_YEAR,Trinidad and Tobago,country
TTO,Firebird II,1964,Trinidad and Tobago,YES,Trinidad and Tobago,country
TTO,Trinidad and Tobago,1964,Trinidad and Tobago,YES,Trinidad and Tobago,country
TTO,Trinidad and Tobago,1968,,NO_DIFF_YEAR,Trinidad and Tobago,country
TTO,Trinidad and Tobago,1972,,NO_DIFF_YEAR,Trinidad and Tobago,country
TTO,Trinidad and Tobago,1976,Trinidad and Tobago,YES,Trinidad and Tobago,country
TTO,Trinidad and Tobago,1980,,NO_DIFF_YEAR,Trinidad and Tobago,country
TTO,Trinidad and Tobago,1984,,NO_DIFF_YEAR,Trinidad and Tobago,country
TTO,Trinidad and Tobago,1988,,NO_DIFF_YEAR,Trinidad and Tobago,country
TTO,Trinidad and Tobago,1992,,NO_DIFF_YEAR,Trinidad and Tobago,country
TTO,Trinidad and Tobago,1996,Trinidad and Tobago,YES,Trinidad and Tobago,country
TTO,Trinidad and Tobago,2000,Trinidad and Tobago,YES,Trinidad and Tobago,country
TTO,Trinidad and Tobago,2004,Trinidad and Tobago,YES,Trinidad and Tobago,country
TTO,Trinidad and Tobago,2008,Trinidad and Tobago,YES,Trinidad and Tobago,country
TTO,Trinidad and Tobago,2012,Trinidad and Tobago,YES,Trinidad and Tobago,country
TTO,Trinidad and Tobago,2016,Trinidad and Tobago,YES,Trinidad and Tobago,country
TTO,Trinidad and Tobago,2020,,NO_DIFF_YEAR,Trinidad and Tobago,country
TTO,Trinidad and Tobago,2024,,NO_DIFF_YEAR,Trinidad and Tobago,country
TUN,Tunisia,1960,,NO_DIFF_YEAR,Tunisia,country
TUN,Tunisia,1964,Tunisia,YES,Tunisia,country
TUN,Tunisia,1968,Tunisia,YES,Tunisia,country
TUN,Tunisia,1972,Tunisia,YES,Tunisia,country
TUN,Tunisia,1976,,NO_DIFF_YEAR,Tunisia,country
TUN,Tunisia,1984,,NO_DIFF_YEAR,Tunisia,country
TUN,Tunisia,1988,,NO_DIFF_YEAR,Tunisia,country
TUN,Tunisia,1992,,NO_DIFF_YEAR,Tunisia,country
TUN,Tunisia,1996,Tunisia,YES,Tunisia,country
TUN,Tunisia,2000,,NO_DIFF_YEAR,Tunisia,country
TUN,Tunisia,2004,,NO_DIFF_YEAR,Tunisia,country
TUN,Tunisia,2008,Tunisia,YES,Tunisia,country
TUN,Tunisia,2012,Tunisia,YES,Tunisia,country
TUN,Tunisia,2016,Tunisia,YES,Tunisia,country
TUN,Tunisia,2020,Tunisia,YES,Tunisia,country
TUN,Tunisia,2024,Tunisia,YES,Tunisia,country
TUR,Turkey,1912,,NO_DIFF_YEAR,Turkey,country
TUR,Turkey,1924,,NO_DIFF_YEAR,Turkey,country
TUR,Turkey,1928,,NO_DIFF_YEAR,Turkey,country
TUR,Turkey,1932,,NO_DIFF_YEAR,Turkey,country
TUR,Cuxhaven,1936,Turkey,YES,Turkey,country
TUR,Marmara,1936,Turkey,YES,Turkey,country
TUR,Turkey,1936,Turkey,YES,Turkey,country
TUR,Turkey,1948,Turkey,YES,Turkey,country
TUR,Turkey,1952,Turkey,YES,Turkey,country
TUR,Turkey,1956,Turkey,YES,Turkey,country
TUR,Turkey,1960,Turkey,YES,Turkey,country
TUR,Turkey,1964,Turkey,YES,Turkey,country
TUR,Turkey,1968,Turkey,YES,Turkey,country
TUR,Turkey,1972,Turkey,YES,Turkey,country
TUR,Turkey,1976,,NO_DIFF_YEAR,Turkey,country
TUR,Turkey,1984,Turkey,YES,Turkey,country
TUR,Turkey,1988,Turkey,YES,Turkey,country
TUR,Turkey,1992,Turkey,YES,Turkey,country
TUR,Turkey,1996,Turkey,YES,Turkey,country
TUR,Turkey,2000,Turkey,YES,Turkey,country
TUR,Turkey,2004,Turkey,YES,Turkey,country
TUR,Turkey,2008,Turkey,YES,Turkey,country
TUR,Turkey,2012,Turkey,YES,Turkey,country
TUR,Turkey,2016,Turkey,YES,Turkey,country
TUR,Turkey,2020,Turkey,YES,Turkey,country
TUR,Türkiye,2024,Turkey,YES,Turkey,country
TUV,Tuvalu,2008,,NO,Tuvalu,country
TUV,Tuvalu,2012,,NO,Tuvalu,country
TUV,Tuvalu,2016,,NO,Tuvalu,country
TUV,Tuvalu,2020,,NO,Tuvalu,country
TUV,Tuvalu,2024,,NO,Tuvalu,country
UAE,United Arab Emirates,1984,,NO_DIFF_YEAR,United Arab Emirates,country
UAE,United Arab Emirates,1988,,NO_DIFF_YEAR,United Arab Emirates,country
UAE,United Arab Emirates,1992,,NO_DIFF_YEAR,United Arab Emirates,country
UAE,United Arab Emirates,1996,,NO_DIFF_YEAR,United Arab Emirates,country
UAE,United Arab Emirates,2000,,NO_DIFF_YEAR,United Arab Emirates,country
UAE,United Arab Emirates,2004,United Arab Emirates,YES,United Arab Emirates,country
UAE,United Arab Emirates,2008,,NO_DIFF_YEAR,United Arab Emirates,country
UAE,United Arab Emirates,2012,,NO_DIFF_YEAR,United Arab Emirates,country
UAE,United Arab Emirates,2016,United Arab Emirates,YES,United Arab Emirates,country
UAE,United Arab Emirates,2020,,NO_DIFF_YEAR,United Arab Emirates,country
UAE,UA Emirates,2024,,NO_DIFF_YEAR,United Arab Emirates,country
UAR,United Arab Republic,1960,,NO,United Arab Republic,historical_different
UGA,Uganda,1956,,NO_DIFF_YEAR,Uganda,country
UGA,Uganda,1960,,NO_DIFF_YEAR,Uganda,country
UGA,Uganda,1964,,NO_DIFF_YEAR,Uganda,country
UGA,Uganda,1968,Uganda,YES,Uganda,country
UGA,Uganda,1972,Uganda,YES,Uganda,country
UGA,Uganda,1980,Uganda,YES,Uganda,country
UGA,Uganda,1984,,NO_DIFF_YEAR,Uganda,country
UGA,Uganda,1988,,NO_DIFF_YEAR,Uganda,country
UGA,Uganda,1992,,NO_DIFF_YEAR,Uganda,country
UGA,Uganda,1996,Uganda,YES,Uganda,country
UGA,Uganda,2000,,NO_DIFF_YEAR,Uganda,country
UGA,Uganda,2004,,NO_DIFF_YEAR,Uganda,country
UGA,Uganda,2008,,NO_DIFF_YEAR,Uganda,country
UGA,Uganda,2012,Uganda,YES,Uganda,country
UGA,Uganda,2016,,NO_DIFF_YEAR,Uganda,country
UGA,Uganda,2020,Uganda,YES,Uganda,country
UGA,Uganda,2024,Uganda,YES,Uganda,country
UKR,Ukraine,1996,Ukraine,YES,Ukraine,country
UKR,Ukraine,2000,Ukraine,YES,Ukraine,country
UKR,Ukraine,2004,Ukraine,YES,Ukraine,country
UKR,Ukraine,2008,Ukraine,YES,Ukraine,country
UKR,Ukraine-1,2008,Ukraine,YES,Ukraine,country
UKR,Ukraine-2,2008,Ukraine,YES,Ukraine,country
UKR,Ukraine,2012,Ukraine,YES,Ukraine,country
UKR,Ukraine,2016,Ukraine,YES,Ukraine,country
UKR,Ukraine-1,2016,Ukraine,YES,Ukraine,country
UKR,Ukraine-2,2016,Ukraine,YES,Ukraine,country
UKR,Ukraine,2020,Ukraine,YES,Ukraine,country
UKR,Ukraine,2024,Ukraine,YES,Ukraine,country
UNK,Unknown,1912,,NO,Unknown,special
URS,Burevestnik,1952,Soviet Union,YES,Soviet Union,historical_different
URS,Korshun,1952,Soviet Union,YES,Soviet Union,historical_different
URS,Soviet Union,1952,Soviet Union,YES,Soviet Union,historical_different
URS,Uragan,1952,Soviet Union,YES,Soviet Union,historical_different
URS,Druzhba,1956,Soviet Union,YES,Soviet Union,historical_different
URS,Kon-Tiki,1956,Soviet Union,YES,Soviet Union,historical_different
URS,Neptun II,1956,Soviet Union,YES,Soviet Union,historical_different
URS,Soviet Union,1956,Soviet Union,YES,Soviet Union,historical_different
URS,Tulilind,1956,Soviet Union,YES,Soviet Union,historical_different
URS,Nokaut II,1960,Soviet Union,YES,Soviet Union,historical_different
URS,Persey,1960,Soviet Union,YES,Soviet Union,historical_different
URS,Soviet Union,1960,Soviet Union,YES,Soviet Union,historical_different
URS,Tornado,1960,Soviet Union,YES,Soviet Union,historical_different
URS,Viktoriya,1960,Soviet Union,YES,Soviet Union,historical_different
URS,Almaz,1964,Soviet Union,YES,Soviet Union,historical_different
URS,Druzhba,1964,Soviet Union,YES,Soviet Union,historical_different
URS,Olen,1964,Soviet Union,YES,Soviet Union,historical_different
URS,Soviet Union,1964,Soviet Union,YES,Soviet Union,historical_different
URS,Taifun,1964,Soviet Union,YES,Soviet Union,historical_different
URS,Soviet Union,1968,Soviet Union,YES,Soviet Union,historical_different
URS,Soviet Union,1972,Soviet Union,YES,Soviet Union,historical_different
URS,Soviet Union,1976,Soviet Union,YES,Soviet Union,historical_different
URS,Soviet Union,1980,Soviet Union,YES,Soviet Union,historical_different
URS,Soviet Union,1988,Soviet Union,YES,Soviet Union,historical_different
URU,Uruguay,1924,Uruguay,YES,Uruguay,country
URU,Uruguay,1928,Uruguay,YES,Uruguay,country
URU,Uruguay,1932,Uruguay,YES,Uruguay,country
URU,Heidelberg,1936,,NO_DIFF_YEAR,Uruguay,country
URU,Uruguay,1936,,NO_DIFF_YEAR,Uruguay,country
URU,Nortazo,1948,Uruguay,YES,Uruguay,country
URU,Uruguay,1948,Uruguay,YES,Uruguay,country
URU,Uruguay,1952,Uruguay,YES,Uruguay,country
URU,Uruguay,1956,Uruguay,YES,Uruguay,country
URU,Bajazzo,1960,,NO_DIFF_YEAR,Uruguay,country
URU,Uruguay,1960,,NO_DIFF_YEAR,Uruguay,country
URU,Uruguay,1964,Uruguay,YES,Uruguay,country
URU,Uruguay,1968,,NO_DIFF_YEAR,Uruguay,country
URU,Uruguay,1972,,NO_DIFF_YEAR,Uruguay,country
URU,Uruguay,1976,,NO_DIFF_YEAR,Uruguay,country
URU,Uruguay,1984,,NO_DIFF_YEAR,Uruguay,country
URU,Uruguay,1988,,NO_DIFF_YEAR,Uruguay,country
URU,Uruguay,1992,,NO_DIFF_YEAR,Uruguay,country
URU,Uruguay,1996,,NO_DIFF_YEAR,Uruguay,country
URU,Uruguay,2000,Uruguay,YES,Uruguay,country
URU,Uruguay,2004,,NO_DIFF_YEAR,Uruguay,country
URU,Uruguay,2008,,NO_DIFF_YEAR,Uruguay,country
URU,Uruguay,2012,,NO_DIFF_YEAR,Uruguay,country
URU,Uruguay,2016,,NO_DIFF_YEAR,Uruguay,country
URU,Uruguay,2020,,NO_DIFF_YEAR,Uruguay,country
URU,Uruguay,2024,,NO_DIFF_YEAR,Uruguay,country
USA,United States,1896,United States,YES,United States,country
USA,A North American Team,1900,United States,YES,United States,country
USA,"BLO Polo Club, Rugby",1900,United States,YES,United States,country
USA,Formosa,1900,United States,YES,United States,country
USA,Foxhunters Hurlingham,1900,United States,YES,United States,country
USA,Frimousse,1900,United States,YES,United States,country
USA,Union des Socits Franais de Sports Athletiques,1900,United States,YES,United States,country
USA,United States,1900,United States,YES,United States,country
USA,United States/France,1900,United States,YES,United States,country
USA,United States/Great Britain,1900,United States,YES,United States,country
USA,Vesper Boat Club,1900,United States,YES,United States,country
USA,Atalanta Boat Club-1,1904,United States,YES,United States,country
USA,Atalanta Boat Club-2,1904,United States,YES,United States,country
USA,Boston Archers,1904,United States,YES,United States,country
USA,"Central Turnverein, Chicago",1904,United States,YES,United States,country
USA,Century Boat Club-1,1904,United States,YES,United States,country
USA,Chicago Archers,1904,United States,YES,United States,country
USA,Chicago Athletic Association,1904,United States,YES,United States,country
USA,Chicago Athletic Association-2,1904,United States,YES,United States,country
USA,Christian Brothers' College-1,1904,United States,YES,United States,country
USA,Cincinnati Archers,1904,United States,YES,United States,country
USA,"Concordia Turnverein, St Louis",1904,United States,YES,United States,country
USA,"Davenport Turngemeinde, Davenport",1904,United States,YES,United States,country
USA,Germany/United States,1904,United States,YES,United States,country
USA,Independent Rowing Club-3,1904,United States,YES,United States,country
USA,"La Salle Turnverein, Chicago",1904,United States,YES,United States,country
USA,Milwaukee Athletic Club-1,1904,United States,YES,United States,country
USA,"Milwaukee Turnverein, Milwaukee",1904,United States,YES,United States,country
USA,Missouri Athletic Club-3,1904,United States,YES,United States,country
USA,Mound City Rowing Club-2,1904,United States,YES,United States,country
USA,New York Athletic Club,1904,United States,YES,United States,country
USA,New York Athletic Club #1-1,1904,United States,YES,United States,country
USA,New York Athletic Club #2-4,1904,United States,YES,United States,country
USA,New York Athletic Club-1,1904,United States,YES,United States,country
USA,New York Athletic Club-4,1904,United States,YES,United States,country
USA,"New York Turnverein, New York",1904,United States,YES,United States,country
USA,"Norwegier Turnverein, Brooklyn",1904,United States,YES,United States,country
USA,"Passaic Turnverein, Passaic",1904,United States,YES,United States,country
USA,"Philadelphia Turngemeinde, Philadelphia",1904,United States,YES,United States,country
USA,Potomac Archers,1904,United States,YES,United States,country
USA,Ravenswood Boat Club-2,1904,United States,YES,United States,country
USA,Seawanhaka Boat Club-1,1904,United States,YES,United States,country
USA,"Socialer Turnverein, Detroit",1904,United States,YES,United States,country
USA,"South St Louis Turnverein, St Louis",1904,United States,YES,United States,country
USA,St. Louis Amateur Athletic Association,1904,United States,YES,United States,country
USA,St. Louis Southwest Turnverein #1-2,1904,United States,YES,United States,country
USA,St. Louis Southwest Turnverein #2-3,1904,United States,YES,United States,country
USA,St. Rose-2,1904,United States,YES,United States,country
USA,Trans-Mississippi Golf Association-2,1904,United States,YES,United States,country
USA,"Turnverein Vorwrts, Chicago",1904,United States,YES,United States,country
USA,"Turnverein Vorwrts, Cleveland",1904,United States,YES,United States,country
USA,United States,1904,United States,YES,United States,country
USA,United States Golf Association-3,1904,United States,YES,United States,country
USA,United States-1,1904,United States,YES,United States,country
USA,United States-10,1904,United States,YES,United States,country
USA,United States-11,1904,United States,YES,United States,country
USA,United States-12,1904,United States,YES,United States,country
USA,United States-13,1904,United States,YES,United States,country
USA,United States-14,1904,United States,YES,United States,country
USA,United States-2,1904,United States,YES,United States,country
USA,United States-3,1904,United States,YES,United States,country
USA,United States-4,1904,United States,YES,United States,country
USA,United States-5,1904,United States,YES,United States,country
USA,United States-6,1904,United States,YES,United States,country
USA,United States-7,1904,United States,YES,United States,country
USA,United States-8,1904,United States,YES,United States,country
USA,United States-9,1904,United States,YES,United States,country
USA,Vesper Boat Club,1904,United States,YES,United States,country
USA,Western Golf Association-1,1904,United States,YES,United States,country
USA,Western Rowing Club-3,1904,United States,YES,United States,country
USA,United States,1908,United States,YES,United States,country
USA,United States,1912,United States,YES,United States,country
USA,United States,1920,United States,YES,United States,country
USA,United States,1924,United States,YES,United States,country
USA,United States-1,1924,United States,YES,United States,country
USA,United States-2,1924,United States,YES,United States,country
USA,Babe,1928,United States,YES,United States,country
USA,Frieda,1928,United States,YES,United States,country
USA,United States,1928,United States,YES,United States,country
USA,Angelita,1932,United States,YES,United States,country
USA,Gallant,1932,United States,YES,United States,country
USA,Jupiter,1932,United States,YES,United States,country
USA,United States,1932,United States,YES,United States,country
USA,Angelita,1936,United States,YES,United States,country
USA,Angerburg,1936,United States,YES,United States,country
USA,Mystery,1936,United States,YES,United States,country
USA,Three Star Too,1936,United States,YES,United States,country
USA,United States,1936,United States,YES,United States,country
USA,Hilarius,1948,United States,YES,United States,country
USA,Llanoria,1948,United States,YES,United States,country
USA,Margaret,1948,United States,YES,United States,country
USA,Rhythm,1948,United States,YES,United States,country
USA,United States,1948,United States,YES,United States,country
USA,Comanche,1952,United States,YES,United States,country
USA,Complex II,1952,United States,YES,United States,country
USA,Llanoria,1952,United States,YES,United States,country
USA,Skidoo,1952,United States,YES,United States,country
USA,United States,1952,United States,YES,United States,country
USA,Kathleen,1956,United States,YES,United States,country
USA,Rush IV,1956,United States,YES,United States,country
USA,Spirit III,1956,United States,YES,United States,country
USA,Tineke,1956,United States,YES,United States,country
USA,United States,1956,United States,YES,United States,country
USA,Minotaur,1960,United States,YES,United States,country
USA,Shrew II,1960,United States,YES,United States,country
USA,Spirit VI,1960,United States,YES,United States,country
USA,United States,1960,United States,YES,United States,country
USA,Vim III,1960,United States,YES,United States,country
USA,Aphrodite,1964,United States,YES,United States,country
USA,Bingo,1964,United States,YES,United States,country
USA,Glider,1964,United States,YES,United States,country
USA,United States,1964,United States,YES,United States,country
USA,Widgeon,1964,United States,YES,United States,country
USA,United States,1968,United States,YES,United States,country
USA,United States,1972,United States,YES,United States,country
USA,United States-1,1972,United States,YES,United States,country
USA,United States-2,1972,United States,YES,United States,country
USA,United States,1976,United States,YES,United States,country
USA,United States,1984,United States,YES,United States,country
USA,United States,1988,United States,YES,United States,country
USA,United States,1992,United States,YES,United States,country
USA,United States-1,1992,United States,YES,United States,country
USA,United States-2,1992,United States,YES,United States,country
USA,United States-3,1992,United States,YES,United States,country
USA,United States,1996,United States,YES,United States,country
USA,United States-1,1996,United States,YES,United States,country
USA,United States-2,1996,United States,YES,United States,country
USA,United States-3,1996,United States,YES,United States,country
USA,United States,2000,United States,YES,United States,country
USA,United States-1,2000,United States,YES,United States,country
USA,United States-2,2000,United States,YES,United States,country
USA,United States,2004,United States,YES,United States,country
USA,United States-1,2004,United States,YES,United States,country
USA,United States-2,2004,United States,YES,United States,country
USA,Brentina,2008,United States,YES,United States,country
USA,Mythilus,2008,United States,YES,United States,country
USA,Ravel,2008,United States,YES,United States,country
USA,United States,2008,United States,YES,United States,country
USA,United States-1,2008,United States,YES,United States,country
USA,United States-2,2008,United States,YES,United States,country
USA,United States,2012,United States,YES,United States,country
USA,United States-1,2012,United States,YES,United States,country
USA,United States-2,2012,United States,YES,United States,country
USA,United States,2016,United States,YES,United States,country
USA,United States-1,2016,United States,YES,United States,country
USA,United States-2,2016,United States,YES,United States,country
USA,United States,2020,United States,YES,United States,country
USA,United States,2024,United States,YES,United States,country
UZB,Uzbekistan,1996,Uzbekistan,YES,Uzbekistan,country
UZB,Uzbekistan,2000,Uzbekistan,YES,Uzbekistan,country
UZB,Uzbekistan,2004,Uzbekistan,YES,Uzbekistan,country
UZB,Uzbekistan,2008,Uzbekistan,YES,Uzbekistan,country
UZB,Uzbekistan,2012,Uzbekistan,YES,Uzbekistan,country
UZB,Uzbekistan,2016,Uzbekistan,YES,Uzbekistan,country
UZB,Uzbekistan,2020,Uzbekistan,YES,Uzbekistan,country
UZB,Uzbekistan,2024,Uzbekistan,YES,Uzbekistan,country
VAN,Vanuatu,1988,,NO,Vanuatu,country
VAN,Vanuatu,1992,,NO,Vanuatu,country
VAN,Vanuatu,1996,,NO,Vanuatu,country
VAN,Vanuatu,2000,,NO,Vanuatu,country
VAN,Vanuatu,2004,,NO,Vanuatu,country
VAN,Vanuatu,2008,,NO,Vanuatu,country
VAN,Vanuatu,2012,,NO,Vanuatu,country
VAN,Vanuatu,2016,,NO,Vanuatu,country
VAN,Vanuatu,2020,,NO,Vanuatu,country
VAN,Vanuatu,2024,,NO,Vanuatu,country
VEN,Venezuela,1932,,NO_DIFF_YEAR,Venezuela,country
VEN,Venezuela,1948,,NO_DIFF_YEAR,Venezuela,country
VEN,Venezuela,1952,Venezuela,YES,Venezuela,country
VEN,Venezuela,1956,,NO_DIFF_YEAR,Venezuela,country
VEN,Espuma del Mar,1960,Venezuela,YES,Venezuela,country
VEN,Venezuela,1960,Venezuela,YES,Venezuela,country
VEN,Espuma del Mar,1964,,NO_DIFF_YEAR,Venezuela,country
VEN,Venezuela,1964,,NO_DIFF_YEAR,Venezuela,country
VEN,Venezuela,1968,Venezuela,YES,Venezuela,country
VEN,Venezuela,1972,,NO_DIFF_YEAR,Venezuela,country
VEN,Venezuela,1976,Venezuela,YES,Venezuela,country
VEN,Venezuela,1980,Venezuela,YES,Venezuela,country
VEN,Venezuela,1984,Venezuela,YES,Venezuela,country
VEN,Venezuela,1988,,NO_DIFF_YEAR,Venezuela,country
VEN,Venezuela,1992,,NO_DIFF_YEAR,Venezuela,country
VEN,Venezuela,1996,,NO_DIFF_YEAR,Venezuela,country
VEN,Venezuela,2000,,NO_DIFF_YEAR,Venezuela,country
VEN,Venezuela,2004,Venezuela,YES,Venezuela,country
VEN,Venezuela,2008,Venezuela,YES,Venezuela,country
VEN,Venezuela,2012,Venezuela,YES,Venezuela,country
VEN,Venezuela,2016,Venezuela,YES,Venezuela,country
VEN,Venezuela,2020,Venezuela,YES,Venezuela,country
VEN,Venezuela,2024,,NO_DIFF_YEAR,Venezuela,country
VIE,Vietnam,1980,,NO_DIFF_YEAR,Vietnam,country
VIE,Vietnam,1988,,NO_DIFF_YEAR,Vietnam,country
VIE,Vietnam,1992,,NO_DIFF_YEAR,Vietnam,country
VIE,Vietnam,1996,,NO_DIFF_YEAR,Vietnam,country
VIE,Vietnam,2000,Vietnam,YES,Vietnam,country
VIE,Vietnam,2004,,NO_DIFF_YEAR,Vietnam,country
VIE,Vietnam,2008,Vietnam,YES,Vietnam,country
VIE,Vietnam,2012,Vietnam,YES,Vietnam,country
VIE,Vietnam,2016,Vietnam,YES,Vietnam,country
VIE,Vietnam,2020,,NO_DIFF_YEAR,Vietnam,country
VIE,Vietnam,2024,,NO_DIFF_YEAR,Vietnam,country
VIN,Saint Vincent and the Grenadines,1988,,NO,Saint Vincent and the Grenadines,country
VIN,Saint Vincent and the Grenadines,1992,,NO,Saint Vincent and the Grenadines,country
VIN,Saint Vincent and the Grenadines,1996,,NO,Saint Vincent and the Grenadines,country
VIN,Saint Vincent and the Grenadines,2000,,NO,Saint Vincent and the Grenadines,country
VIN,Saint Vincent and the Grenadines,2004,,NO,Saint Vincent and the Grenadines,country
VIN,Saint Vincent and the Grenadines,2008,,NO,Saint Vincent and the Grenadines,country
VIN,Saint Vincent and the Grenadines,2012,,NO,Saint Vincent and the Grenadines,country
VIN,Saint Vincent and the Grenadines,2016,,NO,Saint Vincent and the Grenadines,country
VIN,Saint Vincent and the Grenadines,2020,,NO,Saint Vincent and the Grenadines,country
VIN,StVincent&Grenadines,2024,,NO,Saint Vincent and the Grenadines,country
VNM,South Vietnam,1952,,NO,South Vietnam,historical_different
VNM,South Vietnam,1956,,NO,South Vietnam,historical_different
VNM,South Vietnam,1960,,NO,South Vietnam,historical_different
VNM,South Vietnam,1964,,NO,South Vietnam,historical_different
VNM,South Vietnam,1968,,NO,South Vietnam,historical_different
VNM,South Vietnam,1972,,NO,South Vietnam,historical_different
WIF,Circus,1960,British West Indies,YES,West Indies Federation,historical_different
WIF,West Indies Federation,1960,British West Indies,YES,West Indies Federation,historical_different
YAR,North Yemen,1984,,NO,North Yemen,historical_different
YAR,North Yemen,1988,,NO,North Yemen,historical_different
YEM,Yemen,1992,,NO,Yemen,country
YEM,Yemen,1996,,NO,Yemen,country
YEM,Yemen,2000,,NO,Yemen,country
YEM,Yemen,2004,,NO,Yemen,country
YEM,Yemen,2008,,NO,Yemen,country
YEM,Yemen,2012,,NO,Yemen,country
YEM,Yemen,2016,,NO,Yemen,country
YEM,Yemen,2020,,NO,Yemen,country
YEM,Yemen,2024,,NO,Yemen,country
YMD,South Yemen,1988,,NO,South Yemen,historical_different
YUG,Yugoslavia,1920,,NO_DIFF_YEAR,Yugoslavia,historical_different
YUG,Yugoslavia,1924,Yugoslavia,YES,Yugoslavia,historical_different
YUG,Yugoslavia,1928,Yugoslavia,YES,Yugoslavia,historical_different
YUG,Yugoslavia,1932,,NO_DIFF_YEAR,Yugoslavia,historical_different
YUG,Konstanz,1936,Yugoslavia,YES,Yugoslavia,historical_different
YUG,Yugoslavia,1936,Yugoslavia,YES,Yugoslavia,historical_different
YUG,Yugoslavia,1948,Yugoslavia,YES,Yugoslavia,historical_different
YUG,Primorka,1952,Yugoslavia,YES,Yugoslavia,historical_different
YUG,Yugoslavia,1952,Yugoslavia,YES,Yugoslavia,historical_different
YUG,Yugoslavia,1956,Yugoslavia,YES,Yugoslavia,historical_different
YUG,Cha-Cha III,1960,Yugoslavia,YES,Yugoslavia,historical_different
YUG,Yugoslavia,1960,Yugoslavia,YES,Yugoslavia,historical_different
YUG,Yugoslavia,1964,Yugoslavia,YES,Yugoslavia,historical_different
YUG,Yugoslavia,1968,Yugoslavia,YES,Yugoslavia,historical_different
YUG,Yugoslavia,1972,Yugoslavia,YES,Yugoslavia,historical_different
YUG,Yugoslavia-1,1972,Yugoslavia,YES,Yugoslavia,historical_different
YUG,Yugoslavia-2,1972,Yugoslavia,YES,Yugoslavia,historical_different
YUG,Yugoslavia,1976,Yugoslavia,YES,Yugoslavia,historical_different
YUG,Yugoslavia,1980,Yugoslavia,YES,Yugoslavia,historical_different
YUG,Yugoslavia,1984,Yugoslavia,YES,Yugoslavia,historical_different
YUG,Yugoslavia,1988,Yugoslavia,YES,Yugoslavia,historical_different
ZAM,Zambia,1964,,NO_DIFF_YEAR,Zambia,country
ZAM,Zambia,1968,,NO_DIFF_YEAR,Zambia,country
ZAM,Zambia,1972,,NO_DIFF_YEAR,Zambia,country
ZAM,Zambia,1980,,NO_DIFF_YEAR,Zambia,country
ZAM,Zambia,1984,Zambia,YES,Zambia,country
ZAM,Zambia,1988,,NO_DIFF_YEAR,Zambia,country
ZAM,Zambia,1992,,NO_DIFF_YEAR,Zambia,country
ZAM,Zambia,1996,Zambia,YES,Zambia,country
ZAM,Zambia,2000,,NO_DIFF_YEAR,Zambia,country
ZAM,Zambia,2004,,NO_DIFF_YEAR,Zambia,country
ZAM,Zambia,2008,,NO_DIFF_YEAR,Zambia,country
ZAM,Zambia,2012,,NO_DIFF_YEAR,Zambia,country
ZAM,Zambia,2016,,NO_DIFF_YEAR,Zambia,country
ZAM,Zambia,2020,,NO_DIFF_YEAR,Zambia,country
ZAM,Zambia,2024,Zambia,YES,Zambia,country
ZIM,Zimbabwe,1928,,NO_DIFF_YEAR,Zimbabwe,country
ZIM,Zimbabwe,1960,,NO_DIFF_YEAR,Zimbabwe,country
ZIM,Peri II,1964,,NO_DIFF_YEAR,Zimbabwe,country
ZIM,Zimbabwe,1964,,NO_DIFF_YEAR,Zimbabwe,country
ZIM,Zimbabwe,1980,Zimbabwe,YES,Zimbabwe,country
ZIM,Zimbabwe,1984,,NO_DIFF_YEAR,Zimbabwe,country
ZIM,Zimbabwe,1988,,NO_DIFF_YEAR,Zimbabwe,country
ZIM,Zimbabwe,1992,,NO_DIFF_YEAR,Zimbabwe,country
ZIM,Zimbabwe,1996,,NO_DIFF_YEAR,Zimbabwe,country
ZIM,Zimbabwe,2000,,NO_DIFF_YEAR,Zimbabwe,country
ZIM,Zimbabwe,2004,Zimbabwe,YES,Zimbabwe,country
ZIM,Zimbabwe,2008,Zimbabwe,YES,Zimbabwe,country
ZIM,Zimbabwe,2012,,NO_DIFF_YEAR,Zimbabwe,country
ZIM,Zimbabwe,2016,,NO_DIFF_YEAR,Zimbabwe,country
ZIM,Zimbabwe,2020,,NO_DIFF_YEAR,Zimbabwe,country
ZIM,Zimbabwe,2024,,NO_DIFF_YEAR,Zimbabwe,country
ZZX,,1896,Mixed team,YES,Mixed team,special
ZZX,,1900,Mixed team,YES,Mixed team,special
ZZX,,1904,Mixed team,YES,Mixed team,special
