canonical_name,Year,entity_type,first_year,last_year,gold_lag1,silver_lag1,bronze_lag1,total_lag1,medal_won_binary_lag1,gold_lag2,silver_lag2,bronze_lag2,total_lag2,medal_won_binary_lag2,gold_lag3,silver_lag3,bronze_lag3,total_lag3,medal_won_binary_lag3,n_athletes_total,n_athletes_male,n_athletes_female,n_unique_events,athlete_growth_rate,is_host,is_host_next,is_host_prev,host_cycle_phase,years_since_last_host,total_events_this_year,n_sports_this_year,n_disciplines_this_year,n_new_events,n_discontinued_events,summary_index,n_obvious_advantage,n_general_advantage,n_potential_advantage,top_discipline_code,top_discipline_score,region,years_since_first_participation,n_olympiads_participated,has_multi_teams,n_multi_disciplines,y_gold,y_silver,y_bronze,y_total,y_any
Afghanistan,1936,country,1936,2024,,,,,,,,,,,,,,,,16,16,0,4,,0,0,0,0,-1,129,48,67,4.0,2.0,0.0,0,0,2,ATH,0.0,Asia,0,1,0,0,0,0,0,0,0
Afghanistan,1948,country,1936,2024,0.0,0.0,0.0,0.0,0.0,,,,,,,,,,,22,22,0,2,0.375,0,0,0,0,-1,136,48,68,9.0,2.0,0.0,0,0,2,FBL,0.0,Asia,12,2,0,0,0,0,0,0,0
Afghanistan,1952,country,1936,2024,0.0,0.0,0.0,0.0,0.0,0.0,0.0,0.0,0.0,0.0,,,,,,0,0,0,0,,0,0,0,0,-1,149,48,68,12.0,0.0,,0,0,0,,,Asia,16,2,0,0,0,0,0,0,0
Afghanistan,1956,country,1936,2024,0.0,0.0,0.0,0.0,0.0,0.0,0.0,0.0,0.0,0.0,,,,,,12,12,0,1,-0.454545,0,0,0,0,-1,149,48,68,2.0,2.0,0.0,0,0,1,HOC,0.0,Asia,20,3,0,0,0,0,0,0,0
Afghanistan,1960,country,1936,2024,0.0,0.0,0.0,0.0,0.0,0.0,0.0,0.0,0.0,0.0,0.0,0.0,0.0,0.0,0.0,16,16,0,13,0.333333,0,0,0,0,-1,152,48,67,6.0,3.0,0.0,0,0,2,ATH,0.0,Asia,24,4,0,0,0,0,0,0,0
Afghanistan,1964,country,1936,2024,0.0,0.0,0.0,0.0,0.0,0.0,0.0,0.0,0.0,0.0,0.0,0.0,0.0,0.0,0.0,8,8,0,8,-0.5,0,0,0,0,-1,164,47,67,12.0,0.0,0.0,0,0,2,WRF,0.0,Asia,28,5,0,0,0,0,0,0,0
Afghanistan,1968,country,1936,2024,0.0,0.0,0.0,0.0,0.0,0.0,0.0,0.0,0.0,0.0,0.0,0.0,0.0,0.0,0.0,5,5,0,5,-0.375,0,0,0,0,-1,174,47,67,14.0,4.0,0.0,0,0,1,WRF,0.0,Asia,32,6,0,0,0,0,0,0,0
Afghanistan,1972,country,1936,2024,0.0,0.0,0.0,0.0,0.0,0.0,0.0,0.0,0.0,0.0,0.0,0.0,0.0,0.0,0.0,8,8,0,8,0.6,0,0,0,0,-1,201,47,67,27.0,0.0,0.0,0,0,2,WRF,0.0,Asia,36,7,0,0,0,0,0,0,0
Afghanistan,1976,country,1936,2024,0.0,0.0,0.0,0.0,0.0,0.0,0.0,0.0,0.0,0.0,0.0,0.0,0.0,0.0,0.0,0,0,0,0,,0,0,0,0,-1,199,48,68,8.0,10.0,,0,0,0,,,Asia,40,7,0,0,0,0,0,0,0
Afghanistan,1980,country,1936,2024,0.0,0.0,0.0,0.0,0.0,0.0,0.0,0.0,0.0,0.0,0.0,0.0,0.0,0.0,0.0,11,11,0,11,0.375,0,0,0,0,-1,204,47,67,6.0,1.0,0.0,0,0,3,BOX,0.0,Asia,44,8,0,0,0,0,0,0,0
Afghanistan,1984,country,1936,2024,0.0,0.0,0.0,0.0,0.0,0.0,0.0,0.0,0.0,0.0,0.0,0.0,0.0,0.0,0.0,0,0,0,0,,0,0,0,0,-1,225,46,66,21.0,0.0,,0,0,0,,,Asia,48,8,0,0,0,0,0,0,0
Afghanistan,1988,country,1936,2024,0.0,0.0,0.0,0.0,0.0,0.0,0.0,0.0,0.0,0.0,0.0,0.0,0.0,0.0,0.0,5,5,0,5,-0.545455,0,0,0,0,-1,243,47,67,19.0,1.0,0.0,0,0,1,WRF,0.0,Asia,52,9,0,0,0,0,0,0,0
Afghanistan,1992,country,1936,2024,0.0,0.0,0.0,0.0,0.0,0.0,0.0,0.0,0.0,0.0,0.0,0.0,0.0,0.0,0.0,0,0,0,0,,0,0,0,0,-1,265,48,68,23.0,1.0,,0,0,0,,,Asia,56,9,0,0,0,0,0,0,0
Afghanistan,1996,country,1936,2024,0.0,0.0,0.0,0.0,0.0,0.0,0.0,0.0,0.0,0.0,0.0,0.0,0.0,0.0,0.0,2,2,0,2,-0.6,0,0,0,0,-1,278,48,68,15.0,1.0,0.0,0,0,1,ATH,0.0,Asia,60,10,0,0,0,0,0,0,0
Afghanistan,2000,country,1936,2024,0.0,0.0,0.0,0.0,0.0,0.0,0.0,0.0,0.0,0.0,0.0,0.0,0.0,0.0,0.0,0,0,0,0,,0,0,0,0,-1,299,48,68,24.0,4.0,,0,0,0,,,Asia,64,10,0,0,0,0,0,0,0
Afghanistan,2004,country,1936,2024,0.0,0.0,0.0,0.0,0.0,0.0,0.0,0.0,0.0,0.0,0.0,0.0,0.0,0.0,0.0,5,3,2,5,1.5,0,0,0,0,-1,301,48,68,4.0,2.0,0.0,0,0,4,ATH,0.0,Asia,68,11,0,0,0,0,0,0,0
Afghanistan,2008,country,1936,2024,0.0,0.0,0.0,0.0,0.0,0.0,0.0,0.0,0.0,0.0,0.0,0.0,0.0,0.0,0.0,4,3,1,4,-0.2,0,0,0,0,-1,302,48,68,5.0,4.0,0.025,0,0,2,TKW,0.025,Asia,72,12,0,0,0,0,1,1,1
Afghanistan,2012,country,1936,2024,0.0,0.0,1.0,1.0,1.0,0.0,0.0,0.0,0.0,0.0,0.0,0.0,0.0,0.0,0.0,6,5,1,6,0.5,0,0,0,0,-1,302,48,68,2.0,2.0,0.025,0,0,4,TKW,0.025,Asia,76,13,0,0,0,0,1,1,1
Afghanistan,2016,country,1936,2024,0.0,0.0,1.0,1.0,1.0,0.0,0.0,1.0,1.0,1.0,0.0,0.0,0.0,0.0,0.0,3,2,1,3,-0.5,0,0,0,0,-1,306,48,68,5.0,1.0,0.0,0,0,2,ATH,0.0,Asia,80,14,0,0,0,0,0,0,0
Afghanistan,2020,country,1936,2024,0.0,0.0,0.0,0.0,0.0,0.0,0.0,1.0,1.0,1.0,0.0,0.0,1.0,1.0,1.0,5,4,1,5,0.666667,0,0,0,0,-1,316,48,68,33.0,23.0,0.008333,0,0,4,TKW,0.008333,Asia,84,15,0,0,0,0,0,0,0
Afghanistan,2024,country,1936,2024,0.0,0.0,0.0,0.0,0.0,0.0,0.0,0.0,0.0,0.0,0.0,0.0,1.0,1.0,1.0,7,3,4,6,0.4,0,0,0,0,-1,297,48,68,6.0,25.0,0.0,0,0,4,ATH,0.0,Asia,88,16,0,0,0,0,0,0,0
Albania,1972,country,1972,2024,,,,,,,,,,,,,,,,5,4,1,3,,0,0,0,0,-1,201,47,67,27.0,0.0,0.0,0,0,2,SHO,0.0,Europe,0,1,0,0,0,0,0,0,0
Albania,1976,country,1972,2024,0.0,0.0,0.0,0.0,0.0,,,,,,,,,,,0,0,0,0,,0,0,0,0,-1,199,48,68,8.0,10.0,,0,0,0,,,Europe,4,1,0,0,0,0,0,0,0
Albania,1980,country,1972,2024,0.0,0.0,0.0,0.0,0.0,,,,,,,,,,,0,0,0,0,,0,0,0,0,-1,204,47,67,6.0,1.0,,0,0,0,,,Europe,8,1,0,0,0,0,0,0,0
Albania,1984,country,1972,2024,0.0,0.0,0.0,0.0,0.0,,,,,,,,,,,0,0,0,0,,0,0,0,0,-1,225,46,66,21.0,0.0,,0,0,0,,,Europe,12,1,0,0,0,0,0,0,0
Albania,1988,country,1972,2024,0.0,0.0,0.0,0.0,0.0,,,,,,,,,,,0,0,0,0,,0,0,0,0,-1,243,47,67,19.0,1.0,,0,0,0,,,Europe,16,1,0,0,0,0,0,0,0
Albania,1992,country,1972,2024,0.0,0.0,0.0,0.0,0.0,,,,,,,,,,,9,7,2,8,0.8,0,0,0,0,-1,265,48,68,23.0,1.0,0.0,0,0,4,ATH,0.0,Europe,20,2,0,0,0,0,0,0,0
Albania,1996,country,1972,2024,0.0,0.0,0.0,0.0,0.0,0.0,0.0,0.0,0.0,0.0,,,,,,9,3,6,7,0.0,0,0,0,0,-1,278,48,68,15.0,1.0,0.0,0,0,5,ATH,0.0,Europe,24,3,0,0,0,0,0,0,0
Albania,2000,country,1972,2024,0.0,0.0,0.0,0.0,0.0,0.0,0.0,0.0,0.0,0.0,0.0,0.0,0.0,0.0,0.0,5,2,3,5,-0.444444,0,0,0,0,-1,299,48,68,24.0,4.0,0.0,0,0,3,ATH,0.0,Europe,28,4,0,0,0,0,0,0,0
Albania,2004,country,1972,2024,0.0,0.0,0.0,0.0,0.0,0.0,0.0,0.0,0.0,0.0,0.0,0.0,0.0,0.0,0.0,7,5,2,7,0.4,0,0,0,0,-1,301,48,68,4.0,2.0,0.0,0,0,4,ATH,0.0,Europe,32,5,0,0,0,0,0,0,0
Albania,2008,country,1972,2024,0.0,0.0,0.0,0.0,0.0,0.0,0.0,0.0,0.0,0.0,0.0,0.0,0.0,0.0,0.0,12,7,5,12,0.714286,0,0,0,0,-1,302,48,68,5.0,4.0,0.0,0,0,7,ATH,0.0,Europe,36,6,0,0,0,0,0,0,0
Albania,2012,country,1972,2024,0.0,0.0,0.0,0.0,0.0,0.0,0.0,0.0,0.0,0.0,0.0,0.0,0.0,0.0,0.0,10,7,3,9,-0.166667,0,0,0,0,-1,302,48,68,2.0,2.0,0.0,0,0,5,ATH,0.0,Europe,40,7,0,0,0,0,0,0,0
Albania,2016,country,1972,2024,0.0,0.0,0.0,0.0,0.0,0.0,0.0,0.0,0.0,0.0,0.0,0.0,0.0,0.0,0.0,6,3,3,6,-0.4,0,0,0,0,-1,306,48,68,5.0,1.0,0.0,0,0,3,ATH,0.0,Europe,44,8,0,0,0,0,0,0,0
Albania,2020,country,1972,2024,0.0,0.0,0.0,0.0,0.0,0.0,0.0,0.0,0.0,0.0,0.0,0.0,0.0,0.0,0.0,10,6,4,10,0.666667,0,0,0,0,-1,316,48,68,33.0,23.0,0.0,0,0,6,ATH,0.0,Europe,48,9,0,0,0,0,0,0,0
Albania,2024,country,1972,2024,0.0,0.0,0.0,0.0,0.0,0.0,0.0,0.0,0.0,0.0,0.0,0.0,0.0,0.0,0.0,9,5,4,9,-0.1,0,0,0,0,-1,297,48,68,6.0,25.0,0.033333,0,0,4,WRF,0.033333,Europe,52,10,0,0,0,0,2,2,1
Algeria,1964,country,1964,2024,,,,,,,,,,,,,,,,7,7,0,7,,0,0,0,0,-1,164,47,67,12.0,0.0,0.0,0,0,1,GAR,0.0,Africa,0,1,0,0,0,0,0,0,0
Algeria,1968,country,1964,2024,0.0,0.0,0.0,0.0,0.0,,,,,,,,,,,9,9,0,9,0.285714,0,0,0,0,-1,174,47,67,14.0,4.0,0.0,0,0,2,BOX,0.0,Africa,4,2,0,0,0,0,0,0,0
Algeria,1972,country,1964,2024,0.0,0.0,0.0,0.0,0.0,0.0,0.0,0.0,0.0,0.0,,,,,,7,7,0,5,-0.222222,0,0,0,0,-1,201,47,67,27.0,0.0,0.0,0,0,2,ATH,0.0,Africa,8,3,0,0,0,0,0,0,0
Algeria,1976,country,1964,2024,0.0,0.0,0.0,0.0,0.0,0.0,0.0,0.0,0.0,0.0,0.0,0.0,0.0,0.0,0.0,0,0,0,0,,0,0,0,0,-1,199,48,68,8.0,10.0,,0,0,0,,,Africa,12,3,0,0,0,0,0,0,0
Algeria,1980,country,1964,2024,0.0,0.0,0.0,0.0,0.0,0.0,0.0,0.0,0.0,0.0,0.0,0.0,0.0,0.0,0.0,63,63,0,28,8.0,0,0,0,0,-1,204,47,67,6.0,1.0,0.0,0,0,10,ATH,0.0,Africa,16,4,0,0,0,0,0,0,0
Algeria,1984,country,1964,2024,0.0,0.0,0.0,0.0,0.0,0.0,0.0,0.0,0.0,0.0,0.0,0.0,0.0,0.0,0.0,33,33,0,17,-0.47619,0,0,0,0,-1,225,46,66,21.0,0.0,0.019608,0,0,4,BOX,0.019608,Africa,20,5,0,0,0,0,2,2,1
Algeria,1988,country,1964,2024,0.0,0.0,2.0,2.0,1.0,0.0,0.0,0.0,0.0,0.0,0.0,0.0,0.0,0.0,0.0,45,42,3,29,0.363636,0,0,0,0,-1,243,47,67,19.0,1.0,0.010606,0,0,7,BOX,0.010606,Africa,24,6,0,0,0,0,0,0,0
Algeria,1992,country,1964,2024,0.0,0.0,0.0,0.0,0.0,0.0,0.0,2.0,2.0,1.0,0.0,0.0,0.0,0.0,0.0,36,34,2,27,-0.2,0,0,0,0,-1,265,48,68,23.0,1.0,0.025723000000000003,0,0,7,BOX,0.015152,Africa,28,7,0,0,1,0,1,2,1
Algeria,1996,country,1964,2024,1.0,0.0,1.0,2.0,1.0,0.0,0.0,0.0,0.0,0.0,0.0,0.0,2.0,2.0,1.0,47,41,6,29,0.305556,0,0,0,0,-1,278,48,68,15.0,1.0,0.068488,0,0,10,BOX,0.050758,Africa,32,8,0,0,2,0,1,3,1
Algeria,2000,country,1964,2024,2.0,0.0,1.0,3.0,1.0,1.0,0.0,1.0,2.0,1.0,0.0,0.0,0.0,0.0,0.0,51,41,10,42,0.085106,0,0,0,0,-1,299,48,68,24.0,4.0,0.07933899999999999,0,0,10,BOX,0.043182,Africa,36,9,0,0,1,1,3,5,1
Algeria,2004,country,1964,2024,1.0,1.0,3.0,5.0,1.0,2.0,0.0,1.0,3.0,1.0,1.0,0.0,1.0,2.0,1.0,71,54,17,57,0.392157,0,0,0,0,-1,301,48,68,4.0,2.0,0.049744,0,0,10,BOX,0.02803,Africa,40,10,0,0,0,0,0,0,0
Algeria,2008,country,1964,2024,0.0,0.0,0.0,0.0,0.0,1.0,1.0,3.0,5.0,1.0,2.0,0.0,1.0,3.0,1.0,57,35,22,44,-0.197183,0,0,0,0,-1,302,48,68,5.0,4.0,0.041582,0,0,12,JUD,0.025974,Africa,44,11,0,0,0,1,1,2,1
Algeria,2012,country,1964,2024,0.0,1.0,1.0,2.0,1.0,0.0,0.0,0.0,0.0,0.0,1.0,1.0,3.0,5.0,1.0,39,22,17,29,-0.315789,0,0,0,0,-1,302,48,68,2.0,2.0,0.027853,0,0,13,JUD,0.018182,Africa,48,12,0,0,1,0,0,1,1
Algeria,2016,country,1964,2024,1.0,0.0,0.0,1.0,1.0,0.0,1.0,1.0,2.0,1.0,0.0,0.0,0.0,0.0,0.0,74,61,13,48,0.897436,0,0,0,0,-1,306,48,68,5.0,1.0,0.031362,0,0,13,ATH,0.018375,Africa,52,13,0,0,0,2,0,2,1
Algeria,2020,country,1964,2024,0.0,2.0,0.0,2.0,1.0,1.0,0.0,0.0,1.0,1.0,0.0,1.0,1.0,2.0,1.0,45,30,15,43,-0.391892,0,0,0,0,-1,316,48,68,33.0,23.0,0.012959,0,0,16,ATH,0.012959,Africa,56,14,0,0,0,0,0,0,0
Algeria,2024,country,1964,2024,0.0,0.0,0.0,0.0,0.0,0.0,2.0,0.0,2.0,1.0,1.0,0.0,0.0,1.0,1.0,55,27,28,47,0.222222,0,0,0,0,-1,297,48,68,6.0,25.0,0.09209700000000001,0,0,16,GAR,0.047619,Africa,60,15,0,0,2,0,1,3,1
American Samoa,1988,country,1988,2024,,,,,,,,,,,,,,,,6,6,0,6,,0,0,0,0,-1,243,47,67,19.0,1.0,0.0,0,0,4,ATH,0.0,Oceania,0,1,0,0,0,0,0,0,0
American Samoa,1992,country,1988,2024,0.0,0.0,0.0,0.0,0.0,,,,,,,,,,,3,3,0,3,-0.5,0,0,0,0,-1,265,48,68,23.0,1.0,0.0,0,0,2,BOX,0.0,Oceania,4,2,0,0,0,0,0,0,0
American Samoa,1996,country,1988,2024,0.0,0.0,0.0,0.0,0.0,0.0,0.0,0.0,0.0,0.0,,,,,,7,6,1,6,1.333333,0,0,0,0,-1,278,48,68,15.0,1.0,0.0,0,0,5,ATH,0.0,Oceania,8,3,0,0,0,0,0,0,0
American Samoa,2000,country,1988,2024,0.0,0.0,0.0,0.0,0.0,0.0,0.0,0.0,0.0,0.0,0.0,0.0,0.0,0.0,0.0,4,3,1,4,-0.428571,0,0,0,0,-1,299,48,68,24.0,4.0,0.0,0,0,3,ARC,0.0,Oceania,12,4,0,0,0,0,0,0,0
American Samoa,2004,country,1988,2024,0.0,0.0,0.0,0.0,0.0,0.0,0.0,0.0,0.0,0.0,0.0,0.0,0.0,0.0,0.0,3,2,1,3,-0.25,0,0,0,0,-1,301,48,68,4.0,2.0,0.0,0,0,2,ATH,0.0,Oceania,16,5,0,0,0,0,0,0,0
American Samoa,2008,country,1988,2024,0.0,0.0,0.0,0.0,0.0,0.0,0.0,0.0,0.0,0.0,0.0,0.0,0.0,0.0,0.0,4,2,2,4,0.333333,0,0,0,0,-1,302,48,68,5.0,4.0,0.0,0,0,3,ATH,0.0,Oceania,20,6,0,0,0,0,0,0,0
American Samoa,2012,country,1988,2024,0.0,0.0,0.0,0.0,0.0,0.0,0.0,0.0,0.0,0.0,0.0,0.0,0.0,0.0,0.0,4,3,1,4,0.0,0,0,0,0,-1,302,48,68,2.0,2.0,0.0,0,0,3,ATH,0.0,Oceania,24,7,0,0,0,0,0,0,0
American Samoa,2016,country,1988,2024,0.0,0.0,0.0,0.0,0.0,0.0,0.0,0.0,0.0,0.0,0.0,0.0,0.0,0.0,0.0,4,3,1,4,0.0,0,0,0,0,-1,306,48,68,5.0,1.0,0.0,0,0,3,ATH,0.0,Oceania,28,8,0,0,0,0,0,0,0
American Samoa,2020,country,1988,2024,0.0,0.0,0.0,0.0,0.0,0.0,0.0,0.0,0.0,0.0,0.0,0.0,0.0,0.0,0.0,6,5,1,5,0.5,0,0,0,0,-1,316,48,68,33.0,23.0,0.0,0,0,4,ATH,0.0,Oceania,32,9,0,0,0,0,0,0,0
American Samoa,2024,country,1988,2024,0.0,0.0,0.0,0.0,0.0,0.0,0.0,0.0,0.0,0.0,0.0,0.0,0.0,0.0,0.0,2,1,1,2,-0.666667,0,0,0,0,-1,297,48,68,6.0,25.0,0.0,0,0,2,ATH,0.0,Oceania,36,10,0,0,0,0,0,0,0
Andorra,1976,country,1976,2024,,,,,,,,,,,,,,,,3,3,0,2,,0,0,0,0,-1,199,48,68,8.0,10.0,0.0,0,0,2,BOX,0.0,Europe,0,1,0,0,0,0,0,0,0
Andorra,1980,country,1976,2024,0.0,0.0,0.0,0.0,0.0,,,,,,,,,,,2,2,0,1,-0.333333,0,0,0,0,-1,204,47,67,6.0,1.0,0.0,0,0,1,SHO,0.0,Europe,4,2,0,0,0,0,0,0,0
Andorra,1984,country,1976,2024,0.0,0.0,0.0,0.0,0.0,0.0,0.0,0.0,0.0,0.0,,,,,,2,2,0,1,0.0,0,0,0,0,-1,225,46,66,21.0,0.0,0.0,0,0,1,SHO,0.0,Europe,8,3,0,0,0,0,0,0,0
Andorra,1988,country,1976,2024,0.0,0.0,0.0,0.0,0.0,0.0,0.0,0.0,0.0,0.0,0.0,0.0,0.0,0.0,0.0,4,4,0,3,1.0,0,0,0,0,-1,243,47,67,19.0,1.0,0.0,0,0,2,ATH,0.0,Europe,12,4,0,0,0,0,0,0,0
Andorra,1992,country,1976,2024,0.0,0.0,0.0,0.0,0.0,0.0,0.0,0.0,0.0,0.0,0.0,0.0,0.0,0.0,0.0,8,7,1,5,1.0,0,0,0,0,-1,265,48,68,23.0,1.0,0.0,0,0,5,ATH,0.0,Europe,16,5,0,0,0,0,0,0,0
Andorra,1996,country,1976,2024,0.0,0.0,0.0,0.0,0.0,0.0,0.0,0.0,0.0,0.0,0.0,0.0,0.0,0.0,0.0,8,6,2,7,0.0,0,0,0,0,-1,278,48,68,15.0,1.0,0.0,0,0,5,ATH,0.0,Europe,20,6,0,0,0,0,0,0,0
Andorra,2000,country,1976,2024,0.0,0.0,0.0,0.0,0.0,0.0,0.0,0.0,0.0,0.0,0.0,0.0,0.0,0.0,0.0,5,3,2,5,-0.375,0,0,0,0,-1,299,48,68,24.0,4.0,0.0,0,0,3,ATH,0.0,Europe,24,7,0,0,0,0,0,0,0
Andorra,2004,country,1976,2024,0.0,0.0,0.0,0.0,0.0,0.0,0.0,0.0,0.0,0.0,0.0,0.0,0.0,0.0,0.0,6,4,2,6,0.2,0,0,0,0,-1,301,48,68,4.0,2.0,0.0,0,0,4,ATH,0.0,Europe,28,8,0,0,0,0,0,0,0
Andorra,2008,country,1976,2024,0.0,0.0,0.0,0.0,0.0,0.0,0.0,0.0,0.0,0.0,0.0,0.0,0.0,0.0,0.0,5,3,2,5,-0.166667,0,0,0,0,-1,302,48,68,5.0,4.0,0.0,0,0,4,ATH,0.0,Europe,32,9,0,0,0,0,0,0,0
Andorra,2012,country,1976,2024,0.0,0.0,0.0,0.0,0.0,0.0,0.0,0.0,0.0,0.0,0.0,0.0,0.0,0.0,0.0,6,4,2,6,0.2,0,0,0,0,-1,302,48,68,2.0,2.0,0.0,0,0,4,ATH,0.0,Europe,36,10,0,0,0,0,0,0,0
Andorra,2016,country,1976,2024,0.0,0.0,0.0,0.0,0.0,0.0,0.0,0.0,0.0,0.0,0.0,0.0,0.0,0.0,0.0,4,2,2,4,-0.333333,0,0,0,0,-1,306,48,68,5.0,1.0,0.0,0,0,4,ATH,0.0,Europe,40,11,0,0,0,0,0,0,0
Andorra,2020,country,1976,2024,0.0,0.0,0.0,0.0,0.0,0.0,0.0,0.0,0.0,0.0,0.0,0.0,0.0,0.0,0.0,3,1,2,3,-0.25,0,0,0,0,-1,316,48,68,33.0,23.0,0.0,0,0,2,ATH,0.0,Europe,44,12,0,0,0,0,0,0,0
Andorra,2024,country,1976,2024,0.0,0.0,0.0,0.0,0.0,0.0,0.0,0.0,0.0,0.0,0.0,0.0,0.0,0.0,0.0,4,1,3,4,0.333333,0,0,0,0,-1,297,48,68,6.0,25.0,0.0,0,0,2,ATH,0.0,Europe,48,13,0,0,0,0,0,0,0
Angola,1980,country,1980,2024,,,,,,,,,,,,,,,,17,15,2,14,,0,0,0,0,-1,204,47,67,6.0,1.0,0.0,0,0,3,ATH,0.0,Africa,0,1,0,0,0,0,0,0,0
Angola,1984,country,1980,2024,0.0,0.0,0.0,0.0,0.0,,,,,,,,,,,0,0,0,0,,0,0,0,0,-1,225,46,66,21.0,0.0,,0,0,0,,,Africa,4,1,0,0,0,0,0,0,0
Angola,1988,country,1980,2024,0.0,0.0,0.0,0.0,0.0,,,,,,,,,,,33,22,11,27,0.941176,0,0,0,0,-1,243,47,67,19.0,1.0,0.0,0,0,4,ATH,0.0,Africa,8,2,0,0,0,0,0,0,0
Angola,1992,country,1980,2024,0.0,0.0,0.0,0.0,0.0,0.0,0.0,0.0,0.0,0.0,,,,,,33,27,6,21,0.0,0,0,0,0,-1,265,48,68,23.0,1.0,0.0,0,0,6,ATH,0.0,Africa,12,3,0,0,0,0,0,0,0
Angola,1996,country,1980,2024,0.0,0.0,0.0,0.0,0.0,0.0,0.0,0.0,0.0,0.0,0.0,0.0,0.0,0.0,0.0,30,13,17,8,-0.090909,0,0,0,0,-1,278,48,68,15.0,1.0,0.0,0,0,5,ATH,0.0,Africa,16,4,0,0,0,0,0,0,0
Angola,2000,country,1980,2024,0.0,0.0,0.0,0.0,0.0,0.0,0.0,0.0,0.0,0.0,0.0,0.0,0.0,0.0,0.0,30,15,15,7,0.0,0,0,0,0,-1,299,48,68,24.0,4.0,0.0,0,0,5,ATH,0.0,Africa,20,5,0,0,0,0,0,0,0
Angola,2004,country,1980,2024,0.0,0.0,0.0,0.0,0.0,0.0,0.0,0.0,0.0,0.0,0.0,0.0,0.0,0.0,0.0,30,14,16,5,0.0,0,0,0,0,-1,301,48,68,4.0,2.0,0.0,0,0,5,ATH,0.0,Africa,24,6,0,0,0,0,0,0,0
Angola,2008,country,1980,2024,0.0,0.0,0.0,0.0,0.0,0.0,0.0,0.0,0.0,0.0,0.0,0.0,0.0,0.0,0.0,33,18,15,8,0.1,0,0,0,0,-1,302,48,68,5.0,4.0,0.0,0,0,6,ATH,0.0,Africa,28,7,0,0,0,0,0,0,0
Angola,2012,country,1980,2024,0.0,0.0,0.0,0.0,0.0,0.0,0.0,0.0,0.0,0.0,0.0,0.0,0.0,0.0,0.0,35,6,29,10,0.060606,0,0,0,0,-1,302,48,68,2.0,2.0,0.0,0,0,6,ATH,0.0,Africa,32,8,0,0,0,0,0,0,0
Angola,2016,country,1980,2024,0.0,0.0,0.0,0.0,0.0,0.0,0.0,0.0,0.0,0.0,0.0,0.0,0.0,0.0,0.0,26,8,18,10,-0.257143,0,0,0,0,-1,306,48,68,5.0,1.0,0.0,0,0,7,ATH,0.0,Africa,36,9,0,0,0,0,0,0,0
Angola,2020,country,1980,2024,0.0,0.0,0.0,0.0,0.0,0.0,0.0,0.0,0.0,0.0,0.0,0.0,0.0,0.0,0.0,20,4,16,6,-0.230769,0,0,0,0,-1,316,48,68,33.0,23.0,0.0,0,0,5,ATH,0.0,Africa,40,10,0,0,0,0,0,0,0
Angola,2024,country,1980,2024,0.0,0.0,0.0,0.0,0.0,0.0,0.0,0.0,0.0,0.0,0.0,0.0,0.0,0.0,0.0,26,9,17,10,0.3,0,0,0,0,-1,297,48,68,6.0,25.0,0.0,0,0,7,ATH,0.0,Africa,44,11,0,0,0,0,0,0,0
Antigua and Barbuda,1976,country,1976,2024,,,,,,,,,,,,,,,,17,17,0,11,,0,0,0,0,-1,199,48,68,8.0,10.0,0.0,0,0,2,ATH,0.0,Americas,0,1,0,0,0,0,0,0,0
Antigua and Barbuda,1980,country,1976,2024,0.0,0.0,0.0,0.0,0.0,,,,,,,,,,,0,0,0,0,,0,0,0,0,-1,204,47,67,6.0,1.0,,0,0,0,,,Americas,4,1,0,0,0,0,0,0,0
Antigua and Barbuda,1984,country,1976,2024,0.0,0.0,0.0,0.0,0.0,,,,,,,,,,,27,19,8,17,0.588235,0,0,0,0,-1,225,46,66,21.0,0.0,0.0,0,0,3,ATH,0.0,Americas,8,2,0,0,0,0,0,0,0
Antigua and Barbuda,1988,country,1976,2024,0.0,0.0,0.0,0.0,0.0,0.0,0.0,0.0,0.0,0.0,,,,,,25,21,4,19,-0.074074,0,0,0,0,-1,243,47,67,19.0,1.0,0.0,0,0,4,ATH,0.0,Americas,12,3,0,0,0,0,0,0,0
Antigua and Barbuda,1992,country,1976,2024,0.0,0.0,0.0,0.0,0.0,0.0,0.0,0.0,0.0,0.0,0.0,0.0,0.0,0.0,0.0,18,13,5,15,-0.28,0,0,0,0,-1,265,48,68,23.0,1.0,0.0,0,0,4,ATH,0.0,Americas,16,4,0,0,0,0,0,0,0
Antigua and Barbuda,1996,country,1976,2024,0.0,0.0,0.0,0.0,0.0,0.0,0.0,0.0,0.0,0.0,0.0,0.0,0.0,0.0,0.0,19,8,11,9,0.055556,0,0,0,0,-1,278,48,68,15.0,1.0,0.0,0,0,4,ATH,0.0,Americas,20,5,0,0,0,0,0,0,0
Antigua and Barbuda,2000,country,1976,2024,0.0,0.0,0.0,0.0,0.0,0.0,0.0,0.0,0.0,0.0,0.0,0.0,0.0,0.0,0.0,4,2,2,4,-0.789474,0,0,0,0,-1,299,48,68,24.0,4.0,0.0,0,0,2,ATH,0.0,Americas,24,6,0,0,0,0,0,0,0
Antigua and Barbuda,2004,country,1976,2024,0.0,0.0,0.0,0.0,0.0,0.0,0.0,0.0,0.0,0.0,0.0,0.0,0.0,0.0,0.0,5,3,2,5,0.25,0,0,0,0,-1,301,48,68,4.0,2.0,0.0,0,0,2,ATH,0.0,Americas,28,7,0,0,0,0,0,0,0
Antigua and Barbuda,2008,country,1976,2024,0.0,0.0,0.0,0.0,0.0,0.0,0.0,0.0,0.0,0.0,0.0,0.0,0.0,0.0,0.0,5,4,1,5,0.0,0,0,0,0,-1,302,48,68,5.0,4.0,0.0,0,0,2,ATH,0.0,Americas,32,8,0,0,0,0,0,0,0
Antigua and Barbuda,2012,country,1976,2024,0.0,0.0,0.0,0.0,0.0,0.0,0.0,0.0,0.0,0.0,0.0,0.0,0.0,0.0,0.0,4,2,2,4,-0.2,0,0,0,0,-1,302,48,68,2.0,2.0,0.0,0,0,2,ATH,0.0,Americas,36,9,0,0,0,0,0,0,0
Antigua and Barbuda,2016,country,1976,2024,0.0,0.0,0.0,0.0,0.0,0.0,0.0,0.0,0.0,0.0,0.0,0.0,0.0,0.0,0.0,9,7,2,5,1.25,0,0,0,0,-1,306,48,68,5.0,1.0,0.0,0,0,2,ATH,0.0,Americas,40,10,0,0,0,0,0,0,0
Antigua and Barbuda,2020,country,1976,2024,0.0,0.0,0.0,0.0,0.0,0.0,0.0,0.0,0.0,0.0,0.0,0.0,0.0,0.0,0.0,6,3,3,6,-0.333333,0,0,0,0,-1,316,48,68,33.0,23.0,0.0,0,0,4,ATH,0.0,Americas,44,11,0,0,0,0,0,0,0
Antigua and Barbuda,2024,country,1976,2024,0.0,0.0,0.0,0.0,0.0,0.0,0.0,0.0,0.0,0.0,0.0,0.0,0.0,0.0,0.0,5,3,2,5,-0.166667,0,0,0,0,-1,297,48,68,6.0,25.0,0.0,0,0,3,ATH,0.0,Americas,48,12,0,0,0,0,0,0,0
Argentina,1900,country,1900,2024,,,,,,,,,,,,,,,,1,1,0,1,,0,0,0,0,-1,97,47,66,65.0,12.0,0.0,0,0,1,FEN,0.0,Americas,0,1,0,0,0,0,0,0,0
Argentina,1904,country,1900,2024,0.0,0.0,0.0,0.0,0.0,,,,,,,,,,,0,0,0,0,,0,0,0,0,-1,95,48,67,36.0,38.0,,0,0,0,,,Americas,4,1,0,0,0,0,0,0,0
Argentina,1908,country,1900,2024,0.0,0.0,0.0,0.0,0.0,,,,,,,,,,,1,1,0,1,0.0,0,0,0,0,-1,104,48,67,35.0,26.0,,0,0,0,,,Americas,8,2,0,0,0,0,0,0,0
Argentina,1912,country,1900,2024,0.0,0.0,0.0,0.0,0.0,0.0,0.0,0.0,0.0,0.0,,,,,,0,0,0,0,,0,0,0,0,-1,102,48,67,25.0,28.0,,0,0,0,,,Americas,12,2,0,0,0,0,0,0,0
Argentina,1920,country,1900,2024,0.0,0.0,0.0,0.0,0.0,0.0,0.0,0.0,0.0,0.0,,,,,,1,1,0,1,0.0,0,0,0,0,-1,156,48,67,58.0,4.0,0.0,0,0,1,BOX,0.0,Americas,20,3,0,0,0,0,0,0,0
Argentina,1924,country,1900,2024,0.0,0.0,0.0,0.0,0.0,0.0,0.0,0.0,0.0,0.0,0.0,0.0,0.0,0.0,0.0,109,109,0,39,108.0,0,0,0,0,-1,126,45,62,12.0,42.0,1.169281,0,1,11,POL,1.0,Americas,24,4,1,1,1,3,2,6,1
Argentina,1928,country,1900,2024,1.0,3.0,2.0,6.0,1.0,0.0,0.0,0.0,0.0,0.0,0.0,0.0,0.0,0.0,0.0,98,98,0,40,-0.100917,0,0,0,0,-1,110,48,68,3.0,19.0,0.9576029999999999,0,0,13,FBL,0.6,Americas,28,5,0,0,3,3,1,7,1
Argentina,1932,country,1900,2024,3.0,3.0,1.0,7.0,1.0,1.0,3.0,2.0,6.0,1.0,0.0,0.0,0.0,0.0,0.0,46,46,0,30,-0.530612,0,0,0,0,-1,127,48,67,18.0,1.0,0.39965,0,0,6,BOX,0.331818,Americas,32,6,0,0,3,1,0,4,1
Argentina,1936,country,1900,2024,3.0,1.0,0.0,4.0,1.0,3.0,3.0,1.0,7.0,1.0,1.0,3.0,2.0,6.0,1.0,68,67,1,31,0.478261,0,0,0,0,-1,129,48,67,4.0,2.0,1.438191,0,1,7,POL,1.0,Americas,36,7,0,0,2,2,3,7,1
Argentina,1948,country,1900,2024,2.0,2.0,3.0,7.0,1.0,3.0,1.0,0.0,4.0,1.0,3.0,3.0,1.0,7.0,1.0,295,275,20,101,3.338235,0,0,0,0,-1,136,48,68,9.0,2.0,0.515212,0,0,19,BOX,0.305682,Americas,48,8,0,0,3,3,1,7,1
Argentina,1952,country,1900,2024,3.0,3.0,1.0,7.0,1.0,2.0,2.0,3.0,7.0,1.0,3.0,1.0,0.0,4.0,1.0,174,156,18,77,-0.410169,0,0,0,0,-1,149,48,68,12.0,0.0,0.43353200000000003,0,0,17,BOX,0.2,Americas,52,9,0,0,1,2,2,5,1
Argentina,1956,country,1900,2024,1.0,2.0,2.0,5.0,1.0,3.0,3.0,1.0,7.0,1.0,2.0,2.0,3.0,7.0,1.0,44,43,1,32,-0.747126,0,0,0,0,-1,149,48,68,2.0,2.0,0.238038,0,0,12,BOX,0.102727,Americas,56,10,0,0,0,1,1,2,1
Argentina,1960,country,1900,2024,0.0,1.0,1.0,2.0,1.0,1.0,2.0,2.0,5.0,1.0,3.0,3.0,1.0,7.0,1.0,116,115,1,54,1.636364,0,0,0,0,-1,152,48,67,6.0,3.0,0.139932,0,0,19,SAL,0.054545,Americas,60,11,0,0,0,1,1,2,1
Argentina,1964,country,1900,2024,0.0,1.0,1.0,2.0,1.0,0.0,1.0,1.0,2.0,1.0,1.0,2.0,2.0,5.0,1.0,148,137,11,78,0.275862,0,0,0,0,-1,164,47,67,12.0,0.0,0.21402600000000002,0,0,18,EVE,0.136364,Americas,64,12,0,0,0,1,0,1,1
Argentina,1968,country,1900,2024,0.0,1.0,0.0,1.0,1.0,0.0,1.0,1.0,2.0,1.0,0.0,1.0,1.0,2.0,1.0,132,123,9,60,-0.108108,0,0,0,0,-1,174,47,67,14.0,4.0,0.161512,0,0,15,EVE,0.095455,Americas,68,13,0,0,0,0,2,2,1
Argentina,1972,country,1900,2024,0.0,0.0,2.0,2.0,1.0,0.0,1.0,0.0,1.0,1.0,0.0,1.0,1.0,2.0,1.0,123,113,10,62,-0.068182,0,0,0,0,-1,201,47,67,27.0,0.0,0.13111,0,0,15,EVE,0.068182,Americas,72,14,0,0,0,1,0,1,1
Argentina,1976,country,1900,2024,0.0,1.0,0.0,1.0,1.0,0.0,0.0,2.0,2.0,1.0,0.0,1.0,0.0,1.0,1.0,106,88,18,50,-0.138211,0,0,0,0,-1,199,48,68,8.0,10.0,0.044391999999999994,0,0,15,ROW,0.04026,Americas,76,15,0,0,0,0,0,0,0
Argentina,1980,country,1900,2024,0.0,0.0,0.0,0.0,0.0,0.0,1.0,0.0,1.0,1.0,0.0,0.0,2.0,2.0,1.0,0,0,0,0,,0,0,0,0,-1,204,47,67,6.0,1.0,,0,0,0,,,Americas,80,15,0,0,0,0,0,0,0
Argentina,1984,country,1900,2024,0.0,0.0,0.0,0.0,0.0,0.0,1.0,0.0,1.0,1.0,0.0,0.0,2.0,2.0,1.0,115,98,17,70,0.084906,0,0,0,0,-1,225,46,66,21.0,0.0,0.0,0,0,16,ATH,0.0,Americas,84,16,0,0,0,0,0,0,0
Argentina,1988,country,1900,2024,0.0,0.0,0.0,0.0,0.0,0.0,0.0,0.0,0.0,0.0,0.0,1.0,0.0,1.0,1.0,134,102,32,53,0.165217,0,0,0,0,-1,243,47,67,19.0,1.0,0.26764699999999997,0,0,19,TEN,0.15,Americas,88,17,0,0,0,1,1,2,1
Argentina,1992,country,1900,2024,0.0,1.0,1.0,2.0,1.0,0.0,0.0,0.0,0.0,0.0,0.0,0.0,0.0,0.0,0.0,111,82,29,68,-0.171642,0,0,0,0,-1,265,48,68,23.0,1.0,0.091176,0,0,18,TEN,0.091176,Americas,92,18,0,0,0,0,1,1,1
Argentina,1996,country,1900,2024,0.0,0.0,1.0,1.0,1.0,0.0,1.0,1.0,2.0,1.0,0.0,0.0,0.0,0.0,0.0,221,152,69,102,0.990991,0,0,0,0,-1,278,48,68,15.0,1.0,0.35151600000000005,0,0,23,FBL,0.2,Americas,96,19,0,0,0,2,1,3,1
Argentina,2000,country,1900,2024,0.0,2.0,1.0,3.0,1.0,0.0,0.0,1.0,1.0,1.0,0.0,1.0,1.0,2.0,1.0,164,113,51,98,-0.257919,0,0,0,0,-1,299,48,68,24.0,4.0,0.229973,0,0,22,HOC,0.136364,Americas,100,20,1,1,0,2,2,4,1
Argentina,2004,country,1900,2024,0.0,2.0,2.0,4.0,1.0,0.0,2.0,1.0,3.0,1.0,0.0,0.0,1.0,1.0,1.0,178,124,54,86,0.085366,0,0,0,0,-1,301,48,68,4.0,2.0,1.078444,0,0,23,FBL,0.433333,Americas,104,21,1,1,2,0,4,6,1
Argentina,2008,country,1900,2024,2.0,0.0,4.0,6.0,1.0,0.0,2.0,2.0,4.0,1.0,0.0,2.0,1.0,3.0,1.0,144,89,55,71,-0.191011,0,0,0,0,-1,302,48,68,5.0,4.0,1.190905,0,0,22,FBL,0.5,Americas,108,22,1,1,2,0,4,6,1
Argentina,2012,country,1900,2024,2.0,0.0,4.0,6.0,1.0,2.0,0.0,4.0,6.0,1.0,0.0,2.0,2.0,4.0,1.0,148,103,45,66,0.027778,0,0,0,0,-1,302,48,68,2.0,2.0,0.615772,0,0,27,HOC,0.245455,Americas,112,23,0,0,1,1,2,4,1
Argentina,2016,country,1900,2024,1.0,1.0,2.0,4.0,1.0,2.0,0.0,4.0,6.0,1.0,2.0,0.0,4.0,6.0,1.0,232,150,82,80,0.567568,0,0,0,0,-1,306,48,68,5.0,1.0,0.762464,0,0,29,HOC,0.368182,Americas,116,24,1,1,3,1,0,4,1
Argentina,2020,country,1900,2024,3.0,1.0,0.0,4.0,1.0,1.0,1.0,2.0,4.0,1.0,2.0,0.0,4.0,6.0,1.0,208,141,67,61,-0.103448,0,0,0,0,-1,316,48,68,33.0,23.0,0.64295,0,0,27,HOC,0.363636,Americas,120,25,0,0,0,1,1,2,1
Argentina,2024,country,1900,2024,0.0,1.0,1.0,2.0,1.0,3.0,1.0,0.0,4.0,1.0,1.0,1.0,2.0,4.0,1.0,154,115,39,41,-0.259615,0,0,0,0,-1,297,48,68,6.0,25.0,0.8935069999999999,0,0,19,BMF,0.5,Americas,124,26,0,0,1,1,1,3,1
Armenia,1996,country,1996,2024,,,,,,,,,,,,,,,,38,36,2,36,,0,0,0,0,-1,278,48,68,15.0,1.0,0.16,0,0,12,WRG,0.1,Europe,0,1,0,0,1,1,0,2,1
Armenia,2000,country,1996,2024,1.0,1.0,0.0,2.0,1.0,,,,,,,,,,,26,24,2,26,-0.315789,0,0,0,0,-1,299,48,68,24.0,4.0,0.081568,0,0,11,WRG,0.041176,Europe,4,2,0,0,0,0,1,1,1
Armenia,2004,country,1996,2024,0.0,0.0,1.0,1.0,1.0,1.0,1.0,0.0,2.0,1.0,,,,,,19,17,2,19,-0.269231,0,0,0,0,-1,301,48,68,4.0,2.0,0.044848,0,0,9,WRG,0.022727,Europe,8,3,0,0,0,0,0,0,0
Armenia,2008,country,1996,2024,0.0,0.0,0.0,0.0,0.0,0.0,0.0,1.0,1.0,1.0,1.0,1.0,0.0,2.0,1.0,26,24,2,24,0.368421,0,0,0,0,-1,302,48,68,5.0,4.0,0.07866000000000001,0,0,8,WLF,0.042424,Europe,12,4,0,0,0,0,6,6,1
Armenia,2012,country,1996,2024,0.0,0.0,6.0,6.0,1.0,0.0,0.0,0.0,0.0,0.0,0.0,0.0,1.0,1.0,1.0,31,27,4,30,0.192308,0,0,0,0,-1,302,48,68,2.0,2.0,0.11488899999999999,0,0,10,WRG,0.071528,Europe,16,5,0,0,0,1,2,3,1
Armenia,2016,country,1996,2024,0.0,1.0,2.0,3.0,1.0,0.0,0.0,6.0,6.0,1.0,0.0,0.0,0.0,0.0,0.0,34,24,10,32,0.096774,0,0,0,0,-1,306,48,68,5.0,1.0,0.238724,0,0,9,WRG,0.171562,Europe,20,6,0,0,1,3,0,4,1
Armenia,2020,country,1996,2024,1.0,3.0,0.0,4.0,1.0,0.0,1.0,2.0,3.0,1.0,0.0,0.0,6.0,6.0,1.0,19,16,3,19,-0.441176,0,0,0,0,-1,316,48,68,33.0,23.0,0.226387,0,0,9,WRG,0.156277,Europe,24,7,0,0,0,2,2,4,1
Armenia,2024,country,1996,2024,0.0,2.0,2.0,4.0,1.0,1.0,3.0,0.0,4.0,1.0,0.0,1.0,2.0,3.0,1.0,17,15,2,16,-0.105263,0,0,0,0,-1,297,48,68,6.0,25.0,0.244981,0,0,8,WRG,0.15303,Europe,28,8,0,0,0,3,1,4,1
Aruba,1988,country,1988,2024,,,,,,,,,,,,,,,,12,5,7,10,,0,0,0,0,-1,243,47,67,19.0,1.0,0.0,0,0,5,ATH,0.0,Americas,0,1,0,0,0,0,0,0,0
Aruba,1992,country,1988,2024,0.0,0.0,0.0,0.0,0.0,,,,,,,,,,,5,4,1,4,-0.583333,0,0,0,0,-1,265,48,68,23.0,1.0,0.0,0,0,3,ATH,0.0,Americas,4,2,0,0,0,0,0,0,0
Aruba,1996,country,1988,2024,0.0,0.0,0.0,0.0,0.0,0.0,0.0,0.0,0.0,0.0,,,,,,3,3,0,3,-0.4,0,0,0,0,-1,278,48,68,15.0,1.0,0.0,0,0,3,ATH,0.0,Americas,8,3,0,0,0,0,0,0,0
Aruba,2000,country,1988,2024,0.0,0.0,0.0,0.0,0.0,0.0,0.0,0.0,0.0,0.0,0.0,0.0,0.0,0.0,0.0,5,3,2,5,0.666667,0,0,0,0,-1,299,48,68,24.0,4.0,0.0,0,0,3,ATH,0.0,Americas,12,4,0,0,0,0,0,0,0
Aruba,2004,country,1988,2024,0.0,0.0,0.0,0.0,0.0,0.0,0.0,0.0,0.0,0.0,0.0,0.0,0.0,0.0,0.0,4,3,1,4,-0.2,0,0,0,0,-1,301,48,68,4.0,2.0,0.0,0,0,3,ATH,0.0,Americas,16,5,0,0,0,0,0,0,0
Aruba,2008,country,1988,2024,0.0,0.0,0.0,0.0,0.0,0.0,0.0,0.0,0.0,0.0,0.0,0.0,0.0,0.0,0.0,2,2,0,2,-0.5,0,0,0,0,-1,302,48,68,5.0,4.0,0.0,0,0,2,JUD,0.0,Americas,20,6,0,0,0,0,0,0,0
Aruba,2012,country,1988,2024,0.0,0.0,0.0,0.0,0.0,0.0,0.0,0.0,0.0,0.0,0.0,0.0,0.0,0.0,0.0,4,3,1,4,1.0,0,0,0,0,-1,302,48,68,2.0,2.0,0.0,0,0,3,JUD,0.0,Americas,24,7,0,0,0,0,0,0,0
Aruba,2016,country,1988,2024,0.0,0.0,0.0,0.0,0.0,0.0,0.0,0.0,0.0,0.0,0.0,0.0,0.0,0.0,0.0,7,3,4,6,0.75,0,0,0,0,-1,306,48,68,5.0,1.0,0.0,0,0,4,JUD,0.0,Americas,28,8,0,0,0,0,0,0,0
Aruba,2020,country,1988,2024,0.0,0.0,0.0,0.0,0.0,0.0,0.0,0.0,0.0,0.0,0.0,0.0,0.0,0.0,0.0,4,3,1,4,-0.428571,0,0,0,0,-1,316,48,68,33.0,23.0,0.0,0,0,2,SHO,0.0,Americas,32,9,0,0,0,0,0,0,0
Aruba,2024,country,1988,2024,0.0,0.0,0.0,0.0,0.0,0.0,0.0,0.0,0.0,0.0,0.0,0.0,0.0,0.0,0.0,7,5,2,7,0.75,0,0,0,0,-1,297,48,68,6.0,25.0,0.0,0,0,4,BMX,0.0,Americas,36,10,0,0,0,0,0,0,0
Australasia,1908,historical_different,1908,1912,,,,,,,,,,,,,,,,48,48,0,20,,0,0,0,0,-1,104,48,67,35.0,26.0,1.302667,0,1,5,RUG,1.0,Oceania,0,1,0,0,1,2,2,5,1
Australasia,1912,historical_different,1908,1912,1.0,2.0,2.0,5.0,1.0,,,,,,,,,,,38,36,2,17,-0.208333,0,0,0,0,-1,102,48,67,25.0,28.0,0.38665299999999997,0,0,4,SWM,0.330065,Oceania,4,2,0,0,2,2,3,7,1
Australia,1896,country,1896,2024,,,,,,,,,,,,,,,,5,5,0,5,,0,0,0,0,-1,44,47,66,,,0.266667,0,0,2,ATH,0.166667,Oceania,0,1,0,0,2,0,1,3,1
Australia,1900,country,1896,2024,2.0,0.0,1.0,3.0,1.0,,,,,,,,,,,6,6,0,6,0.2,0,0,0,0,-1,97,47,66,65.0,12.0,0.410937,0,0,2,SWM,0.285714,Oceania,4,2,0,0,3,0,3,6,1
Australia,1904,country,1896,2024,3.0,0.0,3.0,6.0,1.0,2.0,0.0,1.0,3.0,1.0,,,,,,6,6,0,6,0.0,0,0,0,0,-1,95,48,67,36.0,38.0,0.315551,0,0,2,SWM,0.247059,Oceania,8,3,0,0,0,3,1,4,1
Australia,1908,country,1896,2024,0.0,3.0,1.0,4.0,1.0,3.0,0.0,3.0,6.0,1.0,2.0,0.0,1.0,3.0,1.0,0,0,0,0,,0,0,0,0,-1,104,48,67,35.0,26.0,,0,0,0,,,Oceania,12,3,0,0,0,0,0,0,0
Australia,1912,country,1896,2024,0.0,3.0,1.0,4.0,1.0,3.0,0.0,3.0,6.0,1.0,2.0,0.0,1.0,3.0,1.0,0,0,0,0,,0,0,0,0,-1,102,48,67,25.0,28.0,,0,0,0,,,Oceania,16,3,0,0,0,0,0,0,0
Australia,1920,country,1896,2024,0.0,3.0,1.0,4.0,1.0,3.0,0.0,3.0,6.0,1.0,2.0,0.0,1.0,3.0,1.0,29,26,3,19,3.833333,0,0,0,0,-1,156,48,67,58.0,4.0,0.12069,0,0,5,SWM,0.1,Oceania,24,4,0,0,0,2,1,3,1
Australia,1924,country,1896,2024,0.0,2.0,1.0,3.0,1.0,0.0,3.0,1.0,4.0,1.0,3.0,0.0,3.0,6.0,1.0,60,59,1,31,1.068966,0,0,0,0,-1,126,45,62,12.0,42.0,0.317472,0,0,9,SWM,0.169519,Oceania,28,5,0,0,3,1,2,6,1
Australia,1928,country,1896,2024,3.0,1.0,2.0,6.0,1.0,0.0,2.0,1.0,3.0,1.0,0.0,3.0,1.0,4.0,1.0,29,22,7,26,-0.516667,0,0,0,0,-1,110,48,68,3.0,19.0,0.351348,0,0,6,SWM,0.141736,Oceania,32,6,0,0,1,2,1,4,1
Australia,1932,country,1896,2024,1.0,2.0,1.0,4.0,1.0,3.0,1.0,2.0,6.0,1.0,0.0,2.0,1.0,3.0,1.0,19,14,5,17,-0.344828,0,0,0,0,-1,127,48,67,18.0,1.0,0.44065,0,0,5,SWM,0.150413,Oceania,36,7,0,0,3,1,1,5,1
Australia,1936,country,1896,2024,3.0,1.0,1.0,5.0,1.0,1.0,2.0,1.0,4.0,1.0,3.0,1.0,2.0,6.0,1.0,39,33,6,26,1.052632,0,0,0,0,-1,129,48,67,4.0,2.0,0.275721,0,0,8,CTR,0.102273,Oceania,40,8,0,0,0,0,1,1,1
Australia,1948,country,1896,2024,0.0,0.0,1.0,1.0,1.0,3.0,1.0,1.0,5.0,1.0,1.0,2.0,1.0,4.0,1.0,103,85,18,52,1.641026,0,0,0,0,-1,136,48,68,9.0,2.0,0.393703,0,0,12,SWM,0.115702,Oceania,52,9,0,0,2,6,5,13,1
Australia,1952,country,1896,2024,2.0,6.0,5.0,13.0,1.0,0.0,0.0,1.0,1.0,1.0,3.0,1.0,1.0,5.0,1.0,140,122,18,67,0.359223,0,1,0,1,-1,149,48,68,12.0,0.0,0.6630820000000001,0,0,13,CTR,0.295455,Oceania,56,10,0,0,6,2,3,11,1
Australia,1956,country,1896,2024,6.0,2.0,3.0,11.0,1.0,2.0,6.0,5.0,13.0,1.0,0.0,0.0,1.0,1.0,1.0,412,341,71,143,1.942857,1,0,0,2,-1,149,48,68,2.0,2.0,1.349404,0,0,22,SWM,0.461856,Oceania,60,11,0,0,13,8,14,35,1
Australia,1960,country,1896,2024,13.0,8.0,14.0,35.0,1.0,6.0,2.0,3.0,11.0,1.0,2.0,6.0,5.0,13.0,1.0,280,224,56,122,-0.320388,0,0,1,3,4,152,48,67,6.0,3.0,1.943762,0,0,19,EVE,0.764706,Oceania,64,12,0,0,8,8,6,22,1
Australia,1964,country,1896,2024,8.0,8.0,6.0,22.0,1.0,13.0,8.0,14.0,35.0,1.0,6.0,2.0,3.0,11.0,1.0,392,301,91,133,0.4,0,0,0,0,8,164,47,67,12.0,0.0,1.615007,0,0,22,SWM,0.547521,Oceania,68,13,0,0,6,2,10,18,1
Australia,1968,country,1896,2024,6.0,2.0,10.0,18.0,1.0,8.0,8.0,6.0,22.0,1.0,13.0,8.0,14.0,35.0,1.0,224,163,61,105,-0.428571,0,0,0,0,12,174,47,67,14.0,4.0,1.3302260000000001,0,0,19,HOC,0.4,Oceania,72,14,0,0,5,7,5,17,1
Australia,1972,country,1896,2024,5.0,7.0,5.0,17.0,1.0,6.0,2.0,10.0,18.0,1.0,8.0,8.0,6.0,22.0,1.0,266,193,73,110,0.1875,0,0,0,0,16,201,47,67,27.0,0.0,1.171973,0,0,21,HOC,0.281818,Oceania,76,15,0,0,8,7,2,17,1
Australia,1976,country,1896,2024,8.0,7.0,2.0,17.0,1.0,5.0,7.0,5.0,17.0,1.0,6.0,2.0,10.0,18.0,1.0,274,203,71,115,0.030075,0,0,0,0,20,199,48,68,8.0,10.0,1.077072,0,0,22,HOC,0.409091,Oceania,80,16,0,0,0,1,4,5,1
Australia,1980,country,1896,2024,0.0,1.0,4.0,5.0,1.0,8.0,7.0,2.0,17.0,1.0,5.0,7.0,5.0,17.0,1.0,190,131,59,92,-0.306569,0,0,0,0,24,204,47,67,6.0,1.0,0.299211,0,0,18,SWM,0.137521,Oceania,84,17,0,0,2,2,5,9,1
Australia,1984,country,1896,2024,2.0,2.0,5.0,9.0,1.0,0.0,1.0,4.0,5.0,1.0,8.0,7.0,2.0,17.0,1.0,337,227,110,137,0.773684,0,0,0,0,28,225,46,66,21.0,0.0,0.788636,0,0,25,HOC,0.2,Oceania,88,18,0,0,4,8,12,24,1
Australia,1988,country,1896,2024,4.0,8.0,12.0,24.0,1.0,2.0,2.0,5.0,9.0,1.0,0.0,1.0,4.0,5.0,1.0,339,234,105,145,0.005935,0,0,0,0,32,243,47,67,19.0,1.0,0.932396,0,0,27,HOC,0.294118,Oceania,92,19,0,0,3,6,5,14,1
Australia,1992,country,1896,2024,3.0,6.0,5.0,14.0,1.0,4.0,8.0,12.0,24.0,1.0,2.0,2.0,5.0,9.0,1.0,390,229,161,153,0.150442,0,0,0,0,36,265,48,68,23.0,1.0,1.866507,0,0,28,EVE,0.454545,Oceania,96,20,0,0,7,9,11,27,1
Australia,1996,country,1896,2024,7.0,9.0,11.0,27.0,1.0,3.0,6.0,5.0,14.0,1.0,4.0,8.0,12.0,24.0,1.0,550,307,243,211,0.410256,0,1,0,1,40,278,48,68,15.0,1.0,3.012888,0,0,31,EVE,0.545455,Oceania,100,21,1,2,9,9,23,41,1
Australia,2000,country,1896,2024,9.0,9.0,23.0,41.0,1.0,7.0,9.0,11.0,27.0,1.0,3.0,6.0,5.0,14.0,1.0,788,420,368,270,0.432727,1,0,0,2,44,299,48,68,24.0,4.0,5.098326,0,0,40,EVE,0.75,Oceania,104,22,1,3,16,25,17,58,1
Australia,2004,country,1896,2024,16.0,25.0,17.0,58.0,1.0,9.0,9.0,23.0,41.0,1.0,7.0,9.0,11.0,27.0,1.0,601,327,274,219,-0.23731,0,0,1,3,4,301,48,68,4.0,2.0,4.891243,0,0,38,HOC,0.609091,Oceania,108,23,1,3,17,16,17,50,1
Australia,2008,country,1896,2024,17.0,16.0,17.0,50.0,1.0,16.0,25.0,17.0,58.0,1.0,9.0,9.0,23.0,41.0,1.0,570,299,271,219,-0.051581,0,0,0,0,8,302,48,68,5.0,4.0,4.252304,0,0,38,TRI,0.481818,Oceania,112,24,1,1,14,15,17,46,1
Australia,2012,country,1896,2024,14.0,15.0,17.0,46.0,1.0,17.0,16.0,17.0,50.0,1.0,16.0,25.0,17.0,58.0,1.0,514,271,243,208,-0.098246,0,0,0,0,12,302,48,68,2.0,2.0,2.942491,0,0,35,TRI,0.381818,Oceania,116,25,1,2,7,16,12,35,1
Australia,2016,country,1896,2024,7.0,16.0,12.0,35.0,1.0,14.0,15.0,17.0,46.0,1.0,17.0,16.0,17.0,50.0,1.0,518,255,263,194,0.007782,0,0,0,0,16,306,48,68,5.0,1.0,2.82681,0,0,38,RU7,0.5,Oceania,120,26,1,2,8,11,10,29,1
Australia,2020,country,1896,2024,8.0,11.0,10.0,29.0,1.0,7.0,16.0,12.0,35.0,1.0,14.0,15.0,17.0,46.0,1.0,638,296,342,193,0.23166,0,0,0,0,20,316,48,68,33.0,23.0,3.5453010000000003,0,0,39,BMF,0.5,Oceania,124,27,0,0,16,7,22,45,1
Australia,2024,country,1896,2024,16.0,7.0,22.0,45.0,1.0,8.0,11.0,10.0,29.0,1.0,7.0,16.0,12.0,35.0,1.0,649,284,365,205,0.017241,0,0,0,0,24,297,48,68,6.0,25.0,4.066631,0,0,37,BMX,0.666667,Oceania,128,28,0,0,18,18,16,52,1
Austria,1896,country,1896,2024,,,,,,,,,,,,,,,,8,8,0,8,,0,0,0,0,-1,44,47,66,,,0.8666670000000001,0,0,3,CTR,0.466667,Europe,0,1,0,0,2,1,2,5,1
Austria,1900,country,1896,2024,2.0,1.0,2.0,5.0,1.0,,,,,,,,,,,26,26,0,17,2.25,0,0,0,0,-1,97,47,66,65.0,12.0,0.416807,0,0,4,SWM,0.34958,Europe,4,2,1,1,0,3,3,6,1
Austria,1904,country,1896,2024,0.0,3.0,3.0,6.0,1.0,2.0,1.0,2.0,5.0,1.0,,,,,,7,7,0,7,-0.730769,0,0,0,0,-1,95,48,67,36.0,38.0,0.422937,0,0,2,GAR,0.213846,Europe,8,3,0,0,2,1,1,4,1
Austria,1908,country,1896,2024,2.0,1.0,1.0,4.0,1.0,0.0,3.0,3.0,6.0,1.0,2.0,1.0,2.0,5.0,1.0,13,13,0,10,0.857143,0,0,0,0,-1,104,48,67,35.0,26.0,0.152554,0,0,4,SWM,0.114459,Europe,12,4,0,0,0,0,1,1,1
Austria,1912,country,1896,2024,0.0,0.0,1.0,1.0,1.0,2.0,1.0,1.0,4.0,1.0,0.0,3.0,3.0,6.0,1.0,132,122,10,46,9.153846,0,0,0,0,-1,102,48,67,25.0,28.0,0.21227000000000001,0,0,12,FEN,0.117647,Europe,16,5,0,0,0,2,2,4,1
Austria,1920,country,1896,2024,0.0,2.0,2.0,4.0,1.0,0.0,0.0,1.0,1.0,1.0,2.0,1.0,1.0,4.0,1.0,0,0,0,0,,0,0,0,0,-1,156,48,67,58.0,4.0,,0,0,0,,,Europe,24,5,0,0,0,0,0,0,0
Austria,1924,country,1896,2024,0.0,2.0,2.0,4.0,1.0,0.0,0.0,1.0,1.0,1.0,2.0,1.0,1.0,4.0,1.0,56,53,3,27,-0.575758,0,0,0,0,-1,126,45,62,12.0,42.0,0.506667,0,0,8,WLF,0.44,Europe,28,6,0,0,0,3,1,4,1
Austria,1928,country,1896,2024,0.0,3.0,1.0,4.0,1.0,0.0,2.0,2.0,4.0,1.0,0.0,0.0,1.0,1.0,1.0,89,83,6,39,0.589286,0,0,0,0,-1,110,48,68,3.0,19.0,0.434398,0,0,12,WLF,0.377255,Europe,32,7,0,0,3,0,1,4,1
Austria,1932,country,1896,2024,3.0,0.0,1.0,4.0,1.0,0.0,3.0,1.0,4.0,1.0,0.0,2.0,2.0,4.0,1.0,22,19,3,14,-0.752809,0,0,0,0,-1,127,48,67,18.0,1.0,0.44502200000000003,0,0,7,WLF,0.29697,Europe,36,8,0,0,1,1,3,5,1
Austria,1936,country,1896,2024,1.0,1.0,3.0,5.0,1.0,3.0,0.0,1.0,4.0,1.0,0.0,3.0,1.0,4.0,1.0,342,317,25,105,14.545455,0,0,0,0,-1,129,48,67,4.0,2.0,2.292064,0,0,21,FBL,0.6,Europe,40,9,0,0,5,7,5,17,1
Austria,1948,country,1896,2024,5.0,7.0,5.0,17.0,1.0,1.0,1.0,3.0,5.0,1.0,3.0,0.0,1.0,4.0,1.0,231,189,42,79,-0.324561,0,0,0,0,-1,136,48,68,9.0,2.0,0.855185,0,0,19,CSP,0.264052,Europe,52,10,0,0,2,2,4,8,1
Austria,1952,country,1896,2024,2.0,2.0,4.0,8.0,1.0,5.0,7.0,5.0,17.0,1.0,1.0,1.0,3.0,5.0,1.0,238,168,70,70,0.030303,0,0,0,0,-1,149,48,68,12.0,0.0,0.434352,0,0,17,CSP,0.19596,Europe,56,11,0,0,0,1,1,2,1
Austria,1956,country,1896,2024,0.0,1.0,1.0,2.0,1.0,2.0,2.0,4.0,8.0,1.0,5.0,7.0,5.0,17.0,1.0,57,52,5,36,-0.760504,0,0,0,0,-1,149,48,68,2.0,2.0,0.11426,0,0,15,CSP,0.065657,Europe,60,12,0,0,0,0,2,2,1
Austria,1960,country,1896,2024,0.0,0.0,2.0,2.0,1.0,0.0,1.0,1.0,2.0,1.0,2.0,2.0,4.0,8.0,1.0,198,144,54,81,2.473684,0,0,0,0,-1,152,48,67,6.0,3.0,0.207648,0,0,17,SHO,0.111111,Europe,64,13,0,0,1,1,0,2,1
Austria,1964,country,1896,2024,1.0,1.0,0.0,2.0,1.0,0.0,0.0,2.0,2.0,1.0,0.0,1.0,1.0,2.0,1.0,82,61,21,54,-0.585859,0,0,0,0,-1,164,47,67,12.0,0.0,0.11898799999999998,0,0,14,SHO,0.068627,Europe,68,14,0,0,0,0,0,0,0
Austria,1968,country,1896,2024,0.0,0.0,0.0,0.0,0.0,1.0,1.0,0.0,2.0,1.0,0.0,0.0,2.0,2.0,1.0,59,48,11,37,-0.280488,0,0,0,0,-1,174,47,67,14.0,4.0,0.150505,0,0,12,SAL,0.054545,Europe,72,15,0,0,0,2,2,4,1
Austria,1972,country,1896,2024,0.0,2.0,2.0,4.0,1.0,0.0,0.0,0.0,0.0,0.0,1.0,1.0,0.0,2.0,1.0,143,122,21,68,1.423729,0,0,0,0,-1,201,47,67,27.0,0.0,0.24271399999999999,0,0,18,CSL,0.15,Europe,76,16,0,0,0,1,2,3,1
Austria,1976,country,1896,2024,0.0,1.0,2.0,3.0,1.0,0.0,2.0,2.0,4.0,1.0,0.0,0.0,0.0,0.0,0.0,73,67,6,44,-0.48951,0,0,0,0,-1,199,48,68,8.0,10.0,0.091805,0,0,15,SHO,0.041883,Europe,80,17,0,0,0,0,1,1,1
Austria,1980,country,1896,2024,0.0,0.0,1.0,1.0,1.0,0.0,1.0,2.0,3.0,1.0,0.0,2.0,2.0,4.0,1.0,92,72,20,51,0.260274,0,0,0,0,-1,204,47,67,6.0,1.0,0.64882,0,0,17,EDR,0.5,Europe,84,18,0,0,1,2,1,4,1
Austria,1984,country,1896,2024,1.0,2.0,1.0,4.0,1.0,0.0,0.0,1.0,1.0,1.0,0.0,1.0,2.0,3.0,1.0,130,89,41,72,0.413043,0,0,0,0,-1,225,46,66,21.0,0.0,0.393662,0,0,21,EDR,0.205882,Europe,88,19,0,0,1,1,1,3,1
Austria,1988,country,1896,2024,1.0,1.0,1.0,3.0,1.0,1.0,2.0,1.0,4.0,1.0,0.0,0.0,1.0,1.0,1.0,96,87,9,62,-0.261538,0,0,0,0,-1,243,47,67,19.0,1.0,0.188459,0,0,19,JUD,0.112662,Europe,92,20,0,0,1,0,0,1,1
Austria,1992,country,1896,2024,1.0,0.0,0.0,1.0,1.0,1.0,1.0,1.0,3.0,1.0,1.0,2.0,1.0,4.0,1.0,127,88,39,68,0.322917,0,0,0,0,-1,265,48,68,23.0,1.0,0.247787,0,0,20,EJP,0.136364,Europe,96,21,0,0,0,2,0,2,1
Austria,1996,country,1896,2024,0.0,2.0,0.0,2.0,1.0,1.0,0.0,0.0,1.0,1.0,1.0,1.0,1.0,3.0,1.0,92,71,21,53,-0.275591,0,0,0,0,-1,278,48,68,15.0,1.0,0.17599399999999998,0,0,19,EJP,0.095455,Europe,100,22,1,1,0,1,2,3,1
Austria,2000,country,1896,2024,0.0,1.0,2.0,3.0,1.0,0.0,2.0,0.0,2.0,1.0,1.0,0.0,0.0,1.0,1.0,114,69,45,68,0.23913,0,0,0,0,-1,299,48,68,24.0,4.0,0.190474,0,0,20,SAL,0.082645,Europe,104,23,0,0,2,1,0,3,1
Austria,2004,country,1896,2024,2.0,1.0,0.0,3.0,1.0,0.0,1.0,2.0,3.0,1.0,0.0,2.0,0.0,2.0,1.0,92,66,26,56,-0.192982,0,0,0,0,-1,301,48,68,4.0,2.0,0.48658599999999996,0,0,21,TRI,0.294118,Europe,108,24,1,1,2,4,1,7,1
Austria,2008,country,1896,2024,2.0,4.0,1.0,7.0,1.0,2.0,1.0,0.0,3.0,1.0,0.0,1.0,2.0,3.0,1.0,93,55,38,62,0.01087,0,0,0,0,-1,302,48,68,5.0,4.0,0.352636,0,0,19,TRI,0.159091,Europe,112,25,1,1,0,1,2,3,1
Austria,2012,country,1896,2024,0.0,1.0,2.0,3.0,1.0,2.0,4.0,1.0,7.0,1.0,2.0,1.0,0.0,3.0,1.0,90,52,38,69,-0.032258,0,0,0,0,-1,302,48,68,2.0,2.0,0.21929500000000002,0,0,22,TRI,0.113636,Europe,116,26,0,0,0,0,0,0,0
Austria,2016,country,1896,2024,0.0,0.0,0.0,0.0,0.0,0.0,1.0,2.0,3.0,1.0,2.0,4.0,1.0,7.0,1.0,85,45,40,61,-0.055556,0,0,0,0,-1,306,48,68,5.0,1.0,0.053174,0,0,25,CSL,0.022727,Europe,120,27,1,1,0,0,1,1,1
Austria,2020,country,1896,2024,0.0,0.0,1.0,1.0,1.0,0.0,0.0,0.0,0.0,0.0,0.0,1.0,2.0,3.0,1.0,103,48,55,70,0.211765,0,0,0,0,-1,316,48,68,33.0,23.0,0.39620000000000005,0,0,24,CLB,0.2,Europe,124,28,0,0,1,1,5,7,1
Austria,2024,country,1896,2024,1.0,1.0,5.0,7.0,1.0,0.0,0.0,1.0,1.0,1.0,0.0,0.0,0.0,0.0,0.0,121,67,54,76,0.174757,0,0,0,0,-1,297,48,68,6.0,25.0,0.414318,0,0,24,CLB,0.2,Europe,128,29,0,0,2,0,3,5,1
Azerbaijan,1996,country,1996,2024,,,,,,,,,,,,,,,,24,20,4,23,,0,0,0,0,-1,278,48,68,15.0,1.0,0.06,0,0,10,WRF,0.06,Europe,0,1,0,0,0,1,0,1,1
Azerbaijan,2000,country,1996,2024,0.0,1.0,0.0,1.0,1.0,,,,,,,,,,,32,25,7,32,0.333333,0,0,0,0,-1,299,48,68,24.0,4.0,0.14264100000000002,0,0,9,WRF,0.098235,Europe,4,2,0,0,2,0,1,3,1
Azerbaijan,2004,country,1996,2024,2.0,0.0,1.0,3.0,1.0,0.0,1.0,0.0,1.0,1.0,,,,,,37,30,7,36,0.15625,0,0,0,0,-1,301,48,68,4.0,2.0,0.180283,0,0,11,WRG,0.064935,Europe,8,3,0,0,1,0,4,5,1
Azerbaijan,2008,country,1996,2024,1.0,0.0,4.0,5.0,1.0,2.0,0.0,1.0,3.0,1.0,0.0,1.0,0.0,1.0,1.0,44,30,14,37,0.189189,0,0,0,0,-1,302,48,68,5.0,4.0,0.259241,0,0,11,WRG,0.123377,Europe,12,4,0,0,1,2,4,7,1
Azerbaijan,2012,country,1996,2024,1.0,2.0,4.0,7.0,1.0,1.0,0.0,4.0,5.0,1.0,2.0,0.0,1.0,3.0,1.0,59,43,16,57,0.340909,0,0,0,0,-1,302,48,68,2.0,2.0,0.352623,0,0,16,WRG,0.138961,Europe,16,5,0,0,2,2,6,10,1
Azerbaijan,2016,country,1996,2024,2.0,2.0,6.0,10.0,1.0,1.0,2.0,4.0,7.0,1.0,1.0,0.0,4.0,5.0,1.0,69,53,16,62,0.169492,0,0,0,0,-1,306,48,68,5.0,1.0,0.528295,0,0,18,WRF,0.193526,Europe,20,6,0,0,1,7,10,18,1
Azerbaijan,2020,country,1996,2024,1.0,7.0,10.0,18.0,1.0,2.0,2.0,6.0,10.0,1.0,1.0,2.0,4.0,7.0,1.0,55,35,20,51,-0.202899,0,0,0,0,-1,316,48,68,33.0,23.0,0.497369,0,0,15,WRF,0.161226,Europe,24,7,0,0,0,3,4,7,1
Azerbaijan,2024,country,1996,2024,0.0,3.0,4.0,7.0,1.0,1.0,7.0,10.0,18.0,1.0,2.0,2.0,6.0,10.0,1.0,49,29,20,41,-0.109091,0,0,0,0,-1,297,48,68,6.0,25.0,0.325442,0,0,15,WRF,0.085606,Europe,28,8,0,0,2,2,3,7,1
Bahamas,1952,country,1952,2024,,,,,,,,,,,,,,,,7,7,0,3,,0,0,0,0,-1,149,48,68,12.0,0.0,0.0,0,0,1,SAL,0.0,Americas,0,1,0,0,0,0,0,0,0
Bahamas,1956,country,1952,2024,0.0,0.0,0.0,0.0,0.0,,,,,,,,,,,5,5,0,4,-0.285714,0,0,0,0,-1,149,48,68,2.0,2.0,0.047059,0,0,2,SAL,0.047059,Americas,4,2,0,0,0,0,1,1,1
Bahamas,1960,country,1952,2024,0.0,0.0,1.0,1.0,1.0,0.0,0.0,0.0,0.0,0.0,,,,,,14,14,0,8,1.8,0,0,0,0,-1,152,48,67,6.0,3.0,0.025455,0,0,2,SAL,0.025455,Americas,8,3,0,0,0,0,0,0,0
Bahamas,1964,country,1952,2024,0.0,0.0,0.0,0.0,0.0,0.0,0.0,1.0,1.0,1.0,0.0,0.0,0.0,0.0,0.0,12,12,0,6,-0.142857,0,0,0,0,-1,164,47,67,12.0,0.0,0.109091,0,0,2,SAL,0.109091,Americas,12,4,0,0,1,0,0,1,1
Bahamas,1968,country,1952,2024,1.0,0.0,0.0,1.0,1.0,0.0,0.0,0.0,0.0,0.0,0.0,0.0,1.0,1.0,1.0,22,22,0,12,0.833333,0,0,0,0,-1,174,47,67,14.0,4.0,0.063636,0,0,3,SAL,0.063636,Americas,16,5,0,0,0,0,0,0,0
Bahamas,1972,country,1952,2024,0.0,0.0,0.0,0.0,0.0,1.0,0.0,0.0,1.0,1.0,0.0,0.0,0.0,0.0,0.0,25,24,1,13,0.136364,0,0,0,0,-1,201,47,67,27.0,0.0,0.045455,0,0,4,SAL,0.045455,Americas,20,6,0,0,0,0,0,0,0
Bahamas,1976,country,1952,2024,0.0,0.0,0.0,0.0,0.0,0.0,0.0,0.0,0.0,0.0,1.0,0.0,0.0,1.0,1.0,19,17,2,13,-0.24,0,0,0,0,-1,199,48,68,8.0,10.0,0.0,0,0,3,ATH,0.0,Americas,24,7,0,0,0,0,0,0,0
Bahamas,1980,country,1952,2024,0.0,0.0,0.0,0.0,0.0,0.0,0.0,0.0,0.0,0.0,0.0,0.0,0.0,0.0,0.0,0,0,0,0,,0,0,0,0,-1,204,47,67,6.0,1.0,,0,0,0,,,Americas,28,7,0,0,0,0,0,0,0
Bahamas,1984,country,1952,2024,0.0,0.0,0.0,0.0,0.0,0.0,0.0,0.0,0.0,0.0,0.0,0.0,0.0,0.0,0.0,31,23,8,23,0.631579,0,0,0,0,-1,225,46,66,21.0,0.0,0.0,0,0,4,ATH,0.0,Americas,32,8,0,0,0,0,0,0,0
Bahamas,1988,country,1952,2024,0.0,0.0,0.0,0.0,0.0,0.0,0.0,0.0,0.0,0.0,0.0,0.0,0.0,0.0,0.0,18,13,5,15,-0.419355,0,0,0,0,-1,243,47,67,19.0,1.0,0.0,0,0,5,ATH,0.0,Americas,36,9,0,0,0,0,0,0,0
Bahamas,1992,country,1952,2024,0.0,0.0,0.0,0.0,0.0,0.0,0.0,0.0,0.0,0.0,0.0,0.0,0.0,0.0,0.0,18,15,3,13,0.0,0,0,0,0,-1,265,48,68,23.0,1.0,0.00404,0,0,4,ATH,0.00404,Americas,40,10,0,0,0,0,1,1,1
Bahamas,1996,country,1952,2024,0.0,0.0,1.0,1.0,1.0,0.0,0.0,0.0,0.0,0.0,0.0,0.0,0.0,0.0,0.0,36,23,13,17,1.0,0,0,0,0,-1,278,48,68,15.0,1.0,0.009027,0,0,4,ATH,0.009027,Americas,44,11,0,0,0,1,0,1,1
Bahamas,2000,country,1952,2024,0.0,1.0,0.0,1.0,1.0,0.0,0.0,1.0,1.0,1.0,0.0,0.0,0.0,0.0,0.0,39,24,15,18,0.083333,0,0,0,0,-1,299,48,68,24.0,4.0,0.03043,0,0,3,ATH,0.03043,Americas,48,12,0,0,2,0,1,3,1
Bahamas,2004,country,1952,2024,2.0,0.0,1.0,3.0,1.0,0.0,1.0,0.0,1.0,1.0,0.0,0.0,1.0,1.0,1.0,28,16,12,18,-0.282051,0,0,0,0,-1,301,48,68,4.0,2.0,0.03387,0,0,3,ATH,0.03387,Americas,52,13,0,0,1,0,1,2,1
Bahamas,2008,country,1952,2024,1.0,0.0,1.0,2.0,1.0,2.0,0.0,1.0,3.0,1.0,0.0,1.0,0.0,1.0,1.0,33,22,11,22,0.178571,0,0,0,0,-1,302,48,68,5.0,4.0,0.031536,0,0,4,ATH,0.031536,Americas,56,14,0,0,0,1,1,2,1
Bahamas,2012,country,1952,2024,0.0,1.0,1.0,2.0,1.0,1.0,0.0,1.0,2.0,1.0,2.0,0.0,1.0,3.0,1.0,29,16,13,16,-0.121212,0,0,0,0,-1,302,48,68,2.0,2.0,0.023461,0,0,2,ATH,0.023461,Americas,60,15,0,0,1,0,0,1,1
Bahamas,2016,country,1952,2024,1.0,0.0,0.0,1.0,1.0,0.0,1.0,1.0,2.0,1.0,1.0,0.0,1.0,2.0,1.0,38,21,17,20,0.310345,0,0,0,0,-1,306,48,68,5.0,1.0,0.025187,0,0,3,ATH,0.025187,Americas,64,16,0,0,1,0,1,2,1
Bahamas,2020,country,1952,2024,1.0,0.0,1.0,2.0,1.0,1.0,0.0,0.0,1.0,1.0,0.0,1.0,1.0,2.0,1.0,22,7,15,12,-0.421053,0,0,0,0,-1,316,48,68,33.0,23.0,0.032866,0,0,2,ATH,0.032866,Americas,68,17,0,0,2,0,0,2,1
Bahamas,2024,country,1952,2024,2.0,0.0,0.0,2.0,1.0,1.0,0.0,1.0,2.0,1.0,1.0,0.0,0.0,1.0,1.0,21,12,9,13,-0.045455,0,0,0,0,-1,297,48,68,6.0,25.0,0.019757,0,0,2,ATH,0.019757,Americas,72,18,0,0,0,0,0,0,0
Bahrain,1984,country,1984,2024,,,,,,,,,,,,,,,,14,14,0,8,,0,0,0,0,-1,225,46,66,21.0,0.0,0.0,0,0,4,ATH,0.0,Asia,0,1,0,0,0,0,0,0,0
Bahrain,1988,country,1984,2024,0.0,0.0,0.0,0.0,0.0,,,,,,,,,,,16,16,0,7,0.142857,0,0,0,0,-1,243,47,67,19.0,1.0,0.0,0,0,3,ATH,0.0,Asia,4,2,0,0,0,0,0,0,0
Bahrain,1992,country,1984,2024,0.0,0.0,0.0,0.0,0.0,0.0,0.0,0.0,0.0,0.0,,,,,,15,15,0,10,-0.0625,0,0,0,0,-1,265,48,68,23.0,1.0,0.0,0,0,2,ATH,0.0,Asia,8,3,0,0,0,0,0,0,0
Bahrain,1996,country,1984,2024,0.0,0.0,0.0,0.0,0.0,0.0,0.0,0.0,0.0,0.0,0.0,0.0,0.0,0.0,0.0,5,5,0,3,-0.666667,0,0,0,0,-1,278,48,68,15.0,1.0,0.0,0,0,2,ATH,0.0,Asia,12,4,0,0,0,0,0,0,0
Bahrain,2000,country,1984,2024,0.0,0.0,0.0,0.0,0.0,0.0,0.0,0.0,0.0,0.0,0.0,0.0,0.0,0.0,0.0,4,2,2,4,-0.2,0,0,0,0,-1,299,48,68,24.0,4.0,0.0,0,0,2,ATH,0.0,Asia,16,5,0,0,0,0,0,0,0
Bahrain,2004,country,1984,2024,0.0,0.0,0.0,0.0,0.0,0.0,0.0,0.0,0.0,0.0,0.0,0.0,0.0,0.0,0.0,10,7,3,10,1.5,0,0,0,0,-1,301,48,68,4.0,2.0,0.0,0,0,4,ATH,0.0,Asia,20,6,0,0,0,0,0,0,0
Bahrain,2008,country,1984,2024,0.0,0.0,0.0,0.0,0.0,0.0,0.0,0.0,0.0,0.0,0.0,0.0,0.0,0.0,0.0,15,12,3,11,0.5,0,0,0,0,-1,302,48,68,5.0,4.0,0.0,0,0,3,ATH,0.0,Asia,24,7,0,0,0,0,0,0,0
Bahrain,2012,country,1984,2024,0.0,0.0,0.0,0.0,0.0,0.0,0.0,0.0,0.0,0.0,0.0,0.0,0.0,0.0,0.0,14,4,10,11,-0.066667,0,0,0,0,-1,302,48,68,2.0,2.0,0.003711,0,0,3,ATH,0.003711,Asia,28,8,0,0,0,0,1,1,1
Bahrain,2016,country,1984,2024,0.0,0.0,1.0,1.0,1.0,0.0,0.0,0.0,0.0,0.0,0.0,0.0,0.0,0.0,0.0,33,20,13,20,1.357143,0,0,0,0,-1,306,48,68,5.0,1.0,0.018071,0,0,4,ATH,0.018071,Asia,32,9,0,0,1,1,0,2,1
Bahrain,2020,country,1984,2024,1.0,1.0,0.0,2.0,1.0,0.0,0.0,1.0,1.0,1.0,0.0,0.0,0.0,0.0,0.0,32,25,7,14,-0.030303,0,0,0,0,-1,316,48,68,33.0,23.0,0.01849,0,0,5,ATH,0.01849,Asia,36,10,0,0,0,1,0,1,1
Bahrain,2024,country,1984,2024,0.0,1.0,0.0,1.0,1.0,1.0,1.0,0.0,2.0,1.0,0.0,0.0,1.0,1.0,1.0,15,7,8,13,-0.53125,0,0,0,0,-1,297,48,68,6.0,25.0,0.122506,0,0,5,WRF,0.055556,Asia,40,11,0,0,2,1,1,4,1
Bangladesh,1984,country,1984,2024,,,,,,,,,,,,,,,,2,2,0,2,,0,0,0,0,-1,225,46,66,21.0,0.0,0.0,0,0,1,ATH,0.0,Asia,0,1,0,0,0,0,0,0,0
Bangladesh,1988,country,1984,2024,0.0,0.0,0.0,0.0,0.0,,,,,,,,,,,11,11,0,8,4.5,0,0,0,0,-1,243,47,67,19.0,1.0,0.0,0,0,2,ATH,0.0,Asia,4,2,0,0,0,0,0,0,0
Bangladesh,1992,country,1984,2024,0.0,0.0,0.0,0.0,0.0,0.0,0.0,0.0,0.0,0.0,,,,,,9,8,1,6,-0.181818,0,0,0,0,-1,265,48,68,23.0,1.0,0.0,0,0,3,ATH,0.0,Asia,8,3,0,0,0,0,0,0,0
Bangladesh,1996,country,1984,2024,0.0,0.0,0.0,0.0,0.0,0.0,0.0,0.0,0.0,0.0,0.0,0.0,0.0,0.0,0.0,4,3,1,4,-0.555556,0,0,0,0,-1,278,48,68,15.0,1.0,0.0,0,0,3,ATH,0.0,Asia,12,4,0,0,0,0,0,0,0
Bangladesh,2000,country,1984,2024,0.0,0.0,0.0,0.0,0.0,0.0,0.0,0.0,0.0,0.0,0.0,0.0,0.0,0.0,0.0,6,2,4,6,0.5,0,0,0,0,-1,299,48,68,24.0,4.0,0.0,0,0,3,ATH,0.0,Asia,16,5,0,0,0,0,0,0,0
Bangladesh,2004,country,1984,2024,0.0,0.0,0.0,0.0,0.0,0.0,0.0,0.0,0.0,0.0,0.0,0.0,0.0,0.0,0.0,4,3,1,4,-0.333333,0,0,0,0,-1,301,48,68,4.0,2.0,0.0,0,0,3,ATH,0.0,Asia,20,6,0,0,0,0,0,0,0
Bangladesh,2008,country,1984,2024,0.0,0.0,0.0,0.0,0.0,0.0,0.0,0.0,0.0,0.0,0.0,0.0,0.0,0.0,0.0,5,3,2,5,0.25,0,0,0,0,-1,302,48,68,5.0,4.0,0.0,0,0,3,ATH,0.0,Asia,24,7,0,0,0,0,0,0,0
Bangladesh,2012,country,1984,2024,0.0,0.0,0.0,0.0,0.0,0.0,0.0,0.0,0.0,0.0,0.0,0.0,0.0,0.0,0.0,7,6,1,7,0.4,0,0,0,0,-1,302,48,68,2.0,2.0,0.0,0,0,5,ARC,0.0,Asia,28,8,0,0,0,0,0,0,0
Bangladesh,2016,country,1984,2024,0.0,0.0,0.0,0.0,0.0,0.0,0.0,0.0,0.0,0.0,0.0,0.0,0.0,0.0,0.0,7,4,3,7,0.0,0,0,0,0,-1,306,48,68,5.0,1.0,0.0,0,0,5,ARC,0.0,Asia,32,9,0,0,0,0,0,0,0
Bangladesh,2020,country,1984,2024,0.0,0.0,0.0,0.0,0.0,0.0,0.0,0.0,0.0,0.0,0.0,0.0,0.0,0.0,0.0,8,5,3,7,0.142857,0,0,0,0,-1,316,48,68,33.0,23.0,0.0,0,0,4,ARC,0.0,Asia,36,10,0,0,0,0,0,0,0
Bangladesh,2024,country,1984,2024,0.0,0.0,0.0,0.0,0.0,0.0,0.0,0.0,0.0,0.0,0.0,0.0,0.0,0.0,0.0,5,4,1,5,-0.375,0,0,0,0,-1,297,48,68,6.0,25.0,0.0,0,0,4,ARC,0.0,Asia,40,11,0,0,0,0,0,0,0
Barbados,1968,country,1968,2024,,,,,,,,,,,,,,,,13,13,0,10,,0,0,0,0,-1,174,47,67,14.0,4.0,0.0,0,0,6,ATH,0.0,Americas,0,1,0,0,0,0,0,0,0
Barbados,1972,country,1968,2024,0.0,0.0,0.0,0.0,0.0,,,,,,,,,,,20,12,8,13,0.538462,0,0,0,0,-1,201,47,67,27.0,0.0,0.0,0,0,5,ATH,0.0,Americas,4,2,0,0,0,0,0,0,0
Barbados,1976,country,1968,2024,0.0,0.0,0.0,0.0,0.0,0.0,0.0,0.0,0.0,0.0,,,,,,17,14,3,11,-0.15,0,0,0,0,-1,199,48,68,8.0,10.0,0.0,0,0,2,ATH,0.0,Americas,8,3,0,0,0,0,0,0,0
Barbados,1980,country,1968,2024,0.0,0.0,0.0,0.0,0.0,0.0,0.0,0.0,0.0,0.0,0.0,0.0,0.0,0.0,0.0,0,0,0,0,,0,0,0,0,-1,204,47,67,6.0,1.0,,0,0,0,,,Americas,12,3,0,0,0,0,0,0,0
Barbados,1984,country,1968,2024,0.0,0.0,0.0,0.0,0.0,0.0,0.0,0.0,0.0,0.0,0.0,0.0,0.0,0.0,0.0,25,22,3,16,0.470588,0,0,0,0,-1,225,46,66,21.0,0.0,0.0,0,0,6,ATH,0.0,Americas,16,4,0,0,0,0,0,0,0
Barbados,1988,country,1968,2024,0.0,0.0,0.0,0.0,0.0,0.0,0.0,0.0,0.0,0.0,0.0,0.0,0.0,0.0,0.0,26,24,2,20,0.04,0,0,0,0,-1,243,47,67,19.0,1.0,0.0,0,0,7,ATH,0.0,Americas,20,5,0,0,0,0,0,0,0
Barbados,1992,country,1968,2024,0.0,0.0,0.0,0.0,0.0,0.0,0.0,0.0,0.0,0.0,0.0,0.0,0.0,0.0,0.0,22,20,2,17,-0.153846,0,0,0,0,-1,265,48,68,23.0,1.0,0.0,0,0,5,ATH,0.0,Americas,24,6,0,0,0,0,0,0,0
Barbados,1996,country,1968,2024,0.0,0.0,0.0,0.0,0.0,0.0,0.0,0.0,0.0,0.0,0.0,0.0,0.0,0.0,0.0,22,19,3,21,0.0,0,0,0,0,-1,278,48,68,15.0,1.0,0.0,0,0,7,ATH,0.0,Americas,28,7,0,0,0,0,0,0,0
Barbados,2000,country,1968,2024,0.0,0.0,0.0,0.0,0.0,0.0,0.0,0.0,0.0,0.0,0.0,0.0,0.0,0.0,0.0,28,18,10,21,0.272727,0,0,0,0,-1,299,48,68,24.0,4.0,0.003868,0,0,6,ATH,0.003868,Americas,32,8,0,0,0,0,1,1,1
Barbados,2004,country,1968,2024,0.0,0.0,1.0,1.0,1.0,0.0,0.0,0.0,0.0,0.0,0.0,0.0,0.0,0.0,0.0,15,14,1,15,-0.464286,0,0,0,0,-1,301,48,68,4.0,2.0,0.002708,0,0,5,ATH,0.002708,Americas,36,9,0,0,0,0,0,0,0
Barbados,2008,country,1968,2024,0.0,0.0,0.0,0.0,0.0,0.0,0.0,1.0,1.0,1.0,0.0,0.0,0.0,0.0,0.0,10,8,2,10,-0.333333,0,0,0,0,-1,302,48,68,5.0,4.0,0.001934,0,0,3,ATH,0.001934,Americas,40,10,0,0,0,0,0,0,0
Barbados,2012,country,1968,2024,0.0,0.0,0.0,0.0,0.0,0.0,0.0,0.0,0.0,0.0,0.0,0.0,1.0,1.0,1.0,8,8,0,6,-0.2,0,0,0,0,-1,302,48,68,2.0,2.0,0.0,0,0,3,ATH,0.0,Americas,44,11,0,0,0,0,0,0,0
Barbados,2016,country,1968,2024,0.0,0.0,0.0,0.0,0.0,0.0,0.0,0.0,0.0,0.0,0.0,0.0,0.0,0.0,0.0,13,8,5,11,0.625,0,0,0,0,-1,306,48,68,5.0,1.0,0.0,0,0,5,ATH,0.0,Americas,48,12,0,0,0,0,0,0,0
Barbados,2020,country,1968,2024,0.0,0.0,0.0,0.0,0.0,0.0,0.0,0.0,0.0,0.0,0.0,0.0,0.0,0.0,0.0,9,5,4,9,-0.307692,0,0,0,0,-1,316,48,68,33.0,23.0,0.0,0,0,2,ATH,0.0,Americas,52,13,0,0,0,0,0,0,0
Barbados,2024,country,1968,2024,0.0,0.0,0.0,0.0,0.0,0.0,0.0,0.0,0.0,0.0,0.0,0.0,0.0,0.0,0.0,4,2,2,4,-0.555556,0,0,0,0,-1,297,48,68,6.0,25.0,0.0,0,0,3,ATH,0.0,Americas,56,14,0,0,0,0,0,0,0
Belarus,1996,country,1996,2020,,,,,,,,,,,,,,,,259,145,114,115,,0,0,0,0,-1,278,48,68,15.0,1.0,0.519741,0,0,22,WRG,0.16,Europe,0,1,0,0,1,6,8,15,1
Belarus,2000,country,1996,2020,1.0,6.0,8.0,15.0,1.0,,,,,,,,,,,231,128,103,109,-0.108108,0,0,0,0,-1,299,48,68,24.0,4.0,0.981602,0,0,21,GRY,0.352941,Europe,4,2,0,0,3,3,11,17,1
Belarus,2004,country,1996,2020,3.0,3.0,11.0,17.0,1.0,1.0,6.0,8.0,15.0,1.0,,,,,,192,105,87,121,-0.168831,0,0,0,0,-1,301,48,68,4.0,2.0,0.754423,0,0,24,GRY,0.190909,Europe,8,3,0,0,2,5,6,13,1
Belarus,2008,country,1996,2020,2.0,5.0,6.0,13.0,1.0,3.0,3.0,11.0,17.0,1.0,1.0,6.0,8.0,15.0,1.0,237,141,96,122,0.234375,0,0,0,0,-1,302,48,68,5.0,4.0,0.897769,0,0,27,GRY,0.363636,Europe,12,4,1,1,4,5,9,18,1
Belarus,2012,country,1996,2020,4.0,5.0,9.0,18.0,1.0,2.0,5.0,6.0,13.0,1.0,3.0,3.0,11.0,17.0,1.0,185,99,86,110,-0.219409,0,0,0,0,-1,302,48,68,2.0,2.0,0.928178,0,0,25,GRY,0.386364,Europe,16,5,0,0,2,5,5,12,1
Belarus,2016,country,1996,2020,2.0,5.0,5.0,12.0,1.0,4.0,5.0,9.0,18.0,1.0,2.0,5.0,6.0,13.0,1.0,142,65,77,86,-0.232432,0,0,0,0,-1,306,48,68,5.0,1.0,0.90462,0,0,24,GRY,0.272727,Europe,20,6,0,0,1,4,4,9,1
Belarus,2020,country,1996,2020,1.0,4.0,4.0,9.0,1.0,2.0,5.0,5.0,12.0,1.0,4.0,5.0,9.0,18.0,1.0,137,56,81,89,-0.035211,0,0,0,0,-1,316,48,68,33.0,23.0,0.874111,0,0,21,GTR,0.386364,Europe,24,7,0,0,1,3,3,7,1
Belarus,2024,country,1996,2020,1.0,3.0,3.0,7.0,1.0,1.0,4.0,4.0,9.0,1.0,2.0,5.0,5.0,12.0,1.0,0,0,0,0,,0,0,0,0,-1,297,48,68,6.0,25.0,,0,0,0,,,Europe,28,7,0,0,0,0,0,0,0
Belgium,1900,country,1900,2024,,,,,,,,,,,,,,,,99,99,0,31,,0,0,0,0,-1,97,47,66,65.0,12.0,2.483571,0,0,10,ARC,0.733571,Europe,0,1,1,2,6,7,5,18,1
Belgium,1904,country,1900,2024,6.0,7.0,5.0,18.0,1.0,,,,,,,,,,,0,0,0,0,,0,0,0,0,-1,95,48,67,36.0,38.0,,0,0,0,,,Europe,4,1,0,0,0,0,0,0,0
Belgium,1908,country,1900,2024,6.0,7.0,5.0,18.0,1.0,,,,,,,,,,,99,99,0,33,0.0,0,0,0,0,-1,104,48,67,35.0,26.0,1.204444,0,0,11,WPO,0.6,Europe,8,2,0,0,1,5,2,8,1
Belgium,1912,country,1900,2024,1.0,5.0,2.0,8.0,1.0,6.0,7.0,5.0,18.0,1.0,,,,,,72,71,1,23,-0.272727,0,1,0,1,-1,102,48,67,25.0,28.0,1.155882,0,0,10,WPO,0.482353,Europe,12,3,0,0,2,1,3,6,1
Belgium,1920,country,1900,2024,2.0,1.0,3.0,6.0,1.0,1.0,5.0,2.0,8.0,1.0,6.0,7.0,5.0,18.0,1.0,518,500,18,121,6.194444,1,0,0,2,-1,156,48,67,58.0,4.0,6.887583,0,3,22,ARC,1.366667,Europe,20,4,1,2,16,12,14,42,1
Belgium,1924,country,1900,2024,16.0,12.0,14.0,42.0,1.0,2.0,1.0,3.0,6.0,1.0,1.0,5.0,2.0,8.0,1.0,232,222,10,82,-0.552124,0,0,1,3,4,126,45,62,12.0,42.0,2.73507,0,0,20,WPO,0.554545,Europe,24,5,1,1,3,7,3,13,1
Belgium,1928,country,1900,2024,3.0,7.0,3.0,13.0,1.0,16.0,12.0,14.0,42.0,1.0,2.0,1.0,3.0,6.0,1.0,240,224,16,90,0.034483,0,0,0,0,8,110,48,68,3.0,19.0,1.74912,0,0,18,WPO,0.327273,Europe,28,6,0,0,0,1,2,3,1
Belgium,1932,country,1900,2024,0.0,1.0,2.0,3.0,1.0,3.0,7.0,3.0,13.0,1.0,16.0,12.0,14.0,42.0,1.0,41,34,7,10,-0.829167,0,0,0,0,12,127,48,67,18.0,1.0,0.084416,0,0,1,FEN,0.084416,Europe,32,7,0,0,0,0,1,1,1
Belgium,1936,country,1900,2024,0.0,0.0,1.0,1.0,1.0,0.0,1.0,2.0,3.0,1.0,3.0,7.0,3.0,13.0,1.0,180,175,5,72,3.390244,0,0,0,0,16,129,48,67,4.0,2.0,0.464286,0,0,16,WPO,0.266667,Europe,36,8,0,0,0,0,3,3,1
Belgium,1948,country,1900,2024,0.0,0.0,3.0,3.0,1.0,0.0,0.0,1.0,1.0,1.0,0.0,1.0,2.0,3.0,1.0,180,157,23,77,0.0,0,0,0,0,28,136,48,68,9.0,2.0,0.842106,0,0,18,CRD,0.494118,Europe,48,9,0,0,2,2,3,7,1
Belgium,1952,country,1900,2024,2.0,2.0,3.0,7.0,1.0,0.0,0.0,3.0,3.0,1.0,0.0,0.0,1.0,1.0,1.0,182,174,8,74,0.011111,0,0,0,0,32,149,48,68,12.0,0.0,1.092233,0,0,18,CRD,0.859091,Europe,52,10,0,0,2,2,0,4,1
Belgium,1956,country,1900,2024,2.0,2.0,0.0,4.0,1.0,2.0,2.0,3.0,7.0,1.0,0.0,0.0,3.0,3.0,1.0,82,77,5,39,-0.549451,0,0,0,0,36,149,48,68,2.0,2.0,0.762401,0,0,15,CRD,0.572727,Europe,56,11,0,0,0,2,0,2,1
Belgium,1960,country,1900,2024,0.0,2.0,0.0,2.0,1.0,2.0,2.0,0.0,4.0,1.0,2.0,2.0,3.0,7.0,1.0,148,128,20,64,0.804878,0,0,0,0,40,152,48,67,6.0,3.0,0.580228,0,0,18,CRD,0.386364,Europe,60,12,0,0,0,2,2,4,1
Belgium,1964,country,1900,2024,0.0,2.0,2.0,4.0,1.0,0.0,2.0,0.0,2.0,1.0,2.0,2.0,0.0,4.0,1.0,74,69,5,36,-0.5,0,0,0,0,44,164,47,67,12.0,0.0,0.363989,0,0,14,CRD,0.154545,Europe,64,13,0,0,2,0,1,3,1
Belgium,1968,country,1900,2024,2.0,0.0,1.0,3.0,1.0,0.0,2.0,2.0,4.0,1.0,0.0,2.0,0.0,2.0,1.0,106,90,16,55,0.432432,0,0,0,0,48,174,47,67,14.0,4.0,0.313059,0,0,14,CTR,0.134091,Europe,68,14,0,0,0,1,1,2,1
Belgium,1972,country,1900,2024,0.0,1.0,1.0,2.0,1.0,2.0,0.0,1.0,3.0,1.0,0.0,2.0,2.0,4.0,1.0,106,98,8,51,0.0,0,0,0,0,52,201,47,67,27.0,0.0,0.164304,0,0,17,CTR,0.070909,Europe,72,15,0,0,0,2,0,2,1
Belgium,1976,country,1900,2024,0.0,2.0,0.0,2.0,1.0,0.0,1.0,1.0,2.0,1.0,2.0,0.0,1.0,3.0,1.0,149,96,53,80,0.40566,0,0,0,0,56,199,48,68,8.0,10.0,0.37084300000000003,0,0,18,EJP,0.235294,Europe,76,16,0,0,0,3,3,6,1
Belgium,1980,country,1900,2024,0.0,3.0,3.0,6.0,1.0,0.0,2.0,0.0,2.0,1.0,0.0,1.0,1.0,2.0,1.0,84,54,30,51,-0.436242,0,0,0,0,60,204,47,67,6.0,1.0,0.125481,0,0,12,JUD,0.056818,Europe,80,17,0,0,1,0,0,1,1
Belgium,1984,country,1900,2024,1.0,0.0,0.0,1.0,1.0,0.0,3.0,3.0,6.0,1.0,0.0,2.0,0.0,2.0,1.0,86,64,22,48,0.02381,0,0,0,0,64,225,46,66,21.0,0.0,0.361823,0,0,15,EJP,0.133333,Europe,84,18,0,0,1,1,2,4,1
Belgium,1988,country,1900,2024,1.0,1.0,2.0,4.0,1.0,1.0,0.0,0.0,1.0,1.0,0.0,3.0,3.0,6.0,1.0,85,50,35,65,-0.011628,0,0,0,0,68,243,47,67,19.0,1.0,0.152819,0,0,17,CTR,0.063636,Europe,88,19,0,0,0,0,2,2,1
Belgium,1992,country,1900,2024,0.0,0.0,2.0,2.0,1.0,1.0,1.0,2.0,4.0,1.0,1.0,0.0,0.0,1.0,1.0,103,64,39,70,0.211765,0,0,0,0,72,265,48,68,23.0,1.0,0.13565200000000002,0,0,20,CTR,0.071429,Europe,92,20,0,0,0,1,2,3,1
Belgium,1996,country,1900,2024,0.0,1.0,2.0,3.0,1.0,0.0,0.0,2.0,2.0,1.0,1.0,1.0,2.0,4.0,1.0,81,53,28,55,-0.213592,0,0,0,0,76,278,48,68,15.0,1.0,0.164284,0,0,18,JUD,0.075974,Europe,96,21,0,0,2,2,2,6,1
Belgium,2000,country,1900,2024,2.0,2.0,2.0,6.0,1.0,0.0,1.0,2.0,3.0,1.0,0.0,0.0,2.0,2.0,1.0,94,40,54,64,0.160494,0,0,0,0,80,299,48,68,24.0,4.0,0.358102,0,0,19,MTB,0.176471,Europe,100,22,0,0,0,2,3,5,1
Belgium,2004,country,1900,2024,0.0,2.0,3.0,5.0,1.0,2.0,2.0,2.0,6.0,1.0,0.0,1.0,2.0,3.0,1.0,70,44,26,41,-0.255319,0,0,0,0,84,301,48,68,4.0,2.0,0.363962,0,0,17,TEN,0.145455,Europe,104,23,0,0,1,0,2,3,1
Belgium,2008,country,1900,2024,1.0,0.0,2.0,3.0,1.0,0.0,2.0,3.0,5.0,1.0,2.0,2.0,2.0,6.0,1.0,112,90,22,55,0.6,0,0,0,0,88,302,48,68,5.0,4.0,0.24015000000000003,0,0,19,TEN,0.102273,Europe,108,24,0,0,1,1,0,2,1
Belgium,2012,country,1900,2024,1.0,1.0,0.0,2.0,1.0,1.0,0.0,2.0,3.0,1.0,0.0,2.0,3.0,5.0,1.0,142,93,49,71,0.267857,0,0,0,0,92,302,48,68,2.0,2.0,0.14496599999999998,0,0,22,TEN,0.056818,Europe,112,25,0,0,0,1,2,3,1
Belgium,2016,country,1900,2024,0.0,1.0,2.0,3.0,1.0,1.0,1.0,0.0,2.0,1.0,1.0,0.0,2.0,3.0,1.0,138,85,53,74,-0.028169,0,0,0,0,96,306,48,68,5.0,1.0,0.333619,0,0,24,HOC,0.136364,Europe,116,26,0,0,2,2,2,6,1
Belgium,2020,country,1900,2024,2.0,2.0,2.0,6.0,1.0,0.0,1.0,2.0,3.0,1.0,1.0,1.0,0.0,2.0,1.0,185,88,97,77,0.34058,0,0,0,0,100,316,48,68,33.0,23.0,0.663882,0,0,26,HOC,0.322727,Europe,120,27,0,0,3,1,3,7,1
Belgium,2024,country,1900,2024,3.0,1.0,3.0,7.0,1.0,2.0,2.0,2.0,6.0,1.0,0.0,1.0,2.0,3.0,1.0,240,121,119,93,0.297297,0,0,0,0,104,297,48,68,6.0,25.0,0.670743,0,0,24,CRD,0.498485,Europe,124,28,0,0,3,1,5,9,1
Belize,1968,country,1968,2024,,,,,,,,,,,,,,,,7,7,0,6,,0,0,0,0,-1,174,47,67,14.0,4.0,0.0,0,0,4,ATH,0.0,Americas,0,1,0,0,0,0,0,0,0
Belize,1972,country,1968,2024,0.0,0.0,0.0,0.0,0.0,,,,,,,,,,,2,2,0,2,-0.714286,0,0,0,0,-1,201,47,67,27.0,0.0,0.0,0,0,1,SHO,0.0,Americas,4,2,0,0,0,0,0,0,0
Belize,1976,country,1968,2024,0.0,0.0,0.0,0.0,0.0,0.0,0.0,0.0,0.0,0.0,,,,,,4,4,0,4,1.0,0,0,0,0,-1,199,48,68,8.0,10.0,0.0,0,0,2,ATH,0.0,Americas,8,3,0,0,0,0,0,0,0
Belize,1980,country,1968,2024,0.0,0.0,0.0,0.0,0.0,0.0,0.0,0.0,0.0,0.0,0.0,0.0,0.0,0.0,0.0,0,0,0,0,,0,0,0,0,-1,204,47,67,6.0,1.0,,0,0,0,,,Americas,12,3,0,0,0,0,0,0,0
Belize,1984,country,1968,2024,0.0,0.0,0.0,0.0,0.0,0.0,0.0,0.0,0.0,0.0,0.0,0.0,0.0,0.0,0.0,13,13,0,7,2.25,0,0,0,0,-1,225,46,66,21.0,0.0,0.0,0,0,3,ATH,0.0,Americas,16,4,0,0,0,0,0,0,0
Belize,1988,country,1968,2024,0.0,0.0,0.0,0.0,0.0,0.0,0.0,0.0,0.0,0.0,0.0,0.0,0.0,0.0,0.0,13,13,0,7,0.0,0,0,0,0,-1,243,47,67,19.0,1.0,0.0,0,0,3,ATH,0.0,Americas,20,5,0,0,0,0,0,0,0
Belize,1992,country,1968,2024,0.0,0.0,0.0,0.0,0.0,0.0,0.0,0.0,0.0,0.0,0.0,0.0,0.0,0.0,0.0,18,17,1,10,0.384615,0,0,0,0,-1,265,48,68,23.0,1.0,0.0,0,0,2,ATH,0.0,Americas,24,6,0,0,0,0,0,0,0
Belize,1996,country,1968,2024,0.0,0.0,0.0,0.0,0.0,0.0,0.0,0.0,0.0,0.0,0.0,0.0,0.0,0.0,0.0,5,2,3,5,-0.722222,0,0,0,0,-1,278,48,68,15.0,1.0,0.0,0,0,2,ATH,0.0,Americas,28,7,0,0,0,0,0,0,0
Belize,2000,country,1968,2024,0.0,0.0,0.0,0.0,0.0,0.0,0.0,0.0,0.0,0.0,0.0,0.0,0.0,0.0,0.0,2,1,1,2,-0.6,0,0,0,0,-1,299,48,68,24.0,4.0,0.0,0,0,1,ATH,0.0,Americas,32,8,0,0,0,0,0,0,0
Belize,2004,country,1968,2024,0.0,0.0,0.0,0.0,0.0,0.0,0.0,0.0,0.0,0.0,0.0,0.0,0.0,0.0,0.0,2,1,1,2,0.0,0,0,0,0,-1,301,48,68,4.0,2.0,0.0,0,0,1,ATH,0.0,Americas,36,9,0,0,0,0,0,0,0
Belize,2008,country,1968,2024,0.0,0.0,0.0,0.0,0.0,0.0,0.0,0.0,0.0,0.0,0.0,0.0,0.0,0.0,0.0,4,3,1,4,1.0,0,0,0,0,-1,302,48,68,5.0,4.0,0.0,0,0,2,ATH,0.0,Americas,40,10,0,0,0,0,0,0,0
Belize,2012,country,1968,2024,0.0,0.0,0.0,0.0,0.0,0.0,0.0,0.0,0.0,0.0,0.0,0.0,0.0,0.0,0.0,3,2,1,3,-0.25,0,0,0,0,-1,302,48,68,2.0,2.0,0.0,0,0,2,ATH,0.0,Americas,44,11,0,0,0,0,0,0,0
Belize,2016,country,1968,2024,0.0,0.0,0.0,0.0,0.0,0.0,0.0,0.0,0.0,0.0,0.0,0.0,0.0,0.0,0.0,3,2,1,3,0.0,0,0,0,0,-1,306,48,68,5.0,1.0,0.0,0,0,2,ATH,0.0,Americas,48,12,0,0,0,0,0,0,0
Belize,2020,country,1968,2024,0.0,0.0,0.0,0.0,0.0,0.0,0.0,0.0,0.0,0.0,0.0,0.0,0.0,0.0,0.0,4,3,1,4,0.333333,0,0,0,0,-1,316,48,68,33.0,23.0,0.0,0,0,2,ATH,0.0,Americas,52,13,0,0,0,0,0,0,0
Belize,2024,country,1968,2024,0.0,0.0,0.0,0.0,0.0,0.0,0.0,0.0,0.0,0.0,0.0,0.0,0.0,0.0,0.0,1,1,0,1,-0.75,0,0,0,0,-1,297,48,68,6.0,25.0,0.0,0,0,1,ATH,0.0,Americas,56,14,0,0,0,0,0,0,0
Benin,1972,country,1972,2024,,,,,,,,,,,,,,,,3,3,0,3,,0,0,0,0,-1,201,47,67,27.0,0.0,0.0,0,0,2,ATH,0.0,Africa,0,1,0,0,0,0,0,0,0
Benin,1976,country,1972,2024,0.0,0.0,0.0,0.0,0.0,,,,,,,,,,,0,0,0,0,,0,0,0,0,-1,199,48,68,8.0,10.0,,0,0,0,,,Africa,4,1,0,0,0,0,0,0,0
Benin,1980,country,1972,2024,0.0,0.0,0.0,0.0,0.0,,,,,,,,,,,17,16,1,17,4.666667,0,0,0,0,-1,204,47,67,6.0,1.0,0.0,0,0,2,ATH,0.0,Africa,8,2,0,0,0,0,0,0,0
Benin,1984,country,1972,2024,0.0,0.0,0.0,0.0,0.0,0.0,0.0,0.0,0.0,0.0,,,,,,3,3,0,3,-0.823529,0,0,0,0,-1,225,46,66,21.0,0.0,0.0,0,0,1,BOX,0.0,Africa,12,3,0,0,0,0,0,0,0
Benin,1988,country,1972,2024,0.0,0.0,0.0,0.0,0.0,0.0,0.0,0.0,0.0,0.0,0.0,0.0,0.0,0.0,0.0,10,8,2,7,2.333333,0,0,0,0,-1,243,47,67,19.0,1.0,0.0,0,0,2,ATH,0.0,Africa,16,4,0,0,0,0,0,0,0
Benin,1992,country,1972,2024,0.0,0.0,0.0,0.0,0.0,0.0,0.0,0.0,0.0,0.0,0.0,0.0,0.0,0.0,0.0,7,5,2,6,-0.3,0,0,0,0,-1,265,48,68,23.0,1.0,0.0,0,0,2,ATH,0.0,Africa,20,5,0,0,0,0,0,0,0
Benin,1996,country,1972,2024,0.0,0.0,0.0,0.0,0.0,0.0,0.0,0.0,0.0,0.0,0.0,0.0,0.0,0.0,0.0,7,6,1,4,0.0,0,0,0,0,-1,278,48,68,15.0,1.0,0.0,0,0,1,ATH,0.0,Africa,24,6,0,0,0,0,0,0,0
Benin,2000,country,1972,2024,0.0,0.0,0.0,0.0,0.0,0.0,0.0,0.0,0.0,0.0,0.0,0.0,0.0,0.0,0.0,4,3,1,4,-0.428571,0,0,0,0,-1,299,48,68,24.0,4.0,0.0,0,0,3,ATH,0.0,Africa,28,7,0,0,0,0,0,0,0
Benin,2004,country,1972,2024,0.0,0.0,0.0,0.0,0.0,0.0,0.0,0.0,0.0,0.0,0.0,0.0,0.0,0.0,0.0,4,2,2,4,0.0,0,0,0,0,-1,301,48,68,4.0,2.0,0.0,0,0,2,ATH,0.0,Africa,32,8,0,0,0,0,0,0,0
Benin,2008,country,1972,2024,0.0,0.0,0.0,0.0,0.0,0.0,0.0,0.0,0.0,0.0,0.0,0.0,0.0,0.0,0.0,5,3,2,5,0.25,0,0,0,0,-1,302,48,68,5.0,4.0,0.0,0,0,3,ATH,0.0,Africa,36,9,0,0,0,0,0,0,0
Benin,2012,country,1972,2024,0.0,0.0,0.0,0.0,0.0,0.0,0.0,0.0,0.0,0.0,0.0,0.0,0.0,0.0,0.0,5,4,1,5,0.0,0,0,0,0,-1,302,48,68,2.0,2.0,0.0,0,0,4,ATH,0.0,Africa,40,10,0,0,0,0,0,0,0
Benin,2016,country,1972,2024,0.0,0.0,0.0,0.0,0.0,0.0,0.0,0.0,0.0,0.0,0.0,0.0,0.0,0.0,0.0,6,4,2,6,0.2,0,0,0,0,-1,306,48,68,5.0,1.0,0.0,0,0,4,ATH,0.0,Africa,44,11,0,0,0,0,0,0,0
Benin,2020,country,1972,2024,0.0,0.0,0.0,0.0,0.0,0.0,0.0,0.0,0.0,0.0,0.0,0.0,0.0,0.0,0.0,7,4,3,7,0.166667,0,0,0,0,-1,316,48,68,33.0,23.0,0.0,0,0,4,ATH,0.0,Africa,48,12,0,0,0,0,0,0,0
Benin,2024,country,1972,2024,0.0,0.0,0.0,0.0,0.0,0.0,0.0,0.0,0.0,0.0,0.0,0.0,0.0,0.0,0.0,5,3,2,5,-0.285714,0,0,0,0,-1,297,48,68,6.0,25.0,0.0,0,0,3,ATH,0.0,Africa,52,13,0,0,0,0,0,0,0
Bermuda,1936,country,1936,2024,,,,,,,,,,,,,,,,9,9,0,4,,0,0,0,0,-1,129,48,67,4.0,2.0,0.0,0,0,1,SWM,0.0,Americas,0,1,0,0,0,0,0,0,0
Bermuda,1948,country,1936,2024,0.0,0.0,0.0,0.0,0.0,,,,,,,,,,,28,23,5,13,2.111111,0,0,0,0,-1,136,48,68,9.0,2.0,0.0,0,0,3,ATH,0.0,Americas,12,2,0,0,0,0,0,0,0
Bermuda,1952,country,1936,2024,0.0,0.0,0.0,0.0,0.0,0.0,0.0,0.0,0.0,0.0,,,,,,12,8,4,6,-0.571429,0,0,0,0,-1,149,48,68,12.0,0.0,0.0,0,0,3,ATH,0.0,Americas,16,3,0,0,0,0,0,0,0
Bermuda,1956,country,1936,2024,0.0,0.0,0.0,0.0,0.0,0.0,0.0,0.0,0.0,0.0,0.0,0.0,0.0,0.0,0.0,3,3,0,1,-0.75,0,0,0,0,-1,149,48,68,2.0,2.0,0.0,0,0,1,SAL,0.0,Americas,20,4,0,0,0,0,0,0,0
Bermuda,1960,country,1936,2024,0.0,0.0,0.0,0.0,0.0,0.0,0.0,0.0,0.0,0.0,0.0,0.0,0.0,0.0,0.0,9,9,0,4,2.0,0,0,0,0,-1,152,48,67,6.0,3.0,0.0,0,0,1,SAL,0.0,Americas,24,5,0,0,0,0,0,0,0
Bermuda,1964,country,1936,2024,0.0,0.0,0.0,0.0,0.0,0.0,0.0,0.0,0.0,0.0,0.0,0.0,0.0,0.0,0.0,4,4,0,2,-0.555556,0,0,0,0,-1,164,47,67,12.0,0.0,0.0,0,0,1,SAL,0.0,Americas,28,6,0,0,0,0,0,0,0
Bermuda,1968,country,1936,2024,0.0,0.0,0.0,0.0,0.0,0.0,0.0,0.0,0.0,0.0,0.0,0.0,0.0,0.0,0.0,6,6,0,4,0.5,0,0,0,0,-1,174,47,67,14.0,4.0,0.0,0,0,2,ATH,0.0,Americas,32,7,0,0,0,0,0,0,0
Bermuda,1972,country,1936,2024,0.0,0.0,0.0,0.0,0.0,0.0,0.0,0.0,0.0,0.0,0.0,0.0,0.0,0.0,0.0,9,9,0,4,0.5,0,0,0,0,-1,201,47,67,27.0,0.0,0.0,0,0,3,BOX,0.0,Americas,36,8,0,0,0,0,0,0,0
Bermuda,1976,country,1936,2024,0.0,0.0,0.0,0.0,0.0,0.0,0.0,0.0,0.0,0.0,0.0,0.0,0.0,0.0,0.0,20,19,1,12,1.222222,0,0,0,0,-1,199,48,68,8.0,10.0,0.010695,0,0,3,BOX,0.010695,Americas,40,9,0,0,0,0,1,1,1
Bermuda,1980,country,1936,2024,0.0,0.0,1.0,1.0,1.0,0.0,0.0,0.0,0.0,0.0,0.0,0.0,0.0,0.0,0.0,0,0,0,0,,0,0,0,0,-1,204,47,67,6.0,1.0,,0,0,0,,,Americas,44,9,0,0,0,0,0,0,0
Bermuda,1984,country,1936,2024,0.0,0.0,1.0,1.0,1.0,0.0,0.0,0.0,0.0,0.0,0.0,0.0,0.0,0.0,0.0,13,12,1,10,-0.35,0,0,0,0,-1,225,46,66,21.0,0.0,0.0,0,0,5,ATH,0.0,Americas,48,10,0,0,0,0,0,0,0
Bermuda,1988,country,1936,2024,0.0,0.0,0.0,0.0,0.0,0.0,0.0,1.0,1.0,1.0,0.0,0.0,0.0,0.0,0.0,14,13,1,12,0.076923,0,0,0,0,-1,243,47,67,19.0,1.0,0.0,0,0,6,ATH,0.0,Americas,52,11,0,0,0,0,0,0,0
Bermuda,1992,country,1936,2024,0.0,0.0,0.0,0.0,0.0,0.0,0.0,0.0,0.0,0.0,0.0,0.0,1.0,1.0,1.0,29,20,9,20,1.071429,0,0,0,0,-1,265,48,68,23.0,1.0,0.0,0,0,5,ATH,0.0,Americas,56,12,0,0,0,0,0,0,0
Bermuda,1996,country,1936,2024,0.0,0.0,0.0,0.0,0.0,0.0,0.0,0.0,0.0,0.0,0.0,0.0,0.0,0.0,0.0,10,8,2,9,-0.655172,0,0,0,0,-1,278,48,68,15.0,1.0,0.0,0,0,4,ATH,0.0,Americas,60,13,0,0,0,0,0,0,0
Bermuda,2000,country,1936,2024,0.0,0.0,0.0,0.0,0.0,0.0,0.0,0.0,0.0,0.0,0.0,0.0,0.0,0.0,0.0,7,5,2,6,-0.3,0,0,0,0,-1,299,48,68,24.0,4.0,0.0,0,0,4,ATH,0.0,Americas,64,14,0,0,0,0,0,0,0
Bermuda,2004,country,1936,2024,0.0,0.0,0.0,0.0,0.0,0.0,0.0,0.0,0.0,0.0,0.0,0.0,0.0,0.0,0.0,10,5,5,7,0.428571,0,0,0,0,-1,301,48,68,4.0,2.0,0.0,0,0,6,ATH,0.0,Americas,68,15,0,0,0,0,0,0,0
Bermuda,2008,country,1936,2024,0.0,0.0,0.0,0.0,0.0,0.0,0.0,0.0,0.0,0.0,0.0,0.0,0.0,0.0,0.0,6,2,4,6,-0.4,0,0,0,0,-1,302,48,68,5.0,4.0,0.0,0,0,4,ATH,0.0,Americas,72,16,0,0,0,0,0,0,0
Bermuda,2012,country,1936,2024,0.0,0.0,0.0,0.0,0.0,0.0,0.0,0.0,0.0,0.0,0.0,0.0,0.0,0.0,0.0,8,5,3,7,0.333333,0,0,0,0,-1,302,48,68,2.0,2.0,0.0,0,0,5,ATH,0.0,Americas,76,17,0,0,0,0,0,0,0
Bermuda,2016,country,1936,2024,0.0,0.0,0.0,0.0,0.0,0.0,0.0,0.0,0.0,0.0,0.0,0.0,0.0,0.0,0.0,8,4,4,8,0.0,0,0,0,0,-1,306,48,68,5.0,1.0,0.0,0,0,5,ATH,0.0,Americas,80,18,0,0,0,0,0,0,0
Bermuda,2020,country,1936,2024,0.0,0.0,0.0,0.0,0.0,0.0,0.0,0.0,0.0,0.0,0.0,0.0,0.0,0.0,0.0,2,1,1,2,-0.75,0,0,0,0,-1,316,48,68,33.0,23.0,0.151515,0,0,2,TRI,0.151515,Americas,84,19,0,0,1,0,0,1,1
Bermuda,2024,country,1936,2024,1.0,0.0,0.0,1.0,1.0,0.0,0.0,0.0,0.0,0.0,0.0,0.0,0.0,0.0,0.0,8,4,4,7,3.0,0,0,0,0,-1,297,48,68,6.0,25.0,0.106061,0,0,5,TRI,0.106061,Americas,88,20,0,0,0,0,0,0,0
Bhutan,1984,country,1984,2024,,,,,,,,,,,,,,,,6,3,3,2,,0,0,0,0,-1,225,46,66,21.0,0.0,0.0,0,0,1,ARC,0.0,Asia,0,1,0,0,0,0,0,0,0
Bhutan,1988,country,1984,2024,0.0,0.0,0.0,0.0,0.0,,,,,,,,,,,6,6,0,2,0.0,0,0,0,0,-1,243,47,67,19.0,1.0,0.0,0,0,1,ARC,0.0,Asia,4,2,0,0,0,0,0,0,0
Bhutan,1992,country,1984,2024,0.0,0.0,0.0,0.0,0.0,0.0,0.0,0.0,0.0,0.0,,,,,,12,6,6,4,1.0,0,0,0,0,-1,265,48,68,23.0,1.0,0.0,0,0,1,ARC,0.0,Asia,8,3,0,0,0,0,0,0,0
Bhutan,1996,country,1984,2024,0.0,0.0,0.0,0.0,0.0,0.0,0.0,0.0,0.0,0.0,0.0,0.0,0.0,0.0,0.0,2,1,1,2,-0.833333,0,0,0,0,-1,278,48,68,15.0,1.0,0.0,0,0,1,ARC,0.0,Asia,12,4,0,0,0,0,0,0,0
Bhutan,2000,country,1984,2024,0.0,0.0,0.0,0.0,0.0,0.0,0.0,0.0,0.0,0.0,0.0,0.0,0.0,0.0,0.0,2,1,1,2,0.0,0,0,0,0,-1,299,48,68,24.0,4.0,0.0,0,0,1,ARC,0.0,Asia,16,5,0,0,0,0,0,0,0
Bhutan,2004,country,1984,2024,0.0,0.0,0.0,0.0,0.0,0.0,0.0,0.0,0.0,0.0,0.0,0.0,0.0,0.0,0.0,2,1,1,2,0.0,0,0,0,0,-1,301,48,68,4.0,2.0,0.0,0,0,1,ARC,0.0,Asia,20,6,0,0,0,0,0,0,0
Bhutan,2008,country,1984,2024,0.0,0.0,0.0,0.0,0.0,0.0,0.0,0.0,0.0,0.0,0.0,0.0,0.0,0.0,0.0,2,1,1,2,0.0,0,0,0,0,-1,302,48,68,5.0,4.0,0.0,0,0,1,ARC,0.0,Asia,24,7,0,0,0,0,0,0,0
Bhutan,2012,country,1984,2024,0.0,0.0,0.0,0.0,0.0,0.0,0.0,0.0,0.0,0.0,0.0,0.0,0.0,0.0,0.0,2,0,2,2,0.0,0,0,0,0,-1,302,48,68,2.0,2.0,0.0,0,0,2,ARC,0.0,Asia,28,8,0,0,0,0,0,0,0
Bhutan,2016,country,1984,2024,0.0,0.0,0.0,0.0,0.0,0.0,0.0,0.0,0.0,0.0,0.0,0.0,0.0,0.0,0.0,2,0,2,2,0.0,0,0,0,0,-1,306,48,68,5.0,1.0,0.0,0,0,2,ARC,0.0,Asia,32,9,0,0,0,0,0,0,0
Bhutan,2020,country,1984,2024,0.0,0.0,0.0,0.0,0.0,0.0,0.0,0.0,0.0,0.0,0.0,0.0,0.0,0.0,0.0,4,2,2,4,1.0,0,0,0,0,-1,316,48,68,33.0,23.0,0.0,0,0,4,ARC,0.0,Asia,36,10,0,0,0,0,0,0,0
Bhutan,2024,country,1984,2024,0.0,0.0,0.0,0.0,0.0,0.0,0.0,0.0,0.0,0.0,0.0,0.0,0.0,0.0,0.0,3,2,1,3,-0.25,0,0,0,0,-1,297,48,68,6.0,25.0,0.0,0,0,3,ARC,0.0,Asia,40,11,0,0,0,0,0,0,0
Bohemia,1900,historical_different,1900,1912,,,,,,,,,,,,,,,,9,7,2,9,,0,0,0,0,-1,97,47,66,65.0,12.0,0.126087,0,0,4,TEN,0.1,Europe,0,1,0,0,0,1,2,3,1
Bohemia,1904,historical_different,1900,1912,0.0,1.0,2.0,3.0,1.0,,,,,,,,,,,0,0,0,0,,0,0,0,0,-1,95,48,67,36.0,38.0,,0,0,0,,,Europe,4,1,0,0,0,0,0,0,0
Bohemia,1908,historical_different,1900,1912,0.0,1.0,2.0,3.0,1.0,,,,,,,,,,,41,41,0,15,3.555556,0,0,0,0,-1,104,48,67,35.0,26.0,0.24202900000000002,0,0,5,FEN,0.2,Europe,8,2,0,0,0,0,2,2,1
Bohemia,1912,historical_different,1900,1912,0.0,0.0,2.0,2.0,1.0,0.0,1.0,2.0,3.0,1.0,,,,,,74,74,0,26,0.804878,0,0,0,0,-1,102,48,67,25.0,28.0,0.082353,0,0,7,FEN,0.082353,Europe,12,3,1,1,0,0,0,0,0
Bolivia,1936,country,1936,2024,,,,,,,,,,,,,,,,2,2,0,2,,0,0,0,0,-1,129,48,67,4.0,2.0,0.0,0,0,1,SWM,0.0,Americas,0,1,0,0,0,0,0,0,0
Bolivia,1948,country,1936,2024,0.0,0.0,0.0,0.0,0.0,,,,,,,,,,,0,0,0,0,,0,0,0,0,-1,136,48,68,9.0,2.0,,0,0,0,,,Americas,12,1,0,0,0,0,0,0,0
Bolivia,1952,country,1936,2024,0.0,0.0,0.0,0.0,0.0,,,,,,,,,,,0,0,0,0,,0,0,0,0,-1,149,48,68,12.0,0.0,,0,0,0,,,Americas,16,1,0,0,0,0,0,0,0
Bolivia,1956,country,1936,2024,0.0,0.0,0.0,0.0,0.0,,,,,,,,,,,0,0,0,0,,0,0,0,0,-1,149,48,68,2.0,2.0,,0,0,0,,,Americas,20,1,0,0,0,0,0,0,0
Bolivia,1960,country,1936,2024,0.0,0.0,0.0,0.0,0.0,,,,,,,,,,,0,0,0,0,,0,0,0,0,-1,152,48,67,6.0,3.0,,0,0,0,,,Americas,24,1,0,0,0,0,0,0,0
Bolivia,1964,country,1936,2024,0.0,0.0,0.0,0.0,0.0,,,,,,,,,,,1,1,0,1,-0.5,0,0,0,0,-1,164,47,67,12.0,0.0,0.0,0,0,1,CSP,0.0,Americas,28,2,0,0,0,0,0,0,0
Bolivia,1968,country,1936,2024,0.0,0.0,0.0,0.0,0.0,0.0,0.0,0.0,0.0,0.0,,,,,,4,4,0,3,3.0,0,0,0,0,-1,174,47,67,14.0,4.0,0.0,0,0,3,CSP,0.0,Americas,32,3,0,0,0,0,0,0,0
Bolivia,1972,country,1936,2024,0.0,0.0,0.0,0.0,0.0,0.0,0.0,0.0,0.0,0.0,0.0,0.0,0.0,0.0,0.0,14,14,0,9,2.5,0,0,0,0,-1,201,47,67,27.0,0.0,0.0,0,0,3,ATH,0.0,Americas,36,4,0,0,0,0,0,0,0
Bolivia,1976,country,1936,2024,0.0,0.0,0.0,0.0,0.0,0.0,0.0,0.0,0.0,0.0,0.0,0.0,0.0,0.0,0.0,5,5,0,5,-0.642857,0,0,0,0,-1,199,48,68,8.0,10.0,0.0,0,0,5,ATH,0.0,Americas,40,5,0,0,0,0,0,0,0
Bolivia,1980,country,1936,2024,0.0,0.0,0.0,0.0,0.0,0.0,0.0,0.0,0.0,0.0,0.0,0.0,0.0,0.0,0.0,0,0,0,0,,0,0,0,0,-1,204,47,67,6.0,1.0,,0,0,0,,,Americas,44,5,0,0,0,0,0,0,0
Bolivia,1984,country,1936,2024,0.0,0.0,0.0,0.0,0.0,0.0,0.0,0.0,0.0,0.0,0.0,0.0,0.0,0.0,0.0,13,12,1,11,1.6,0,0,0,0,-1,225,46,66,21.0,0.0,0.0,0,0,6,ATH,0.0,Americas,48,6,0,0,0,0,0,0,0
Bolivia,1988,country,1936,2024,0.0,0.0,0.0,0.0,0.0,0.0,0.0,0.0,0.0,0.0,0.0,0.0,0.0,0.0,0.0,12,8,4,12,-0.076923,0,0,0,0,-1,243,47,67,19.0,1.0,0.0,0,0,6,ATH,0.0,Americas,52,7,0,0,0,0,0,0,0
Bolivia,1992,country,1936,2024,0.0,0.0,0.0,0.0,0.0,0.0,0.0,0.0,0.0,0.0,0.0,0.0,0.0,0.0,0.0,21,12,9,18,0.75,0,0,0,0,-1,265,48,68,23.0,1.0,0.0,0,0,6,ATH,0.0,Americas,56,8,0,0,0,0,0,0,0
Bolivia,1996,country,1936,2024,0.0,0.0,0.0,0.0,0.0,0.0,0.0,0.0,0.0,0.0,0.0,0.0,0.0,0.0,0.0,9,7,2,9,-0.571429,0,0,0,0,-1,278,48,68,15.0,1.0,0.0,0,0,5,ATH,0.0,Americas,60,9,0,0,0,0,0,0,0
Bolivia,2000,country,1936,2024,0.0,0.0,0.0,0.0,0.0,0.0,0.0,0.0,0.0,0.0,0.0,0.0,0.0,0.0,0.0,5,3,2,5,-0.444444,0,0,0,0,-1,299,48,68,24.0,4.0,0.0,0,0,3,ATH,0.0,Americas,64,10,0,0,0,0,0,0,0
Bolivia,2004,country,1936,2024,0.0,0.0,0.0,0.0,0.0,0.0,0.0,0.0,0.0,0.0,0.0,0.0,0.0,0.0,0.0,11,4,7,11,1.2,0,0,0,0,-1,301,48,68,4.0,2.0,0.0,0,0,5,ATH,0.0,Americas,68,11,0,0,0,0,0,0,0
Bolivia,2008,country,1936,2024,0.0,0.0,0.0,0.0,0.0,0.0,0.0,0.0,0.0,0.0,0.0,0.0,0.0,0.0,0.0,7,4,3,7,-0.363636,0,0,0,0,-1,302,48,68,5.0,4.0,0.0,0,0,5,ATH,0.0,Americas,72,12,0,0,0,0,0,0,0
Bolivia,2012,country,1936,2024,0.0,0.0,0.0,0.0,0.0,0.0,0.0,0.0,0.0,0.0,0.0,0.0,0.0,0.0,0.0,5,3,2,5,-0.285714,0,0,0,0,-1,302,48,68,2.0,2.0,0.0,0,0,3,ATH,0.0,Americas,76,13,0,0,0,0,0,0,0
Bolivia,2016,country,1936,2024,0.0,0.0,0.0,0.0,0.0,0.0,0.0,0.0,0.0,0.0,0.0,0.0,0.0,0.0,0.0,12,6,6,10,1.4,0,0,0,0,-1,306,48,68,5.0,1.0,0.0,0,0,5,ATH,0.0,Americas,80,14,0,0,0,0,0,0,0
Bolivia,2020,country,1936,2024,0.0,0.0,0.0,0.0,0.0,0.0,0.0,0.0,0.0,0.0,0.0,0.0,0.0,0.0,0.0,5,3,2,5,-0.583333,0,0,0,0,-1,316,48,68,33.0,23.0,0.0,0,0,3,ATH,0.0,Americas,84,15,0,0,0,0,0,0,0
Bolivia,2024,country,1936,2024,0.0,0.0,0.0,0.0,0.0,0.0,0.0,0.0,0.0,0.0,0.0,0.0,0.0,0.0,0.0,4,2,2,4,-0.2,0,0,0,0,-1,297,48,68,6.0,25.0,0.0,0,0,2,ATH,0.0,Americas,88,16,0,0,0,0,0,0,0
Bosnia and Herzegovina,1992,country,1992,2024,,,,,,,,,,,,,,,,13,7,6,13,,0,0,0,0,-1,265,48,68,23.0,1.0,0.0,0,0,6,ATH,0.0,Europe,0,1,0,0,0,0,0,0,0
Bosnia and Herzegovina,1996,country,1992,2024,0.0,0.0,0.0,0.0,0.0,,,,,,,,,,,12,10,2,12,-0.076923,0,0,0,0,-1,278,48,68,15.0,1.0,0.0,0,0,7,ATH,0.0,Europe,4,2,0,0,0,0,0,0,0
Bosnia and Herzegovina,2000,country,1992,2024,0.0,0.0,0.0,0.0,0.0,0.0,0.0,0.0,0.0,0.0,,,,,,11,9,2,10,-0.083333,0,0,0,0,-1,299,48,68,24.0,4.0,0.0,0,0,4,ATH,0.0,Europe,8,3,0,0,0,0,0,0,0
Bosnia and Herzegovina,2004,country,1992,2024,0.0,0.0,0.0,0.0,0.0,0.0,0.0,0.0,0.0,0.0,0.0,0.0,0.0,0.0,0.0,11,9,2,11,0.0,0,0,0,0,-1,301,48,68,4.0,2.0,0.0,0,0,8,ATH,0.0,Europe,12,4,0,0,0,0,0,0,0
Bosnia and Herzegovina,2008,country,1992,2024,0.0,0.0,0.0,0.0,0.0,0.0,0.0,0.0,0.0,0.0,0.0,0.0,0.0,0.0,0.0,7,6,1,7,-0.363636,0,0,0,0,-1,302,48,68,5.0,4.0,0.0,0,0,4,ATH,0.0,Europe,16,5,0,0,0,0,0,0,0
Bosnia and Herzegovina,2012,country,1992,2024,0.0,0.0,0.0,0.0,0.0,0.0,0.0,0.0,0.0,0.0,0.0,0.0,0.0,0.0,0.0,8,6,2,8,0.142857,0,0,0,0,-1,302,48,68,2.0,2.0,0.0,0,0,4,ATH,0.0,Europe,20,6,0,0,0,0,0,0,0
Bosnia and Herzegovina,2016,country,1992,2024,0.0,0.0,0.0,0.0,0.0,0.0,0.0,0.0,0.0,0.0,0.0,0.0,0.0,0.0,0.0,11,7,4,8,0.375,0,0,0,0,-1,306,48,68,5.0,1.0,0.0,0,0,5,ATH,0.0,Europe,24,7,0,0,0,0,0,0,0
Bosnia and Herzegovina,2020,country,1992,2024,0.0,0.0,0.0,0.0,0.0,0.0,0.0,0.0,0.0,0.0,0.0,0.0,0.0,0.0,0.0,8,5,3,8,-0.272727,0,0,0,0,-1,316,48,68,33.0,23.0,0.0,0,0,5,ATH,0.0,Europe,28,8,0,0,0,0,0,0,0
Bosnia and Herzegovina,2024,country,1992,2024,0.0,0.0,0.0,0.0,0.0,0.0,0.0,0.0,0.0,0.0,0.0,0.0,0.0,0.0,0.0,6,2,4,6,-0.25,0,0,0,0,-1,297,48,68,6.0,25.0,0.0,0,0,3,ATH,0.0,Europe,32,9,0,0,0,0,0,0,0
Botswana,1980,country,1980,2024,,,,,,,,,,,,,,,,8,8,0,8,,0,0,0,0,-1,204,47,67,6.0,1.0,0.0,0,0,1,ATH,0.0,Africa,0,1,0,0,0,0,0,0,0
Botswana,1984,country,1980,2024,0.0,0.0,0.0,0.0,0.0,,,,,,,,,,,8,8,0,6,0.0,0,0,0,0,-1,225,46,66,21.0,0.0,0.0,0,0,2,ATH,0.0,Africa,4,2,0,0,0,0,0,0,0
Botswana,1988,country,1980,2024,0.0,0.0,0.0,0.0,0.0,0.0,0.0,0.0,0.0,0.0,,,,,,11,11,0,8,0.375,0,0,0,0,-1,243,47,67,19.0,1.0,0.0,0,0,2,ATH,0.0,Africa,8,3,0,0,0,0,0,0,0
Botswana,1992,country,1980,2024,0.0,0.0,0.0,0.0,0.0,0.0,0.0,0.0,0.0,0.0,0.0,0.0,0.0,0.0,0.0,6,6,0,6,-0.454545,0,0,0,0,-1,265,48,68,23.0,1.0,0.0,0,0,2,ATH,0.0,Africa,12,4,0,0,0,0,0,0,0
Botswana,1996,country,1980,2024,0.0,0.0,0.0,0.0,0.0,0.0,0.0,0.0,0.0,0.0,0.0,0.0,0.0,0.0,0.0,7,7,0,4,0.166667,0,0,0,0,-1,278,48,68,15.0,1.0,0.0,0,0,2,ATH,0.0,Africa,16,5,0,0,0,0,0,0,0
Botswana,2000,country,1980,2024,0.0,0.0,0.0,0.0,0.0,0.0,0.0,0.0,0.0,0.0,0.0,0.0,0.0,0.0,0.0,9,9,0,5,0.285714,0,0,0,0,-1,299,48,68,24.0,4.0,0.0,0,0,2,ATH,0.0,Africa,20,6,0,0,0,0,0,0,0
Botswana,2004,country,1980,2024,0.0,0.0,0.0,0.0,0.0,0.0,0.0,0.0,0.0,0.0,0.0,0.0,0.0,0.0,0.0,12,11,1,8,0.333333,0,0,0,0,-1,301,48,68,4.0,2.0,0.0,0,0,2,ATH,0.0,Africa,24,7,0,0,0,0,0,0,0
Botswana,2008,country,1980,2024,0.0,0.0,0.0,0.0,0.0,0.0,0.0,0.0,0.0,0.0,0.0,0.0,0.0,0.0,0.0,11,9,2,11,-0.083333,0,0,0,0,-1,302,48,68,5.0,4.0,0.0,0,0,3,ATH,0.0,Africa,28,8,0,0,0,0,0,0,0
Botswana,2012,country,1980,2024,0.0,0.0,0.0,0.0,0.0,0.0,0.0,0.0,0.0,0.0,0.0,0.0,0.0,0.0,0.0,4,3,1,4,-0.636364,0,0,0,0,-1,302,48,68,2.0,2.0,0.005803,0,0,2,ATH,0.005803,Africa,32,9,0,0,0,1,0,1,1
Botswana,2016,country,1980,2024,0.0,1.0,0.0,1.0,1.0,0.0,0.0,0.0,0.0,0.0,0.0,0.0,0.0,0.0,0.0,14,11,3,7,2.5,0,0,0,0,-1,306,48,68,5.0,1.0,0.004062,0,0,3,ATH,0.004062,Africa,36,10,0,0,0,0,0,0,0
Botswana,2020,country,1980,2024,0.0,0.0,0.0,0.0,0.0,0.0,1.0,0.0,1.0,1.0,0.0,0.0,0.0,0.0,0.0,16,11,5,9,0.142857,0,0,0,0,-1,316,48,68,33.0,23.0,0.006689,0,0,4,ATH,0.006689,Africa,40,11,0,0,0,0,1,1,1
Botswana,2024,country,1980,2024,0.0,0.0,1.0,1.0,1.0,0.0,0.0,0.0,0.0,0.0,0.0,1.0,0.0,1.0,1.0,19,17,2,9,0.1875,0,0,0,0,-1,297,48,68,6.0,25.0,0.017803,0,0,2,ATH,0.017803,Africa,44,12,0,0,1,1,0,2,1
Brazil,1900,country,1900,2024,,,,,,,,,,,,,,,,3,3,0,3,,0,0,0,0,-1,97,47,66,65.0,12.0,0.0,0,0,1,ATH,0.0,Americas,0,1,0,0,0,0,0,0,0
Brazil,1904,country,1900,2024,0.0,0.0,0.0,0.0,0.0,,,,,,,,,,,0,0,0,0,,0,0,0,0,-1,95,48,67,36.0,38.0,,0,0,0,,,Americas,4,1,0,0,0,0,0,0,0
Brazil,1908,country,1900,2024,0.0,0.0,0.0,0.0,0.0,,,,,,,,,,,0,0,0,0,,0,0,0,0,-1,104,48,67,35.0,26.0,,0,0,0,,,Americas,8,1,0,0,0,0,0,0,0
Brazil,1912,country,1900,2024,0.0,0.0,0.0,0.0,0.0,,,,,,,,,,,0,0,0,0,,0,0,0,0,-1,102,48,67,25.0,28.0,,0,0,0,,,Americas,12,1,0,0,0,0,0,0,0
Brazil,1920,country,1900,2024,0.0,0.0,0.0,0.0,0.0,,,,,,,,,,,38,38,0,10,11.666667,0,0,0,0,-1,156,48,67,58.0,4.0,0.095238,0,0,5,SHO,0.095238,Americas,20,2,0,0,1,1,1,3,1
Brazil,1924,country,1900,2024,1.0,1.0,1.0,3.0,1.0,0.0,0.0,0.0,0.0,0.0,,,,,,18,18,0,15,-0.526316,0,0,0,0,-1,126,45,62,12.0,42.0,0.039216,0,0,3,SHO,0.039216,Americas,24,3,0,0,0,0,0,0,0
Brazil,1928,country,1900,2024,0.0,0.0,0.0,0.0,0.0,1.0,1.0,1.0,3.0,1.0,0.0,0.0,0.0,0.0,0.0,0,0,0,0,,0,0,0,0,-1,110,48,68,3.0,19.0,,0,0,0,,,Americas,28,3,0,0,0,0,0,0,0
Brazil,1932,country,1900,2024,0.0,0.0,0.0,0.0,0.0,1.0,1.0,1.0,3.0,1.0,0.0,0.0,0.0,0.0,0.0,67,64,3,28,2.722222,0,0,0,0,-1,127,48,67,18.0,1.0,0.0,0,0,5,ATH,0.0,Americas,32,4,0,0,0,0,0,0,0
Brazil,1936,country,1900,2024,0.0,0.0,0.0,0.0,0.0,0.0,0.0,0.0,0.0,0.0,1.0,1.0,1.0,3.0,1.0,94,86,8,37,0.402985,0,0,0,0,-1,129,48,67,4.0,2.0,0.0,0,0,9,ATH,0.0,Americas,36,5,0,0,0,0,0,0,0
Brazil,1948,country,1900,2024,0.0,0.0,0.0,0.0,0.0,0.0,0.0,0.0,0.0,0.0,0.0,0.0,0.0,0.0,0.0,105,83,22,41,0.117021,0,0,0,0,-1,136,48,68,9.0,2.0,0.235294,0,0,12,BKB,0.235294,Americas,48,6,0,0,0,0,1,1,1
Brazil,1952,country,1900,2024,0.0,0.0,1.0,1.0,1.0,0.0,0.0,0.0,0.0,0.0,0.0,0.0,0.0,0.0,0.0,119,111,8,51,0.133333,0,0,0,0,-1,149,48,68,12.0,0.0,0.16308599999999998,0,0,15,BKB,0.127273,Americas,52,7,0,0,1,0,2,3,1
Brazil,1956,country,1900,2024,1.0,0.0,2.0,3.0,1.0,0.0,0.0,1.0,1.0,1.0,0.0,0.0,0.0,0.0,0.0,63,62,1,30,-0.470588,0,0,0,0,-1,149,48,68,2.0,2.0,0.129752,0,0,12,BKB,0.090909,Americas,56,8,0,0,1,0,0,1,1
Brazil,1960,country,1900,2024,1.0,0.0,0.0,1.0,1.0,1.0,0.0,2.0,3.0,1.0,0.0,0.0,1.0,1.0,1.0,86,85,1,35,0.365079,0,0,0,0,-1,152,48,67,6.0,3.0,0.22148800000000002,0,0,14,BKB,0.181818,Americas,60,9,0,0,0,0,2,2,1
Brazil,1964,country,1900,2024,0.0,0.0,2.0,2.0,1.0,1.0,0.0,0.0,1.0,1.0,1.0,0.0,2.0,3.0,1.0,65,64,1,17,-0.244186,0,0,0,0,-1,164,47,67,12.0,0.0,0.324463,0,0,11,BKB,0.309091,Americas,64,10,0,0,0,0,1,1,1
Brazil,1968,country,1900,2024,0.0,0.0,1.0,1.0,1.0,0.0,0.0,2.0,2.0,1.0,1.0,0.0,0.0,1.0,1.0,89,85,4,27,0.369231,0,0,0,0,-1,174,47,67,14.0,4.0,0.276447,0,0,13,BKB,0.218182,Americas,68,11,0,0,0,1,2,3,1
Brazil,1972,country,1900,2024,0.0,1.0,2.0,3.0,1.0,0.0,0.0,1.0,1.0,1.0,0.0,0.0,2.0,2.0,1.0,104,97,7,44,0.168539,0,0,0,0,-1,201,47,67,27.0,0.0,0.154459,0,0,14,BKB,0.090909,Americas,72,12,0,0,0,0,2,2,1
Brazil,1976,country,1900,2024,0.0,0.0,2.0,2.0,1.0,0.0,1.0,2.0,3.0,1.0,0.0,0.0,1.0,1.0,1.0,89,79,10,47,-0.144231,0,0,0,0,-1,199,48,68,8.0,10.0,0.07839299999999999,0,0,12,SAL,0.048485,Americas,76,13,0,0,0,0,2,2,1
Brazil,1980,country,1900,2024,0.0,0.0,2.0,2.0,1.0,0.0,0.0,2.0,2.0,1.0,0.0,1.0,2.0,3.0,1.0,149,130,19,72,0.674157,0,0,0,0,-1,204,47,67,6.0,1.0,0.198042,0,0,15,SAL,0.172727,Americas,80,14,0,0,2,0,2,4,1
Brazil,1984,country,1900,2024,2.0,0.0,2.0,4.0,1.0,0.0,0.0,2.0,2.0,1.0,0.0,0.0,2.0,2.0,1.0,197,167,30,82,0.322148,0,0,0,0,-1,225,46,66,21.0,0.0,0.7849730000000001,0,0,18,FBL,0.4,Americas,84,15,0,0,1,5,2,8,1
Brazil,1988,country,1900,2024,1.0,5.0,2.0,8.0,1.0,2.0,0.0,2.0,4.0,1.0,0.0,0.0,2.0,2.0,1.0,232,180,52,106,0.177665,0,0,0,0,-1,243,47,67,19.0,1.0,0.979902,0,0,23,FBL,0.6,Americas,88,16,0,0,1,2,3,6,1
Brazil,1992,country,1900,2024,1.0,2.0,3.0,6.0,1.0,1.0,5.0,2.0,8.0,1.0,2.0,0.0,2.0,4.0,1.0,232,172,60,107,0.0,0,0,0,0,-1,265,48,68,23.0,1.0,0.479802,0,0,26,VVO,0.295455,Americas,92,17,0,0,2,1,0,3,1
Brazil,1996,country,1900,2024,2.0,1.0,0.0,3.0,1.0,1.0,2.0,3.0,6.0,1.0,1.0,5.0,2.0,8.0,1.0,250,182,68,93,0.077586,0,0,0,0,-1,278,48,68,15.0,1.0,1.8461440000000002,0,0,21,VBV,0.8,Americas,96,18,1,1,3,3,9,15,1
Brazil,2000,country,1900,2024,3.0,3.0,9.0,15.0,1.0,2.0,1.0,0.0,3.0,1.0,1.0,2.0,3.0,6.0,1.0,236,133,103,96,-0.056,0,0,0,0,-1,299,48,68,24.0,4.0,1.706112,0,0,28,VBV,0.8,Americas,100,19,1,1,0,6,6,12,1
Brazil,2004,country,1900,2024,0.0,6.0,6.0,12.0,1.0,3.0,3.0,9.0,15.0,1.0,2.0,1.0,0.0,3.0,1.0,318,158,160,133,0.347458,0,0,0,0,-1,301,48,68,4.0,2.0,2.023321,0,0,28,VBV,0.8,Americas,104,20,1,1,5,2,3,10,1
Brazil,2008,country,1900,2024,5.0,2.0,3.0,10.0,1.0,0.0,6.0,6.0,12.0,1.0,3.0,3.0,9.0,15.0,1.0,338,172,166,145,0.062893,0,0,0,0,-1,302,48,68,5.0,4.0,2.024409,0,0,32,VBV,0.663636,Americas,108,21,1,1,3,4,9,16,1
Brazil,2012,country,1900,2024,3.0,4.0,9.0,16.0,1.0,5.0,2.0,3.0,10.0,1.0,0.0,6.0,6.0,12.0,1.0,306,162,144,138,-0.094675,0,1,0,1,-1,302,48,68,2.0,2.0,2.141785,0,0,32,VVO,0.731818,Americas,112,22,1,2,3,5,9,17,1
Brazil,2016,country,1900,2024,3.0,5.0,9.0,17.0,1.0,3.0,4.0,9.0,16.0,1.0,5.0,2.0,3.0,10.0,1.0,583,324,259,222,0.905229,1,0,0,2,-1,306,48,68,5.0,1.0,2.239506,0,0,41,VVO,0.663636,Americas,116,23,1,2,7,6,6,19,1
Brazil,2020,country,1900,2024,7.0,6.0,6.0,19.0,1.0,3.0,5.0,9.0,17.0,1.0,3.0,4.0,9.0,16.0,1.0,416,238,178,142,-0.286449,0,0,1,3,4,316,48,68,33.0,23.0,2.919176,0,0,31,OWS,0.5,Americas,120,24,0,0,7,6,8,21,1
Brazil,2024,country,1900,2024,7.0,6.0,8.0,21.0,1.0,7.0,6.0,6.0,19.0,1.0,3.0,5.0,9.0,17.0,1.0,401,181,220,146,-0.036058,0,0,0,0,8,297,48,68,6.0,25.0,2.52509,0,0,34,VBV,0.6,Americas,124,25,0,0,3,6,10,19,1
British Virgin Islands,1984,country,1984,2024,,,,,,,,,,,,,,,,13,13,0,7,,0,0,0,0,-1,225,46,66,21.0,0.0,0.0,0,0,2,ATH,0.0,Americas,0,1,0,0,0,0,0,0,0
British Virgin Islands,1988,country,1984,2024,0.0,0.0,0.0,0.0,0.0,,,,,,,,,,,4,4,0,4,-0.692308,0,0,0,0,-1,243,47,67,19.0,1.0,0.0,0,0,2,ATH,0.0,Americas,4,2,0,0,0,0,0,0,0
British Virgin Islands,1992,country,1984,2024,0.0,0.0,0.0,0.0,0.0,0.0,0.0,0.0,0.0,0.0,,,,,,4,4,0,2,0.0,0,0,0,0,-1,265,48,68,23.0,1.0,0.0,0,0,2,ATH,0.0,Americas,8,3,0,0,0,0,0,0,0
British Virgin Islands,1996,country,1984,2024,0.0,0.0,0.0,0.0,0.0,0.0,0.0,0.0,0.0,0.0,0.0,0.0,0.0,0.0,0.0,11,11,0,5,1.75,0,0,0,0,-1,278,48,68,15.0,1.0,0.0,0,0,2,ATH,0.0,Americas,12,4,0,0,0,0,0,0,0
British Virgin Islands,2000,country,1984,2024,0.0,0.0,0.0,0.0,0.0,0.0,0.0,0.0,0.0,0.0,0.0,0.0,0.0,0.0,0.0,1,1,0,1,-0.909091,0,0,0,0,-1,299,48,68,24.0,4.0,0.0,0,0,1,ATH,0.0,Americas,16,5,0,0,0,0,0,0,0
British Virgin Islands,2004,country,1984,2024,0.0,0.0,0.0,0.0,0.0,0.0,0.0,0.0,0.0,0.0,0.0,0.0,0.0,0.0,0.0,1,1,0,1,0.0,0,0,0,0,-1,301,48,68,4.0,2.0,0.0,0,0,1,ATH,0.0,Americas,20,6,0,0,0,0,0,0,0
British Virgin Islands,2008,country,1984,2024,0.0,0.0,0.0,0.0,0.0,0.0,0.0,0.0,0.0,0.0,0.0,0.0,0.0,0.0,0.0,2,1,1,2,1.0,0,0,0,0,-1,302,48,68,5.0,4.0,0.0,0,0,1,ATH,0.0,Americas,24,7,0,0,0,0,0,0,0
British Virgin Islands,2012,country,1984,2024,0.0,0.0,0.0,0.0,0.0,0.0,0.0,0.0,0.0,0.0,0.0,0.0,0.0,0.0,0.0,2,1,1,2,0.0,0,0,0,0,-1,302,48,68,2.0,2.0,0.0,0,0,1,ATH,0.0,Americas,28,8,0,0,0,0,0,0,0
British Virgin Islands,2016,country,1984,2024,0.0,0.0,0.0,0.0,0.0,0.0,0.0,0.0,0.0,0.0,0.0,0.0,0.0,0.0,0.0,4,1,3,4,1.0,0,0,0,0,-1,306,48,68,5.0,1.0,0.0,0,0,2,ATH,0.0,Americas,32,9,0,0,0,0,0,0,0
British Virgin Islands,2020,country,1984,2024,0.0,0.0,0.0,0.0,0.0,0.0,0.0,0.0,0.0,0.0,0.0,0.0,0.0,0.0,0.0,3,1,2,3,-0.25,0,0,0,0,-1,316,48,68,33.0,23.0,0.0,0,0,2,ATH,0.0,Americas,36,10,0,0,0,0,0,0,0
British Virgin Islands,2024,country,1984,2024,0.0,0.0,0.0,0.0,0.0,0.0,0.0,0.0,0.0,0.0,0.0,0.0,0.0,0.0,0.0,4,3,1,4,0.333333,0,0,0,0,-1,297,48,68,6.0,25.0,0.0,0,0,2,ATH,0.0,Americas,40,11,0,0,0,0,0,0,0
Brunei Darussalam,1996,country,1996,2024,,,,,,,,,,,,,,,,1,1,0,1,,0,0,0,0,-1,278,48,68,15.0,1.0,0.0,0,0,1,SHO,0.0,Asia,0,1,0,0,0,0,0,0,0
Brunei Darussalam,2000,country,1996,2024,0.0,0.0,0.0,0.0,0.0,,,,,,,,,,,2,2,0,2,1.0,0,0,0,0,-1,299,48,68,24.0,4.0,0.0,0,0,2,ATH,0.0,Asia,4,2,0,0,0,0,0,0,0
Brunei Darussalam,2004,country,1996,2024,0.0,0.0,0.0,0.0,0.0,0.0,0.0,0.0,0.0,0.0,,,,,,1,1,0,1,-0.5,0,0,0,0,-1,301,48,68,4.0,2.0,0.0,0,0,1,ATH,0.0,Asia,8,3,0,0,0,0,0,0,0
Brunei Darussalam,2008,country,1996,2024,0.0,0.0,0.0,0.0,0.0,0.0,0.0,0.0,0.0,0.0,0.0,0.0,0.0,0.0,0.0,0,0,0,0,,0,0,0,0,-1,302,48,68,5.0,4.0,,0,0,0,,,Asia,12,3,0,0,0,0,0,0,0
Brunei Darussalam,2012,country,1996,2024,0.0,0.0,0.0,0.0,0.0,0.0,0.0,0.0,0.0,0.0,0.0,0.0,0.0,0.0,0.0,3,2,1,3,2.0,0,0,0,0,-1,302,48,68,2.0,2.0,0.0,0,0,2,ATH,0.0,Asia,16,4,0,0,0,0,0,0,0
Brunei Darussalam,2016,country,1996,2024,0.0,0.0,0.0,0.0,0.0,0.0,0.0,0.0,0.0,0.0,0.0,0.0,0.0,0.0,0.0,3,2,1,3,0.0,0,0,0,0,-1,306,48,68,5.0,1.0,0.0,0,0,2,ATH,0.0,Asia,20,5,0,0,0,0,0,0,0
Brunei Darussalam,2020,country,1996,2024,0.0,0.0,0.0,0.0,0.0,0.0,0.0,0.0,0.0,0.0,0.0,0.0,0.0,0.0,0.0,2,2,0,2,-0.333333,0,0,0,0,-1,316,48,68,33.0,23.0,0.0,0,0,2,ATH,0.0,Asia,24,6,0,0,0,0,0,0,0
Brunei Darussalam,2024,country,1996,2024,0.0,0.0,0.0,0.0,0.0,0.0,0.0,0.0,0.0,0.0,0.0,0.0,0.0,0.0,0.0,3,2,1,3,0.5,0,0,0,0,-1,297,48,68,6.0,25.0,0.0,0,0,2,ATH,0.0,Asia,28,7,0,0,0,0,0,0,0
Bulgaria,1924,country,1924,2024,,,,,,,,,,,,,,,,31,31,0,12,,0,0,0,0,-1,126,45,62,12.0,42.0,0.0,0,0,6,ATH,0.0,Europe,0,1,0,0,0,0,0,0,0
Bulgaria,1928,country,1924,2024,0.0,0.0,0.0,0.0,0.0,,,,,,,,,,,10,10,0,5,-0.677419,0,0,0,0,-1,110,48,68,3.0,19.0,0.0,0,0,3,EDR,0.0,Europe,4,2,0,0,0,0,0,0,0
Bulgaria,1932,country,1924,2024,0.0,0.0,0.0,0.0,0.0,0.0,0.0,0.0,0.0,0.0,,,,,,2,2,0,1,-0.8,0,0,0,0,-1,127,48,67,18.0,1.0,,0,0,0,,,Europe,8,3,0,0,0,0,0,0,0
Bulgaria,1936,country,1924,2024,0.0,0.0,0.0,0.0,0.0,0.0,0.0,0.0,0.0,0.0,0.0,0.0,0.0,0.0,0.0,84,84,0,22,41.0,0,0,0,0,-1,129,48,67,4.0,2.0,0.0,0,0,7,ATH,0.0,Europe,12,4,0,0,0,0,0,0,0
Bulgaria,1948,country,1924,2024,0.0,0.0,0.0,0.0,0.0,0.0,0.0,0.0,0.0,0.0,0.0,0.0,0.0,0.0,0.0,0,0,0,0,,0,0,0,0,-1,136,48,68,9.0,2.0,,0,0,0,,,Europe,24,4,0,0,0,0,0,0,0
Bulgaria,1952,country,1924,2024,0.0,0.0,0.0,0.0,0.0,0.0,0.0,0.0,0.0,0.0,0.0,0.0,0.0,0.0,0.0,179,121,58,34,1.130952,0,0,0,0,-1,149,48,68,12.0,0.0,0.02,0,0,9,BOX,0.02,Europe,28,5,0,0,0,0,1,1,1
Bulgaria,1956,country,1924,2024,0.0,0.0,1.0,1.0,1.0,0.0,0.0,0.0,0.0,0.0,0.0,0.0,0.0,0.0,0.0,82,67,15,31,-0.541899,0,0,0,0,-1,149,48,68,2.0,2.0,0.593529,0,0,9,FBL,0.235294,Europe,32,6,0,0,1,3,1,5,1
Bulgaria,1960,country,1924,2024,1.0,3.0,1.0,5.0,1.0,0.0,0.0,1.0,1.0,1.0,0.0,0.0,0.0,0.0,0.0,182,142,40,66,1.219512,0,0,0,0,-1,152,48,67,6.0,3.0,0.552763,0,0,15,WRG,0.208824,Europe,36,7,0,0,1,3,3,7,1
Bulgaria,1964,country,1924,2024,1.0,3.0,3.0,7.0,1.0,1.0,3.0,1.0,5.0,1.0,0.0,0.0,1.0,1.0,1.0,116,101,15,56,-0.362637,0,0,0,0,-1,164,47,67,12.0,0.0,0.628672,0,0,10,WRF,0.313636,Europe,40,8,0,0,3,5,2,10,1
Bulgaria,1968,country,1924,2024,3.0,5.0,2.0,10.0,1.0,1.0,3.0,3.0,7.0,1.0,1.0,3.0,1.0,5.0,1.0,189,151,38,69,0.62931,0,0,0,0,-1,174,47,67,14.0,4.0,1.0323630000000001,0,0,14,FBL,0.4,Europe,44,9,0,0,2,4,3,9,1
Bulgaria,1972,country,1924,2024,2.0,4.0,3.0,9.0,1.0,3.0,5.0,2.0,10.0,1.0,1.0,3.0,3.0,7.0,1.0,226,167,59,92,0.195767,0,0,0,0,-1,201,47,67,27.0,0.0,0.965461,0,0,16,WRG,0.305682,Europe,48,10,0,0,6,10,5,21,1
Bulgaria,1976,country,1924,2024,6.0,10.0,5.0,21.0,1.0,2.0,4.0,3.0,9.0,1.0,3.0,5.0,2.0,10.0,1.0,254,166,88,108,0.123894,0,0,0,0,-1,199,48,68,8.0,10.0,1.195836,0,0,16,WLF,0.381818,Europe,52,11,0,0,6,9,7,22,1
Bulgaria,1980,country,1924,2024,6.0,9.0,7.0,22.0,1.0,6.0,10.0,5.0,21.0,1.0,2.0,4.0,3.0,9.0,1.0,397,261,136,151,0.562992,0,0,0,0,-1,204,47,67,6.0,1.0,2.485254,0,0,24,WLF,0.506061,Europe,56,12,0,0,8,16,17,41,1
Bulgaria,1984,country,1924,2024,8.0,16.0,17.0,41.0,1.0,6.0,9.0,7.0,22.0,1.0,6.0,10.0,5.0,21.0,1.0,0,0,0,0,,0,0,0,0,-1,225,46,66,21.0,0.0,,0,0,0,,,Europe,60,12,0,0,0,0,0,0,0
Bulgaria,1988,country,1924,2024,8.0,16.0,17.0,41.0,1.0,6.0,9.0,7.0,22.0,1.0,6.0,10.0,5.0,21.0,1.0,281,159,122,120,-0.292191,0,0,0,0,-1,243,47,67,19.0,1.0,2.636771,0,0,17,GRY,0.6,Europe,64,13,0,0,10,12,13,35,1
Bulgaria,1992,country,1924,2024,10.0,12.0,13.0,35.0,1.0,8.0,16.0,17.0,41.0,1.0,6.0,9.0,7.0,22.0,1.0,236,146,90,116,-0.160142,0,0,0,0,-1,265,48,68,23.0,1.0,1.370736,0,0,20,WLF,0.279085,Europe,68,14,1,1,3,7,6,16,1
Bulgaria,1996,country,1924,2024,3.0,7.0,6.0,16.0,1.0,10.0,12.0,13.0,35.0,1.0,8.0,16.0,17.0,41.0,1.0,181,128,53,89,-0.233051,0,0,0,0,-1,278,48,68,15.0,1.0,1.1834500000000001,0,0,18,GRY,0.272727,Europe,72,15,0,0,3,7,5,15,1
Bulgaria,2000,country,1924,2024,3.0,7.0,5.0,15.0,1.0,3.0,7.0,6.0,16.0,1.0,10.0,12.0,13.0,35.0,1.0,150,103,47,85,-0.171271,0,0,0,0,-1,299,48,68,24.0,4.0,0.791005,0,0,17,WLF,0.171313,Europe,76,16,0,0,5,6,2,13,1
Bulgaria,2004,country,1924,2024,5.0,6.0,2.0,13.0,1.0,3.0,7.0,5.0,15.0,1.0,3.0,7.0,6.0,16.0,1.0,119,67,52,94,-0.206667,0,0,0,0,-1,301,48,68,4.0,2.0,0.704344,0,0,21,GRY,0.159091,Europe,80,17,0,0,2,1,9,12,1
Bulgaria,2008,country,1924,2024,2.0,1.0,9.0,12.0,1.0,5.0,6.0,2.0,13.0,1.0,3.0,7.0,5.0,15.0,1.0,87,52,35,60,-0.268908,0,0,0,0,-1,302,48,68,5.0,4.0,0.365189,0,0,16,GRY,0.063636,Europe,84,18,0,0,1,1,3,5,1
Bulgaria,2012,country,1924,2024,1.0,1.0,3.0,5.0,1.0,2.0,1.0,9.0,12.0,1.0,5.0,6.0,2.0,13.0,1.0,75,39,36,56,-0.137931,0,0,0,0,-1,302,48,68,2.0,2.0,0.2039,0,0,18,WRF,0.053719,Europe,88,19,0,0,0,1,1,2,1
Bulgaria,2016,country,1924,2024,0.0,1.0,1.0,2.0,1.0,1.0,1.0,3.0,5.0,1.0,2.0,1.0,9.0,12.0,1.0,58,33,25,51,-0.226667,0,0,0,0,-1,306,48,68,5.0,1.0,0.17800200000000002,0,0,15,GRY,0.090909,Europe,92,20,0,0,0,1,2,3,1
Bulgaria,2020,country,1924,2024,0.0,1.0,2.0,3.0,1.0,0.0,1.0,1.0,2.0,1.0,1.0,1.0,3.0,5.0,1.0,56,24,32,45,-0.034483,0,0,0,0,-1,316,48,68,33.0,23.0,0.509466,0,0,14,GRY,0.290909,Europe,96,21,0,0,3,1,2,6,1
Bulgaria,2024,country,1924,2024,3.0,1.0,2.0,6.0,1.0,0.0,1.0,2.0,3.0,1.0,0.0,1.0,1.0,2.0,1.0,61,30,31,53,0.089286,0,0,0,0,-1,297,48,68,6.0,25.0,0.62339,0,0,16,GRY,0.340909,Europe,100,22,0,0,3,1,3,7,1
Burkina Faso,1972,country,1972,2024,,,,,,,,,,,,,,,,1,1,0,1,,0,0,0,0,-1,201,47,67,27.0,0.0,0.0,0,0,1,ATH,0.0,Africa,0,1,0,0,0,0,0,0,0
Burkina Faso,1976,country,1972,2024,0.0,0.0,0.0,0.0,0.0,,,,,,,,,,,0,0,0,0,,0,0,0,0,-1,199,48,68,8.0,10.0,,0,0,0,,,Africa,4,1,0,0,0,0,0,0,0
Burkina Faso,1980,country,1972,2024,0.0,0.0,0.0,0.0,0.0,,,,,,,,,,,0,0,0,0,,0,0,0,0,-1,204,47,67,6.0,1.0,,0,0,0,,,Africa,8,1,0,0,0,0,0,0,0
Burkina Faso,1984,country,1972,2024,0.0,0.0,0.0,0.0,0.0,,,,,,,,,,,0,0,0,0,,0,0,0,0,-1,225,46,66,21.0,0.0,,0,0,0,,,Africa,12,1,0,0,0,0,0,0,0
Burkina Faso,1988,country,1972,2024,0.0,0.0,0.0,0.0,0.0,,,,,,,,,,,9,7,2,7,8.0,0,0,0,0,-1,243,47,67,19.0,1.0,0.0,0,0,2,ATH,0.0,Africa,16,2,0,0,0,0,0,0,0
Burkina Faso,1992,country,1972,2024,0.0,0.0,0.0,0.0,0.0,0.0,0.0,0.0,0.0,0.0,,,,,,4,4,0,4,-0.555556,0,0,0,0,-1,265,48,68,23.0,1.0,0.0,0,0,2,ATH,0.0,Africa,20,3,0,0,0,0,0,0,0
Burkina Faso,1996,country,1972,2024,0.0,0.0,0.0,0.0,0.0,0.0,0.0,0.0,0.0,0.0,0.0,0.0,0.0,0.0,0.0,5,3,2,5,0.25,0,0,0,0,-1,278,48,68,15.0,1.0,0.0,0,0,2,ATH,0.0,Africa,24,4,0,0,0,0,0,0,0
Burkina Faso,2000,country,1972,2024,0.0,0.0,0.0,0.0,0.0,0.0,0.0,0.0,0.0,0.0,0.0,0.0,0.0,0.0,0.0,4,3,1,4,-0.2,0,0,0,0,-1,299,48,68,24.0,4.0,0.0,0,0,3,ATH,0.0,Africa,28,5,0,0,0,0,0,0,0
Burkina Faso,2004,country,1972,2024,0.0,0.0,0.0,0.0,0.0,0.0,0.0,0.0,0.0,0.0,0.0,0.0,0.0,0.0,0.0,5,3,2,5,0.25,0,0,0,0,-1,301,48,68,4.0,2.0,0.0,0,0,3,ATH,0.0,Africa,32,6,0,0,0,0,0,0,0
Burkina Faso,2008,country,1972,2024,0.0,0.0,0.0,0.0,0.0,0.0,0.0,0.0,0.0,0.0,0.0,0.0,0.0,0.0,0.0,6,3,3,6,0.2,0,0,0,0,-1,302,48,68,5.0,4.0,0.0,0,0,4,ATH,0.0,Africa,36,7,0,0,0,0,0,0,0
Burkina Faso,2012,country,1972,2024,0.0,0.0,0.0,0.0,0.0,0.0,0.0,0.0,0.0,0.0,0.0,0.0,0.0,0.0,0.0,5,2,3,5,-0.166667,0,0,0,0,-1,302,48,68,2.0,2.0,0.0,0,0,3,ATH,0.0,Africa,40,8,0,0,0,0,0,0,0
Burkina Faso,2016,country,1972,2024,0.0,0.0,0.0,0.0,0.0,0.0,0.0,0.0,0.0,0.0,0.0,0.0,0.0,0.0,0.0,5,3,2,5,0.0,0,0,0,0,-1,306,48,68,5.0,1.0,0.0,0,0,3,ATH,0.0,Africa,44,9,0,0,0,0,0,0,0
Burkina Faso,2020,country,1972,2024,0.0,0.0,0.0,0.0,0.0,0.0,0.0,0.0,0.0,0.0,0.0,0.0,0.0,0.0,0.0,8,5,3,8,0.6,0,0,0,0,-1,316,48,68,33.0,23.0,0.003788,0,0,5,ATH,0.003788,Africa,48,10,0,0,0,0,1,1,1
Burkina Faso,2024,country,1972,2024,0.0,0.0,1.0,1.0,1.0,0.0,0.0,0.0,0.0,0.0,0.0,0.0,0.0,0.0,0.0,8,5,3,8,0.0,0,0,0,0,-1,297,48,68,6.0,25.0,0.002652,0,0,5,ATH,0.002652,Africa,52,11,0,0,0,0,0,0,0
Burundi,1996,country,1996,2024,,,,,,,,,,,,,,,,7,6,1,6,,0,0,0,0,-1,278,48,68,15.0,1.0,0.022727,0,0,1,ATH,0.022727,Africa,0,1,0,0,1,0,0,1,1
Burundi,2000,country,1996,2024,1.0,0.0,0.0,1.0,1.0,,,,,,,,,,,6,5,1,5,-0.142857,0,0,0,0,-1,299,48,68,24.0,4.0,0.009358,0,0,1,ATH,0.009358,Africa,4,2,0,0,0,0,0,0,0
Burundi,2004,country,1996,2024,0.0,0.0,0.0,0.0,0.0,1.0,0.0,0.0,1.0,1.0,,,,,,7,5,2,5,0.166667,0,0,0,0,-1,301,48,68,4.0,2.0,0.005165,0,0,2,ATH,0.005165,Africa,8,3,0,0,0,0,0,0,0
Burundi,2008,country,1996,2024,0.0,0.0,0.0,0.0,0.0,0.0,0.0,0.0,0.0,0.0,1.0,0.0,0.0,1.0,1.0,3,1,2,3,-0.571429,0,0,0,0,-1,302,48,68,5.0,4.0,0.0,0,0,2,ATH,0.0,Africa,12,4,0,0,0,0,0,0,0
Burundi,2012,country,1996,2024,0.0,0.0,0.0,0.0,0.0,0.0,0.0,0.0,0.0,0.0,0.0,0.0,0.0,0.0,0.0,6,2,4,6,1.0,0,0,0,0,-1,302,48,68,2.0,2.0,0.0,0,0,3,ATH,0.0,Africa,16,5,0,0,0,0,0,0,0
Burundi,2016,country,1996,2024,0.0,0.0,0.0,0.0,0.0,0.0,0.0,0.0,0.0,0.0,0.0,0.0,0.0,0.0,0.0,10,6,4,9,0.666667,0,0,0,0,-1,306,48,68,5.0,1.0,0.005803,0,0,3,ATH,0.005803,Africa,20,6,0,0,0,1,0,1,1
Burundi,2020,country,1996,2024,0.0,1.0,0.0,1.0,1.0,0.0,0.0,0.0,0.0,0.0,0.0,0.0,0.0,0.0,0.0,7,3,4,7,-0.3,0,0,0,0,-1,316,48,68,33.0,23.0,0.004062,0,0,3,ATH,0.004062,Africa,24,7,0,0,0,0,0,0,0
Burundi,2024,country,1996,2024,0.0,0.0,0.0,0.0,0.0,0.0,1.0,0.0,1.0,1.0,0.0,0.0,0.0,0.0,0.0,8,4,4,7,0.142857,0,0,0,0,-1,297,48,68,6.0,25.0,0.002901,0,0,3,ATH,0.002901,Africa,28,8,0,0,0,0,0,0,0
Cabo Verde,1996,country,1996,2024,,,,,,,,,,,,,,,,3,2,1,3,,0,0,0,0,-1,278,48,68,15.0,1.0,0.0,0,0,1,ATH,0.0,Africa,0,1,0,0,0,0,0,0,0
Cabo Verde,2000,country,1996,2024,0.0,0.0,0.0,0.0,0.0,,,,,,,,,,,2,1,1,2,-0.333333,0,0,0,0,-1,299,48,68,24.0,4.0,0.0,0,0,1,ATH,0.0,Africa,4,2,0,0,0,0,0,0,0
Cabo Verde,2004,country,1996,2024,0.0,0.0,0.0,0.0,0.0,0.0,0.0,0.0,0.0,0.0,,,,,,3,2,1,3,0.5,0,0,0,0,-1,301,48,68,4.0,2.0,0.0,0,0,3,ATH,0.0,Africa,8,3,0,0,0,0,0,0,0
Cabo Verde,2008,country,1996,2024,0.0,0.0,0.0,0.0,0.0,0.0,0.0,0.0,0.0,0.0,0.0,0.0,0.0,0.0,0.0,2,1,1,2,-0.333333,0,0,0,0,-1,302,48,68,5.0,4.0,0.0,0,0,2,ATH,0.0,Africa,12,4,0,0,0,0,0,0,0
Cabo Verde,2012,country,1996,2024,0.0,0.0,0.0,0.0,0.0,0.0,0.0,0.0,0.0,0.0,0.0,0.0,0.0,0.0,0.0,3,1,2,3,0.5,0,0,0,0,-1,302,48,68,2.0,2.0,0.0,0,0,2,ATH,0.0,Africa,16,5,0,0,0,0,0,0,0
Cabo Verde,2016,country,1996,2024,0.0,0.0,0.0,0.0,0.0,0.0,0.0,0.0,0.0,0.0,0.0,0.0,0.0,0.0,0.0,5,2,3,5,0.666667,0,0,0,0,-1,306,48,68,5.0,1.0,0.0,0,0,4,ATH,0.0,Africa,20,6,0,0,0,0,0,0,0
Cabo Verde,2020,country,1996,2024,0.0,0.0,0.0,0.0,0.0,0.0,0.0,0.0,0.0,0.0,0.0,0.0,0.0,0.0,0.0,6,3,3,6,0.2,0,0,0,0,-1,316,48,68,33.0,23.0,0.0,0,0,5,ATH,0.0,Africa,24,7,0,0,0,0,0,0,0
Cabo Verde,2024,country,1996,2024,0.0,0.0,0.0,0.0,0.0,0.0,0.0,0.0,0.0,0.0,0.0,0.0,0.0,0.0,0.0,7,4,3,7,0.166667,0,0,0,0,-1,297,48,68,6.0,25.0,0.006993,0,0,5,BOX,0.006993,Africa,28,8,0,0,0,0,1,1,1
Cambodia,1956,country,1956,2024,,,,,,,,,,,,,,,,2,2,0,1,,0,0,0,0,-1,149,48,68,2.0,2.0,0.0,0,0,1,EJP,0.0,Asia,0,1,0,0,0,0,0,0,0
Cambodia,1960,country,1956,2024,0.0,0.0,0.0,0.0,0.0,,,,,,,,,,,0,0,0,0,,0,0,0,0,-1,152,48,67,6.0,3.0,,0,0,0,,,Asia,4,1,0,0,0,0,0,0,0
Cambodia,1964,country,1956,2024,0.0,0.0,0.0,0.0,0.0,,,,,,,,,,,15,15,0,10,6.5,0,0,0,0,-1,164,47,67,12.0,0.0,0.0,0,0,4,BOX,0.0,Asia,8,2,0,0,0,0,0,0,0
Cambodia,1968,country,1956,2024,0.0,0.0,0.0,0.0,0.0,0.0,0.0,0.0,0.0,0.0,,,,,,0,0,0,0,,0,0,0,0,-1,174,47,67,14.0,4.0,,0,0,0,,,Asia,12,2,0,0,0,0,0,0,0
Cambodia,1972,country,1956,2024,0.0,0.0,0.0,0.0,0.0,0.0,0.0,0.0,0.0,0.0,,,,,,17,15,2,14,0.133333,0,0,0,0,-1,201,47,67,27.0,0.0,0.0,0,0,3,ATH,0.0,Asia,16,3,0,0,0,0,0,0,0
Cambodia,1976,country,1956,2024,0.0,0.0,0.0,0.0,0.0,0.0,0.0,0.0,0.0,0.0,0.0,0.0,0.0,0.0,0.0,0,0,0,0,,0,0,0,0,-1,199,48,68,8.0,10.0,,0,0,0,,,Asia,20,3,0,0,0,0,0,0,0
Cambodia,1980,country,1956,2024,0.0,0.0,0.0,0.0,0.0,0.0,0.0,0.0,0.0,0.0,0.0,0.0,0.0,0.0,0.0,0,0,0,0,,0,0,0,0,-1,204,47,67,6.0,1.0,,0,0,0,,,Asia,24,3,0,0,0,0,0,0,0
Cambodia,1984,country,1956,2024,0.0,0.0,0.0,0.0,0.0,0.0,0.0,0.0,0.0,0.0,0.0,0.0,0.0,0.0,0.0,0,0,0,0,,0,0,0,0,-1,225,46,66,21.0,0.0,,0,0,0,,,Asia,28,3,0,0,0,0,0,0,0
Cambodia,1988,country,1956,2024,0.0,0.0,0.0,0.0,0.0,0.0,0.0,0.0,0.0,0.0,0.0,0.0,0.0,0.0,0.0,0,0,0,0,,0,0,0,0,-1,243,47,67,19.0,1.0,,0,0,0,,,Asia,32,3,0,0,0,0,0,0,0
Cambodia,1992,country,1956,2024,0.0,0.0,0.0,0.0,0.0,0.0,0.0,0.0,0.0,0.0,0.0,0.0,0.0,0.0,0.0,0,0,0,0,,0,0,0,0,-1,265,48,68,23.0,1.0,,0,0,0,,,Asia,36,3,0,0,0,0,0,0,0
Cambodia,1996,country,1956,2024,0.0,0.0,0.0,0.0,0.0,0.0,0.0,0.0,0.0,0.0,0.0,0.0,0.0,0.0,0.0,5,3,2,5,-0.705882,0,0,0,0,-1,278,48,68,15.0,1.0,0.0,0,0,3,ATH,0.0,Asia,40,4,0,0,0,0,0,0,0
Cambodia,2000,country,1956,2024,0.0,0.0,0.0,0.0,0.0,0.0,0.0,0.0,0.0,0.0,0.0,0.0,0.0,0.0,0.0,4,2,2,4,-0.2,0,0,0,0,-1,299,48,68,24.0,4.0,0.0,0,0,2,ATH,0.0,Asia,44,5,0,0,0,0,0,0,0
Cambodia,2004,country,1956,2024,0.0,0.0,0.0,0.0,0.0,0.0,0.0,0.0,0.0,0.0,0.0,0.0,0.0,0.0,0.0,4,2,2,4,0.0,0,0,0,0,-1,301,48,68,4.0,2.0,0.0,0,0,2,ATH,0.0,Asia,48,6,0,0,0,0,0,0,0
Cambodia,2008,country,1956,2024,0.0,0.0,0.0,0.0,0.0,0.0,0.0,0.0,0.0,0.0,0.0,0.0,0.0,0.0,0.0,4,2,2,4,0.0,0,0,0,0,-1,302,48,68,5.0,4.0,0.0,0,0,2,ATH,0.0,Asia,52,7,0,0,0,0,0,0,0
Cambodia,2012,country,1956,2024,0.0,0.0,0.0,0.0,0.0,0.0,0.0,0.0,0.0,0.0,0.0,0.0,0.0,0.0,0.0,6,3,3,6,0.5,0,0,0,0,-1,302,48,68,2.0,2.0,0.0,0,0,4,ATH,0.0,Asia,56,8,0,0,0,0,0,0,0
Cambodia,2016,country,1956,2024,0.0,0.0,0.0,0.0,0.0,0.0,0.0,0.0,0.0,0.0,0.0,0.0,0.0,0.0,0.0,6,2,4,6,0.0,0,0,0,0,-1,306,48,68,5.0,1.0,0.0,0,0,4,ATH,0.0,Asia,60,9,0,0,0,0,0,0,0
Cambodia,2020,country,1956,2024,0.0,0.0,0.0,0.0,0.0,0.0,0.0,0.0,0.0,0.0,0.0,0.0,0.0,0.0,0.0,3,2,1,3,-0.5,0,0,0,0,-1,316,48,68,33.0,23.0,0.0,0,0,2,ATH,0.0,Asia,64,10,0,0,0,0,0,0,0
Cambodia,2024,country,1956,2024,0.0,0.0,0.0,0.0,0.0,0.0,0.0,0.0,0.0,0.0,0.0,0.0,0.0,0.0,0.0,3,2,1,3,0.0,0,0,0,0,-1,297,48,68,6.0,25.0,0.0,0,0,2,ATH,0.0,Asia,68,11,0,0,0,0,0,0,0
Cameroon,1964,country,1964,2024,,,,,,,,,,,,,,,,2,2,0,2,,0,0,0,0,-1,164,47,67,12.0,0.0,0.0,0,0,1,ATH,0.0,Africa,0,1,0,0,0,0,0,0,0
Cameroon,1968,country,1964,2024,0.0,0.0,0.0,0.0,0.0,,,,,,,,,,,5,5,0,5,1.5,0,0,0,0,-1,174,47,67,14.0,4.0,0.054545,0,0,2,BOX,0.054545,Africa,4,2,0,0,0,1,0,1,1
Cameroon,1972,country,1964,2024,0.0,1.0,0.0,1.0,1.0,0.0,0.0,0.0,0.0,0.0,,,,,,18,18,0,12,2.6,0,0,0,0,-1,201,47,67,27.0,0.0,0.02246,0,0,3,BOX,0.02246,Africa,8,3,0,0,0,0,0,0,0
Cameroon,1976,country,1964,2024,0.0,0.0,0.0,0.0,0.0,0.0,1.0,0.0,1.0,1.0,0.0,0.0,0.0,0.0,0.0,4,4,0,1,-0.777778,0,0,0,0,-1,199,48,68,8.0,10.0,0.0,0,0,1,CRD,0.0,Africa,12,4,0,0,0,0,0,0,0
Cameroon,1980,country,1964,2024,0.0,0.0,0.0,0.0,0.0,0.0,0.0,0.0,0.0,0.0,0.0,1.0,0.0,1.0,1.0,29,25,4,23,6.25,0,0,0,0,-1,204,47,67,6.0,1.0,0.0,0,0,5,ATH,0.0,Africa,16,5,0,0,0,0,0,0,0
Cameroon,1984,country,1964,2024,0.0,0.0,0.0,0.0,0.0,0.0,0.0,0.0,0.0,0.0,0.0,0.0,0.0,0.0,0.0,56,50,6,32,0.931034,0,0,0,0,-1,225,46,66,21.0,0.0,0.009804,0,0,6,BOX,0.009804,Africa,20,6,0,0,0,0,1,1,1
Cameroon,1988,country,1964,2024,0.0,0.0,1.0,1.0,1.0,0.0,0.0,0.0,0.0,0.0,0.0,0.0,0.0,0.0,0.0,21,17,4,21,-0.625,0,0,0,0,-1,243,47,67,19.0,1.0,0.005303,0,0,5,BOX,0.005303,Africa,24,7,0,0,0,0,0,0,0
Cameroon,1992,country,1964,2024,0.0,0.0,0.0,0.0,0.0,0.0,0.0,1.0,1.0,1.0,0.0,0.0,0.0,0.0,0.0,12,4,8,9,-0.428571,0,0,0,0,-1,265,48,68,23.0,1.0,0.0,0,0,2,ATH,0.0,Africa,28,8,0,0,0,0,0,0,0
Cameroon,1996,country,1964,2024,0.0,0.0,0.0,0.0,0.0,0.0,0.0,0.0,0.0,0.0,0.0,0.0,1.0,1.0,1.0,19,13,6,13,0.583333,0,0,0,0,-1,278,48,68,15.0,1.0,0.0,0,0,5,ATH,0.0,Africa,32,9,0,0,0,0,0,0,0
Cameroon,2000,country,1964,2024,0.0,0.0,0.0,0.0,0.0,0.0,0.0,0.0,0.0,0.0,0.0,0.0,0.0,0.0,0.0,39,28,11,14,1.052632,0,0,0,0,-1,299,48,68,24.0,4.0,0.5,0,0,4,FBL,0.5,Africa,36,10,0,0,1,0,0,1,1
Cameroon,2004,country,1964,2024,1.0,0.0,0.0,1.0,1.0,0.0,0.0,0.0,0.0,0.0,0.0,0.0,0.0,0.0,0.0,19,10,9,15,-0.512821,0,0,0,0,-1,301,48,68,4.0,2.0,0.009881,0,0,5,ATH,0.009881,Africa,40,11,0,0,1,0,0,1,1
Cameroon,2008,country,1964,2024,1.0,0.0,0.0,1.0,1.0,1.0,0.0,0.0,1.0,1.0,0.0,0.0,0.0,0.0,0.0,32,25,7,16,0.684211,0,0,0,0,-1,302,48,68,5.0,4.0,0.183255,0,0,9,FBL,0.166667,Africa,44,12,0,0,1,0,0,1,1
Cameroon,2012,country,1964,2024,1.0,0.0,0.0,1.0,1.0,1.0,0.0,0.0,1.0,1.0,1.0,0.0,0.0,1.0,1.0,32,10,22,16,0.0,0,0,0,0,-1,302,48,68,2.0,2.0,0.011711,0,0,9,ATH,0.011711,Africa,48,13,0,0,0,0,0,0,0
Cameroon,2016,country,1964,2024,0.0,0.0,0.0,0.0,0.0,1.0,0.0,0.0,1.0,1.0,1.0,0.0,0.0,1.0,1.0,22,5,17,13,-0.3125,0,0,0,0,-1,306,48,68,5.0,1.0,0.004836,0,0,6,ATH,0.004836,Africa,52,14,0,0,0,0,0,0,0
Cameroon,2020,country,1964,2024,0.0,0.0,0.0,0.0,0.0,0.0,0.0,0.0,0.0,0.0,1.0,0.0,0.0,1.0,1.0,12,5,7,12,-0.454545,0,0,0,0,-1,316,48,68,33.0,23.0,0.0,0,0,7,ATH,0.0,Africa,56,15,0,0,0,0,0,0,0
Cameroon,2024,country,1964,2024,0.0,0.0,0.0,0.0,0.0,0.0,0.0,0.0,0.0,0.0,0.0,0.0,0.0,0.0,0.0,6,2,4,6,-0.5,0,0,0,0,-1,297,48,68,6.0,25.0,0.0,0,0,4,ATH,0.0,Africa,60,16,0,0,0,0,0,0,0
Canada,1900,country,1900,2024,,,,,,,,,,,,,,,,7,7,0,5,,0,0,0,0,-1,97,47,66,65.0,12.0,0.059848,0,0,1,ATH,0.059848,Americas,0,1,0,0,1,0,1,2,1
Canada,1904,country,1900,2024,1.0,0.0,1.0,2.0,1.0,,,,,,,,,,,60,60,0,15,7.571429,0,0,0,0,-1,95,48,67,36.0,38.0,3.069153,0,2,4,LAX,1.4,Americas,4,2,1,1,4,1,1,6,1
Canada,1908,country,1900,2024,4.0,1.0,1.0,6.0,1.0,1.0,0.0,1.0,2.0,1.0,,,,,,146,146,0,42,1.433333,0,0,0,0,-1,104,48,67,35.0,26.0,1.672946,0,1,10,LAX,1.164706,Americas,8,3,0,0,3,3,10,16,1
Canada,1912,country,1900,2024,3.0,3.0,10.0,16.0,1.0,4.0,1.0,1.0,6.0,1.0,1.0,0.0,1.0,2.0,1.0,60,60,0,30,-0.589041,0,0,0,0,-1,102,48,67,25.0,28.0,0.400653,0,0,6,SWM,0.130719,Americas,12,4,0,0,3,2,3,8,1
Canada,1920,country,1900,2024,3.0,2.0,3.0,8.0,1.0,3.0,3.0,10.0,16.0,1.0,4.0,1.0,1.0,6.0,1.0,85,85,0,39,0.416667,0,0,0,0,-1,156,48,67,58.0,4.0,0.709641,0,0,9,BOX,0.375,Americas,20,5,0,0,3,3,3,9,1
Canada,1924,country,1900,2024,3.0,3.0,3.0,9.0,1.0,3.0,2.0,3.0,8.0,1.0,3.0,3.0,10.0,16.0,1.0,83,83,0,39,-0.023529,0,0,0,0,-1,126,45,62,12.0,42.0,0.419524,0,0,9,BOX,0.183824,Americas,24,6,0,0,0,3,1,4,1
Canada,1928,country,1900,2024,0.0,3.0,1.0,4.0,1.0,3.0,3.0,3.0,9.0,1.0,3.0,2.0,3.0,8.0,1.0,107,95,12,49,0.289157,0,0,0,0,-1,110,48,68,3.0,19.0,0.48235700000000004,0,0,8,BOX,0.123864,Americas,28,7,0,0,4,4,7,15,1
Canada,1932,country,1900,2024,4.0,4.0,7.0,15.0,1.0,0.0,3.0,1.0,4.0,1.0,3.0,3.0,3.0,9.0,1.0,149,123,26,69,0.392523,0,0,0,0,-1,127,48,67,18.0,1.0,0.669453,0,0,10,SAL,0.188889,Americas,32,8,0,0,2,5,9,16,1
Canada,1936,country,1900,2024,2.0,5.0,9.0,16.0,1.0,4.0,4.0,7.0,15.0,1.0,0.0,3.0,1.0,4.0,1.0,164,137,27,69,0.100671,0,0,0,0,-1,129,48,67,4.0,2.0,1.297204,0,0,12,BKB,0.6,Americas,36,9,0,0,1,3,5,9,1
Canada,1948,country,1900,2024,1.0,3.0,5.0,9.0,1.0,2.0,5.0,9.0,16.0,1.0,4.0,4.0,7.0,15.0,1.0,188,156,32,83,0.146341,0,0,0,0,-1,136,48,68,9.0,2.0,0.623237,0,0,13,BKB,0.247059,Americas,48,10,0,0,0,2,2,4,1
Canada,1952,country,1900,2024,0.0,2.0,2.0,4.0,1.0,1.0,3.0,5.0,9.0,1.0,2.0,5.0,9.0,16.0,1.0,154,128,26,74,-0.180851,0,0,0,0,-1,149,48,68,12.0,0.0,0.47675300000000004,0,0,13,SHO,0.142857,Americas,52,11,0,0,1,2,0,3,1
Canada,1956,country,1900,2024,1.0,2.0,0.0,3.0,1.0,0.0,2.0,2.0,4.0,1.0,1.0,3.0,5.0,9.0,1.0,150,116,34,84,-0.025974,0,0,0,0,-1,149,48,68,2.0,2.0,0.541174,0,0,18,SHO,0.176471,Americas,56,12,0,0,2,1,3,6,1
Canada,1960,country,1900,2024,2.0,1.0,3.0,6.0,1.0,1.0,2.0,0.0,3.0,1.0,0.0,2.0,2.0,4.0,1.0,140,108,32,77,-0.066667,0,0,0,0,-1,152,48,67,6.0,3.0,0.34723699999999996,0,0,14,ROW,0.111688,Americas,60,13,0,0,0,1,0,1,1
Canada,1964,country,1900,2024,0.0,1.0,0.0,1.0,1.0,2.0,1.0,3.0,6.0,1.0,1.0,2.0,0.0,3.0,1.0,194,150,44,92,0.385714,0,0,0,0,-1,164,47,67,12.0,0.0,0.374964,0,0,17,JUD,0.15,Americas,64,14,0,0,1,2,1,4,1
Canada,1968,country,1900,2024,1.0,2.0,1.0,4.0,1.0,0.0,1.0,0.0,1.0,1.0,2.0,1.0,3.0,6.0,1.0,291,212,79,124,0.5,0,0,0,0,-1,174,47,67,14.0,4.0,0.608256,0,0,18,EJP,0.5,Americas,68,15,0,0,1,3,1,5,1
Canada,1972,country,1900,2024,1.0,3.0,1.0,5.0,1.0,1.0,2.0,1.0,4.0,1.0,0.0,1.0,0.0,1.0,1.0,344,236,108,136,0.182131,0,1,0,1,-1,201,47,67,27.0,0.0,0.380452,0,0,23,EJP,0.205882,Americas,72,16,0,0,0,2,3,5,1
Canada,1976,country,1900,2024,0.0,2.0,3.0,5.0,1.0,1.0,3.0,1.0,5.0,1.0,1.0,2.0,1.0,4.0,1.0,531,330,201,173,0.543605,1,0,0,2,-1,199,48,68,8.0,10.0,0.405498,0,0,27,EJP,0.25,Americas,76,17,0,0,0,5,6,11,1
Canada,1980,country,1900,2024,0.0,5.0,6.0,11.0,1.0,0.0,2.0,3.0,5.0,1.0,1.0,3.0,1.0,5.0,1.0,0,0,0,0,,0,0,1,3,4,204,47,67,6.0,1.0,,0,0,0,,,Americas,80,17,0,0,0,0,0,0,0
Canada,1984,country,1900,2024,0.0,5.0,6.0,11.0,1.0,0.0,2.0,3.0,5.0,1.0,1.0,3.0,1.0,5.0,1.0,572,349,223,193,0.077213,0,0,0,0,8,225,46,66,21.0,0.0,3.129433,0,1,26,GRY,1.0,Americas,84,18,0,0,10,18,16,44,1
Canada,1988,country,1900,2024,10.0,18.0,16.0,44.0,1.0,0.0,5.0,6.0,11.0,1.0,0.0,2.0,3.0,5.0,1.0,503,322,181,193,-0.120629,0,0,0,0,12,243,47,67,19.0,1.0,2.3463730000000003,0,0,27,SWA,0.835294,Americas,88,19,0,0,3,2,5,10,1
Canada,1992,country,1900,2024,3.0,2.0,5.0,10.0,1.0,10.0,18.0,16.0,44.0,1.0,0.0,5.0,6.0,11.0,1.0,445,251,194,199,-0.115308,0,0,0,0,16,265,48,68,23.0,1.0,2.002523,0,0,29,SWA,0.878788,Americas,92,20,1,1,7,4,7,18,1
Canada,1996,country,1900,2024,7.0,4.0,7.0,18.0,1.0,3.0,2.0,5.0,10.0,1.0,10.0,18.0,16.0,44.0,1.0,408,206,202,189,-0.083146,0,0,0,0,20,278,48,68,15.0,1.0,2.031862,0,0,31,SWA,0.79697,Americas,96,21,1,2,3,11,8,22,1
Canada,2000,country,1900,2024,3.0,11.0,8.0,22.0,1.0,7.0,4.0,7.0,18.0,1.0,3.0,2.0,5.0,10.0,1.0,422,198,224,175,0.034314,0,0,0,0,24,299,48,68,24.0,4.0,2.400286,0,0,33,TRI,0.5,Americas,100,22,1,3,3,3,8,14,1
Canada,2004,country,1900,2024,3.0,3.0,8.0,14.0,1.0,3.0,11.0,8.0,22.0,1.0,7.0,4.0,7.0,18.0,1.0,391,200,191,151,-0.07346,0,0,0,0,28,301,48,68,4.0,2.0,1.709287,0,0,33,GTR,0.341176,Americas,104,23,1,1,3,6,3,12,1
Canada,2008,country,1900,2024,3.0,6.0,3.0,12.0,1.0,3.0,3.0,8.0,14.0,1.0,3.0,11.0,8.0,22.0,1.0,449,261,188,185,0.148338,0,0,0,0,32,302,48,68,5.0,4.0,1.842355,0,0,37,GTR,0.459091,Americas,108,24,0,0,3,9,7,19,1
Canada,2012,country,1900,2024,3.0,9.0,7.0,19.0,1.0,3.0,6.0,3.0,12.0,1.0,3.0,3.0,8.0,14.0,1.0,354,146,208,179,-0.211581,0,0,0,0,36,302,48,68,2.0,2.0,1.579129,0,0,34,GTR,0.486364,Americas,112,25,0,0,1,5,12,18,1
Canada,2016,country,1900,2024,1.0,5.0,12.0,18.0,1.0,3.0,9.0,7.0,19.0,1.0,3.0,6.0,3.0,12.0,1.0,405,151,254,175,0.144068,0,0,0,0,40,306,48,68,5.0,1.0,1.8033190000000001,0,0,37,GTR,0.522727,Americas,116,26,1,1,4,3,15,22,1
Canada,2020,country,1900,2024,4.0,3.0,15.0,22.0,1.0,1.0,5.0,12.0,18.0,1.0,3.0,9.0,7.0,19.0,1.0,509,194,315,182,0.25679,0,0,0,0,44,316,48,68,33.0,23.0,1.6839060000000001,0,0,37,SBL,0.4,Americas,120,27,0,0,7,6,11,24,1
Canada,2024,country,1900,2024,7.0,6.0,11.0,24.0,1.0,4.0,3.0,15.0,22.0,1.0,1.0,5.0,12.0,18.0,1.0,538,233,305,172,0.056974,0,0,0,0,48,297,48,68,6.0,25.0,1.710076,0,0,35,BKG,0.5,Americas,124,28,0,0,9,6,11,26,1
Cayman Islands,1976,country,1976,2024,,,,,,,,,,,,,,,,2,2,0,1,,0,0,0,0,-1,199,48,68,8.0,10.0,0.0,0,0,1,SAL,0.0,Americas,0,1,0,0,0,0,0,0,0
Cayman Islands,1980,country,1976,2024,0.0,0.0,0.0,0.0,0.0,,,,,,,,,,,0,0,0,0,,0,0,0,0,-1,204,47,67,6.0,1.0,,0,0,0,,,Americas,4,1,0,0,0,0,0,0,0
Cayman Islands,1984,country,1976,2024,0.0,0.0,0.0,0.0,0.0,,,,,,,,,,,14,13,1,7,6.0,0,0,0,0,-1,225,46,66,21.0,0.0,0.0,0,0,3,CRD,0.0,Americas,8,2,0,0,0,0,0,0,0
Cayman Islands,1988,country,1976,2024,0.0,0.0,0.0,0.0,0.0,0.0,0.0,0.0,0.0,0.0,,,,,,12,11,1,7,-0.142857,0,0,0,0,-1,243,47,67,19.0,1.0,0.0,0,0,3,ATH,0.0,Americas,12,3,0,0,0,0,0,0,0
Cayman Islands,1992,country,1976,2024,0.0,0.0,0.0,0.0,0.0,0.0,0.0,0.0,0.0,0.0,0.0,0.0,0.0,0.0,0.0,13,13,0,7,0.083333,0,0,0,0,-1,265,48,68,23.0,1.0,0.0,0,0,4,ATH,0.0,Americas,16,4,0,0,0,0,0,0,0
Cayman Islands,1996,country,1976,2024,0.0,0.0,0.0,0.0,0.0,0.0,0.0,0.0,0.0,0.0,0.0,0.0,0.0,0.0,0.0,9,8,1,7,-0.307692,0,0,0,0,-1,278,48,68,15.0,1.0,0.0,0,0,3,ATH,0.0,Americas,20,5,0,0,0,0,0,0,0
Cayman Islands,2000,country,1976,2024,0.0,0.0,0.0,0.0,0.0,0.0,0.0,0.0,0.0,0.0,0.0,0.0,0.0,0.0,0.0,4,1,3,4,-0.555556,0,0,0,0,-1,299,48,68,24.0,4.0,0.0,0,0,2,ATH,0.0,Americas,24,6,0,0,0,0,0,0,0
Cayman Islands,2004,country,1976,2024,0.0,0.0,0.0,0.0,0.0,0.0,0.0,0.0,0.0,0.0,0.0,0.0,0.0,0.0,0.0,8,5,3,8,1.0,0,0,0,0,-1,301,48,68,4.0,2.0,0.0,0,0,2,ATH,0.0,Americas,28,7,0,0,0,0,0,0,0
Cayman Islands,2008,country,1976,2024,0.0,0.0,0.0,0.0,0.0,0.0,0.0,0.0,0.0,0.0,0.0,0.0,0.0,0.0,0.0,6,5,1,6,-0.25,0,0,0,0,-1,302,48,68,5.0,4.0,0.0,0,0,2,ATH,0.0,Americas,32,8,0,0,0,0,0,0,0
Cayman Islands,2012,country,1976,2024,0.0,0.0,0.0,0.0,0.0,0.0,0.0,0.0,0.0,0.0,0.0,0.0,0.0,0.0,0.0,7,7,0,5,0.166667,0,0,0,0,-1,302,48,68,2.0,2.0,0.0,0,0,2,ATH,0.0,Americas,36,9,0,0,0,0,0,0,0
Cayman Islands,2016,country,1976,2024,0.0,0.0,0.0,0.0,0.0,0.0,0.0,0.0,0.0,0.0,0.0,0.0,0.0,0.0,0.0,5,3,2,5,-0.285714,0,0,0,0,-1,306,48,68,5.0,1.0,0.0,0,0,3,ATH,0.0,Americas,40,10,0,0,0,0,0,0,0
Cayman Islands,2020,country,1976,2024,0.0,0.0,0.0,0.0,0.0,0.0,0.0,0.0,0.0,0.0,0.0,0.0,0.0,0.0,0.0,9,2,7,9,0.8,0,0,0,0,-1,316,48,68,33.0,23.0,0.0,0,0,3,ATH,0.0,Americas,44,11,0,0,0,0,0,0,0
Cayman Islands,2024,country,1976,2024,0.0,0.0,0.0,0.0,0.0,0.0,0.0,0.0,0.0,0.0,0.0,0.0,0.0,0.0,0.0,5,3,2,5,-0.444444,0,0,0,0,-1,297,48,68,6.0,25.0,0.0,0,0,3,ATH,0.0,Americas,48,12,0,0,0,0,0,0,0
Central African Republic,1968,country,1968,2024,,,,,,,,,,,,,,,,1,1,0,1,,0,0,0,0,-1,174,47,67,14.0,4.0,0.0,0,0,1,ATH,0.0,Africa,0,1,0,0,0,0,0,0,0
Central African Republic,1972,country,1968,2024,0.0,0.0,0.0,0.0,0.0,,,,,,,,,,,0,0,0,0,,0,0,0,0,-1,201,47,67,27.0,0.0,,0,0,0,,,Africa,4,1,0,0,0,0,0,0,0
Central African Republic,1976,country,1968,2024,0.0,0.0,0.0,0.0,0.0,,,,,,,,,,,0,0,0,0,,0,0,0,0,-1,199,48,68,8.0,10.0,,0,0,0,,,Africa,8,1,0,0,0,0,0,0,0
Central African Republic,1980,country,1968,2024,0.0,0.0,0.0,0.0,0.0,,,,,,,,,,,0,0,0,0,,0,0,0,0,-1,204,47,67,6.0,1.0,,0,0,0,,,Africa,12,1,0,0,0,0,0,0,0
Central African Republic,1984,country,1968,2024,0.0,0.0,0.0,0.0,0.0,,,,,,,,,,,3,3,0,3,2.0,0,0,0,0,-1,225,46,66,21.0,0.0,0.0,0,0,2,ATH,0.0,Africa,16,2,0,0,0,0,0,0,0
Central African Republic,1988,country,1968,2024,0.0,0.0,0.0,0.0,0.0,0.0,0.0,0.0,0.0,0.0,,,,,,15,15,0,4,4.0,0,0,0,0,-1,243,47,67,19.0,1.0,0.0,0,0,3,ATH,0.0,Africa,20,3,0,0,0,0,0,0,0
Central African Republic,1992,country,1968,2024,0.0,0.0,0.0,0.0,0.0,0.0,0.0,0.0,0.0,0.0,0.0,0.0,0.0,0.0,0.0,21,18,3,16,0.4,0,0,0,0,-1,265,48,68,23.0,1.0,0.0,0,0,3,ATH,0.0,Africa,24,4,0,0,0,0,0,0,0
Central African Republic,1996,country,1968,2024,0.0,0.0,0.0,0.0,0.0,0.0,0.0,0.0,0.0,0.0,0.0,0.0,0.0,0.0,0.0,5,3,2,5,-0.761905,0,0,0,0,-1,278,48,68,15.0,1.0,0.0,0,0,1,ATH,0.0,Africa,28,5,0,0,0,0,0,0,0
Central African Republic,2000,country,1968,2024,0.0,0.0,0.0,0.0,0.0,0.0,0.0,0.0,0.0,0.0,0.0,0.0,0.0,0.0,0.0,3,1,2,3,-0.4,0,0,0,0,-1,299,48,68,24.0,4.0,0.0,0,0,2,ARC,0.0,Africa,32,6,0,0,0,0,0,0,0
Central African Republic,2004,country,1968,2024,0.0,0.0,0.0,0.0,0.0,0.0,0.0,0.0,0.0,0.0,0.0,0.0,0.0,0.0,0.0,4,2,2,4,0.333333,0,0,0,0,-1,301,48,68,4.0,2.0,0.0,0,0,3,ATH,0.0,Africa,36,7,0,0,0,0,0,0,0
Central African Republic,2008,country,1968,2024,0.0,0.0,0.0,0.0,0.0,0.0,0.0,0.0,0.0,0.0,0.0,0.0,0.0,0.0,0.0,3,2,1,3,-0.25,0,0,0,0,-1,302,48,68,5.0,4.0,0.0,0,0,2,ATH,0.0,Africa,40,8,0,0,0,0,0,0,0
Central African Republic,2012,country,1968,2024,0.0,0.0,0.0,0.0,0.0,0.0,0.0,0.0,0.0,0.0,0.0,0.0,0.0,0.0,0.0,6,3,3,6,1.0,0,0,0,0,-1,302,48,68,2.0,2.0,0.0,0,0,4,ATH,0.0,Africa,44,9,0,0,0,0,0,0,0
Central African Republic,2016,country,1968,2024,0.0,0.0,0.0,0.0,0.0,0.0,0.0,0.0,0.0,0.0,0.0,0.0,0.0,0.0,0.0,6,3,3,6,0.0,0,0,0,0,-1,306,48,68,5.0,1.0,0.0,0,0,4,ATH,0.0,Africa,48,10,0,0,0,0,0,0,0
Central African Republic,2020,country,1968,2024,0.0,0.0,0.0,0.0,0.0,0.0,0.0,0.0,0.0,0.0,0.0,0.0,0.0,0.0,0.0,2,1,1,2,-0.666667,0,0,0,0,-1,316,48,68,33.0,23.0,0.0,0,0,2,ATH,0.0,Africa,52,11,0,0,0,0,0,0,0
Central African Republic,2024,country,1968,2024,0.0,0.0,0.0,0.0,0.0,0.0,0.0,0.0,0.0,0.0,0.0,0.0,0.0,0.0,0.0,4,2,2,4,1.0,0,0,0,0,-1,297,48,68,6.0,25.0,0.0,0,0,3,ATH,0.0,Africa,56,12,0,0,0,0,0,0,0
Chad,1964,country,1964,2024,,,,,,,,,,,,,,,,2,2,0,2,,0,0,0,0,-1,164,47,67,12.0,0.0,0.0,0,0,1,ATH,0.0,Africa,0,1,0,0,0,0,0,0,0
Chad,1968,country,1964,2024,0.0,0.0,0.0,0.0,0.0,,,,,,,,,,,4,4,0,3,1.0,0,0,0,0,-1,174,47,67,14.0,4.0,0.0,0,0,1,ATH,0.0,Africa,4,2,0,0,0,0,0,0,0
Chad,1972,country,1964,2024,0.0,0.0,0.0,0.0,0.0,0.0,0.0,0.0,0.0,0.0,,,,,,5,5,0,4,0.25,0,0,0,0,-1,201,47,67,27.0,0.0,0.0,0,0,2,ATH,0.0,Africa,8,3,0,0,0,0,0,0,0
Chad,1976,country,1964,2024,0.0,0.0,0.0,0.0,0.0,0.0,0.0,0.0,0.0,0.0,0.0,0.0,0.0,0.0,0.0,0,0,0,0,,0,0,0,0,-1,199,48,68,8.0,10.0,,0,0,0,,,Africa,12,3,0,0,0,0,0,0,0
Chad,1980,country,1964,2024,0.0,0.0,0.0,0.0,0.0,0.0,0.0,0.0,0.0,0.0,0.0,0.0,0.0,0.0,0.0,0,0,0,0,,0,0,0,0,-1,204,47,67,6.0,1.0,,0,0,0,,,Africa,16,3,0,0,0,0,0,0,0
Chad,1984,country,1964,2024,0.0,0.0,0.0,0.0,0.0,0.0,0.0,0.0,0.0,0.0,0.0,0.0,0.0,0.0,0.0,3,3,0,3,-0.4,0,0,0,0,-1,225,46,66,21.0,0.0,0.0,0,0,1,ATH,0.0,Africa,20,4,0,0,0,0,0,0,0
Chad,1988,country,1964,2024,0.0,0.0,0.0,0.0,0.0,0.0,0.0,0.0,0.0,0.0,0.0,0.0,0.0,0.0,0.0,6,6,0,6,1.0,0,0,0,0,-1,243,47,67,19.0,1.0,0.0,0,0,1,ATH,0.0,Africa,24,5,0,0,0,0,0,0,0
Chad,1992,country,1964,2024,0.0,0.0,0.0,0.0,0.0,0.0,0.0,0.0,0.0,0.0,0.0,0.0,0.0,0.0,0.0,7,5,2,7,0.166667,0,0,0,0,-1,265,48,68,23.0,1.0,0.0,0,0,2,ATH,0.0,Africa,28,6,0,0,0,0,0,0,0
Chad,1996,country,1964,2024,0.0,0.0,0.0,0.0,0.0,0.0,0.0,0.0,0.0,0.0,0.0,0.0,0.0,0.0,0.0,4,3,1,4,-0.428571,0,0,0,0,-1,278,48,68,15.0,1.0,0.0,0,0,1,ATH,0.0,Africa,32,7,0,0,0,0,0,0,0
Chad,2000,country,1964,2024,0.0,0.0,0.0,0.0,0.0,0.0,0.0,0.0,0.0,0.0,0.0,0.0,0.0,0.0,0.0,3,1,2,3,-0.25,0,0,0,0,-1,299,48,68,24.0,4.0,0.0,0,0,1,ATH,0.0,Africa,36,8,0,0,0,0,0,0,0
Chad,2004,country,1964,2024,0.0,0.0,0.0,0.0,0.0,0.0,0.0,0.0,0.0,0.0,0.0,0.0,0.0,0.0,0.0,1,0,1,1,-0.666667,0,0,0,0,-1,301,48,68,4.0,2.0,0.0,0,0,1,ATH,0.0,Africa,40,9,0,0,0,0,0,0,0
Chad,2008,country,1964,2024,0.0,0.0,0.0,0.0,0.0,0.0,0.0,0.0,0.0,0.0,0.0,0.0,0.0,0.0,0.0,2,1,1,2,1.0,0,0,0,0,-1,302,48,68,5.0,4.0,0.0,0,0,1,ATH,0.0,Africa,44,10,0,0,0,0,0,0,0
Chad,2012,country,1964,2024,0.0,0.0,0.0,0.0,0.0,0.0,0.0,0.0,0.0,0.0,0.0,0.0,0.0,0.0,0.0,2,0,2,2,0.0,0,0,0,0,-1,302,48,68,2.0,2.0,0.0,0,0,2,ATH,0.0,Africa,48,11,0,0,0,0,0,0,0
Chad,2016,country,1964,2024,0.0,0.0,0.0,0.0,0.0,0.0,0.0,0.0,0.0,0.0,0.0,0.0,0.0,0.0,0.0,2,1,1,2,0.0,0,0,0,0,-1,306,48,68,5.0,1.0,0.0,0,0,1,ATH,0.0,Africa,52,12,0,0,0,0,0,0,0
Chad,2020,country,1964,2024,0.0,0.0,0.0,0.0,0.0,0.0,0.0,0.0,0.0,0.0,0.0,0.0,0.0,0.0,0.0,3,1,2,3,0.5,0,0,0,0,-1,316,48,68,33.0,23.0,0.0,0,0,3,ARC,0.0,Africa,56,13,0,0,0,0,0,0,0
Chad,2024,country,1964,2024,0.0,0.0,0.0,0.0,0.0,0.0,0.0,0.0,0.0,0.0,0.0,0.0,0.0,0.0,0.0,3,2,1,3,0.0,0,0,0,0,-1,297,48,68,6.0,25.0,0.0,0,0,3,ARC,0.0,Africa,60,14,0,0,0,0,0,0,0
Chile,1912,country,1912,2024,,,,,,,,,,,,,,,,28,28,0,16,,0,0,0,0,-1,102,48,67,25.0,28.0,0.0,0,0,4,ATH,0.0,Americas,0,1,0,0,0,0,0,0,0
Chile,1920,country,1912,2024,0.0,0.0,0.0,0.0,0.0,,,,,,,,,,,2,2,0,2,-0.928571,0,0,0,0,-1,156,48,67,58.0,4.0,0.0,0,0,1,ATH,0.0,Americas,8,2,0,0,0,0,0,0,0
Chile,1924,country,1912,2024,0.0,0.0,0.0,0.0,0.0,0.0,0.0,0.0,0.0,0.0,,,,,,18,18,0,12,8.0,0,0,0,0,-1,126,45,62,12.0,42.0,0.0,0,0,5,ATH,0.0,Americas,12,3,0,0,0,0,0,0,0
Chile,1928,country,1912,2024,0.0,0.0,0.0,0.0,0.0,0.0,0.0,0.0,0.0,0.0,0.0,0.0,0.0,0.0,0.0,46,46,0,22,1.555556,0,0,0,0,-1,110,48,68,3.0,19.0,0.010101,0,0,6,ATH,0.010101,Americas,16,4,0,0,0,1,0,1,1
Chile,1932,country,1912,2024,0.0,1.0,0.0,1.0,1.0,0.0,0.0,0.0,0.0,0.0,0.0,0.0,0.0,0.0,0.0,0,0,0,0,,0,0,0,0,-1,127,48,67,18.0,1.0,,0,0,0,,,Americas,20,4,0,0,0,0,0,0,0
Chile,1936,country,1912,2024,0.0,1.0,0.0,1.0,1.0,0.0,0.0,0.0,0.0,0.0,0.0,0.0,0.0,0.0,0.0,56,55,1,27,0.217391,0,0,0,0,-1,129,48,67,4.0,2.0,0.007407,0,0,9,ATH,0.007407,Americas,24,5,0,0,0,0,0,0,0
Chile,1948,country,1912,2024,0.0,0.0,0.0,0.0,0.0,0.0,1.0,0.0,1.0,1.0,0.0,0.0,0.0,0.0,0.0,72,64,8,31,0.285714,0,0,0,0,-1,136,48,68,9.0,2.0,0.0,0,0,10,ATH,0.0,Americas,36,6,0,0,0,0,0,0,0
Chile,1952,country,1912,2024,0.0,0.0,0.0,0.0,0.0,0.0,0.0,0.0,0.0,0.0,0.0,1.0,0.0,1.0,1.0,82,77,5,33,0.138889,0,0,0,0,-1,149,48,68,12.0,0.0,0.6,0,0,12,EJP,0.6,Americas,40,7,0,0,0,2,0,2,1
Chile,1956,country,1912,2024,0.0,2.0,0.0,2.0,1.0,0.0,0.0,0.0,0.0,0.0,0.0,0.0,0.0,0.0,0.0,43,41,2,22,-0.47561,0,0,0,0,-1,149,48,68,2.0,2.0,0.074688,0,0,9,BOX,0.066667,Americas,44,8,0,0,0,2,2,4,1
Chile,1960,country,1912,2024,0.0,2.0,2.0,4.0,1.0,0.0,2.0,0.0,2.0,1.0,0.0,0.0,0.0,0.0,0.0,9,8,1,8,-0.790698,0,0,0,0,-1,152,48,67,6.0,3.0,0.046791,0,0,3,BOX,0.041176,Americas,48,9,0,0,0,0,0,0,0
Chile,1964,country,1912,2024,0.0,0.0,0.0,0.0,0.0,0.0,2.0,2.0,4.0,1.0,0.0,2.0,0.0,2.0,1.0,16,16,0,13,0.777778,0,0,0,0,-1,164,47,67,12.0,0.0,0.026738,0,0,6,BOX,0.022727,Americas,52,10,0,0,0,0,0,0,0
Chile,1968,country,1912,2024,0.0,0.0,0.0,0.0,0.0,0.0,0.0,0.0,0.0,0.0,0.0,2.0,2.0,4.0,1.0,25,23,2,19,0.5625,0,0,0,0,-1,174,47,67,14.0,4.0,0.0,0,0,4,ATH,0.0,Americas,56,11,0,0,0,0,0,0,0
Chile,1972,country,1912,2024,0.0,0.0,0.0,0.0,0.0,0.0,0.0,0.0,0.0,0.0,0.0,0.0,0.0,0.0,0.0,13,11,2,9,-0.48,0,0,0,0,-1,201,47,67,27.0,0.0,0.0,0,0,5,ATH,0.0,Americas,60,12,0,0,0,0,0,0,0
Chile,1976,country,1912,2024,0.0,0.0,0.0,0.0,0.0,0.0,0.0,0.0,0.0,0.0,0.0,0.0,0.0,0.0,0.0,9,9,0,8,-0.307692,0,0,0,0,-1,199,48,68,8.0,10.0,0.0,0,0,4,ATH,0.0,Americas,64,13,0,0,0,0,0,0,0
Chile,1980,country,1912,2024,0.0,0.0,0.0,0.0,0.0,0.0,0.0,0.0,0.0,0.0,0.0,0.0,0.0,0.0,0.0,0,0,0,0,,0,0,0,0,-1,204,47,67,6.0,1.0,,0,0,0,,,Americas,68,13,0,0,0,0,0,0,0
Chile,1984,country,1912,2024,0.0,0.0,0.0,0.0,0.0,0.0,0.0,0.0,0.0,0.0,0.0,0.0,0.0,0.0,0.0,64,60,4,25,6.111111,0,0,0,0,-1,225,46,66,21.0,0.0,0.0,0,0,9,ATH,0.0,Americas,72,14,0,0,0,0,0,0,0
Chile,1988,country,1912,2024,0.0,0.0,0.0,0.0,0.0,0.0,0.0,0.0,0.0,0.0,0.0,0.0,0.0,0.0,0.0,23,22,1,14,-0.640625,0,0,0,0,-1,243,47,67,19.0,1.0,0.027149,0,0,6,SHO,0.027149,Americas,76,15,0,0,0,1,0,1,1
Chile,1992,country,1912,2024,0.0,1.0,0.0,1.0,1.0,0.0,0.0,0.0,0.0,0.0,0.0,0.0,0.0,0.0,0.0,15,12,3,12,-0.347826,0,0,0,0,-1,265,48,68,23.0,1.0,0.014685,0,0,8,SHO,0.014685,Americas,80,16,0,0,0,0,0,0,0
Chile,1996,country,1912,2024,0.0,0.0,0.0,0.0,0.0,0.0,1.0,0.0,1.0,1.0,0.0,0.0,0.0,0.0,0.0,24,18,6,18,0.6,0,0,0,0,-1,278,48,68,15.0,1.0,0.01049,0,0,11,SHO,0.01049,Americas,84,17,0,0,0,0,0,0,0
Chile,2000,country,1912,2024,0.0,0.0,0.0,0.0,0.0,0.0,0.0,0.0,0.0,0.0,0.0,1.0,0.0,1.0,1.0,58,50,8,28,1.416667,0,0,0,0,-1,299,48,68,24.0,4.0,0.2,0,0,14,FBL,0.2,Americas,88,18,0,0,0,0,1,1,1
Chile,2004,country,1912,2024,0.0,0.0,1.0,1.0,1.0,0.0,0.0,0.0,0.0,0.0,0.0,0.0,0.0,0.0,0.0,29,21,8,25,-0.5,0,0,0,0,-1,301,48,68,4.0,2.0,0.272727,0,0,13,TEN,0.272727,Americas,92,19,0,0,2,0,1,3,1
Chile,2008,country,1912,2024,2.0,0.0,1.0,3.0,1.0,0.0,0.0,1.0,1.0,1.0,0.0,0.0,0.0,0.0,0.0,29,22,7,26,0.0,0,0,0,0,-1,302,48,68,5.0,4.0,0.259091,0,0,16,TEN,0.259091,Americas,96,20,0,0,0,1,0,1,1
Chile,2012,country,1912,2024,0.0,1.0,0.0,1.0,1.0,2.0,0.0,1.0,3.0,1.0,0.0,0.0,1.0,1.0,1.0,44,26,18,36,0.517241,0,0,0,0,-1,302,48,68,2.0,2.0,0.0,0,0,18,ARC,0.0,Americas,100,21,0,0,0,0,0,0,0
Chile,2016,country,1912,2024,0.0,0.0,0.0,0.0,0.0,0.0,1.0,0.0,1.0,1.0,2.0,0.0,1.0,3.0,1.0,47,26,21,36,0.068182,0,0,0,0,-1,306,48,68,5.0,1.0,0.05,0,0,16,TEN,0.05,Americas,104,22,0,0,0,0,0,0,0
Chile,2020,country,1912,2024,0.0,0.0,0.0,0.0,0.0,0.0,0.0,0.0,0.0,0.0,0.0,1.0,0.0,1.0,1.0,63,20,43,34,0.340426,0,0,0,0,-1,316,48,68,33.0,23.0,0.0,0,0,24,ARC,0.0,Americas,108,23,0,0,0,0,0,0,0
Chile,2024,country,1912,2024,0.0,0.0,0.0,0.0,0.0,0.0,0.0,0.0,0.0,0.0,0.0,0.0,0.0,0.0,0.0,52,32,20,34,-0.174603,0,0,0,0,-1,297,48,68,6.0,25.0,0.089127,0,0,19,WRG,0.058824,Americas,112,24,0,0,1,1,0,2,1
China,1932,country,1932,2024,,,,,,,,,,,,,,,,2,2,0,2,,0,0,0,0,-1,127,48,67,18.0,1.0,0.0,0,0,1,ATH,0.0,Asia,0,1,0,0,0,0,0,0,0
China,1936,country,1932,2024,0.0,0.0,0.0,0.0,0.0,,,,,,,,,,,65,62,3,27,31.5,0,0,0,0,-1,129,48,67,4.0,2.0,0.0,0,0,7,ATH,0.0,Asia,4,2,0,0,0,0,0,0,0
China,1948,country,1932,2024,0.0,0.0,0.0,0.0,0.0,0.0,0.0,0.0,0.0,0.0,,,,,,33,32,1,12,-0.492308,0,0,0,0,-1,136,48,68,9.0,2.0,0.0,0,0,5,ATH,0.0,Asia,16,3,0,0,0,0,0,0,0
China,1952,country,1932,2024,0.0,0.0,0.0,0.0,0.0,0.0,0.0,0.0,0.0,0.0,0.0,0.0,0.0,0.0,0.0,1,1,0,1,-0.969697,0,0,0,0,-1,149,48,68,12.0,0.0,0.0,0,0,1,SWM,0.0,Asia,20,4,0,0,0,0,0,0,0
China,1956,country,1932,2024,0.0,0.0,0.0,0.0,0.0,0.0,0.0,0.0,0.0,0.0,0.0,0.0,0.0,0.0,0.0,0,0,0,0,,0,0,0,0,-1,149,48,68,2.0,2.0,,0,0,0,,,Asia,24,4,0,0,0,0,0,0,0
China,1960,country,1932,2024,0.0,0.0,0.0,0.0,0.0,0.0,0.0,0.0,0.0,0.0,0.0,0.0,0.0,0.0,0.0,0,0,0,0,,0,0,0,0,-1,152,48,67,6.0,3.0,,0,0,0,,,Asia,28,4,0,0,0,0,0,0,0
China,1964,country,1932,2024,0.0,0.0,0.0,0.0,0.0,0.0,0.0,0.0,0.0,0.0,0.0,0.0,0.0,0.0,0.0,0,0,0,0,,0,0,0,0,-1,164,47,67,12.0,0.0,,0,0,0,,,Asia,32,4,0,0,0,0,0,0,0
China,1968,country,1932,2024,0.0,0.0,0.0,0.0,0.0,0.0,0.0,0.0,0.0,0.0,0.0,0.0,0.0,0.0,0.0,0,0,0,0,,0,0,0,0,-1,174,47,67,14.0,4.0,,0,0,0,,,Asia,36,4,0,0,0,0,0,0,0
China,1972,country,1932,2024,0.0,0.0,0.0,0.0,0.0,0.0,0.0,0.0,0.0,0.0,0.0,0.0,0.0,0.0,0.0,0,0,0,0,,0,0,0,0,-1,201,47,67,27.0,0.0,,0,0,0,,,Asia,40,4,0,0,0,0,0,0,0
China,1976,country,1932,2024,0.0,0.0,0.0,0.0,0.0,0.0,0.0,0.0,0.0,0.0,0.0,0.0,0.0,0.0,0.0,0,0,0,0,,0,0,0,0,-1,199,48,68,8.0,10.0,,0,0,0,,,Asia,44,4,0,0,0,0,0,0,0
China,1980,country,1932,2024,0.0,0.0,0.0,0.0,0.0,0.0,0.0,0.0,0.0,0.0,0.0,0.0,0.0,0.0,0.0,0,0,0,0,,0,0,0,0,-1,204,47,67,6.0,1.0,,0,0,0,,,Asia,48,4,0,0,0,0,0,0,0
China,1984,country,1932,2024,0.0,0.0,0.0,0.0,0.0,0.0,0.0,0.0,0.0,0.0,0.0,0.0,0.0,0.0,0.0,323,200,123,105,322.0,0,0,0,0,-1,225,46,66,21.0,0.0,3.287381,0,0,20,GAR,0.551261,Asia,52,5,0,0,15,8,9,32,1
China,1988,country,1932,2024,15.0,8.0,9.0,32.0,1.0,0.0,0.0,0.0,0.0,0.0,0.0,0.0,0.0,0.0,0.0,427,233,194,150,0.321981,0,0,0,0,-1,243,47,67,19.0,1.0,3.301887,0,0,27,TTE,0.9,Asia,56,6,1,1,5,11,12,28,1
China,1992,country,1932,2024,5.0,11.0,12.0,28.0,1.0,15.0,8.0,9.0,32.0,1.0,0.0,0.0,0.0,0.0,0.0,394,189,205,144,-0.077283,0,0,0,0,-1,265,48,68,23.0,1.0,3.895791,0,1,24,TTE,1.021849,Asia,60,7,1,2,16,22,15,53,1
China,1996,country,1932,2024,16.0,22.0,15.0,53.0,1.0,5.0,11.0,12.0,28.0,1.0,15.0,8.0,9.0,32.0,1.0,438,179,259,155,0.111675,0,0,0,0,-1,278,48,68,15.0,1.0,4.952556,0,2,26,TTE,1.261364,Asia,64,8,1,2,16,22,12,50,1
China,2000,country,1932,2024,16.0,22.0,12.0,50.0,1.0,16.0,22.0,15.0,53.0,1.0,5.0,11.0,12.0,28.0,1.0,414,159,255,163,-0.054795,0,0,0,0,-1,299,48,68,24.0,4.0,5.288292,0,2,28,TTE,1.449351,Asia,68,9,1,3,28,16,14,58,1
China,2004,country,1932,2024,28.0,16.0,14.0,58.0,1.0,16.0,22.0,12.0,50.0,1.0,16.0,22.0,15.0,53.0,1.0,518,201,317,204,0.251208,0,1,0,1,-1,301,48,68,4.0,2.0,5.790881,0,1,34,TTE,1.345455,Asia,72,10,1,4,32,17,14,63,1
China,2008,country,1932,2024,32.0,17.0,14.0,63.0,1.0,28.0,16.0,14.0,58.0,1.0,16.0,22.0,12.0,50.0,1.0,730,376,354,257,0.409266,1,0,0,2,-1,302,48,68,5.0,4.0,7.962779,0,3,38,TTE,1.384091,Asia,76,11,1,3,51,21,28,100,1
China,2012,country,1932,2024,51.0,21.0,28.0,100.0,1.0,32.0,17.0,14.0,63.0,1.0,28.0,16.0,14.0,58.0,1.0,479,212,267,206,-0.343836,0,0,1,3,4,302,48,68,2.0,2.0,8.406818,0,3,30,TTE,1.318182,Asia,80,12,1,2,38,27,23,88,1
China,2016,country,1932,2024,38.0,27.0,23.0,88.0,1.0,51.0,21.0,28.0,100.0,1.0,32.0,17.0,14.0,63.0,1.0,499,204,295,209,0.041754,0,0,0,0,8,306,48,68,5.0,1.0,8.053057,0,2,33,TTE,1.345455,Asia,84,13,1,2,26,18,26,70,1
China,2020,country,1932,2024,26.0,18.0,26.0,70.0,1.0,38.0,27.0,23.0,88.0,1.0,51.0,21.0,28.0,100.0,1.0,574,206,368,210,0.150301,0,0,0,0,12,316,48,68,33.0,23.0,7.313368,0,2,32,TTE,1.163636,Asia,88,14,0,0,37,30,18,85,1
China,2024,country,1932,2024,37.0,30.0,18.0,85.0,1.0,26.0,18.0,26.0,70.0,1.0,38.0,27.0,23.0,88.0,1.0,587,228,359,211,0.022648,0,0,0,0,16,297,48,68,6.0,25.0,8.366324,0,2,34,DIV,1.1875,Asia,92,15,0,0,38,26,24,88,1
Chinese Taipei,1956,historical_same,1956,2024,,,,,,,,,,,,,,,,23,23,0,13,,0,0,0,0,-1,149,48,68,2.0,2.0,0.0,0,0,5,ATH,0.0,Asia,0,1,0,0,0,0,0,0,0
Chinese Taipei,1960,historical_same,1956,2024,0.0,0.0,0.0,0.0,0.0,,,,,,,,,,,31,27,4,18,0.347826,0,0,0,0,-1,152,48,67,6.0,3.0,0.010084,0,0,6,ATH,0.010084,Asia,4,2,0,0,0,1,0,1,1
Chinese Taipei,1964,historical_same,1956,2024,0.0,1.0,0.0,1.0,1.0,0.0,0.0,0.0,0.0,0.0,,,,,,96,86,10,46,2.096774,0,0,0,0,-1,164,47,67,12.0,0.0,0.005455,0,0,8,ATH,0.005455,Asia,8,3,0,0,0,0,0,0,0
Chinese Taipei,1968,historical_same,1956,2024,0.0,0.0,0.0,0.0,0.0,0.0,1.0,0.0,1.0,1.0,0.0,0.0,0.0,0.0,0.0,93,62,31,57,-0.03125,0,0,0,0,-1,174,47,67,14.0,4.0,0.008947,0,0,9,ATH,0.008947,Asia,12,4,0,0,0,0,1,1,1
Chinese Taipei,1972,historical_same,1956,2024,0.0,0.0,1.0,1.0,1.0,0.0,0.0,0.0,0.0,0.0,0.0,1.0,0.0,1.0,1.0,44,29,15,41,-0.526882,0,0,0,0,-1,201,47,67,27.0,0.0,0.003535,0,0,11,ATH,0.003535,Asia,16,5,0,0,0,0,0,0,0
Chinese Taipei,1976,historical_same,1956,2024,0.0,0.0,0.0,0.0,0.0,0.0,0.0,1.0,1.0,1.0,0.0,0.0,0.0,0.0,0.0,0,0,0,0,,0,0,0,0,-1,199,48,68,8.0,10.0,,0,0,0,,,Asia,20,5,0,0,0,0,0,0,0
Chinese Taipei,1980,historical_same,1956,2024,0.0,0.0,0.0,0.0,0.0,0.0,0.0,1.0,1.0,1.0,0.0,0.0,0.0,0.0,0.0,0,0,0,0,,0,0,0,0,-1,204,47,67,6.0,1.0,,0,0,0,,,Asia,24,5,0,0,0,0,0,0,0
Chinese Taipei,1984,historical_same,1956,2024,0.0,0.0,0.0,0.0,0.0,0.0,0.0,1.0,1.0,1.0,0.0,0.0,0.0,0.0,0.0,52,39,13,40,0.181818,0,0,0,0,-1,225,46,66,21.0,0.0,0.04,0,0,12,WLF,0.04,Asia,28,6,0,0,0,0,1,1,1
Chinese Taipei,1988,historical_same,1956,2024,0.0,0.0,1.0,1.0,1.0,0.0,0.0,0.0,0.0,0.0,0.0,0.0,1.0,1.0,1.0,123,73,50,84,1.365385,0,0,0,0,-1,243,47,67,19.0,1.0,0.016471,0,0,14,WLF,0.016471,Asia,32,7,1,1,0,0,0,0,0
Chinese Taipei,1992,historical_same,1956,2024,0.0,0.0,0.0,0.0,0.0,0.0,0.0,1.0,1.0,1.0,0.0,0.0,0.0,0.0,0.0,38,26,12,15,-0.691057,0,0,0,0,-1,265,48,68,23.0,1.0,0.6090909999999999,0,0,8,BSB,0.6,Asia,36,8,0,0,0,1,0,1,1
Chinese Taipei,1996,historical_same,1956,2024,0.0,1.0,0.0,1.0,1.0,0.0,0.0,0.0,0.0,0.0,0.0,0.0,1.0,1.0,1.0,107,41,66,63,1.815789,0,0,0,0,-1,278,48,68,15.0,1.0,0.1,0,0,14,TTE,0.1,Asia,40,9,1,1,0,1,0,1,1
Chinese Taipei,2000,historical_same,1956,2024,0.0,1.0,0.0,1.0,1.0,0.0,1.0,0.0,1.0,1.0,0.0,0.0,0.0,0.0,0.0,75,33,42,59,-0.299065,0,0,0,0,-1,299,48,68,24.0,4.0,0.25089100000000003,0,0,15,TTE,0.120588,Asia,44,10,1,1,0,1,4,5,1
Chinese Taipei,2004,historical_same,1956,2024,0.0,1.0,4.0,5.0,1.0,0.0,1.0,0.0,1.0,1.0,0.0,1.0,0.0,1.0,1.0,104,57,47,52,0.386667,0,0,0,0,-1,301,48,68,4.0,2.0,0.43311,0,0,14,TKW,0.232353,Asia,48,11,0,0,2,2,1,5,1
Chinese Taipei,2008,historical_same,1956,2024,2.0,2.0,1.0,5.0,1.0,0.0,1.0,4.0,5.0,1.0,0.0,1.0,0.0,1.0,1.0,92,48,44,41,-0.115385,0,0,0,0,-1,302,48,68,5.0,4.0,0.29053,0,0,15,TKW,0.148864,Asia,52,12,0,0,0,0,4,4,1
Chinese Taipei,2012,historical_same,1956,2024,0.0,0.0,4.0,4.0,1.0,2.0,2.0,1.0,5.0,1.0,0.0,1.0,4.0,5.0,1.0,55,22,33,40,-0.402174,0,0,0,0,-1,302,48,68,2.0,2.0,0.193106,0,0,15,TKW,0.101136,Asia,56,13,0,0,0,1,1,2,1
Chinese Taipei,2016,historical_same,1956,2024,0.0,1.0,1.0,2.0,1.0,0.0,0.0,4.0,4.0,1.0,2.0,2.0,1.0,5.0,1.0,67,31,36,46,0.218182,0,0,0,0,-1,306,48,68,5.0,1.0,0.132046,0,0,19,WLF,0.067273,Asia,60,14,0,0,1,0,2,3,1
Chinese Taipei,2020,historical_same,1956,2024,1.0,0.0,2.0,3.0,1.0,0.0,1.0,1.0,2.0,1.0,0.0,0.0,4.0,4.0,1.0,117,71,46,61,0.746269,0,0,0,0,-1,316,48,68,33.0,23.0,0.5963769999999999,0,0,18,BDM,0.168182,Asia,64,15,0,0,2,4,6,12,1
Chinese Taipei,2024,historical_same,1956,2024,2.0,4.0,6.0,12.0,1.0,1.0,0.0,2.0,3.0,1.0,0.0,1.0,1.0,2.0,1.0,78,35,43,47,-0.333333,0,0,0,0,-1,297,48,68,6.0,25.0,0.539528,0,0,16,BDM,0.231364,Asia,68,16,0,0,2,0,5,7,1
Colombia,1900,country,1900,2024,,,,,,,,,,,,,,,,1,1,0,1,,0,0,0,0,-1,97,47,66,65.0,12.0,0.3,0,0,1,TOW,0.3,Americas,0,1,0,0,0,1,0,1,1
Colombia,1904,country,1900,2024,0.0,1.0,0.0,1.0,1.0,,,,,,,,,,,0,0,0,0,,0,0,0,0,-1,95,48,67,36.0,38.0,,0,0,0,,,Americas,4,1,0,0,0,0,0,0,0
Colombia,1908,country,1900,2024,0.0,1.0,0.0,1.0,1.0,,,,,,,,,,,0,0,0,0,,0,0,0,0,-1,104,48,67,35.0,26.0,,0,0,0,,,Americas,8,1,0,0,0,0,0,0,0
Colombia,1912,country,1900,2024,0.0,1.0,0.0,1.0,1.0,,,,,,,,,,,0,0,0,0,,0,0,0,0,-1,102,48,67,25.0,28.0,,0,0,0,,,Americas,12,1,0,0,0,0,0,0,0
Colombia,1920,country,1900,2024,0.0,1.0,0.0,1.0,1.0,,,,,,,,,,,0,0,0,0,,0,0,0,0,-1,156,48,67,58.0,4.0,,0,0,0,,,Americas,20,1,0,0,0,0,0,0,0
Colombia,1924,country,1900,2024,0.0,1.0,0.0,1.0,1.0,,,,,,,,,,,0,0,0,0,,0,0,0,0,-1,126,45,62,12.0,42.0,,0,0,0,,,Americas,24,1,0,0,0,0,0,0,0
Colombia,1928,country,1900,2024,0.0,1.0,0.0,1.0,1.0,,,,,,,,,,,0,0,0,0,,0,0,0,0,-1,110,48,68,3.0,19.0,,0,0,0,,,Americas,28,1,0,0,0,0,0,0,0
Colombia,1932,country,1900,2024,0.0,1.0,0.0,1.0,1.0,,,,,,,,,,,2,2,0,2,1.0,0,0,0,0,-1,127,48,67,18.0,1.0,0.0,0,0,1,ATH,0.0,Americas,32,2,0,0,0,0,0,0,0
Colombia,1936,country,1900,2024,0.0,0.0,0.0,0.0,0.0,0.0,1.0,0.0,1.0,1.0,,,,,,6,6,0,5,2.0,0,0,0,0,-1,129,48,67,4.0,2.0,0.0,0,0,1,ATH,0.0,Americas,36,3,0,0,0,0,0,0,0
Colombia,1948,country,1900,2024,0.0,0.0,0.0,0.0,0.0,0.0,0.0,0.0,0.0,0.0,0.0,1.0,0.0,1.0,1.0,11,11,0,6,0.833333,0,0,0,0,-1,136,48,68,9.0,2.0,0.0,0,0,3,ATH,0.0,Americas,48,4,0,0,0,0,0,0,0
Colombia,1952,country,1900,2024,0.0,0.0,0.0,0.0,0.0,0.0,0.0,0.0,0.0,0.0,0.0,0.0,0.0,0.0,0.0,0,0,0,0,,0,0,0,0,-1,149,48,68,12.0,0.0,,0,0,0,,,Americas,52,4,0,0,0,0,0,0,0
Colombia,1956,country,1900,2024,0.0,0.0,0.0,0.0,0.0,0.0,0.0,0.0,0.0,0.0,0.0,0.0,0.0,0.0,0.0,47,47,0,23,3.272727,0,0,0,0,-1,149,48,68,2.0,2.0,0.0,0,0,7,ATH,0.0,Americas,56,5,0,0,0,0,0,0,0
Colombia,1960,country,1900,2024,0.0,0.0,0.0,0.0,0.0,0.0,0.0,0.0,0.0,0.0,0.0,0.0,0.0,0.0,0.0,23,23,0,13,-0.510638,0,0,0,0,-1,152,48,67,6.0,3.0,0.0,0,0,6,CRD,0.0,Americas,60,6,0,0,0,0,0,0,0
Colombia,1964,country,1900,2024,0.0,0.0,0.0,0.0,0.0,0.0,0.0,0.0,0.0,0.0,0.0,0.0,0.0,0.0,0.0,40,40,0,19,0.73913,0,0,0,0,-1,164,47,67,12.0,0.0,0.0,0,0,7,ATH,0.0,Americas,64,7,0,0,0,0,0,0,0
Colombia,1968,country,1900,2024,0.0,0.0,0.0,0.0,0.0,0.0,0.0,0.0,0.0,0.0,0.0,0.0,0.0,0.0,0.0,70,56,14,33,0.75,0,0,0,0,-1,174,47,67,14.0,4.0,0.0,0,0,6,ATH,0.0,Americas,68,8,0,0,0,0,0,0,0
Colombia,1972,country,1900,2024,0.0,0.0,0.0,0.0,0.0,0.0,0.0,0.0,0.0,0.0,0.0,0.0,0.0,0.0,0.0,75,63,12,39,0.071429,0,0,0,0,-1,201,47,67,27.0,0.0,0.086364,0,0,9,SHO,0.05,Americas,72,9,0,0,0,1,2,3,1
Colombia,1976,country,1900,2024,0.0,1.0,2.0,3.0,1.0,0.0,0.0,0.0,0.0,0.0,0.0,0.0,0.0,0.0,0.0,44,38,6,30,-0.413333,0,0,0,0,-1,199,48,68,8.0,10.0,0.045855,0,0,8,SHO,0.030882,Americas,76,10,0,0,0,0,0,0,0
Colombia,1980,country,1900,2024,0.0,0.0,0.0,0.0,0.0,0.0,1.0,2.0,3.0,1.0,0.0,0.0,0.0,0.0,0.0,28,28,0,7,-0.363636,0,0,0,0,-1,204,47,67,6.0,1.0,0.0,0,0,3,ATH,0.0,Americas,80,11,0,0,0,0,0,0,0
Colombia,1984,country,1900,2024,0.0,0.0,0.0,0.0,0.0,0.0,0.0,0.0,0.0,0.0,0.0,1.0,2.0,3.0,1.0,48,45,3,34,0.714286,0,0,0,0,-1,225,46,66,21.0,0.0,0.036364,0,0,10,SHO,0.036364,Americas,84,12,0,0,0,1,0,1,1
Colombia,1988,country,1900,2024,0.0,1.0,0.0,1.0,1.0,0.0,0.0,0.0,0.0,0.0,0.0,0.0,0.0,0.0,0.0,57,42,15,34,0.1875,0,0,0,0,-1,243,47,67,19.0,1.0,0.032264,0,0,12,SHO,0.02246,Americas,88,13,0,0,0,0,1,1,1
Colombia,1992,country,1900,2024,0.0,0.0,1.0,1.0,1.0,0.0,1.0,0.0,1.0,1.0,0.0,0.0,0.0,0.0,0.0,61,58,3,31,0.070175,0,0,0,0,-1,265,48,68,23.0,1.0,0.021740000000000002,0,0,12,SHO,0.012397,Americas,92,14,0,0,0,0,1,1,1
Colombia,1996,country,1900,2024,0.0,0.0,1.0,1.0,1.0,0.0,0.0,1.0,1.0,1.0,0.0,1.0,0.0,1.0,1.0,62,47,15,44,0.016393,0,0,0,0,-1,278,48,68,15.0,1.0,0.006616,0,0,12,BOX,0.003788,Americas,96,15,0,0,0,0,0,0,0
Colombia,2000,country,1900,2024,0.0,0.0,0.0,0.0,0.0,0.0,0.0,1.0,1.0,1.0,0.0,0.0,1.0,1.0,1.0,54,30,24,45,-0.129032,0,0,0,0,-1,299,48,68,24.0,4.0,0.032323000000000005,0,0,15,WLF,0.030303,Americas,100,16,0,0,1,0,0,1,1
Colombia,2004,country,1900,2024,1.0,0.0,0.0,1.0,1.0,0.0,0.0,0.0,0.0,0.0,0.0,0.0,1.0,1.0,1.0,71,43,28,59,0.314815,0,0,0,0,-1,301,48,68,4.0,2.0,0.048485,0,0,16,WLF,0.033333,Americas,104,17,0,0,0,0,2,2,1
Colombia,2008,country,1900,2024,0.0,0.0,2.0,2.0,1.0,1.0,0.0,0.0,1.0,1.0,0.0,0.0,0.0,0.0,0.0,90,57,33,74,0.267606,0,0,0,0,-1,302,48,68,5.0,4.0,0.064545,0,0,19,WLF,0.041818,Americas,108,18,0,0,0,1,1,2,1
Colombia,2012,country,1900,2024,0.0,1.0,1.0,2.0,1.0,0.0,0.0,2.0,2.0,1.0,1.0,0.0,0.0,1.0,1.0,120,56,64,81,0.333333,0,0,0,0,-1,302,48,68,2.0,2.0,0.566336,0,0,22,BMX,0.411765,Americas,112,19,0,0,1,3,4,8,1
Colombia,2016,country,1900,2024,1.0,3.0,4.0,8.0,1.0,0.0,1.0,1.0,2.0,1.0,0.0,0.0,2.0,2.0,1.0,157,81,76,85,0.308333,0,0,0,0,-1,306,48,68,5.0,1.0,0.7382289999999999,0,0,25,BMX,0.540909,Americas,116,20,0,0,3,2,3,8,1
Colombia,2020,country,1900,2024,3.0,2.0,3.0,8.0,1.0,1.0,3.0,4.0,8.0,1.0,0.0,1.0,1.0,2.0,1.0,77,53,24,56,-0.509554,0,0,0,0,-1,316,48,68,33.0,23.0,0.770228,0,0,21,BMX,0.609091,Americas,120,21,0,0,0,4,1,5,1
Colombia,2024,country,1900,2024,0.0,4.0,1.0,5.0,1.0,3.0,2.0,3.0,8.0,1.0,1.0,3.0,4.0,8.0,1.0,105,45,60,61,0.363636,0,0,0,0,-1,297,48,68,6.0,25.0,0.1631,0,0,23,WLF,0.089394,Americas,124,22,0,0,0,3,1,4,1
Comoros,1996,country,1996,2024,,,,,,,,,,,,,,,,4,3,1,4,,0,0,0,0,-1,278,48,68,15.0,1.0,0.0,0,0,1,ATH,0.0,Africa,0,1,0,0,0,0,0,0,0
Comoros,2000,country,1996,2024,0.0,0.0,0.0,0.0,0.0,,,,,,,,,,,2,1,1,2,-0.5,0,0,0,0,-1,299,48,68,24.0,4.0,0.0,0,0,1,ATH,0.0,Africa,4,2,0,0,0,0,0,0,0
Comoros,2004,country,1996,2024,0.0,0.0,0.0,0.0,0.0,0.0,0.0,0.0,0.0,0.0,,,,,,3,2,1,3,0.5,0,0,0,0,-1,301,48,68,4.0,2.0,0.0,0,0,2,ATH,0.0,Africa,8,3,0,0,0,0,0,0,0
Comoros,2008,country,1996,2024,0.0,0.0,0.0,0.0,0.0,0.0,0.0,0.0,0.0,0.0,0.0,0.0,0.0,0.0,0.0,3,2,1,3,0.0,0,0,0,0,-1,302,48,68,5.0,4.0,0.0,0,0,2,ATH,0.0,Africa,12,4,0,0,0,0,0,0,0
Comoros,2012,country,1996,2024,0.0,0.0,0.0,0.0,0.0,0.0,0.0,0.0,0.0,0.0,0.0,0.0,0.0,0.0,0.0,3,1,2,3,0.0,0,0,0,0,-1,302,48,68,2.0,2.0,0.0,0,0,2,ATH,0.0,Africa,16,5,0,0,0,0,0,0,0
Comoros,2016,country,1996,2024,0.0,0.0,0.0,0.0,0.0,0.0,0.0,0.0,0.0,0.0,0.0,0.0,0.0,0.0,0.0,4,2,2,4,0.333333,0,0,0,0,-1,306,48,68,5.0,1.0,0.0,0,0,2,ATH,0.0,Africa,20,6,0,0,0,0,0,0,0
Comoros,2020,country,1996,2024,0.0,0.0,0.0,0.0,0.0,0.0,0.0,0.0,0.0,0.0,0.0,0.0,0.0,0.0,0.0,3,2,1,3,-0.25,0,0,0,0,-1,316,48,68,33.0,23.0,0.0,0,0,2,ATH,0.0,Africa,24,7,0,0,0,0,0,0,0
Comoros,2024,country,1996,2024,0.0,0.0,0.0,0.0,0.0,0.0,0.0,0.0,0.0,0.0,0.0,0.0,0.0,0.0,0.0,5,4,1,5,0.666667,0,0,0,0,-1,297,48,68,6.0,25.0,0.0,0,0,3,ATH,0.0,Africa,28,8,0,0,0,0,0,0,0
Cook Islands,1988,country,1988,2024,,,,,,,,,,,,,,,,8,6,2,8,,0,0,0,0,-1,243,47,67,19.0,1.0,0.0,0,0,3,ATH,0.0,Oceania,0,1,0,0,0,0,0,0,0
Cook Islands,1992,country,1988,2024,0.0,0.0,0.0,0.0,0.0,,,,,,,,,,,2,2,0,2,-0.75,0,0,0,0,-1,265,48,68,23.0,1.0,0.0,0,0,2,ATH,0.0,Oceania,4,2,0,0,0,0,0,0,0
Cook Islands,1996,country,1988,2024,0.0,0.0,0.0,0.0,0.0,0.0,0.0,0.0,0.0,0.0,,,,,,3,2,1,3,0.5,0,0,0,0,-1,278,48,68,15.0,1.0,0.0,0,0,3,ATH,0.0,Oceania,8,3,0,0,0,0,0,0,0
Cook Islands,2000,country,1988,2024,0.0,0.0,0.0,0.0,0.0,0.0,0.0,0.0,0.0,0.0,0.0,0.0,0.0,0.0,0.0,2,1,1,2,-0.333333,0,0,0,0,-1,299,48,68,24.0,4.0,0.0,0,0,2,ATH,0.0,Oceania,12,4,0,0,0,0,0,0,0
Cook Islands,2004,country,1988,2024,0.0,0.0,0.0,0.0,0.0,0.0,0.0,0.0,0.0,0.0,0.0,0.0,0.0,0.0,0.0,3,2,1,3,0.5,0,0,0,0,-1,301,48,68,4.0,2.0,0.0,0,0,2,ATH,0.0,Oceania,16,5,0,0,0,0,0,0,0
Cook Islands,2008,country,1988,2024,0.0,0.0,0.0,0.0,0.0,0.0,0.0,0.0,0.0,0.0,0.0,0.0,0.0,0.0,0.0,4,3,1,4,0.333333,0,0,0,0,-1,302,48,68,5.0,4.0,0.0,0,0,3,ATH,0.0,Oceania,20,6,0,0,0,0,0,0,0
Cook Islands,2012,country,1988,2024,0.0,0.0,0.0,0.0,0.0,0.0,0.0,0.0,0.0,0.0,0.0,0.0,0.0,0.0,0.0,9,4,5,9,1.25,0,0,0,0,-1,302,48,68,2.0,2.0,0.0,0,0,6,ATH,0.0,Oceania,24,7,0,0,0,0,0,0,0
Cook Islands,2016,country,1988,2024,0.0,0.0,0.0,0.0,0.0,0.0,0.0,0.0,0.0,0.0,0.0,0.0,0.0,0.0,0.0,9,4,5,9,0.0,0,0,0,0,-1,306,48,68,5.0,1.0,0.0,0,0,5,ATH,0.0,Oceania,28,8,0,0,0,0,0,0,0
Cook Islands,2020,country,1988,2024,0.0,0.0,0.0,0.0,0.0,0.0,0.0,0.0,0.0,0.0,0.0,0.0,0.0,0.0,0.0,9,5,4,9,0.0,0,0,0,0,-1,316,48,68,33.0,23.0,0.0,0,0,4,ATH,0.0,Oceania,32,9,0,0,0,0,0,0,0
Cook Islands,2024,country,1988,2024,0.0,0.0,0.0,0.0,0.0,0.0,0.0,0.0,0.0,0.0,0.0,0.0,0.0,0.0,0.0,2,1,1,2,-0.777778,0,0,0,0,-1,297,48,68,6.0,25.0,0.0,0,0,2,ATH,0.0,Oceania,36,10,0,0,0,0,0,0,0
Costa Rica,1936,country,1936,2024,,,,,,,,,,,,,,,,1,1,0,1,,0,0,0,0,-1,129,48,67,4.0,2.0,0.0,0,0,1,FEN,0.0,Americas,0,1,0,0,0,0,0,0,0
Costa Rica,1948,country,1936,2024,0.0,0.0,0.0,0.0,0.0,,,,,,,,,,,0,0,0,0,,0,0,0,0,-1,136,48,68,9.0,2.0,,0,0,0,,,Americas,12,1,0,0,0,0,0,0,0
Costa Rica,1952,country,1936,2024,0.0,0.0,0.0,0.0,0.0,,,,,,,,,,,0,0,0,0,,0,0,0,0,-1,149,48,68,12.0,0.0,,0,0,0,,,Americas,16,1,0,0,0,0,0,0,0
Costa Rica,1956,country,1936,2024,0.0,0.0,0.0,0.0,0.0,,,,,,,,,,,0,0,0,0,,0,0,0,0,-1,149,48,68,2.0,2.0,,0,0,0,,,Americas,20,1,0,0,0,0,0,0,0
Costa Rica,1960,country,1936,2024,0.0,0.0,0.0,0.0,0.0,,,,,,,,,,,0,0,0,0,,0,0,0,0,-1,152,48,67,6.0,3.0,,0,0,0,,,Americas,24,1,0,0,0,0,0,0,0
Costa Rica,1964,country,1936,2024,0.0,0.0,0.0,0.0,0.0,,,,,,,,,,,2,2,0,1,1.0,0,0,0,0,-1,164,47,67,12.0,0.0,0.0,0,0,1,JUD,0.0,Americas,28,2,0,0,0,0,0,0,0
Costa Rica,1968,country,1936,2024,0.0,0.0,0.0,0.0,0.0,0.0,0.0,0.0,0.0,0.0,,,,,,27,24,3,18,12.5,0,0,0,0,-1,174,47,67,14.0,4.0,0.0,0,0,6,ATH,0.0,Americas,32,3,0,0,0,0,0,0,0
Costa Rica,1972,country,1936,2024,0.0,0.0,0.0,0.0,0.0,0.0,0.0,0.0,0.0,0.0,0.0,0.0,0.0,0.0,0.0,4,4,0,4,-0.851852,0,0,0,0,-1,201,47,67,27.0,0.0,0.0,0,0,3,ATH,0.0,Americas,36,4,0,0,0,0,0,0,0
Costa Rica,1976,country,1936,2024,0.0,0.0,0.0,0.0,0.0,0.0,0.0,0.0,0.0,0.0,0.0,0.0,0.0,0.0,0.0,10,5,5,9,1.5,0,0,0,0,-1,199,48,68,8.0,10.0,0.0,0,0,4,ARC,0.0,Americas,40,5,0,0,0,0,0,0,0
Costa Rica,1980,country,1936,2024,0.0,0.0,0.0,0.0,0.0,0.0,0.0,0.0,0.0,0.0,0.0,0.0,0.0,0.0,0.0,37,33,4,18,2.7,0,0,0,0,-1,204,47,67,6.0,1.0,0.0,0,0,5,ARC,0.0,Americas,44,6,0,0,0,0,0,0,0
Costa Rica,1984,country,1936,2024,0.0,0.0,0.0,0.0,0.0,0.0,0.0,0.0,0.0,0.0,0.0,0.0,0.0,0.0,0.0,32,31,1,16,-0.135135,0,0,0,0,-1,225,46,66,21.0,0.0,0.0,0,0,5,ATH,0.0,Americas,48,7,0,0,0,0,0,0,0
Costa Rica,1988,country,1936,2024,0.0,0.0,0.0,0.0,0.0,0.0,0.0,0.0,0.0,0.0,0.0,0.0,0.0,0.0,0.0,33,13,20,18,0.03125,0,0,0,0,-1,243,47,67,19.0,1.0,0.008798,0,0,6,SWM,0.008798,Americas,52,8,0,0,0,1,0,1,1
Costa Rica,1992,country,1936,2024,0.0,1.0,0.0,1.0,1.0,0.0,0.0,0.0,0.0,0.0,0.0,0.0,0.0,0.0,0.0,20,12,8,18,-0.393939,0,0,0,0,-1,265,48,68,23.0,1.0,0.006158,0,0,6,SWM,0.006158,Americas,56,9,0,0,0,0,0,0,0
Costa Rica,1996,country,1936,2024,0.0,0.0,0.0,0.0,0.0,0.0,1.0,0.0,1.0,1.0,0.0,0.0,0.0,0.0,0.0,13,6,7,13,-0.35,0,0,0,0,-1,278,48,68,15.0,1.0,0.018603,0,0,6,SWM,0.018603,Americas,60,10,0,0,1,0,0,1,1
Costa Rica,2000,country,1936,2024,1.0,0.0,0.0,1.0,1.0,0.0,0.0,0.0,0.0,0.0,0.0,1.0,0.0,1.0,1.0,9,6,3,9,-0.307692,0,0,0,0,-1,299,48,68,24.0,4.0,0.021307,0,0,5,SWM,0.021307,Americas,64,11,0,0,0,0,2,2,1
Costa Rica,2004,country,1936,2024,0.0,0.0,2.0,2.0,1.0,1.0,0.0,0.0,1.0,1.0,0.0,0.0,0.0,0.0,0.0,21,17,4,8,1.333333,0,0,0,0,-1,301,48,68,4.0,2.0,0.015057,0,0,6,SWM,0.015057,Americas,68,12,0,0,0,0,0,0,0
Costa Rica,2008,country,1936,2024,0.0,0.0,0.0,0.0,0.0,0.0,0.0,2.0,2.0,1.0,1.0,0.0,0.0,1.0,1.0,8,6,2,8,-0.619048,0,0,0,0,-1,302,48,68,5.0,4.0,0.005682,0,0,5,SWM,0.005682,Americas,72,13,0,0,0,0,0,0,0
Costa Rica,2012,country,1936,2024,0.0,0.0,0.0,0.0,0.0,0.0,0.0,0.0,0.0,0.0,0.0,0.0,2.0,2.0,1.0,11,8,3,11,0.375,0,0,0,0,-1,302,48,68,2.0,2.0,0.0,0,0,7,ATH,0.0,Americas,76,14,0,0,0,0,0,0,0
Costa Rica,2016,country,1936,2024,0.0,0.0,0.0,0.0,0.0,0.0,0.0,0.0,0.0,0.0,0.0,0.0,0.0,0.0,0.0,12,7,5,11,0.090909,0,0,0,0,-1,306,48,68,5.0,1.0,0.0,0,0,7,ATH,0.0,Americas,80,15,0,0,0,0,0,0,0
Costa Rica,2020,country,1936,2024,0.0,0.0,0.0,0.0,0.0,0.0,0.0,0.0,0.0,0.0,0.0,0.0,0.0,0.0,0.0,18,6,12,17,0.5,0,0,0,0,-1,316,48,68,33.0,23.0,0.0,0,0,8,ATH,0.0,Americas,84,16,0,0,0,0,0,0,0
Costa Rica,2024,country,1936,2024,0.0,0.0,0.0,0.0,0.0,0.0,0.0,0.0,0.0,0.0,0.0,0.0,0.0,0.0,0.0,6,3,3,6,-0.666667,0,0,0,0,-1,297,48,68,6.0,25.0,0.0,0,0,5,ATH,0.0,Americas,88,17,0,0,0,0,0,0,0
Croatia,1992,country,1992,2024,,,,,,,,,,,,,,,,46,40,6,23,,0,0,0,0,-1,265,48,68,23.0,1.0,0.4,0,0,12,BKB,0.3,Europe,0,1,0,0,0,1,2,3,1
Croatia,1996,country,1992,2024,0.0,1.0,2.0,3.0,1.0,,,,,,,,,,,117,101,16,57,1.543478,0,0,0,0,-1,278,48,68,15.0,1.0,1.264705,0,0,15,WPO,0.6,Europe,4,2,0,0,1,1,0,2,1
Croatia,2000,country,1992,2024,1.0,1.0,0.0,2.0,1.0,0.0,1.0,2.0,3.0,1.0,,,,,,108,76,32,53,-0.076923,0,0,0,0,-1,299,48,68,24.0,4.0,0.34944,0,0,13,WPO,0.247059,Europe,8,3,0,0,1,0,1,2,1
Croatia,2004,country,1992,2024,1.0,0.0,1.0,2.0,1.0,1.0,1.0,0.0,2.0,1.0,0.0,1.0,2.0,3.0,1.0,100,76,24,57,-0.074074,0,0,0,0,-1,301,48,68,4.0,2.0,0.76205,0,0,15,HBL,0.5,Europe,12,4,0,0,1,2,2,5,1
Croatia,2008,country,1992,2024,1.0,2.0,2.0,5.0,1.0,1.0,0.0,1.0,2.0,1.0,1.0,1.0,0.0,2.0,1.0,125,95,30,66,0.25,0,0,0,0,-1,302,48,68,5.0,4.0,0.347304,0,0,16,HBL,0.205882,Europe,16,5,0,0,0,2,3,5,1
Croatia,2012,country,1992,2024,0.0,2.0,3.0,5.0,1.0,1.0,2.0,2.0,5.0,1.0,1.0,0.0,1.0,2.0,1.0,118,69,49,53,-0.056,0,0,0,0,-1,302,48,68,2.0,2.0,0.585468,0,0,17,WPO,0.227273,Europe,20,6,0,0,3,1,2,6,1
Croatia,2016,country,1992,2024,3.0,1.0,2.0,6.0,1.0,0.0,2.0,3.0,5.0,1.0,1.0,2.0,2.0,5.0,1.0,93,69,24,47,-0.211864,0,0,0,0,-1,306,48,68,5.0,1.0,0.627174,0,0,18,WPO,0.295455,Europe,24,7,0,0,5,3,2,10,1
Croatia,2020,country,1992,2024,5.0,3.0,2.0,10.0,1.0,3.0,1.0,2.0,6.0,1.0,0.0,2.0,3.0,5.0,1.0,74,49,25,47,-0.204301,0,0,0,0,-1,316,48,68,33.0,23.0,0.681413,0,0,17,WPO,0.209091,Europe,28,8,0,0,3,3,2,8,1
Croatia,2024,country,1992,2024,3.0,3.0,2.0,8.0,1.0,5.0,3.0,2.0,10.0,1.0,3.0,1.0,2.0,6.0,1.0,85,68,17,43,0.148649,0,0,0,0,-1,297,48,68,6.0,25.0,0.65574,0,0,16,WPO,0.204545,Europe,32,9,0,0,2,2,3,7,1
Cuba,1900,country,1900,2024,,,,,,,,,,,,,,,,2,2,0,2,,0,0,0,0,-1,97,47,66,65.0,12.0,0.228571,0,0,1,FEN,0.228571,Americas,0,1,0,0,1,1,0,2,1
Cuba,1904,country,1900,2024,1.0,1.0,0.0,2.0,1.0,,,,,,,,,,,6,6,0,5,2.0,0,0,0,0,-1,95,48,67,36.0,38.0,0.486275,0,0,2,FEN,0.486275,Americas,4,2,0,0,4,0,0,4,1
Cuba,1908,country,1900,2024,4.0,0.0,0.0,4.0,1.0,1.0,1.0,0.0,2.0,1.0,,,,,,0,0,0,0,,0,0,0,0,-1,104,48,67,35.0,26.0,,0,0,0,,,Americas,8,2,0,0,0,0,0,0,0
Cuba,1912,country,1900,2024,4.0,0.0,0.0,4.0,1.0,1.0,1.0,0.0,2.0,1.0,,,,,,0,0,0,0,,0,0,0,0,-1,102,48,67,25.0,28.0,,0,0,0,,,Americas,12,2,0,0,0,0,0,0,0
Cuba,1920,country,1900,2024,4.0,0.0,0.0,4.0,1.0,1.0,1.0,0.0,2.0,1.0,,,,,,0,0,0,0,,0,0,0,0,-1,156,48,67,58.0,4.0,,0,0,0,,,Americas,20,2,0,0,0,0,0,0,0
Cuba,1924,country,1900,2024,4.0,0.0,0.0,4.0,1.0,1.0,1.0,0.0,2.0,1.0,,,,,,13,13,0,3,1.166667,0,0,0,0,-1,126,45,62,12.0,42.0,0.0,0,0,2,FEN,0.0,Americas,24,3,0,0,0,0,0,0,0
Cuba,1928,country,1900,2024,0.0,0.0,0.0,0.0,0.0,4.0,0.0,0.0,4.0,1.0,1.0,1.0,0.0,2.0,1.0,1,1,0,1,-0.923077,0,0,0,0,-1,110,48,68,3.0,19.0,0.0,0,0,1,ATH,0.0,Americas,28,4,0,0,0,0,0,0,0
Cuba,1932,country,1900,2024,0.0,0.0,0.0,0.0,0.0,0.0,0.0,0.0,0.0,0.0,4.0,0.0,0.0,4.0,1.0,3,3,0,1,2.0,0,0,0,0,-1,127,48,67,18.0,1.0,,0,0,0,,,Americas,32,5,0,0,0,0,0,0,0
Cuba,1936,country,1900,2024,0.0,0.0,0.0,0.0,0.0,0.0,0.0,0.0,0.0,0.0,0.0,0.0,0.0,0.0,0.0,0,0,0,0,,0,0,0,0,-1,129,48,67,4.0,2.0,,0,0,0,,,Americas,36,5,0,0,0,0,0,0,0
Cuba,1948,country,1900,2024,0.0,0.0,0.0,0.0,0.0,0.0,0.0,0.0,0.0,0.0,0.0,0.0,0.0,0.0,0.0,112,112,0,31,36.333333,0,0,0,0,-1,136,48,68,9.0,2.0,0.12,0,0,12,SAL,0.12,Americas,48,6,0,0,0,1,0,1,1
Cuba,1952,country,1900,2024,0.0,1.0,0.0,1.0,1.0,0.0,0.0,0.0,0.0,0.0,0.0,0.0,0.0,0.0,0.0,57,57,0,23,-0.491071,0,0,0,0,-1,149,48,68,12.0,0.0,0.049412,0,0,8,SAL,0.049412,Americas,52,7,0,0,0,0,0,0,0
Cuba,1956,country,1900,2024,0.0,0.0,0.0,0.0,0.0,0.0,1.0,0.0,1.0,1.0,0.0,0.0,0.0,0.0,0.0,24,23,1,16,-0.578947,0,0,0,0,-1,149,48,68,2.0,2.0,0.027273,0,0,5,SAL,0.027273,Americas,56,8,0,0,0,0,0,0,0
Cuba,1960,country,1900,2024,0.0,0.0,0.0,0.0,0.0,0.0,0.0,0.0,0.0,0.0,0.0,1.0,0.0,1.0,1.0,21,10,11,15,-0.125,0,0,0,0,-1,152,48,67,6.0,3.0,0.0,0,0,8,ATH,0.0,Americas,60,9,0,0,0,0,0,0,0
Cuba,1964,country,1900,2024,0.0,0.0,0.0,0.0,0.0,0.0,0.0,0.0,0.0,0.0,0.0,0.0,0.0,0.0,0.0,76,73,3,24,2.619048,0,0,0,0,-1,164,47,67,12.0,0.0,0.007576,0,0,6,ATH,0.007576,Americas,64,10,0,0,0,1,0,1,1
Cuba,1968,country,1900,2024,0.0,1.0,0.0,1.0,1.0,0.0,0.0,0.0,0.0,0.0,0.0,0.0,0.0,0.0,0.0,227,177,50,78,1.986842,0,0,0,0,-1,174,47,67,14.0,4.0,0.070042,0,0,14,BOX,0.049587,Americas,68,11,0,0,0,4,0,4,1
Cuba,1972,country,1900,2024,0.0,4.0,0.0,4.0,1.0,0.0,1.0,0.0,1.0,1.0,0.0,0.0,0.0,0.0,0.0,201,166,35,69,-0.114537,0,0,0,0,-1,201,47,67,27.0,0.0,0.450993,0,0,15,BKB,0.235294,Americas,72,12,0,0,3,1,4,8,1
Cuba,1976,country,1900,2024,3.0,1.0,4.0,8.0,1.0,0.0,4.0,0.0,4.0,1.0,0.0,1.0,0.0,1.0,1.0,194,164,30,76,-0.034826,0,0,0,0,-1,199,48,68,8.0,10.0,0.738761,0,0,16,BOX,0.349587,Americas,76,13,0,0,6,4,3,13,1
Cuba,1980,country,1900,2024,6.0,4.0,3.0,13.0,1.0,3.0,1.0,4.0,8.0,1.0,0.0,4.0,0.0,4.0,1.0,288,252,36,92,0.484536,0,0,0,0,-1,204,47,67,6.0,1.0,1.000438,0,0,20,BOX,0.542975,Americas,80,14,0,0,8,7,5,20,1
Cuba,1984,country,1900,2024,8.0,7.0,5.0,20.0,1.0,6.0,4.0,3.0,13.0,1.0,3.0,1.0,4.0,8.0,1.0,0,0,0,0,,0,0,0,0,-1,225,46,66,21.0,0.0,,0,0,0,,,Americas,84,14,0,0,0,0,0,0,0
Cuba,1988,country,1900,2024,8.0,7.0,5.0,20.0,1.0,6.0,4.0,3.0,13.0,1.0,3.0,1.0,4.0,8.0,1.0,0,0,0,0,,0,0,0,0,-1,243,47,67,19.0,1.0,,0,0,0,,,Americas,88,14,0,0,0,0,0,0,0
Cuba,1992,country,1900,2024,8.0,7.0,5.0,20.0,1.0,6.0,4.0,3.0,13.0,1.0,3.0,1.0,4.0,8.0,1.0,196,139,57,90,-0.319444,0,0,0,0,-1,265,48,68,23.0,1.0,2.941497,0,1,16,BSB,1.0,Americas,92,15,0,0,14,6,11,31,1
Cuba,1996,country,1900,2024,14.0,6.0,11.0,31.0,1.0,8.0,7.0,5.0,20.0,1.0,6.0,4.0,3.0,13.0,1.0,178,118,60,84,-0.091837,0,0,0,0,-1,278,48,68,15.0,1.0,2.745755,0,1,16,BSB,1.0,Americas,96,16,0,0,9,8,8,25,1
Cuba,2000,country,1900,2024,9.0,8.0,8.0,25.0,1.0,14.0,6.0,11.0,31.0,1.0,8.0,7.0,5.0,20.0,1.0,271,179,92,135,0.522472,0,0,0,0,-1,299,48,68,24.0,4.0,2.781844,0,0,26,BSB,0.818182,Americas,100,17,0,0,11,11,7,29,1
Cuba,2004,country,1900,2024,11.0,11.0,7.0,29.0,1.0,9.0,8.0,8.0,25.0,1.0,14.0,6.0,11.0,31.0,1.0,177,116,61,108,-0.346863,0,0,0,0,-1,301,48,68,4.0,2.0,2.504852,0,0,19,BSB,0.872727,Americas,104,18,0,0,9,7,11,27,1
Cuba,2008,country,1900,2024,9.0,7.0,11.0,27.0,1.0,11.0,11.0,7.0,29.0,1.0,9.0,8.0,8.0,25.0,1.0,171,110,61,102,-0.033898,0,0,0,0,-1,302,48,68,5.0,4.0,1.9463059999999999,0,0,20,BSB,0.727273,Americas,108,19,1,1,2,11,11,24,1
Cuba,2012,country,1900,2024,2.0,11.0,11.0,24.0,1.0,9.0,7.0,11.0,27.0,1.0,11.0,11.0,7.0,29.0,1.0,118,70,48,86,-0.309942,0,0,0,0,-1,302,48,68,2.0,2.0,0.7976850000000001,0,0,16,BOX,0.308709,Americas,112,20,0,0,5,3,6,14,1
Cuba,2016,country,1900,2024,5.0,3.0,6.0,14.0,1.0,2.0,11.0,11.0,24.0,1.0,9.0,7.0,11.0,27.0,1.0,143,100,43,99,0.211864,0,0,0,0,-1,306,48,68,5.0,1.0,0.7279990000000001,0,0,21,WRG,0.274892,Americas,116,21,0,0,5,2,4,11,1
Cuba,2020,country,1900,2024,5.0,2.0,4.0,11.0,1.0,5.0,3.0,6.0,14.0,1.0,2.0,11.0,11.0,24.0,1.0,82,39,43,64,-0.426573,0,0,0,0,-1,316,48,68,33.0,23.0,0.793185,0,0,16,WRG,0.321861,Americas,120,22,0,0,7,3,5,15,1
Cuba,2024,country,1900,2024,7.0,3.0,5.0,15.0,1.0,5.0,2.0,4.0,11.0,1.0,5.0,3.0,6.0,14.0,1.0,69,34,35,52,-0.158537,0,0,0,0,-1,297,48,68,6.0,25.0,0.66276,0,0,16,WRG,0.310606,Americas,124,23,0,0,2,1,6,9,1
Cyprus,1980,country,1980,2024,,,,,,,,,,,,,,,,15,13,2,13,,0,0,0,0,-1,204,47,67,6.0,1.0,0.0,0,0,3,JUD,0.0,Europe,0,1,0,0,0,0,0,0,0
Cyprus,1984,country,1980,2024,0.0,0.0,0.0,0.0,0.0,,,,,,,,,,,12,12,0,9,-0.2,0,0,0,0,-1,225,46,66,21.0,0.0,0.0,0,0,4,ATH,0.0,Europe,4,2,0,0,0,0,0,0,0
Cyprus,1988,country,1980,2024,0.0,0.0,0.0,0.0,0.0,0.0,0.0,0.0,0.0,0.0,,,,,,11,8,3,10,-0.083333,0,0,0,0,-1,243,47,67,19.0,1.0,0.0,0,0,4,ATH,0.0,Europe,8,3,0,0,0,0,0,0,0
Cyprus,1992,country,1980,2024,0.0,0.0,0.0,0.0,0.0,0.0,0.0,0.0,0.0,0.0,0.0,0.0,0.0,0.0,0.0,19,15,4,17,0.727273,0,0,0,0,-1,265,48,68,23.0,1.0,0.0,0,0,8,ARC,0.0,Europe,12,4,0,0,0,0,0,0,0
Cyprus,1996,country,1980,2024,0.0,0.0,0.0,0.0,0.0,0.0,0.0,0.0,0.0,0.0,0.0,0.0,0.0,0.0,0.0,24,20,4,16,0.263158,0,0,0,0,-1,278,48,68,15.0,1.0,0.0,0,0,5,ATH,0.0,Europe,16,5,0,0,0,0,0,0,0
Cyprus,2000,country,1980,2024,0.0,0.0,0.0,0.0,0.0,0.0,0.0,0.0,0.0,0.0,0.0,0.0,0.0,0.0,0.0,24,19,5,20,0.0,0,0,0,0,-1,299,48,68,24.0,4.0,0.0,0,0,4,ATH,0.0,Europe,20,6,0,0,0,0,0,0,0
Cyprus,2004,country,1980,2024,0.0,0.0,0.0,0.0,0.0,0.0,0.0,0.0,0.0,0.0,0.0,0.0,0.0,0.0,0.0,21,14,7,20,-0.125,0,0,0,0,-1,301,48,68,4.0,2.0,0.0,0,0,7,ATH,0.0,Europe,24,7,0,0,0,0,0,0,0
Cyprus,2008,country,1980,2024,0.0,0.0,0.0,0.0,0.0,0.0,0.0,0.0,0.0,0.0,0.0,0.0,0.0,0.0,0.0,18,7,11,17,-0.142857,0,0,0,0,-1,302,48,68,5.0,4.0,0.0,0,0,6,ARC,0.0,Europe,28,8,0,0,0,0,0,0,0
Cyprus,2012,country,1980,2024,0.0,0.0,0.0,0.0,0.0,0.0,0.0,0.0,0.0,0.0,0.0,0.0,0.0,0.0,0.0,13,9,4,12,-0.277778,0,0,0,0,-1,302,48,68,2.0,2.0,0.027273,0,0,7,SAL,0.027273,Europe,32,9,0,0,0,1,0,1,1
Cyprus,2016,country,1980,2024,0.0,1.0,0.0,1.0,1.0,0.0,0.0,0.0,0.0,0.0,0.0,0.0,0.0,0.0,0.0,21,14,7,19,0.615385,0,0,0,0,-1,306,48,68,5.0,1.0,0.019091,0,0,6,SAL,0.019091,Europe,36,10,0,0,0,0,0,0,0
Cyprus,2020,country,1980,2024,0.0,0.0,0.0,0.0,0.0,0.0,1.0,0.0,1.0,1.0,0.0,0.0,0.0,0.0,0.0,23,16,7,22,0.095238,0,0,0,0,-1,316,48,68,33.0,23.0,0.013636,0,0,6,SAL,0.013636,Europe,40,11,0,0,0,0,0,0,0
Cyprus,2024,country,1980,2024,0.0,0.0,0.0,0.0,0.0,0.0,0.0,0.0,0.0,0.0,0.0,1.0,0.0,1.0,1.0,23,13,10,23,0.0,0,0,0,0,-1,297,48,68,6.0,25.0,0.027273,0,0,9,SAL,0.027273,Europe,44,12,0,0,0,1,0,1,1
Czech Republic,1996,country,1996,2024,,,,,,,,,,,,,,,,169,101,68,110,,0,0,0,0,-1,278,48,68,15.0,1.0,1.034243,0,0,20,CSL,0.55,Europe,0,1,1,1,4,3,4,11,1
Czech Republic,2000,country,1996,2024,4.0,3.0,4.0,11.0,1.0,,,,,,,,,,,162,111,51,96,-0.04142,0,0,0,0,-1,299,48,68,24.0,4.0,0.9163410000000001,0,0,23,CSL,0.432353,Europe,4,2,1,2,2,3,3,8,1
Czech Republic,2004,country,1996,2024,2.0,3.0,3.0,8.0,1.0,4.0,3.0,4.0,11.0,1.0,,,,,,171,95,76,104,0.055556,0,0,0,0,-1,301,48,68,4.0,2.0,0.793049,0,0,23,CSL,0.281818,Europe,8,3,1,2,1,3,5,9,1
Czech Republic,2008,country,1996,2024,1.0,3.0,5.0,9.0,1.0,2.0,3.0,3.0,8.0,1.0,4.0,3.0,4.0,11.0,1.0,158,87,71,105,-0.076023,0,0,0,0,-1,302,48,68,5.0,4.0,0.49889500000000003,0,0,25,CSL,0.179545,Europe,12,4,1,1,3,3,0,6,1
Czech Republic,2012,country,1996,2024,3.0,3.0,0.0,6.0,1.0,1.0,3.0,5.0,9.0,1.0,2.0,3.0,3.0,8.0,1.0,159,81,78,99,0.006329,0,0,0,0,-1,302,48,68,2.0,2.0,0.90583,0,0,25,MPN,0.272727,Europe,16,5,1,3,4,3,3,10,1
Czech Republic,2016,country,1996,2024,4.0,3.0,3.0,10.0,1.0,3.0,3.0,0.0,6.0,1.0,1.0,3.0,5.0,9.0,1.0,135,79,56,92,-0.150943,0,0,0,0,-1,306,48,68,5.0,1.0,0.9339200000000001,0,0,23,MTB,0.295455,Europe,20,6,1,1,1,2,7,10,1
Czech Republic,2020,country,1996,2024,1.0,2.0,7.0,10.0,1.0,4.0,3.0,3.0,10.0,1.0,3.0,3.0,0.0,6.0,1.0,151,94,57,89,0.118519,0,0,0,0,-1,316,48,68,33.0,23.0,1.049209,0,0,26,TEN,0.249091,Europe,24,7,0,0,4,4,3,11,1
Czech Republic,2024,country,1996,2024,4.0,4.0,3.0,11.0,1.0,1.0,2.0,7.0,10.0,1.0,4.0,3.0,3.0,10.0,1.0,149,79,70,94,-0.013245,0,0,0,0,-1,297,48,68,6.0,25.0,0.724049,0,0,23,TEN,0.27,Europe,28,8,0,0,3,0,2,5,1
Czechoslovakia,1920,historical_different,1920,1992,,,,,,,,,,,,,,,,182,181,1,53,,0,0,0,0,-1,156,48,67,58.0,4.0,0.08,0,0,12,TEN,0.08,Europe,0,1,1,1,0,0,2,2,1
Czechoslovakia,1924,historical_different,1920,1992,0.0,0.0,2.0,2.0,1.0,,,,,,,,,,,241,237,4,75,0.324176,0,0,0,0,-1,126,45,62,12.0,42.0,0.406797,0,0,18,GAR,0.326797,Europe,4,2,1,1,1,4,5,10,1
Czechoslovakia,1928,historical_different,1920,1992,1.0,4.0,5.0,10.0,1.0,0.0,0.0,2.0,2.0,1.0,,,,,,147,146,1,51,-0.390041,0,0,0,0,-1,110,48,68,3.0,19.0,0.834977,0,0,16,GAR,0.358586,Europe,8,3,0,0,2,5,2,9,1
Czechoslovakia,1932,historical_different,1920,1992,2.0,5.0,2.0,9.0,1.0,1.0,4.0,5.0,10.0,1.0,0.0,0.0,2.0,2.0,1.0,28,28,0,15,-0.809524,0,0,0,0,-1,127,48,67,18.0,1.0,0.26614,0,0,3,WLF,0.189091,Europe,12,4,0,0,1,3,2,6,1
Czechoslovakia,1936,historical_different,1920,1992,1.0,3.0,2.0,6.0,1.0,2.0,5.0,2.0,9.0,1.0,1.0,4.0,5.0,10.0,1.0,286,271,15,102,9.214286,0,0,0,0,-1,129,48,67,4.0,2.0,1.0996540000000001,0,0,19,CSP,0.288889,Europe,16,5,0,0,3,5,1,9,1
Czechoslovakia,1948,historical_different,1920,1992,3.0,5.0,1.0,9.0,1.0,1.0,3.0,2.0,6.0,1.0,2.0,5.0,2.0,9.0,1.0,151,136,15,57,-0.472028,0,0,0,0,-1,136,48,68,9.0,2.0,0.75199,0,0,11,CSP,0.354248,Europe,28,6,0,0,6,2,3,11,1
Czechoslovakia,1952,historical_different,1920,1992,6.0,2.0,3.0,11.0,1.0,3.0,5.0,1.0,9.0,1.0,1.0,3.0,2.0,6.0,1.0,218,157,61,70,0.443709,0,0,0,0,-1,149,48,68,12.0,0.0,0.800837,0,0,13,CSP,0.293939,Europe,32,7,0,0,7,3,3,13,1
Czechoslovakia,1956,historical_different,1920,1992,7.0,3.0,3.0,13.0,1.0,6.0,2.0,3.0,11.0,1.0,3.0,5.0,1.0,9.0,1.0,161,112,49,54,-0.261468,0,0,0,0,-1,149,48,68,2.0,2.0,0.651236,0,0,11,CTR,0.176471,Europe,36,8,0,0,1,4,1,6,1
Czechoslovakia,1960,historical_different,1920,1992,1.0,4.0,1.0,6.0,1.0,7.0,3.0,3.0,13.0,1.0,6.0,2.0,3.0,11.0,1.0,202,153,49,75,0.254658,0,0,0,0,-1,152,48,67,6.0,3.0,0.571915,0,0,14,ROW,0.123377,Europe,40,9,0,0,3,2,3,8,1
Czechoslovakia,1964,historical_different,1920,1992,3.0,2.0,3.0,8.0,1.0,1.0,4.0,1.0,6.0,1.0,7.0,3.0,3.0,13.0,1.0,187,147,40,64,-0.074257,0,0,0,0,-1,164,47,67,12.0,0.0,1.5802939999999999,0,0,15,FBL,0.6,Europe,44,10,0,0,5,6,3,14,1
Czechoslovakia,1968,historical_different,1920,1992,5.0,6.0,3.0,14.0,1.0,3.0,2.0,3.0,8.0,1.0,1.0,4.0,1.0,6.0,1.0,203,143,60,66,0.085561,0,0,0,0,-1,174,47,67,14.0,4.0,1.336163,0,0,16,GAR,0.264071,Europe,48,11,0,0,7,2,4,13,1
Czechoslovakia,1972,historical_different,1920,1992,7.0,2.0,4.0,13.0,1.0,5.0,6.0,3.0,14.0,1.0,3.0,2.0,3.0,8.0,1.0,274,203,71,93,0.349754,0,0,0,0,-1,201,47,67,27.0,0.0,1.485623,0,0,20,HBL,0.6,Europe,52,12,1,1,2,4,2,8,1
Czechoslovakia,1976,historical_different,1920,1992,2.0,4.0,2.0,8.0,1.0,7.0,2.0,4.0,13.0,1.0,5.0,6.0,3.0,14.0,1.0,251,182,69,79,-0.083942,0,0,0,0,-1,199,48,68,8.0,10.0,1.223561,0,0,18,MPN,0.333333,Europe,56,13,0,0,2,2,4,8,1
Czechoslovakia,1980,historical_different,1920,1992,2.0,2.0,4.0,8.0,1.0,2.0,4.0,2.0,8.0,1.0,7.0,2.0,4.0,13.0,1.0,317,237,80,114,0.262948,0,0,0,0,-1,204,47,67,6.0,1.0,2.220848,0,1,22,FBL,1.0,Europe,60,14,0,0,2,3,9,14,1
Czechoslovakia,1984,historical_different,1920,1992,2.0,3.0,9.0,14.0,1.0,2.0,2.0,4.0,8.0,1.0,2.0,4.0,2.0,8.0,1.0,0,0,0,0,,0,0,0,0,-1,225,46,66,21.0,0.0,,0,0,0,,,Europe,64,14,0,0,0,0,0,0,0
Czechoslovakia,1988,historical_different,1920,1992,2.0,3.0,9.0,14.0,1.0,2.0,2.0,4.0,8.0,1.0,2.0,4.0,2.0,8.0,1.0,226,135,91,97,-0.287066,0,0,0,0,-1,243,47,67,19.0,1.0,0.7999550000000001,0,0,19,TEN,0.45,Europe,68,15,0,0,3,3,2,8,1
Czechoslovakia,1992,historical_different,1920,1992,3.0,3.0,2.0,8.0,1.0,2.0,3.0,9.0,14.0,1.0,2.0,2.0,4.0,8.0,1.0,269,179,90,121,0.190265,0,0,0,0,-1,265,48,68,23.0,1.0,0.7840480000000001,0,0,28,CSL,0.4,Europe,72,16,1,1,4,2,1,7,1
Democratic Republic of the Congo,1968,country,1968,2024,,,,,,,,,,,,,,,,8,8,0,2,,0,0,0,0,-1,174,47,67,14.0,4.0,0.0,0,0,1,CRD,0.0,Africa,0,1,0,0,0,0,0,0,0
Democratic Republic of the Congo,1972,country,1968,2024,0.0,0.0,0.0,0.0,0.0,,,,,,,,,,,0,0,0,0,,0,0,0,0,-1,201,47,67,27.0,0.0,,0,0,0,,,Africa,4,1,0,0,0,0,0,0,0
Democratic Republic of the Congo,1976,country,1968,2024,0.0,0.0,0.0,0.0,0.0,,,,,,,,,,,0,0,0,0,,0,0,0,0,-1,199,48,68,8.0,10.0,,0,0,0,,,Africa,8,1,0,0,0,0,0,0,0
Democratic Republic of the Congo,1980,country,1968,2024,0.0,0.0,0.0,0.0,0.0,,,,,,,,,,,0,0,0,0,,0,0,0,0,-1,204,47,67,6.0,1.0,,0,0,0,,,Africa,12,1,0,0,0,0,0,0,0
Democratic Republic of the Congo,1984,country,1968,2024,0.0,0.0,0.0,0.0,0.0,,,,,,,,,,,9,8,1,9,0.125,0,0,0,0,-1,225,46,66,21.0,0.0,0.0,0,0,2,ATH,0.0,Africa,16,2,0,0,0,0,0,0,0
Democratic Republic of the Congo,1988,country,1968,2024,0.0,0.0,0.0,0.0,0.0,0.0,0.0,0.0,0.0,0.0,,,,,,21,18,3,15,1.333333,0,0,0,0,-1,243,47,67,19.0,1.0,0.0,0,0,3,ATH,0.0,Africa,20,3,0,0,0,0,0,0,0
Democratic Republic of the Congo,1992,country,1968,2024,0.0,0.0,0.0,0.0,0.0,0.0,0.0,0.0,0.0,0.0,0.0,0.0,0.0,0.0,0.0,19,17,2,14,-0.095238,0,0,0,0,-1,265,48,68,23.0,1.0,0.0,0,0,4,ATH,0.0,Africa,24,4,0,0,0,0,0,0,0
Democratic Republic of the Congo,1996,country,1968,2024,0.0,0.0,0.0,0.0,0.0,0.0,0.0,0.0,0.0,0.0,0.0,0.0,0.0,0.0,0.0,14,2,12,2,-0.263158,0,0,0,0,-1,278,48,68,15.0,1.0,0.0,0,0,2,ATH,0.0,Africa,28,5,0,0,0,0,0,0,0
Democratic Republic of the Congo,2000,country,1968,2024,0.0,0.0,0.0,0.0,0.0,0.0,0.0,0.0,0.0,0.0,0.0,0.0,0.0,0.0,0.0,3,1,2,3,-0.785714,0,0,0,0,-1,299,48,68,24.0,4.0,0.0,0,0,1,ATH,0.0,Africa,32,6,0,0,0,0,0,0,0
Democratic Republic of the Congo,2004,country,1968,2024,0.0,0.0,0.0,0.0,0.0,0.0,0.0,0.0,0.0,0.0,0.0,0.0,0.0,0.0,0.0,6,5,1,4,1.0,0,0,0,0,-1,301,48,68,4.0,2.0,0.0,0,0,2,ATH,0.0,Africa,36,7,0,0,0,0,0,0,0
Democratic Republic of the Congo,2008,country,1968,2024,0.0,0.0,0.0,0.0,0.0,0.0,0.0,0.0,0.0,0.0,0.0,0.0,0.0,0.0,0.0,5,4,1,5,-0.166667,0,0,0,0,-1,302,48,68,5.0,4.0,0.0,0,0,4,ATH,0.0,Africa,40,8,0,0,0,0,0,0,0
Democratic Republic of the Congo,2012,country,1968,2024,0.0,0.0,0.0,0.0,0.0,0.0,0.0,0.0,0.0,0.0,0.0,0.0,0.0,0.0,0.0,4,3,1,4,-0.2,0,0,0,0,-1,302,48,68,2.0,2.0,0.0,0,0,3,ATH,0.0,Africa,44,9,0,0,0,0,0,0,0
Democratic Republic of the Congo,2016,country,1968,2024,0.0,0.0,0.0,0.0,0.0,0.0,0.0,0.0,0.0,0.0,0.0,0.0,0.0,0.0,0.0,4,2,2,4,0.0,0,0,0,0,-1,306,48,68,5.0,1.0,0.0,0,0,3,ATH,0.0,Africa,48,10,0,0,0,0,0,0,0
Democratic Republic of the Congo,2020,country,1968,2024,0.0,0.0,0.0,0.0,0.0,0.0,0.0,0.0,0.0,0.0,0.0,0.0,0.0,0.0,0.0,7,3,4,7,0.75,0,0,0,0,-1,316,48,68,33.0,23.0,0.0,0,0,4,ATH,0.0,Africa,52,11,0,0,0,0,0,0,0
Democratic Republic of the Congo,2024,country,1968,2024,0.0,0.0,0.0,0.0,0.0,0.0,0.0,0.0,0.0,0.0,0.0,0.0,0.0,0.0,0.0,6,3,3,6,-0.142857,0,0,0,0,-1,297,48,68,6.0,25.0,0.0,0,0,4,ATH,0.0,Africa,56,12,0,0,0,0,0,0,0
Denmark,1896,country,1896,2024,,,,,,,,,,,,,,,,15,15,0,12,,0,0,0,0,-1,44,47,66,,,1.28,0,0,5,WLF,0.8,Europe,0,1,0,0,1,2,3,6,1
Denmark,1900,country,1896,2024,1.0,2.0,3.0,6.0,1.0,,,,,,,,,,,36,36,0,14,1.4,0,0,0,0,-1,97,47,66,65.0,12.0,0.956662,0,0,5,TOW,0.5,Europe,4,2,0,0,2,3,2,7,1
Denmark,1904,country,1896,2024,2.0,3.0,2.0,7.0,1.0,1.0,2.0,3.0,6.0,1.0,,,,,,0,0,0,0,,0,0,0,0,-1,95,48,67,36.0,38.0,,0,0,0,,,Europe,8,2,0,0,0,0,0,0,0
Denmark,1908,country,1896,2024,2.0,3.0,2.0,7.0,1.0,1.0,2.0,3.0,6.0,1.0,,,,,,107,107,0,27,1.972222,0,0,0,0,-1,104,48,67,35.0,26.0,1.100108,0,0,8,FBL,0.6,Europe,12,3,0,0,0,2,3,5,1
Denmark,1912,country,1896,2024,0.0,2.0,3.0,5.0,1.0,2.0,3.0,2.0,7.0,1.0,1.0,2.0,3.0,6.0,1.0,230,228,2,46,1.149533,0,0,0,0,-1,102,48,67,25.0,28.0,1.61683,0,0,14,FBL,0.6,Europe,16,4,1,2,1,6,5,12,1
Denmark,1920,country,1896,2024,1.0,6.0,5.0,12.0,1.0,0.0,2.0,3.0,5.0,1.0,2.0,3.0,2.0,7.0,1.0,245,238,7,66,0.065217,0,0,0,0,-1,156,48,67,58.0,4.0,2.004409,0,0,15,HOC,0.6,Europe,24,5,0,0,3,9,1,13,1
Denmark,1924,country,1896,2024,3.0,9.0,1.0,13.0,1.0,1.0,6.0,5.0,12.0,1.0,0.0,2.0,3.0,5.0,1.0,146,128,18,60,-0.404082,0,0,0,0,-1,126,45,62,12.0,42.0,1.101153,0,0,14,BOX,0.254412,Europe,28,6,1,1,2,6,3,11,1
Denmark,1928,country,1896,2024,2.0,6.0,3.0,11.0,1.0,3.0,9.0,1.0,13.0,1.0,1.0,6.0,5.0,12.0,1.0,122,110,12,55,-0.164384,0,0,0,0,-1,110,48,68,3.0,19.0,1.505504,0,0,16,CRD,0.454545,Europe,32,7,0,0,3,2,4,9,1
Denmark,1932,country,1896,2024,3.0,2.0,4.0,9.0,1.0,2.0,6.0,3.0,11.0,1.0,3.0,9.0,1.0,13.0,1.0,69,59,10,34,-0.434426,0,0,0,0,-1,127,48,67,18.0,1.0,0.918123,0,0,10,CRD,0.454545,Europe,36,8,0,0,0,5,3,8,1
Denmark,1936,country,1896,2024,0.0,5.0,3.0,8.0,1.0,3.0,2.0,4.0,9.0,1.0,2.0,6.0,3.0,11.0,1.0,173,152,21,71,1.507246,0,0,0,0,-1,129,48,67,4.0,2.0,0.8214,0,0,16,CRD,0.322727,Europe,40,9,0,0,0,2,3,5,1
Denmark,1948,country,1896,2024,0.0,2.0,3.0,5.0,1.0,0.0,5.0,3.0,8.0,1.0,3.0,2.0,4.0,9.0,1.0,251,222,29,83,0.450867,0,0,0,0,-1,136,48,68,9.0,2.0,1.572551,0,0,18,FBL,0.4,Europe,52,10,0,0,5,8,9,22,1
Denmark,1952,country,1896,2024,5.0,8.0,9.0,22.0,1.0,0.0,2.0,3.0,5.0,1.0,0.0,5.0,3.0,8.0,1.0,200,180,20,73,-0.203187,0,0,0,0,-1,149,48,68,12.0,0.0,1.168316,0,0,18,EDR,0.2,Europe,56,11,0,0,2,1,3,6,1
Denmark,1956,country,1896,2024,2.0,1.0,3.0,6.0,1.0,5.0,8.0,9.0,22.0,1.0,0.0,2.0,3.0,5.0,1.0,51,43,8,29,-0.745,0,0,0,0,-1,149,48,68,2.0,2.0,0.9561489999999999,0,0,13,EDR,0.3,Europe,60,12,0,0,1,2,1,4,1
Denmark,1960,country,1896,2024,1.0,2.0,1.0,4.0,1.0,2.0,1.0,3.0,6.0,1.0,5.0,8.0,9.0,22.0,1.0,109,96,13,46,1.137255,0,0,0,0,-1,152,48,67,6.0,3.0,0.908095,0,0,16,FBL,0.4,Europe,64,13,0,0,2,3,1,6,1
Denmark,1964,country,1896,2024,2.0,3.0,1.0,6.0,1.0,1.0,2.0,1.0,4.0,1.0,2.0,1.0,3.0,6.0,1.0,71,61,10,40,-0.348624,0,0,0,0,-1,164,47,67,12.0,0.0,0.677374,0,0,11,SAL,0.34,Europe,68,14,0,0,2,1,3,6,1
Denmark,1968,country,1896,2024,2.0,1.0,3.0,6.0,1.0,2.0,3.0,1.0,6.0,1.0,1.0,2.0,1.0,4.0,1.0,93,83,10,53,0.309859,0,0,0,0,-1,174,47,67,14.0,4.0,0.887922,0,0,12,SAL,0.243636,Europe,72,15,0,0,1,4,3,8,1
Denmark,1972,country,1896,2024,1.0,4.0,3.0,8.0,1.0,2.0,1.0,3.0,6.0,1.0,2.0,3.0,1.0,6.0,1.0,155,137,18,73,0.666667,0,0,0,0,-1,201,47,67,27.0,0.0,0.614545,0,0,18,CTR,0.249091,Europe,76,16,0,0,1,0,0,1,1
Denmark,1976,country,1896,2024,1.0,0.0,0.0,1.0,1.0,1.0,4.0,3.0,8.0,1.0,2.0,1.0,3.0,6.0,1.0,81,68,13,40,-0.477419,0,0,0,0,-1,199,48,68,8.0,10.0,0.510173,0,0,16,CTR,0.209091,Europe,80,17,0,0,1,0,2,3,1
Denmark,1980,country,1896,2024,1.0,0.0,2.0,3.0,1.0,1.0,0.0,0.0,1.0,1.0,1.0,4.0,3.0,8.0,1.0,60,56,4,30,-0.259259,0,0,0,0,-1,204,47,67,6.0,1.0,0.432533,0,0,14,SAL,0.174242,Europe,84,18,0,0,2,1,2,5,1
Denmark,1984,country,1896,2024,2.0,1.0,2.0,5.0,1.0,1.0,0.0,2.0,3.0,1.0,1.0,0.0,0.0,1.0,1.0,74,61,13,33,0.233333,0,0,0,0,-1,225,46,66,21.0,0.0,0.561723,0,0,12,EDR,0.2,Europe,88,19,0,0,0,3,3,6,1
Denmark,1988,country,1896,2024,0.0,3.0,3.0,6.0,1.0,2.0,1.0,2.0,5.0,1.0,1.0,0.0,2.0,3.0,1.0,130,90,40,73,0.756757,0,0,0,0,-1,243,47,67,19.0,1.0,0.46898,0,0,16,SAL,0.140152,Europe,92,20,0,0,2,1,1,4,1
Denmark,1992,country,1896,2024,2.0,1.0,1.0,4.0,1.0,0.0,3.0,3.0,6.0,1.0,2.0,1.0,2.0,5.0,1.0,143,89,54,67,0.1,0,0,0,0,-1,265,48,68,23.0,1.0,0.40666,0,0,17,SAL,0.119318,Europe,96,21,1,1,1,1,4,6,1
Denmark,1996,country,1896,2024,1.0,1.0,4.0,6.0,1.0,2.0,1.0,1.0,4.0,1.0,0.0,3.0,3.0,6.0,1.0,145,65,80,66,0.013986,0,0,0,0,-1,278,48,68,15.0,1.0,0.9662580000000001,0,0,17,HBL,0.5,Europe,100,22,1,1,4,1,1,6,1
Denmark,2000,country,1896,2024,4.0,1.0,1.0,6.0,1.0,1.0,1.0,4.0,6.0,1.0,2.0,1.0,1.0,4.0,1.0,124,68,56,55,-0.144828,0,0,0,0,-1,299,48,68,24.0,4.0,0.874857,0,0,20,HBL,0.5,Europe,104,23,1,1,2,3,1,6,1
Denmark,2004,country,1896,2024,2.0,3.0,1.0,6.0,1.0,4.0,1.0,1.0,6.0,1.0,1.0,1.0,4.0,6.0,1.0,115,59,56,59,-0.072581,0,0,0,0,-1,301,48,68,4.0,2.0,0.887305,0,0,18,HBL,0.5,Europe,108,24,1,1,2,1,5,8,1
Denmark,2008,country,1896,2024,2.0,1.0,5.0,8.0,1.0,2.0,3.0,1.0,6.0,1.0,4.0,1.0,1.0,6.0,1.0,108,76,32,62,-0.06087,0,0,0,0,-1,302,48,68,5.0,4.0,0.693751,0,0,20,HBL,0.272727,Europe,112,25,1,1,2,2,3,7,1
Denmark,2012,country,1896,2024,2.0,2.0,3.0,7.0,1.0,2.0,1.0,5.0,8.0,1.0,2.0,3.0,1.0,6.0,1.0,149,76,73,69,0.37963,0,0,0,0,-1,302,48,68,2.0,2.0,0.639192,0,0,19,HBL,0.113636,Europe,116,26,1,1,2,4,3,9,1
Denmark,2016,country,1896,2024,2.0,4.0,3.0,9.0,1.0,2.0,2.0,3.0,7.0,1.0,2.0,1.0,5.0,8.0,1.0,143,82,61,67,-0.040268,0,0,0,0,-1,306,48,68,5.0,1.0,0.885701,0,0,19,HBL,0.227273,Europe,120,27,0,0,2,6,7,15,1
Denmark,2020,country,1896,2024,2.0,6.0,7.0,15.0,1.0,2.0,4.0,3.0,9.0,1.0,2.0,2.0,3.0,7.0,1.0,138,66,72,63,-0.034965,0,0,0,0,-1,316,48,68,33.0,23.0,0.9866360000000001,0,0,20,HBL,0.295455,Europe,124,28,0,0,3,4,4,11,1
Denmark,2024,country,1896,2024,3.0,4.0,4.0,11.0,1.0,2.0,6.0,7.0,15.0,1.0,2.0,4.0,3.0,9.0,1.0,160,68,92,60,0.15942,0,0,0,0,-1,297,48,68,6.0,25.0,1.271045,0,0,22,HBL,0.527273,Europe,128,29,0,0,2,2,5,9,1
Djibouti,1984,country,1984,2024,,,,,,,,,,,,,,,,3,3,0,1,,0,0,0,0,-1,225,46,66,21.0,0.0,0.0,0,0,1,ATH,0.0,Africa,0,1,0,0,0,0,0,0,0
Djibouti,1988,country,1984,2024,0.0,0.0,0.0,0.0,0.0,,,,,,,,,,,6,6,0,5,1.0,0,0,0,0,-1,243,47,67,19.0,1.0,0.005472,0,0,2,ATH,0.005472,Africa,4,2,0,0,0,0,1,1,1
Djibouti,1992,country,1984,2024,0.0,0.0,1.0,1.0,1.0,0.0,0.0,0.0,0.0,0.0,,,,,,8,8,0,7,0.333333,0,0,0,0,-1,265,48,68,23.0,1.0,0.00296,0,0,3,ATH,0.00296,Africa,8,3,0,0,0,0,0,0,0
Djibouti,1996,country,1984,2024,0.0,0.0,0.0,0.0,0.0,0.0,0.0,1.0,1.0,1.0,0.0,0.0,0.0,0.0,0.0,5,5,0,4,-0.375,0,0,0,0,-1,278,48,68,15.0,1.0,0.002114,0,0,2,ATH,0.002114,Africa,12,4,0,0,0,0,0,0,0
Djibouti,2000,country,1984,2024,0.0,0.0,0.0,0.0,0.0,0.0,0.0,0.0,0.0,0.0,0.0,0.0,1.0,1.0,1.0,2,1,1,2,-0.6,0,0,0,0,-1,299,48,68,24.0,4.0,0.0,0,0,1,ATH,0.0,Africa,16,5,0,0,0,0,0,0,0
Djibouti,2004,country,1984,2024,0.0,0.0,0.0,0.0,0.0,0.0,0.0,0.0,0.0,0.0,0.0,0.0,0.0,0.0,0.0,0,0,0,0,,0,0,0,0,-1,301,48,68,4.0,2.0,,0,0,0,,,Africa,20,5,0,0,0,0,0,0,0
Djibouti,2008,country,1984,2024,0.0,0.0,0.0,0.0,0.0,0.0,0.0,0.0,0.0,0.0,0.0,0.0,0.0,0.0,0.0,2,1,1,2,0.0,0,0,0,0,-1,302,48,68,5.0,4.0,0.0,0,0,1,ATH,0.0,Africa,24,6,0,0,0,0,0,0,0
Djibouti,2012,country,1984,2024,0.0,0.0,0.0,0.0,0.0,0.0,0.0,0.0,0.0,0.0,0.0,0.0,0.0,0.0,0.0,4,2,2,4,1.0,0,0,0,0,-1,302,48,68,2.0,2.0,0.0,0,0,3,ATH,0.0,Africa,28,7,0,0,0,0,0,0,0
Djibouti,2016,country,1984,2024,0.0,0.0,0.0,0.0,0.0,0.0,0.0,0.0,0.0,0.0,0.0,0.0,0.0,0.0,0.0,8,7,1,7,1.0,0,0,0,0,-1,306,48,68,5.0,1.0,0.0,0,0,3,ATH,0.0,Africa,32,8,0,0,0,0,0,0,0
Djibouti,2020,country,1984,2024,0.0,0.0,0.0,0.0,0.0,0.0,0.0,0.0,0.0,0.0,0.0,0.0,0.0,0.0,0.0,5,4,1,5,-0.375,0,0,0,0,-1,316,48,68,33.0,23.0,0.0,0,0,3,ATH,0.0,Africa,36,9,0,0,0,0,0,0,0
Djibouti,2024,country,1984,2024,0.0,0.0,0.0,0.0,0.0,0.0,0.0,0.0,0.0,0.0,0.0,0.0,0.0,0.0,0.0,7,5,2,6,0.4,0,0,0,0,-1,297,48,68,6.0,25.0,0.0,0,0,3,ATH,0.0,Africa,40,10,0,0,0,0,0,0,0
Dominica,1996,country,1996,2024,,,,,,,,,,,,,,,,6,4,2,6,,0,0,0,0,-1,278,48,68,15.0,1.0,0.0,0,0,2,ATH,0.0,Americas,0,1,0,0,0,0,0,0,0
Dominica,2000,country,1996,2024,0.0,0.0,0.0,0.0,0.0,,,,,,,,,,,4,2,2,4,-0.333333,0,0,0,0,-1,299,48,68,24.0,4.0,0.0,0,0,2,ATH,0.0,Americas,4,2,0,0,0,0,0,0,0
Dominica,2004,country,1996,2024,0.0,0.0,0.0,0.0,0.0,0.0,0.0,0.0,0.0,0.0,,,,,,2,1,1,2,-0.5,0,0,0,0,-1,301,48,68,4.0,2.0,0.0,0,0,1,ATH,0.0,Americas,8,3,0,0,0,0,0,0,0
Dominica,2008,country,1996,2024,0.0,0.0,0.0,0.0,0.0,0.0,0.0,0.0,0.0,0.0,0.0,0.0,0.0,0.0,0.0,2,2,0,2,0.0,0,0,0,0,-1,302,48,68,5.0,4.0,0.0,0,0,1,ATH,0.0,Americas,12,4,0,0,0,0,0,0,0
Dominica,2012,country,1996,2024,0.0,0.0,0.0,0.0,0.0,0.0,0.0,0.0,0.0,0.0,0.0,0.0,0.0,0.0,0.0,2,1,1,2,0.0,0,0,0,0,-1,302,48,68,2.0,2.0,0.0,0,0,1,ATH,0.0,Americas,16,5,0,0,0,0,0,0,0
Dominica,2016,country,1996,2024,0.0,0.0,0.0,0.0,0.0,0.0,0.0,0.0,0.0,0.0,0.0,0.0,0.0,0.0,0.0,2,1,1,2,0.0,0,0,0,0,-1,306,48,68,5.0,1.0,0.0,0,0,1,ATH,0.0,Americas,20,6,0,0,0,0,0,0,0
Dominica,2020,country,1996,2024,0.0,0.0,0.0,0.0,0.0,0.0,0.0,0.0,0.0,0.0,0.0,0.0,0.0,0.0,0.0,2,1,1,2,0.0,0,0,0,0,-1,316,48,68,33.0,23.0,0.0,0,0,1,ATH,0.0,Americas,24,7,0,0,0,0,0,0,0
Dominica,2024,country,1996,2024,0.0,0.0,0.0,0.0,0.0,0.0,0.0,0.0,0.0,0.0,0.0,0.0,0.0,0.0,0.0,4,2,2,4,1.0,0,0,0,0,-1,297,48,68,6.0,25.0,0.00947,0,0,2,ATH,0.00947,Americas,28,8,0,0,1,0,0,1,1
Dominican Republic,1964,country,1964,2024,,,,,,,,,,,,,,,,1,1,0,1,,0,0,0,0,-1,164,47,67,12.0,0.0,0.0,0,0,1,ATH,0.0,Americas,0,1,0,0,0,0,0,0,0
Dominican Republic,1968,country,1964,2024,0.0,0.0,0.0,0.0,0.0,,,,,,,,,,,24,24,0,16,23.0,0,0,0,0,-1,174,47,67,14.0,4.0,0.0,0,0,5,ATH,0.0,Americas,4,2,0,0,0,0,0,0,0
Dominican Republic,1972,country,1964,2024,0.0,0.0,0.0,0.0,0.0,0.0,0.0,0.0,0.0,0.0,,,,,,5,5,0,4,-0.791667,0,0,0,0,-1,201,47,67,27.0,0.0,0.0,0,0,3,JUD,0.0,Americas,8,3,0,0,0,0,0,0,0
Dominican Republic,1976,country,1964,2024,0.0,0.0,0.0,0.0,0.0,0.0,0.0,0.0,0.0,0.0,0.0,0.0,0.0,0.0,0.0,11,9,2,10,1.2,0,0,0,0,-1,199,48,68,8.0,10.0,0.0,0,0,3,ATH,0.0,Americas,12,4,0,0,0,0,0,0,0
Dominican Republic,1980,country,1964,2024,0.0,0.0,0.0,0.0,0.0,0.0,0.0,0.0,0.0,0.0,0.0,0.0,0.0,0.0,0.0,7,6,1,7,-0.363636,0,0,0,0,-1,204,47,67,6.0,1.0,0.0,0,0,4,ATH,0.0,Americas,16,5,0,0,0,0,0,0,0
Dominican Republic,1984,country,1964,2024,0.0,0.0,0.0,0.0,0.0,0.0,0.0,0.0,0.0,0.0,0.0,0.0,0.0,0.0,0.0,24,17,7,20,2.428571,0,0,0,0,-1,225,46,66,21.0,0.0,0.007576,0,0,8,BOX,0.007576,Americas,20,6,0,0,0,0,1,1,1
Dominican Republic,1988,country,1964,2024,0.0,0.0,1.0,1.0,1.0,0.0,0.0,0.0,0.0,0.0,0.0,0.0,0.0,0.0,0.0,18,17,1,15,-0.25,0,0,0,0,-1,243,47,67,19.0,1.0,0.005303,0,0,5,BOX,0.005303,Americas,24,7,0,0,0,0,0,0,0
Dominican Republic,1992,country,1964,2024,0.0,0.0,0.0,0.0,0.0,0.0,0.0,1.0,1.0,1.0,0.0,0.0,0.0,0.0,0.0,32,30,2,13,0.777778,0,0,0,0,-1,265,48,68,23.0,1.0,0.003788,0,0,5,BOX,0.003788,Americas,28,8,0,0,0,0,0,0,0
Dominican Republic,1996,country,1964,2024,0.0,0.0,0.0,0.0,0.0,0.0,0.0,0.0,0.0,0.0,0.0,0.0,1.0,1.0,1.0,16,12,4,16,-0.5,0,0,0,0,-1,278,48,68,15.0,1.0,0.0,0,0,7,ATH,0.0,Americas,32,9,0,0,0,0,0,0,0
Dominican Republic,2000,country,1964,2024,0.0,0.0,0.0,0.0,0.0,0.0,0.0,0.0,0.0,0.0,0.0,0.0,0.0,0.0,0.0,13,11,2,13,-0.1875,0,0,0,0,-1,299,48,68,24.0,4.0,0.0,0,0,5,ATH,0.0,Americas,36,10,0,0,0,0,0,0,0
Dominican Republic,2004,country,1964,2024,0.0,0.0,0.0,0.0,0.0,0.0,0.0,0.0,0.0,0.0,0.0,0.0,0.0,0.0,0.0,33,17,16,22,1.538462,0,0,0,0,-1,301,48,68,4.0,2.0,0.009881,0,0,9,ATH,0.009881,Americas,40,11,0,0,1,0,0,1,1
Dominican Republic,2008,country,1964,2024,1.0,0.0,0.0,1.0,1.0,0.0,0.0,0.0,0.0,0.0,0.0,0.0,0.0,0.0,0.0,27,19,8,21,-0.181818,0,0,0,0,-1,302,48,68,5.0,4.0,0.092357,0,0,9,TKW,0.044118,Americas,44,12,0,0,1,1,0,2,1
Dominican Republic,2012,country,1964,2024,1.0,1.0,0.0,2.0,1.0,1.0,0.0,0.0,1.0,1.0,0.0,0.0,0.0,0.0,0.0,36,15,21,21,0.333333,0,0,0,0,-1,302,48,68,2.0,2.0,0.07320499999999999,0,0,10,BOX,0.028926,Americas,48,13,0,0,1,1,0,2,1
Dominican Republic,2016,country,1964,2024,1.0,1.0,0.0,2.0,1.0,1.0,1.0,0.0,2.0,1.0,1.0,0.0,0.0,1.0,1.0,30,22,8,22,-0.166667,0,0,0,0,-1,306,48,68,5.0,1.0,0.059902,0,0,11,TKW,0.028409,Americas,52,14,0,0,0,0,1,1,1
Dominican Republic,2020,country,1964,2024,0.0,0.0,1.0,1.0,1.0,1.0,1.0,0.0,2.0,1.0,1.0,1.0,0.0,2.0,1.0,69,43,26,31,1.3,0,0,0,0,-1,316,48,68,33.0,23.0,0.45976500000000003,0,0,12,BSB,0.4,Americas,56,15,0,0,0,3,2,5,1
Dominican Republic,2024,country,1964,2024,0.0,3.0,2.0,5.0,1.0,0.0,0.0,1.0,1.0,1.0,1.0,1.0,0.0,2.0,1.0,64,39,25,27,-0.072464,0,0,0,0,-1,297,48,68,6.0,25.0,0.059988,0,0,12,WLF,0.022727,Americas,60,16,0,0,1,0,2,3,1
East Germany,1968,historical_different,1968,1988,,,,,,,,,,,,,,,,346,263,83,124,,0,0,0,0,-1,174,47,67,14.0,4.0,1.325262,0,0,21,ROW,0.371429,Europe,0,1,0,0,9,9,7,25,1
East Germany,1972,historical_different,1968,1988,9.0,9.0,7.0,25.0,1.0,,,,,,,,,,,454,326,128,161,0.312139,0,0,0,0,-1,201,47,67,27.0,0.0,3.624915,0,1,21,CSL,1.1,Europe,4,2,1,1,20,23,23,66,1
East Germany,1976,historical_different,1968,1988,20.0,23.0,23.0,66.0,1.0,9.0,9.0,7.0,25.0,1.0,,,,,,407,224,183,139,-0.103524,0,0,0,0,-1,199,48,68,8.0,10.0,4.004909,0,0,19,ROW,0.679221,Europe,8,3,0,0,40,25,25,90,1
East Germany,1980,historical_different,1968,1988,40.0,25.0,25.0,90.0,1.0,20.0,23.0,23.0,66.0,1.0,9.0,9.0,7.0,25.0,1.0,495,306,189,167,0.216216,0,0,0,0,-1,204,47,67,6.0,1.0,5.958147,0,0,19,ROW,0.822078,Europe,12,4,0,0,47,37,42,126,1
East Germany,1984,historical_different,1968,1988,47.0,37.0,42.0,126.0,1.0,40.0,25.0,25.0,90.0,1.0,20.0,23.0,23.0,66.0,1.0,0,0,0,0,,0,0,0,0,-1,225,46,66,21.0,0.0,,0,0,0,,,Europe,16,4,0,0,0,0,0,0,0
East Germany,1988,historical_different,1968,1988,47.0,37.0,42.0,126.0,1.0,40.0,25.0,25.0,90.0,1.0,20.0,23.0,23.0,66.0,1.0,402,233,169,157,-0.187879,0,0,0,0,-1,243,47,67,19.0,1.0,5.409109,0,0,18,ROW,0.72381,Europe,20,5,0,0,37,35,30,102,1
Ecuador,1924,country,1924,2024,,,,,,,,,,,,,,,,4,4,0,4,,0,0,0,0,-1,126,45,62,12.0,42.0,0.0,0,0,1,ATH,0.0,Americas,0,1,0,0,0,0,0,0,0
Ecuador,1928,country,1924,2024,0.0,0.0,0.0,0.0,0.0,,,,,,,,,,,0,0,0,0,,0,0,0,0,-1,110,48,68,3.0,19.0,,0,0,0,,,Americas,4,1,0,0,0,0,0,0,0
Ecuador,1932,country,1924,2024,0.0,0.0,0.0,0.0,0.0,,,,,,,,,,,0,0,0,0,,0,0,0,0,-1,127,48,67,18.0,1.0,,0,0,0,,,Americas,8,1,0,0,0,0,0,0,0
Ecuador,1936,country,1924,2024,0.0,0.0,0.0,0.0,0.0,,,,,,,,,,,0,0,0,0,,0,0,0,0,-1,129,48,67,4.0,2.0,,0,0,0,,,Americas,12,1,0,0,0,0,0,0,0
Ecuador,1948,country,1924,2024,0.0,0.0,0.0,0.0,0.0,,,,,,,,,,,0,0,0,0,,0,0,0,0,-1,136,48,68,9.0,2.0,,0,0,0,,,Americas,24,1,0,0,0,0,0,0,0
Ecuador,1952,country,1924,2024,0.0,0.0,0.0,0.0,0.0,,,,,,,,,,,0,0,0,0,,0,0,0,0,-1,149,48,68,12.0,0.0,,0,0,0,,,Americas,28,1,0,0,0,0,0,0,0
Ecuador,1956,country,1924,2024,0.0,0.0,0.0,0.0,0.0,,,,,,,,,,,0,0,0,0,,0,0,0,0,-1,149,48,68,2.0,2.0,,0,0,0,,,Americas,32,1,0,0,0,0,0,0,0
Ecuador,1960,country,1924,2024,0.0,0.0,0.0,0.0,0.0,,,,,,,,,,,0,0,0,0,,0,0,0,0,-1,152,48,67,6.0,3.0,,0,0,0,,,Americas,36,1,0,0,0,0,0,0,0
Ecuador,1964,country,1924,2024,0.0,0.0,0.0,0.0,0.0,,,,,,,,,,,0,0,0,0,,0,0,0,0,-1,164,47,67,12.0,0.0,,0,0,0,,,Americas,40,1,0,0,0,0,0,0,0
Ecuador,1968,country,1924,2024,0.0,0.0,0.0,0.0,0.0,,,,,,,,,,,41,39,2,21,9.25,0,0,0,0,-1,174,47,67,14.0,4.0,0.0,0,0,6,ATH,0.0,Americas,44,2,0,0,0,0,0,0,0
Ecuador,1972,country,1924,2024,0.0,0.0,0.0,0.0,0.0,0.0,0.0,0.0,0.0,0.0,,,,,,4,4,0,4,-0.902439,0,0,0,0,-1,201,47,67,27.0,0.0,0.0,0,0,2,BOX,0.0,Americas,48,3,0,0,0,0,0,0,0
Ecuador,1976,country,1924,2024,0.0,0.0,0.0,0.0,0.0,0.0,0.0,0.0,0.0,0.0,0.0,0.0,0.0,0.0,0.0,8,8,0,8,1.0,0,0,0,0,-1,199,48,68,8.0,10.0,0.0,0,0,4,DIV,0.0,Americas,52,4,0,0,0,0,0,0,0
Ecuador,1980,country,1924,2024,0.0,0.0,0.0,0.0,0.0,0.0,0.0,0.0,0.0,0.0,0.0,0.0,0.0,0.0,0.0,16,15,1,13,1.0,0,0,0,0,-1,204,47,67,6.0,1.0,0.0,0,0,5,ATH,0.0,Americas,56,5,0,0,0,0,0,0,0
Ecuador,1984,country,1924,2024,0.0,0.0,0.0,0.0,0.0,0.0,0.0,0.0,0.0,0.0,0.0,0.0,0.0,0.0,0.0,15,14,1,14,-0.0625,0,0,0,0,-1,225,46,66,21.0,0.0,0.0,0,0,7,ATH,0.0,Americas,60,6,0,0,0,0,0,0,0
Ecuador,1988,country,1924,2024,0.0,0.0,0.0,0.0,0.0,0.0,0.0,0.0,0.0,0.0,0.0,0.0,0.0,0.0,0.0,15,11,4,15,0.0,0,0,0,0,-1,243,47,67,19.0,1.0,0.0,0,0,6,ATH,0.0,Americas,64,7,0,0,0,0,0,0,0
Ecuador,1992,country,1924,2024,0.0,0.0,0.0,0.0,0.0,0.0,0.0,0.0,0.0,0.0,0.0,0.0,0.0,0.0,0.0,15,7,8,15,0.0,0,0,0,0,-1,265,48,68,23.0,1.0,0.0,0,0,7,ATH,0.0,Americas,68,8,0,0,0,0,0,0,0
Ecuador,1996,country,1924,2024,0.0,0.0,0.0,0.0,0.0,0.0,0.0,0.0,0.0,0.0,0.0,0.0,0.0,0.0,0.0,28,26,2,18,0.866667,0,0,0,0,-1,278,48,68,15.0,1.0,0.010331,0,0,7,ATH,0.010331,Americas,72,9,0,0,1,0,0,1,1
Ecuador,2000,country,1924,2024,1.0,0.0,0.0,1.0,1.0,0.0,0.0,0.0,0.0,0.0,0.0,0.0,0.0,0.0,0.0,11,8,3,11,-0.607143,0,0,0,0,-1,299,48,68,24.0,4.0,0.007231,0,0,5,ATH,0.007231,Americas,76,10,0,0,0,0,0,0,0
Ecuador,2004,country,1924,2024,0.0,0.0,0.0,0.0,0.0,1.0,0.0,0.0,1.0,1.0,0.0,0.0,0.0,0.0,0.0,18,12,6,15,0.636364,0,0,0,0,-1,301,48,68,4.0,2.0,0.005165,0,0,7,ATH,0.005165,Americas,80,11,0,0,0,0,0,0,0
Ecuador,2008,country,1924,2024,0.0,0.0,0.0,0.0,0.0,0.0,0.0,0.0,0.0,0.0,1.0,0.0,0.0,1.0,1.0,26,18,8,23,0.444444,0,0,0,0,-1,302,48,68,5.0,4.0,0.005803,0,0,9,ATH,0.005803,Americas,84,12,0,0,0,1,0,1,1
Ecuador,2012,country,1924,2024,0.0,1.0,0.0,1.0,1.0,0.0,0.0,0.0,0.0,0.0,0.0,0.0,0.0,0.0,0.0,36,23,13,34,0.384615,0,0,0,0,-1,302,48,68,2.0,2.0,0.004062,0,0,13,ATH,0.004062,Americas,88,13,0,0,0,0,0,0,0
Ecuador,2016,country,1924,2024,0.0,0.0,0.0,0.0,0.0,0.0,1.0,0.0,1.0,1.0,0.0,0.0,0.0,0.0,0.0,40,24,16,29,0.111111,0,0,0,0,-1,306,48,68,5.0,1.0,0.002901,0,0,14,ATH,0.002901,Americas,92,14,0,0,0,0,0,0,0
Ecuador,2020,country,1924,2024,0.0,0.0,0.0,0.0,0.0,0.0,0.0,0.0,0.0,0.0,0.0,1.0,0.0,1.0,1.0,52,18,34,35,0.3,0,0,0,0,-1,316,48,68,33.0,23.0,0.165584,0,0,14,CRD,0.113636,Americas,96,15,0,0,2,1,0,3,1
Ecuador,2024,country,1924,2024,2.0,1.0,0.0,3.0,1.0,0.0,0.0,0.0,0.0,0.0,0.0,0.0,0.0,0.0,0.0,47,18,29,32,-0.096154,0,0,0,0,-1,297,48,68,6.0,25.0,0.19015100000000001,0,0,16,CRD,0.079545,Americas,100,16,0,0,1,2,2,5,1
Egypt,1920,country,1920,2024,,,,,,,,,,,,,,,,22,22,0,11,,0,0,0,0,-1,156,48,67,58.0,4.0,0.0,0,0,7,ATH,0.0,Africa,0,1,0,0,0,0,0,0,0
Egypt,1924,country,1920,2024,0.0,0.0,0.0,0.0,0.0,,,,,,,,,,,28,28,0,12,0.272727,0,0,0,0,-1,126,45,62,12.0,42.0,0.0,0,0,9,ATH,0.0,Africa,4,2,0,0,0,0,0,0,0
Egypt,1928,country,1920,2024,0.0,0.0,0.0,0.0,0.0,0.0,0.0,0.0,0.0,0.0,,,,,,43,43,0,14,0.535714,0,0,0,0,-1,110,48,68,3.0,19.0,0.401516,0,0,5,DIV,0.25,Africa,8,3,0,0,2,1,1,4,1
Egypt,1932,country,1920,2024,2.0,1.0,1.0,4.0,1.0,0.0,0.0,0.0,0.0,0.0,0.0,0.0,0.0,0.0,0.0,0,0,0,0,,0,0,0,0,-1,127,48,67,18.0,1.0,,0,0,0,,,Africa,12,3,0,0,0,0,0,0,0
Egypt,1936,country,1920,2024,2.0,1.0,1.0,4.0,1.0,0.0,0.0,0.0,0.0,0.0,0.0,0.0,0.0,0.0,0.0,66,66,0,30,0.534884,0,0,0,0,-1,129,48,67,4.0,2.0,0.623333,0,0,10,WLF,0.484444,Africa,16,4,0,0,2,1,2,5,1
Egypt,1948,country,1920,2024,2.0,1.0,2.0,5.0,1.0,2.0,1.0,1.0,4.0,1.0,0.0,0.0,0.0,0.0,0.0,166,166,0,53,1.515152,0,0,0,0,-1,136,48,68,9.0,2.0,0.593333,0,0,13,WLF,0.519804,Africa,28,5,0,0,2,2,1,5,1
Egypt,1952,country,1920,2024,2.0,2.0,1.0,5.0,1.0,2.0,1.0,2.0,5.0,1.0,2.0,1.0,1.0,4.0,1.0,196,196,0,65,0.180723,0,0,0,0,-1,149,48,68,12.0,0.0,0.346591,0,0,15,WLF,0.284091,Africa,32,6,0,0,0,0,1,1,1
Egypt,1956,country,1920,2024,0.0,0.0,1.0,1.0,1.0,2.0,2.0,1.0,5.0,1.0,2.0,1.0,2.0,5.0,1.0,6,6,0,2,-0.969388,0,0,0,0,-1,149,48,68,2.0,2.0,0.0,0,0,1,EJP,0.0,Africa,36,7,0,0,0,0,0,0,0
Egypt,1960,country,1920,2024,0.0,0.0,0.0,0.0,0.0,0.0,0.0,1.0,1.0,1.0,2.0,2.0,1.0,5.0,1.0,0,0,0,0,,0,0,0,0,-1,152,48,67,6.0,3.0,,0,0,0,,,Africa,40,7,0,0,0,0,0,0,0
Egypt,1964,country,1920,2024,0.0,0.0,0.0,0.0,0.0,0.0,0.0,1.0,1.0,1.0,2.0,2.0,1.0,5.0,1.0,83,83,0,35,12.833333,0,0,0,0,-1,164,47,67,12.0,0.0,0.0,0,0,9,BOX,0.0,Africa,44,8,0,0,0,0,0,0,0
Egypt,1968,country,1920,2024,0.0,0.0,0.0,0.0,0.0,0.0,0.0,0.0,0.0,0.0,0.0,0.0,1.0,1.0,1.0,35,35,0,18,-0.578313,0,0,0,0,-1,174,47,67,14.0,4.0,0.0,0,0,8,BOX,0.0,Africa,48,9,0,0,0,0,0,0,0
Egypt,1972,country,1920,2024,0.0,0.0,0.0,0.0,0.0,0.0,0.0,0.0,0.0,0.0,0.0,0.0,0.0,0.0,0.0,26,26,0,16,-0.257143,0,0,0,0,-1,201,47,67,27.0,0.0,0.0,0,0,5,ATH,0.0,Africa,52,10,0,0,0,0,0,0,0
Egypt,1976,country,1920,2024,0.0,0.0,0.0,0.0,0.0,0.0,0.0,0.0,0.0,0.0,0.0,0.0,0.0,0.0,0.0,26,26,0,7,0.0,0,0,0,0,-1,199,48,68,8.0,10.0,0.0,0,0,4,BKB,0.0,Africa,56,11,0,0,0,0,0,0,0
Egypt,1980,country,1920,2024,0.0,0.0,0.0,0.0,0.0,0.0,0.0,0.0,0.0,0.0,0.0,0.0,0.0,0.0,0.0,0,0,0,0,,0,0,0,0,-1,204,47,67,6.0,1.0,,0,0,0,,,Africa,60,11,0,0,0,0,0,0,0
Egypt,1984,country,1920,2024,0.0,0.0,0.0,0.0,0.0,0.0,0.0,0.0,0.0,0.0,0.0,0.0,0.0,0.0,0.0,148,137,11,74,4.692308,0,0,0,0,-1,225,46,66,21.0,0.0,0.075,0,0,16,JUD,0.075,Africa,64,12,0,0,0,1,0,1,1
Egypt,1988,country,1920,2024,0.0,1.0,0.0,1.0,1.0,0.0,0.0,0.0,0.0,0.0,0.0,0.0,0.0,0.0,0.0,58,57,1,36,-0.608108,0,0,0,0,-1,243,47,67,19.0,1.0,0.030882,0,0,13,JUD,0.030882,Africa,68,13,0,0,0,0,0,0,0
Egypt,1992,country,1920,2024,0.0,0.0,0.0,0.0,0.0,0.0,1.0,0.0,1.0,1.0,0.0,0.0,0.0,0.0,0.0,83,77,6,32,0.431034,0,0,0,0,-1,265,48,68,23.0,1.0,0.017045,0,0,13,JUD,0.017045,Africa,72,14,0,0,0,0,0,0,0
Egypt,1996,country,1920,2024,0.0,0.0,0.0,0.0,0.0,0.0,0.0,0.0,0.0,0.0,0.0,1.0,0.0,1.0,1.0,33,29,4,17,-0.60241,0,0,0,0,-1,278,48,68,15.0,1.0,0.0,0,0,8,BOX,0.0,Africa,76,15,0,0,0,0,0,0,0
Egypt,2000,country,1920,2024,0.0,0.0,0.0,0.0,0.0,0.0,0.0,0.0,0.0,0.0,0.0,0.0,0.0,0.0,0.0,102,84,18,64,2.090909,0,0,0,0,-1,299,48,68,24.0,4.0,0.0,0,0,20,ARC,0.0,Africa,80,16,0,0,0,0,0,0,0
Egypt,2004,country,1920,2024,0.0,0.0,0.0,0.0,0.0,0.0,0.0,0.0,0.0,0.0,0.0,0.0,0.0,0.0,0.0,104,88,16,48,0.019608,0,0,0,0,-1,301,48,68,4.0,2.0,0.135669,0,0,17,WRG,0.064935,Africa,84,17,0,0,1,1,3,5,1
Egypt,2008,country,1920,2024,1.0,1.0,3.0,5.0,1.0,0.0,0.0,0.0,0.0,0.0,0.0,0.0,0.0,0.0,0.0,116,82,34,68,0.115385,0,0,0,0,-1,302,48,68,5.0,4.0,0.09678400000000001,0,0,20,WRG,0.045455,Africa,88,18,0,0,0,0,1,1,1
Egypt,2012,country,1920,2024,0.0,0.0,1.0,1.0,1.0,1.0,1.0,3.0,5.0,1.0,0.0,0.0,0.0,0.0,0.0,132,87,45,87,0.137931,0,0,0,0,-1,302,48,68,2.0,2.0,0.135272,0,0,22,WRG,0.071429,Africa,92,19,0,0,0,2,0,2,1
Egypt,2016,country,1920,2024,0.0,2.0,0.0,2.0,1.0,0.0,0.0,1.0,1.0,1.0,1.0,1.0,3.0,5.0,1.0,137,91,46,87,0.037879,0,0,0,0,-1,306,48,68,5.0,1.0,0.085217,0,0,24,WRG,0.027273,Africa,96,20,0,0,0,0,3,3,1
Egypt,2020,country,1920,2024,0.0,0.0,3.0,3.0,1.0,0.0,2.0,0.0,2.0,1.0,0.0,0.0,1.0,1.0,1.0,195,121,74,94,0.423358,0,0,0,0,-1,316,48,68,33.0,23.0,0.365314,0,0,25,KTE,0.15,Africa,100,21,0,0,1,1,4,6,1
Egypt,2024,country,1920,2024,1.0,1.0,4.0,6.0,1.0,0.0,0.0,3.0,3.0,1.0,0.0,2.0,0.0,2.0,1.0,207,126,81,89,0.061538,0,0,0,0,-1,297,48,68,6.0,25.0,0.427854,0,0,22,MPN,0.322727,Africa,104,22,0,0,1,1,1,3,1
El Salvador,1932,country,1932,2024,,,,,,,,,,,,,,,,1,1,0,1,,0,0,0,0,-1,127,48,67,18.0,1.0,,0,0,0,,,Americas,0,1,0,0,0,0,0,0,0
El Salvador,1936,country,1932,2024,0.0,0.0,0.0,0.0,0.0,,,,,,,,,,,0,0,0,0,,0,0,0,0,-1,129,48,67,4.0,2.0,,0,0,0,,,Americas,4,1,0,0,0,0,0,0,0
El Salvador,1948,country,1932,2024,0.0,0.0,0.0,0.0,0.0,,,,,,,,,,,0,0,0,0,,0,0,0,0,-1,136,48,68,9.0,2.0,,0,0,0,,,Americas,16,1,0,0,0,0,0,0,0
El Salvador,1952,country,1932,2024,0.0,0.0,0.0,0.0,0.0,,,,,,,,,,,0,0,0,0,,0,0,0,0,-1,149,48,68,12.0,0.0,,0,0,0,,,Americas,20,1,0,0,0,0,0,0,0
El Salvador,1956,country,1932,2024,0.0,0.0,0.0,0.0,0.0,,,,,,,,,,,0,0,0,0,,0,0,0,0,-1,149,48,68,2.0,2.0,,0,0,0,,,Americas,24,1,0,0,0,0,0,0,0
El Salvador,1960,country,1932,2024,0.0,0.0,0.0,0.0,0.0,,,,,,,,,,,0,0,0,0,,0,0,0,0,-1,152,48,67,6.0,3.0,,0,0,0,,,Americas,28,1,0,0,0,0,0,0,0
El Salvador,1964,country,1932,2024,0.0,0.0,0.0,0.0,0.0,,,,,,,,,,,0,0,0,0,,0,0,0,0,-1,164,47,67,12.0,0.0,,0,0,0,,,Americas,32,1,0,0,0,0,0,0,0
El Salvador,1968,country,1932,2024,0.0,0.0,0.0,0.0,0.0,,,,,,,,,,,104,78,26,48,103.0,0,0,0,0,-1,174,47,67,14.0,4.0,0.0,0,0,7,ATH,0.0,Americas,36,2,0,0,0,0,0,0,0
El Salvador,1972,country,1932,2024,0.0,0.0,0.0,0.0,0.0,0.0,0.0,0.0,0.0,0.0,,,,,,18,18,0,12,-0.826923,0,0,0,0,-1,201,47,67,27.0,0.0,0.0,0,0,2,SHO,0.0,Americas,40,3,0,0,0,0,0,0,0
El Salvador,1976,country,1932,2024,0.0,0.0,0.0,0.0,0.0,0.0,0.0,0.0,0.0,0.0,0.0,0.0,0.0,0.0,0.0,0,0,0,0,,0,0,0,0,-1,199,48,68,8.0,10.0,,0,0,0,,,Americas,44,3,0,0,0,0,0,0,0
El Salvador,1980,country,1932,2024,0.0,0.0,0.0,0.0,0.0,0.0,0.0,0.0,0.0,0.0,0.0,0.0,0.0,0.0,0.0,0,0,0,0,,0,0,0,0,-1,204,47,67,6.0,1.0,,0,0,0,,,Americas,48,3,0,0,0,0,0,0,0
El Salvador,1984,country,1932,2024,0.0,0.0,0.0,0.0,0.0,0.0,0.0,0.0,0.0,0.0,0.0,0.0,0.0,0.0,0.0,15,13,2,15,-0.166667,0,0,0,0,-1,225,46,66,21.0,0.0,0.0,0,0,6,ATH,0.0,Americas,52,4,0,0,0,0,0,0,0
El Salvador,1988,country,1932,2024,0.0,0.0,0.0,0.0,0.0,0.0,0.0,0.0,0.0,0.0,0.0,0.0,0.0,0.0,0.0,7,6,1,7,-0.533333,0,0,0,0,-1,243,47,67,19.0,1.0,0.0,0,0,5,ATH,0.0,Americas,56,5,0,0,0,0,0,0,0
El Salvador,1992,country,1932,2024,0.0,0.0,0.0,0.0,0.0,0.0,0.0,0.0,0.0,0.0,0.0,0.0,0.0,0.0,0.0,6,3,3,6,-0.142857,0,0,0,0,-1,265,48,68,23.0,1.0,0.0,0,0,3,ATH,0.0,Americas,60,6,0,0,0,0,0,0,0
El Salvador,1996,country,1932,2024,0.0,0.0,0.0,0.0,0.0,0.0,0.0,0.0,0.0,0.0,0.0,0.0,0.0,0.0,0.0,10,7,3,10,0.666667,0,0,0,0,-1,278,48,68,15.0,1.0,0.0,0,0,6,ATH,0.0,Americas,64,7,0,0,0,0,0,0,0
El Salvador,2000,country,1932,2024,0.0,0.0,0.0,0.0,0.0,0.0,0.0,0.0,0.0,0.0,0.0,0.0,0.0,0.0,0.0,10,5,5,10,0.0,0,0,0,0,-1,299,48,68,24.0,4.0,0.0,0,0,7,ARC,0.0,Americas,68,8,0,0,0,0,0,0,0
El Salvador,2004,country,1932,2024,0.0,0.0,0.0,0.0,0.0,0.0,0.0,0.0,0.0,0.0,0.0,0.0,0.0,0.0,0.0,9,2,7,9,-0.1,0,0,0,0,-1,301,48,68,4.0,2.0,0.0,0,0,7,ARC,0.0,Americas,72,9,0,0,0,0,0,0,0
El Salvador,2008,country,1932,2024,0.0,0.0,0.0,0.0,0.0,0.0,0.0,0.0,0.0,0.0,0.0,0.0,0.0,0.0,0.0,14,4,10,14,0.555556,0,0,0,0,-1,302,48,68,5.0,4.0,0.0,0,0,10,ATH,0.0,Americas,76,10,0,0,0,0,0,0,0
El Salvador,2012,country,1932,2024,0.0,0.0,0.0,0.0,0.0,0.0,0.0,0.0,0.0,0.0,0.0,0.0,0.0,0.0,0.0,11,5,6,11,-0.214286,0,0,0,0,-1,302,48,68,2.0,2.0,0.0,0,0,7,ATH,0.0,Americas,80,11,0,0,0,0,0,0,0
El Salvador,2016,country,1932,2024,0.0,0.0,0.0,0.0,0.0,0.0,0.0,0.0,0.0,0.0,0.0,0.0,0.0,0.0,0.0,10,7,3,10,-0.090909,0,0,0,0,-1,306,48,68,5.0,1.0,0.0,0,0,6,ATH,0.0,Americas,84,12,0,0,0,0,0,0,0
El Salvador,2020,country,1932,2024,0.0,0.0,0.0,0.0,0.0,0.0,0.0,0.0,0.0,0.0,0.0,0.0,0.0,0.0,0.0,7,4,3,7,-0.3,0,0,0,0,-1,316,48,68,33.0,23.0,0.0,0,0,4,ATH,0.0,Americas,88,13,0,0,0,0,0,0,0
El Salvador,2024,country,1932,2024,0.0,0.0,0.0,0.0,0.0,0.0,0.0,0.0,0.0,0.0,0.0,0.0,0.0,0.0,0.0,9,8,1,9,0.285714,0,0,0,0,-1,297,48,68,6.0,25.0,0.0,0,0,7,ARC,0.0,Americas,92,14,0,0,0,0,0,0,0
Equatorial Guinea,1984,country,1984,2024,,,,,,,,,,,,,,,,5,5,0,5,,0,0,0,0,-1,225,46,66,21.0,0.0,0.0,0,0,1,ATH,0.0,Africa,0,1,0,0,0,0,0,0,0
Equatorial Guinea,1988,country,1984,2024,0.0,0.0,0.0,0.0,0.0,,,,,,,,,,,7,5,2,7,0.4,0,0,0,0,-1,243,47,67,19.0,1.0,0.0,0,0,1,ATH,0.0,Africa,4,2,0,0,0,0,0,0,0
Equatorial Guinea,1992,country,1984,2024,0.0,0.0,0.0,0.0,0.0,0.0,0.0,0.0,0.0,0.0,,,,,,8,5,3,8,0.142857,0,0,0,0,-1,265,48,68,23.0,1.0,0.0,0,0,1,ATH,0.0,Africa,8,3,0,0,0,0,0,0,0
Equatorial Guinea,1996,country,1984,2024,0.0,0.0,0.0,0.0,0.0,0.0,0.0,0.0,0.0,0.0,0.0,0.0,0.0,0.0,0.0,8,7,1,5,0.0,0,0,0,0,-1,278,48,68,15.0,1.0,0.0,0,0,1,ATH,0.0,Africa,12,4,0,0,0,0,0,0,0
Equatorial Guinea,2000,country,1984,2024,0.0,0.0,0.0,0.0,0.0,0.0,0.0,0.0,0.0,0.0,0.0,0.0,0.0,0.0,0.0,4,2,2,4,-0.5,0,0,0,0,-1,299,48,68,24.0,4.0,0.0,0,0,2,ATH,0.0,Africa,16,5,0,0,0,0,0,0,0
Equatorial Guinea,2004,country,1984,2024,0.0,0.0,0.0,0.0,0.0,0.0,0.0,0.0,0.0,0.0,0.0,0.0,0.0,0.0,0.0,2,1,1,2,-0.5,0,0,0,0,-1,301,48,68,4.0,2.0,0.0,0,0,1,ATH,0.0,Africa,20,6,0,0,0,0,0,0,0
Equatorial Guinea,2008,country,1984,2024,0.0,0.0,0.0,0.0,0.0,0.0,0.0,0.0,0.0,0.0,0.0,0.0,0.0,0.0,0.0,3,2,1,3,0.5,0,0,0,0,-1,302,48,68,5.0,4.0,0.0,0,0,2,ATH,0.0,Africa,24,7,0,0,0,0,0,0,0
Equatorial Guinea,2012,country,1984,2024,0.0,0.0,0.0,0.0,0.0,0.0,0.0,0.0,0.0,0.0,0.0,0.0,0.0,0.0,0.0,2,1,1,2,-0.333333,0,0,0,0,-1,302,48,68,2.0,2.0,0.0,0,0,1,ATH,0.0,Africa,28,8,0,0,0,0,0,0,0
Equatorial Guinea,2016,country,1984,2024,0.0,0.0,0.0,0.0,0.0,0.0,0.0,0.0,0.0,0.0,0.0,0.0,0.0,0.0,0.0,1,1,0,1,-0.5,0,0,0,0,-1,306,48,68,5.0,1.0,0.0,0,0,1,ATH,0.0,Africa,32,9,0,0,0,0,0,0,0
Equatorial Guinea,2020,country,1984,2024,0.0,0.0,0.0,0.0,0.0,0.0,0.0,0.0,0.0,0.0,0.0,0.0,0.0,0.0,0.0,3,2,1,3,2.0,0,0,0,0,-1,316,48,68,33.0,23.0,0.0,0,0,2,ATH,0.0,Africa,36,10,0,0,0,0,0,0,0
Equatorial Guinea,2024,country,1984,2024,0.0,0.0,0.0,0.0,0.0,0.0,0.0,0.0,0.0,0.0,0.0,0.0,0.0,0.0,0.0,3,2,1,3,0.0,0,0,0,0,-1,297,48,68,6.0,25.0,0.0,0,0,2,ATH,0.0,Africa,40,11,0,0,0,0,0,0,0
Eritrea,2000,country,2000,2024,,,,,,,,,,,,,,,,3,2,1,3,,0,0,0,0,-1,299,48,68,24.0,4.0,0.0,0,0,1,ATH,0.0,Africa,0,1,0,0,0,0,0,0,0
Eritrea,2004,country,2000,2024,0.0,0.0,0.0,0.0,0.0,,,,,,,,,,,5,4,1,3,0.666667,0,0,0,0,-1,301,48,68,4.0,2.0,0.005229,0,0,1,ATH,0.005229,Africa,4,2,0,0,0,0,1,1,1
Eritrea,2008,country,2000,2024,0.0,0.0,1.0,1.0,1.0,0.0,0.0,0.0,0.0,0.0,,,,,,11,9,2,6,1.2,0,0,0,0,-1,302,48,68,5.0,4.0,0.002828,0,0,1,ATH,0.002828,Africa,8,3,0,0,0,0,0,0,0
Eritrea,2012,country,2000,2024,0.0,0.0,0.0,0.0,0.0,0.0,0.0,1.0,1.0,1.0,0.0,0.0,0.0,0.0,0.0,12,11,1,7,0.090909,0,0,0,0,-1,302,48,68,2.0,2.0,0.00202,0,0,2,ATH,0.00202,Africa,12,4,0,0,0,0,0,0,0
Eritrea,2016,country,2000,2024,0.0,0.0,0.0,0.0,0.0,0.0,0.0,0.0,0.0,0.0,0.0,0.0,1.0,1.0,1.0,12,11,1,6,0.0,0,0,0,0,-1,306,48,68,5.0,1.0,0.0,0,0,2,ATH,0.0,Africa,16,5,0,0,0,0,0,0,0
Eritrea,2020,country,2000,2024,0.0,0.0,0.0,0.0,0.0,0.0,0.0,0.0,0.0,0.0,0.0,0.0,0.0,0.0,0.0,14,9,5,10,0.166667,0,0,0,0,-1,316,48,68,33.0,23.0,0.0,0,0,3,ATH,0.0,Africa,20,6,0,0,0,0,0,0,0
Eritrea,2024,country,2000,2024,0.0,0.0,0.0,0.0,0.0,0.0,0.0,0.0,0.0,0.0,0.0,0.0,0.0,0.0,0.0,12,9,3,9,-0.142857,0,0,0,0,-1,297,48,68,6.0,25.0,0.0,0,0,3,ATH,0.0,Africa,24,7,0,0,0,0,0,0,0
Estonia,1920,country,1920,2024,,,,,,,,,,,,,,,,20,20,0,19,,0,0,0,0,-1,156,48,67,58.0,4.0,0.34069,0,0,3,WLF,0.32,Europe,0,1,0,0,1,2,0,3,1
Estonia,1924,country,1920,2024,1.0,2.0,0.0,3.0,1.0,,,,,,,,,,,47,47,0,26,1.35,0,0,0,0,-1,126,45,62,12.0,42.0,0.4509599999999999,0,0,6,WLF,0.296471,Europe,4,2,0,0,1,1,4,6,1
Estonia,1928,country,1920,2024,1.0,1.0,4.0,6.0,1.0,1.0,2.0,0.0,3.0,1.0,,,,,,23,23,0,19,-0.510638,0,0,0,0,-1,110,48,68,3.0,19.0,0.637086,0,0,6,WLF,0.23,Europe,8,3,0,0,2,1,2,5,1
Estonia,1932,country,1920,2024,2.0,1.0,2.0,5.0,1.0,1.0,1.0,4.0,6.0,1.0,1.0,2.0,0.0,3.0,1.0,3,3,0,3,-0.869565,0,0,0,0,-1,127,48,67,18.0,1.0,0.176095,0,0,3,WRG,0.127273,Europe,12,4,0,0,0,0,0,0,0
Estonia,1936,country,1920,2024,0.0,0.0,0.0,0.0,0.0,2.0,1.0,2.0,5.0,1.0,1.0,1.0,4.0,6.0,1.0,36,36,0,29,11.0,0,0,0,0,-1,129,48,67,4.0,2.0,0.504054,0,0,9,WRG,0.169913,Europe,16,5,0,0,2,2,3,7,1
Estonia,1948,country,1920,2024,2.0,2.0,3.0,7.0,1.0,0.0,0.0,0.0,0.0,0.0,2.0,1.0,2.0,5.0,1.0,0,0,0,0,,0,0,0,0,-1,136,48,68,9.0,2.0,,0,0,0,,,Europe,28,5,0,0,0,0,0,0,0
Estonia,1952,country,1920,2024,2.0,2.0,3.0,7.0,1.0,0.0,0.0,0.0,0.0,0.0,2.0,1.0,2.0,5.0,1.0,0,0,0,0,,0,0,0,0,-1,149,48,68,12.0,0.0,,0,0,0,,,Europe,32,5,0,0,0,0,0,0,0
Estonia,1956,country,1920,2024,2.0,2.0,3.0,7.0,1.0,0.0,0.0,0.0,0.0,0.0,2.0,1.0,2.0,5.0,1.0,0,0,0,0,,0,0,0,0,-1,149,48,68,2.0,2.0,,0,0,0,,,Europe,36,5,0,0,0,0,0,0,0
Estonia,1960,country,1920,2024,2.0,2.0,3.0,7.0,1.0,0.0,0.0,0.0,0.0,0.0,2.0,1.0,2.0,5.0,1.0,0,0,0,0,,0,0,0,0,-1,152,48,67,6.0,3.0,,0,0,0,,,Europe,40,5,0,0,0,0,0,0,0
Estonia,1964,country,1920,2024,2.0,2.0,3.0,7.0,1.0,0.0,0.0,0.0,0.0,0.0,2.0,1.0,2.0,5.0,1.0,0,0,0,0,,0,0,0,0,-1,164,47,67,12.0,0.0,,0,0,0,,,Europe,44,5,0,0,0,0,0,0,0
Estonia,1968,country,1920,2024,2.0,2.0,3.0,7.0,1.0,0.0,0.0,0.0,0.0,0.0,2.0,1.0,2.0,5.0,1.0,0,0,0,0,,0,0,0,0,-1,174,47,67,14.0,4.0,,0,0,0,,,Europe,48,5,0,0,0,0,0,0,0
Estonia,1972,country,1920,2024,2.0,2.0,3.0,7.0,1.0,0.0,0.0,0.0,0.0,0.0,2.0,1.0,2.0,5.0,1.0,0,0,0,0,,0,0,0,0,-1,201,47,67,27.0,0.0,,0,0,0,,,Europe,52,5,0,0,0,0,0,0,0
Estonia,1976,country,1920,2024,2.0,2.0,3.0,7.0,1.0,0.0,0.0,0.0,0.0,0.0,2.0,1.0,2.0,5.0,1.0,0,0,0,0,,0,0,0,0,-1,199,48,68,8.0,10.0,,0,0,0,,,Europe,56,5,0,0,0,0,0,0,0
Estonia,1980,country,1920,2024,2.0,2.0,3.0,7.0,1.0,0.0,0.0,0.0,0.0,0.0,2.0,1.0,2.0,5.0,1.0,0,0,0,0,,0,0,0,0,-1,204,47,67,6.0,1.0,,0,0,0,,,Europe,60,5,0,0,0,0,0,0,0
Estonia,1984,country,1920,2024,2.0,2.0,3.0,7.0,1.0,0.0,0.0,0.0,0.0,0.0,2.0,1.0,2.0,5.0,1.0,0,0,0,0,,0,0,0,0,-1,225,46,66,21.0,0.0,,0,0,0,,,Europe,64,5,0,0,0,0,0,0,0
Estonia,1988,country,1920,2024,2.0,2.0,3.0,7.0,1.0,0.0,0.0,0.0,0.0,0.0,2.0,1.0,2.0,5.0,1.0,0,0,0,0,,0,0,0,0,-1,243,47,67,19.0,1.0,,0,0,0,,,Europe,68,5,0,0,0,0,0,0,0
Estonia,1992,country,1920,2024,2.0,2.0,3.0,7.0,1.0,0.0,0.0,0.0,0.0,0.0,2.0,1.0,2.0,5.0,1.0,46,40,6,35,0.277778,0,0,0,0,-1,265,48,68,23.0,1.0,0.18285700000000002,0,0,15,CTR,0.142857,Europe,72,6,0,0,1,0,1,2,1
Estonia,1996,country,1920,2024,1.0,0.0,1.0,2.0,1.0,2.0,2.0,3.0,7.0,1.0,0.0,0.0,0.0,0.0,0.0,52,40,12,36,0.130435,0,0,0,0,-1,278,48,68,15.0,1.0,0.075295,0,0,16,CTR,0.058824,Europe,76,7,0,0,0,0,0,0,0
Estonia,2000,country,1920,2024,0.0,0.0,0.0,0.0,0.0,1.0,0.0,1.0,2.0,1.0,2.0,2.0,3.0,7.0,1.0,41,38,3,29,-0.211538,0,0,0,0,-1,299,48,68,24.0,4.0,0.032179,0,0,11,JUD,0.012987,Europe,80,8,0,0,1,0,2,3,1
Estonia,2004,country,1920,2024,1.0,0.0,2.0,3.0,1.0,0.0,0.0,0.0,0.0,0.0,1.0,0.0,1.0,2.0,1.0,45,33,12,34,0.097561,0,0,0,0,-1,301,48,68,4.0,2.0,0.046175999999999995,0,0,11,ROW,0.019481,Europe,84,9,0,0,0,1,2,3,1
Estonia,2008,country,1920,2024,0.0,1.0,2.0,3.0,1.0,1.0,0.0,2.0,3.0,1.0,0.0,0.0,0.0,0.0,0.0,53,36,17,42,0.177778,0,0,0,0,-1,302,48,68,5.0,4.0,0.061706000000000004,0,0,14,ROW,0.033117,Europe,88,10,0,0,1,1,0,2,1
Estonia,2012,country,1920,2024,1.0,1.0,0.0,2.0,1.0,0.0,1.0,2.0,3.0,1.0,1.0,0.0,2.0,3.0,1.0,36,25,11,30,-0.320755,0,0,0,0,-1,302,48,68,2.0,2.0,0.09626799999999999,0,0,11,WRG,0.057143,Europe,92,11,0,0,0,1,1,2,1
Estonia,2016,country,1920,2024,0.0,1.0,1.0,2.0,1.0,1.0,1.0,0.0,2.0,1.0,0.0,1.0,2.0,3.0,1.0,49,28,21,31,0.361111,0,0,0,0,-1,306,48,68,5.0,1.0,0.065454,0,0,14,WRG,0.035294,Europe,96,12,0,0,0,0,1,1,1
Estonia,2020,country,1920,2024,0.0,0.0,1.0,1.0,1.0,0.0,1.0,1.0,2.0,1.0,1.0,1.0,0.0,2.0,1.0,42,24,18,28,-0.142857,0,0,0,0,-1,316,48,68,33.0,23.0,0.083457,0,0,15,FEN,0.05303,Europe,100,13,0,0,1,0,1,2,1
Estonia,2024,country,1920,2024,1.0,0.0,1.0,2.0,1.0,0.0,0.0,1.0,1.0,1.0,0.0,1.0,1.0,2.0,1.0,26,17,9,21,-0.380952,0,0,0,0,-1,297,48,68,6.0,25.0,0.043615,0,0,14,FEN,0.037121,Europe,104,14,0,0,0,0,0,0,0
Ethiopia,1956,country,1956,2024,,,,,,,,,,,,,,,,30,30,0,10,,0,0,0,0,-1,149,48,68,2.0,2.0,0.0,0,0,2,ATH,0.0,Africa,0,1,0,0,0,0,0,0,0
Ethiopia,1960,country,1956,2024,0.0,0.0,0.0,0.0,0.0,,,,,,,,,,,15,15,0,8,-0.5,0,0,0,0,-1,152,48,67,6.0,3.0,0.017301,0,0,2,ATH,0.017301,Africa,4,2,0,0,1,0,0,1,1
Ethiopia,1964,country,1956,2024,1.0,0.0,0.0,1.0,1.0,0.0,0.0,0.0,0.0,0.0,,,,,,19,19,0,11,0.266667,0,0,0,0,-1,164,47,67,12.0,0.0,0.021985,0,0,3,ATH,0.021985,Africa,8,3,0,0,1,0,0,1,1
Ethiopia,1968,country,1956,2024,1.0,0.0,0.0,1.0,1.0,1.0,0.0,0.0,1.0,1.0,0.0,0.0,0.0,0.0,0.0,26,26,0,13,0.368421,0,0,0,0,-1,174,47,67,14.0,4.0,0.035725,0,0,3,ATH,0.035725,Africa,12,4,0,0,1,1,0,2,1
Ethiopia,1972,country,1956,2024,1.0,1.0,0.0,2.0,1.0,1.0,0.0,0.0,1.0,1.0,1.0,0.0,0.0,1.0,1.0,40,40,0,20,0.538462,0,0,0,0,-1,201,47,67,27.0,0.0,0.030024,0,0,3,ATH,0.030024,Africa,16,5,0,0,0,0,2,2,1
Ethiopia,1976,country,1956,2024,0.0,0.0,2.0,2.0,1.0,1.0,1.0,0.0,2.0,1.0,1.0,0.0,0.0,1.0,1.0,0,0,0,0,,0,0,0,0,-1,199,48,68,8.0,10.0,,0,0,0,,,Africa,20,5,0,0,0,0,0,0,0
Ethiopia,1980,country,1956,2024,0.0,0.0,2.0,2.0,1.0,1.0,1.0,0.0,2.0,1.0,1.0,0.0,0.0,1.0,1.0,48,46,2,26,0.2,0,0,0,0,-1,204,47,67,6.0,1.0,0.05652,0,0,3,ATH,0.05652,Africa,24,6,0,0,2,0,2,4,1
Ethiopia,1984,country,1956,2024,2.0,0.0,2.0,4.0,1.0,0.0,0.0,2.0,2.0,1.0,1.0,1.0,0.0,2.0,1.0,0,0,0,0,,0,0,0,0,-1,225,46,66,21.0,0.0,,0,0,0,,,Africa,28,6,0,0,0,0,0,0,0
Ethiopia,1988,country,1956,2024,2.0,0.0,2.0,4.0,1.0,0.0,0.0,2.0,2.0,1.0,1.0,1.0,0.0,2.0,1.0,0,0,0,0,,0,0,0,0,-1,243,47,67,19.0,1.0,,0,0,0,,,Africa,32,6,0,0,0,0,0,0,0
Ethiopia,1992,country,1956,2024,2.0,0.0,2.0,4.0,1.0,0.0,0.0,2.0,2.0,1.0,1.0,1.0,0.0,2.0,1.0,24,18,6,11,-0.5,0,0,0,0,-1,265,48,68,23.0,1.0,0.041034,0,0,2,ATH,0.041034,Africa,36,7,0,0,1,0,2,3,1
Ethiopia,1996,country,1956,2024,1.0,0.0,2.0,3.0,1.0,2.0,0.0,2.0,4.0,1.0,0.0,0.0,2.0,2.0,1.0,19,10,9,10,-0.208333,0,0,0,0,-1,278,48,68,15.0,1.0,0.048982,0,0,2,ATH,0.048982,Africa,40,8,0,0,2,0,1,3,1
Ethiopia,2000,country,1956,2024,2.0,0.0,1.0,3.0,1.0,1.0,0.0,2.0,3.0,1.0,2.0,0.0,2.0,4.0,1.0,27,15,12,11,0.421053,0,0,0,0,-1,299,48,68,24.0,4.0,0.084493,0,0,2,ATH,0.084493,Africa,44,9,0,0,4,1,3,8,1
Ethiopia,2004,country,1956,2024,4.0,1.0,3.0,8.0,1.0,2.0,0.0,1.0,3.0,1.0,1.0,0.0,2.0,3.0,1.0,27,15,12,12,0.0,0,0,0,0,-1,301,48,68,4.0,2.0,0.098891,0,0,2,ATH,0.098891,Africa,48,10,0,0,2,3,2,7,1
Ethiopia,2008,country,1956,2024,2.0,3.0,2.0,7.0,1.0,4.0,1.0,3.0,8.0,1.0,2.0,0.0,1.0,3.0,1.0,29,15,14,10,0.074074,0,0,0,0,-1,302,48,68,5.0,4.0,0.113516,0,0,1,ATH,0.113516,Africa,52,11,0,0,4,1,2,7,1
Ethiopia,2012,country,1956,2024,4.0,1.0,2.0,7.0,1.0,2.0,3.0,2.0,7.0,1.0,4.0,1.0,3.0,8.0,1.0,34,18,16,14,0.172414,0,0,0,0,-1,302,48,68,2.0,2.0,0.105636,0,0,2,ATH,0.105636,Africa,56,12,0,0,3,1,3,7,1
Ethiopia,2016,country,1956,2024,3.0,1.0,3.0,7.0,1.0,4.0,1.0,2.0,7.0,1.0,2.0,3.0,2.0,7.0,1.0,38,17,21,16,0.117647,0,0,0,0,-1,306,48,68,5.0,1.0,0.098979,0,0,3,ATH,0.098979,Africa,60,13,0,0,1,2,5,8,1
Ethiopia,2020,country,1956,2024,1.0,2.0,5.0,8.0,1.0,3.0,1.0,3.0,7.0,1.0,4.0,1.0,2.0,7.0,1.0,38,18,20,15,0.0,0,0,0,0,-1,316,48,68,33.0,23.0,0.074062,0,0,4,ATH,0.074062,Africa,64,14,0,0,1,1,2,4,1
Ethiopia,2024,country,1956,2024,1.0,1.0,2.0,4.0,1.0,1.0,2.0,5.0,8.0,1.0,3.0,1.0,3.0,7.0,1.0,35,16,19,13,-0.078947,0,0,0,0,-1,297,48,68,6.0,25.0,0.062683,0,0,2,ATH,0.062683,Africa,68,15,0,0,1,3,0,4,1
Federated States of Micronesia,2000,country,2000,2024,,,,,,,,,,,,,,,,5,3,2,5,,0,0,0,0,-1,299,48,68,24.0,4.0,0.0,0,0,3,ATH,0.0,Oceania,0,1,0,0,0,0,0,0,0
Federated States of Micronesia,2004,country,2000,2024,0.0,0.0,0.0,0.0,0.0,,,,,,,,,,,5,3,2,5,0.0,0,0,0,0,-1,301,48,68,4.0,2.0,0.0,0,0,3,ATH,0.0,Oceania,4,2,0,0,0,0,0,0,0
Federated States of Micronesia,2008,country,2000,2024,0.0,0.0,0.0,0.0,0.0,0.0,0.0,0.0,0.0,0.0,,,,,,5,3,2,5,0.0,0,0,0,0,-1,302,48,68,5.0,4.0,0.0,0,0,3,ATH,0.0,Oceania,8,3,0,0,0,0,0,0,0
Federated States of Micronesia,2012,country,2000,2024,0.0,0.0,0.0,0.0,0.0,0.0,0.0,0.0,0.0,0.0,0.0,0.0,0.0,0.0,0.0,6,4,2,6,0.2,0,0,0,0,-1,302,48,68,2.0,2.0,0.0,0,0,4,ATH,0.0,Oceania,12,4,0,0,0,0,0,0,0
Federated States of Micronesia,2016,country,2000,2024,0.0,0.0,0.0,0.0,0.0,0.0,0.0,0.0,0.0,0.0,0.0,0.0,0.0,0.0,0.0,5,2,3,5,-0.166667,0,0,0,0,-1,306,48,68,5.0,1.0,0.0,0,0,3,ATH,0.0,Oceania,16,5,0,0,0,0,0,0,0
Federated States of Micronesia,2020,country,2000,2024,0.0,0.0,0.0,0.0,0.0,0.0,0.0,0.0,0.0,0.0,0.0,0.0,0.0,0.0,0.0,3,2,1,3,-0.4,0,0,0,0,-1,316,48,68,33.0,23.0,0.0,0,0,2,ATH,0.0,Oceania,20,6,0,0,0,0,0,0,0
Federated States of Micronesia,2024,country,2000,2024,0.0,0.0,0.0,0.0,0.0,0.0,0.0,0.0,0.0,0.0,0.0,0.0,0.0,0.0,0.0,3,2,1,3,0.0,0,0,0,0,-1,297,48,68,6.0,25.0,0.0,0,0,2,ATH,0.0,Oceania,24,7,0,0,0,0,0,0,0
Fiji,1956,country,1956,2024,,,,,,,,,,,,,,,,5,5,0,4,,0,0,0,0,-1,149,48,68,2.0,2.0,0.0,0,0,3,ATH,0.0,Oceania,0,1,0,0,0,0,0,0,0
Fiji,1960,country,1956,2024,0.0,0.0,0.0,0.0,0.0,,,,,,,,,,,3,3,0,3,-0.4,0,0,0,0,-1,152,48,67,6.0,3.0,0.0,0,0,1,ATH,0.0,Oceania,4,2,0,0,0,0,0,0,0
Fiji,1964,country,1956,2024,0.0,0.0,0.0,0.0,0.0,0.0,0.0,0.0,0.0,0.0,,,,,,0,0,0,0,,0,0,0,0,-1,164,47,67,12.0,0.0,,0,0,0,,,Oceania,8,2,0,0,0,0,0,0,0
Fiji,1968,country,1956,2024,0.0,0.0,0.0,0.0,0.0,0.0,0.0,0.0,0.0,0.0,,,,,,1,1,0,1,-0.666667,0,0,0,0,-1,174,47,67,14.0,4.0,0.0,0,0,1,ATH,0.0,Oceania,12,3,0,0,0,0,0,0,0
Fiji,1972,country,1956,2024,0.0,0.0,0.0,0.0,0.0,0.0,0.0,0.0,0.0,0.0,0.0,0.0,0.0,0.0,0.0,4,4,0,4,3.0,0,0,0,0,-1,201,47,67,27.0,0.0,0.0,0,0,1,ATH,0.0,Oceania,16,4,0,0,0,0,0,0,0
Fiji,1976,country,1956,2024,0.0,0.0,0.0,0.0,0.0,0.0,0.0,0.0,0.0,0.0,0.0,0.0,0.0,0.0,0.0,5,3,2,5,0.25,0,0,0,0,-1,199,48,68,8.0,10.0,0.0,0,0,1,ATH,0.0,Oceania,20,5,0,0,0,0,0,0,0
Fiji,1980,country,1956,2024,0.0,0.0,0.0,0.0,0.0,0.0,0.0,0.0,0.0,0.0,0.0,0.0,0.0,0.0,0.0,0,0,0,0,,0,0,0,0,-1,204,47,67,6.0,1.0,,0,0,0,,,Oceania,24,5,0,0,0,0,0,0,0
Fiji,1984,country,1956,2024,0.0,0.0,0.0,0.0,0.0,0.0,0.0,0.0,0.0,0.0,0.0,0.0,0.0,0.0,0.0,26,18,8,22,4.2,0,0,0,0,-1,225,46,66,21.0,0.0,0.0,0,0,5,ATH,0.0,Oceania,28,6,0,0,0,0,0,0,0
Fiji,1988,country,1956,2024,0.0,0.0,0.0,0.0,0.0,0.0,0.0,0.0,0.0,0.0,0.0,0.0,0.0,0.0,0.0,41,26,15,31,0.576923,0,0,0,0,-1,243,47,67,19.0,1.0,0.0,0,0,5,ATH,0.0,Oceania,32,7,0,0,0,0,0,0,0
Fiji,1992,country,1956,2024,0.0,0.0,0.0,0.0,0.0,0.0,0.0,0.0,0.0,0.0,0.0,0.0,0.0,0.0,0.0,36,27,9,32,-0.121951,0,0,0,0,-1,265,48,68,23.0,1.0,0.0,0,0,4,ATH,0.0,Oceania,36,8,0,0,0,0,0,0,0
Fiji,1996,country,1956,2024,0.0,0.0,0.0,0.0,0.0,0.0,0.0,0.0,0.0,0.0,0.0,0.0,0.0,0.0,0.0,21,18,3,14,-0.416667,0,0,0,0,-1,278,48,68,15.0,1.0,0.0,0,0,5,ATH,0.0,Oceania,40,9,0,0,0,0,0,0,0
Fiji,2000,country,1956,2024,0.0,0.0,0.0,0.0,0.0,0.0,0.0,0.0,0.0,0.0,0.0,0.0,0.0,0.0,0.0,9,5,4,9,-0.571429,0,0,0,0,-1,299,48,68,24.0,4.0,0.0,0,0,5,ATH,0.0,Oceania,44,10,0,0,0,0,0,0,0
Fiji,2004,country,1956,2024,0.0,0.0,0.0,0.0,0.0,0.0,0.0,0.0,0.0,0.0,0.0,0.0,0.0,0.0,0.0,9,5,4,9,0.0,0,0,0,0,-1,301,48,68,4.0,2.0,0.0,0,0,6,ARC,0.0,Oceania,48,11,0,0,0,0,0,0,0
Fiji,2008,country,1956,2024,0.0,0.0,0.0,0.0,0.0,0.0,0.0,0.0,0.0,0.0,0.0,0.0,0.0,0.0,0.0,6,4,2,6,-0.333333,0,0,0,0,-1,302,48,68,5.0,4.0,0.0,0,0,5,ATH,0.0,Oceania,52,12,0,0,0,0,0,0,0
Fiji,2012,country,1956,2024,0.0,0.0,0.0,0.0,0.0,0.0,0.0,0.0,0.0,0.0,0.0,0.0,0.0,0.0,0.0,9,6,3,9,0.5,0,0,0,0,-1,302,48,68,2.0,2.0,0.0,0,0,6,ARC,0.0,Oceania,56,13,0,0,0,0,0,0,0
Fiji,2016,country,1956,2024,0.0,0.0,0.0,0.0,0.0,0.0,0.0,0.0,0.0,0.0,0.0,0.0,0.0,0.0,0.0,53,36,17,14,4.888889,0,0,0,0,-1,306,48,68,5.0,1.0,0.5,0,0,10,RU7,0.5,Oceania,60,14,0,0,1,0,0,1,1
Fiji,2020,country,1956,2024,1.0,0.0,0.0,1.0,1.0,0.0,0.0,0.0,0.0,0.0,0.0,0.0,0.0,0.0,0.0,32,16,16,8,-0.396226,0,0,0,0,-1,316,48,68,33.0,23.0,0.617647,0,0,6,RU7,0.617647,Oceania,64,15,0,0,1,0,1,2,1
Fiji,2024,country,1956,2024,1.0,0.0,1.0,2.0,1.0,1.0,0.0,0.0,1.0,1.0,0.0,0.0,0.0,0.0,0.0,36,19,17,11,0.125,0,0,0,0,-1,297,48,68,6.0,25.0,0.472727,0,0,7,RU7,0.472727,Oceania,68,16,0,0,0,1,0,1,1
Finland,1908,country,1908,2024,,,,,,,,,,,,,,,,94,94,0,23,,0,0,0,0,-1,104,48,67,35.0,26.0,0.716,0,0,6,WRG,0.5,Europe,0,1,0,0,1,1,3,5,1
Finland,1912,country,1908,2024,1.0,1.0,3.0,5.0,1.0,,,,,,,,,,,233,231,2,49,1.478723,0,0,0,0,-1,102,48,67,25.0,28.0,1.592268,0,0,10,WRG,0.858824,Europe,4,2,1,1,9,8,9,26,1
Finland,1920,country,1908,2024,9.0,8.0,9.0,26.0,1.0,1.0,1.0,3.0,5.0,1.0,,,,,,136,135,1,51,-0.416309,0,0,0,0,-1,156,48,67,58.0,4.0,1.929822,0,1,8,WRG,1.030455,Europe,12,3,0,0,15,10,9,34,1
Finland,1924,country,1908,2024,15.0,10.0,9.0,34.0,1.0,9.0,8.0,9.0,26.0,1.0,1.0,1.0,3.0,5.0,1.0,253,253,0,69,0.860294,0,0,0,0,-1,126,45,62,12.0,42.0,2.479578,0,1,11,WRG,1.146818,Europe,16,4,1,1,14,13,10,37,1
Finland,1928,country,1908,2024,14.0,13.0,10.0,37.0,1.0,15.0,10.0,9.0,34.0,1.0,9.0,8.0,9.0,26.0,1.0,132,130,2,48,-0.478261,0,0,0,0,-1,110,48,68,3.0,19.0,1.9331360000000002,0,0,12,WRG,0.813636,Europe,20,5,0,0,8,8,9,25,1
Finland,1932,country,1908,2024,8.0,8.0,9.0,25.0,1.0,14.0,13.0,10.0,37.0,1.0,15.0,10.0,9.0,34.0,1.0,66,66,0,36,-0.5,0,0,0,0,-1,127,48,67,18.0,1.0,1.457709,0,0,6,WRG,0.546104,Europe,24,6,0,0,5,8,12,25,1
Finland,1936,country,1908,2024,5.0,8.0,12.0,25.0,1.0,8.0,8.0,9.0,25.0,1.0,14.0,13.0,10.0,37.0,1.0,186,176,10,70,1.818182,0,0,0,0,-1,129,48,67,4.0,2.0,1.2068699999999999,0,0,15,WRF,0.342857,Europe,28,7,0,0,8,6,6,20,1
Finland,1948,country,1908,2024,8.0,6.0,6.0,20.0,1.0,5.0,8.0,12.0,25.0,1.0,8.0,8.0,9.0,25.0,1.0,215,208,7,84,0.155914,0,1,0,1,-1,136,48,68,9.0,2.0,1.2434859999999999,0,0,18,GAR,0.404141,Europe,40,8,0,0,8,8,6,22,1
Finland,1952,country,1908,2024,8.0,8.0,6.0,22.0,1.0,8.0,6.0,6.0,20.0,1.0,5.0,8.0,12.0,25.0,1.0,412,324,88,139,0.916279,1,0,0,2,-1,149,48,68,12.0,0.0,1.370847,0,0,21,CSP,0.30202,Europe,44,9,0,0,6,3,13,22,1
Finland,1956,country,1908,2024,6.0,3.0,13.0,22.0,1.0,8.0,8.0,6.0,22.0,1.0,8.0,6.0,6.0,20.0,1.0,147,146,1,67,-0.643204,0,0,1,3,4,149,48,68,2.0,2.0,1.424484,0,0,19,MPN,0.381818,Europe,48,10,0,0,3,1,11,15,1
Finland,1960,country,1908,2024,3.0,1.0,11.0,15.0,1.0,6.0,3.0,13.0,22.0,1.0,8.0,8.0,6.0,22.0,1.0,219,179,40,92,0.489796,0,0,0,0,8,152,48,67,6.0,3.0,0.910959,0,0,16,MPN,0.268182,Europe,52,11,0,0,1,1,3,5,1
Finland,1964,country,1908,2024,1.0,1.0,3.0,5.0,1.0,3.0,1.0,11.0,15.0,1.0,6.0,3.0,13.0,22.0,1.0,151,138,13,64,-0.310502,0,0,0,0,12,164,47,67,12.0,0.0,0.585816,0,0,14,SHO,0.228788,Europe,56,12,0,0,3,0,2,5,1
Finland,1968,country,1908,2024,3.0,0.0,2.0,5.0,1.0,1.0,1.0,3.0,5.0,1.0,3.0,1.0,11.0,15.0,1.0,126,114,12,61,-0.165563,0,0,0,0,16,174,47,67,14.0,4.0,0.293555,0,0,15,SHO,0.128788,Europe,60,13,0,0,1,2,1,4,1
Finland,1972,country,1908,2024,1.0,2.0,1.0,4.0,1.0,3.0,0.0,2.0,5.0,1.0,1.0,1.0,3.0,5.0,1.0,133,115,18,75,0.055556,0,0,0,0,20,201,47,67,27.0,0.0,0.541888,0,0,18,ARC,0.2,Europe,64,14,0,0,3,1,4,8,1
Finland,1976,country,1908,2024,3.0,1.0,4.0,8.0,1.0,1.0,2.0,1.0,4.0,1.0,3.0,0.0,2.0,5.0,1.0,108,97,11,63,-0.18797,0,0,0,0,24,199,48,68,8.0,10.0,0.362164,0,0,16,ARC,0.082353,Europe,68,15,0,0,4,2,0,6,1
Finland,1980,country,1908,2024,4.0,2.0,0.0,6.0,1.0,3.0,1.0,4.0,8.0,1.0,1.0,2.0,1.0,4.0,1.0,125,119,6,71,0.157407,0,0,0,0,28,204,47,67,6.0,1.0,0.701595,0,0,19,ARC,0.363636,Europe,72,16,0,0,3,1,4,8,1
Finland,1984,country,1908,2024,3.0,1.0,4.0,8.0,1.0,4.0,2.0,0.0,6.0,1.0,3.0,1.0,4.0,8.0,1.0,107,90,17,76,-0.144,0,0,0,0,32,225,46,66,21.0,0.0,0.616275,0,0,17,ARC,0.222727,Europe,76,17,0,0,4,2,6,12,1
Finland,1988,country,1908,2024,4.0,2.0,6.0,12.0,1.0,3.0,1.0,4.0,8.0,1.0,4.0,2.0,0.0,6.0,1.0,101,73,28,66,-0.056075,0,0,0,0,36,243,47,67,19.0,1.0,0.45573400000000003,0,0,17,ARC,0.159091,Europe,80,18,0,0,1,1,2,4,1
Finland,1992,country,1908,2024,1.0,1.0,2.0,4.0,1.0,4.0,2.0,6.0,12.0,1.0,3.0,1.0,4.0,8.0,1.0,130,90,40,85,0.287129,0,0,0,0,40,265,48,68,23.0,1.0,0.276648,0,0,18,ARC,0.068182,Europe,84,19,0,0,1,2,2,5,1
Finland,1996,country,1908,2024,1.0,2.0,2.0,5.0,1.0,1.0,1.0,2.0,4.0,1.0,4.0,2.0,6.0,12.0,1.0,105,60,45,74,-0.192308,0,0,0,0,44,278,48,68,15.0,1.0,0.163298,0,0,16,WRG,0.05,Europe,88,20,0,0,1,2,1,4,1
Finland,2000,country,1908,2024,1.0,2.0,1.0,4.0,1.0,1.0,2.0,2.0,5.0,1.0,1.0,1.0,2.0,4.0,1.0,88,51,37,64,-0.161905,0,0,0,0,48,299,48,68,24.0,4.0,0.190063,0,0,18,WRG,0.041818,Europe,92,21,0,0,2,1,1,4,1
Finland,2004,country,1908,2024,2.0,1.0,1.0,4.0,1.0,1.0,2.0,1.0,4.0,1.0,1.0,2.0,2.0,5.0,1.0,67,44,23,53,-0.238636,0,0,0,0,52,301,48,68,4.0,2.0,0.143268,0,0,12,WRG,0.068506,Europe,96,22,0,0,0,2,0,2,1
Finland,2008,country,1908,2024,0.0,2.0,0.0,2.0,1.0,2.0,1.0,1.0,4.0,1.0,1.0,2.0,1.0,4.0,1.0,70,38,32,55,0.044776,0,0,0,0,56,302,48,68,5.0,4.0,0.172833,0,0,14,SHO,0.061676,Europe,100,23,0,0,1,1,2,4,1
Finland,2012,country,1908,2024,1.0,1.0,2.0,4.0,1.0,0.0,2.0,0.0,2.0,1.0,2.0,1.0,1.0,4.0,1.0,69,32,37,61,-0.014286,0,0,0,0,60,302,48,68,2.0,2.0,0.109131,0,0,14,SAL,0.045455,Europe,104,24,0,0,0,1,2,3,1
Finland,2016,country,1908,2024,0.0,1.0,2.0,3.0,1.0,1.0,1.0,2.0,4.0,1.0,0.0,2.0,0.0,2.0,1.0,67,34,33,55,-0.028986,0,0,0,0,64,306,48,68,5.0,1.0,0.072989,0,0,18,SAL,0.031818,Europe,108,25,0,0,0,0,1,1,1
Finland,2020,country,1908,2024,0.0,0.0,1.0,1.0,1.0,0.0,1.0,2.0,3.0,1.0,1.0,1.0,2.0,4.0,1.0,49,24,25,37,-0.268657,0,0,0,0,68,316,48,68,33.0,23.0,0.045162,0,0,11,SAL,0.022727,Europe,112,26,0,0,0,0,2,2,1
Finland,2024,country,1908,2024,0.0,0.0,2.0,2.0,1.0,0.0,0.0,1.0,1.0,1.0,0.0,1.0,2.0,3.0,1.0,62,25,37,46,0.265306,0,0,0,0,72,297,48,68,6.0,25.0,0.012028,0,0,15,BOX,0.008392,Europe,116,27,0,0,0,0,0,0,0
France,1896,country,1896,2024,,,,,,,,,,,,,,,,26,26,0,18,,0,1,0,1,-1,44,47,66,,,1.8730300000000002,0,1,5,CTR,1.053333,Europe,0,1,0,0,5,4,2,11,1
France,1900,country,1896,2024,5.0,4.0,2.0,11.0,1.0,,,,,,,,,,,974,958,16,81,36.461538,1,0,0,2,-1,97,47,66,65.0,12.0,12.509615,1,4,14,CQT,2.0,Europe,4,2,1,6,28,37,32,97,1
France,1904,country,1896,2024,28.0,37.0,32.0,97.0,1.0,5.0,4.0,2.0,11.0,1.0,,,,,,2,2,0,2,-0.997947,0,0,1,3,4,95,48,67,36.0,38.0,0.086218,0,0,1,ATH,0.086218,Europe,8,3,0,0,0,2,0,2,1
France,1908,country,1896,2024,0.0,2.0,0.0,2.0,1.0,28.0,37.0,32.0,97.0,1.0,5.0,4.0,2.0,11.0,1.0,308,308,0,54,153.0,0,0,0,0,8,104,48,67,35.0,26.0,4.521458,0,0,12,FEN,0.97619,Europe,12,4,1,1,5,5,9,19,1
France,1912,country,1896,2024,5.0,5.0,9.0,19.0,1.0,0.0,2.0,0.0,2.0,1.0,28.0,37.0,32.0,97.0,1.0,232,230,2,66,-0.246753,0,0,0,0,12,102,48,67,25.0,28.0,1.807985,0,0,14,EJP,0.8,Europe,16,5,0,0,7,5,3,15,1
France,1920,country,1896,2024,7.0,5.0,3.0,15.0,1.0,5.0,5.0,9.0,19.0,1.0,0.0,2.0,0.0,2.0,1.0,452,437,15,113,0.948276,0,1,0,1,20,156,48,67,58.0,4.0,5.2812339999999995,0,0,25,FEN,0.761111,Europe,24,6,1,1,9,20,13,42,1
France,1924,country,1896,2024,9.0,20.0,13.0,42.0,1.0,7.0,5.0,3.0,15.0,1.0,5.0,5.0,9.0,19.0,1.0,555,514,41,128,0.227876,1,0,0,2,24,126,45,62,12.0,42.0,5.258476,0,0,23,CRD,0.768182,Europe,28,7,1,1,14,14,12,40,1
France,1928,country,1896,2024,14.0,14.0,12.0,40.0,1.0,9.0,20.0,13.0,42.0,1.0,7.0,5.0,3.0,15.0,1.0,367,320,47,112,-0.338739,0,0,1,3,4,110,48,68,3.0,19.0,3.707725,0,0,20,FEN,0.639177,Europe,32,8,0,0,7,12,6,25,1
France,1932,country,1896,2024,7.0,12.0,6.0,25.0,1.0,14.0,14.0,12.0,40.0,1.0,9.0,20.0,13.0,42.0,1.0,134,127,7,57,-0.634877,0,0,0,0,8,127,48,67,18.0,1.0,3.202687,0,0,14,EDR,0.777273,Europe,36,9,0,0,11,5,4,20,1
France,1936,country,1896,2024,11.0,5.0,4.0,20.0,1.0,7.0,12.0,6.0,25.0,1.0,14.0,14.0,12.0,40.0,1.0,303,290,13,100,1.261194,0,0,0,0,12,129,48,67,4.0,2.0,3.469261,0,0,22,EDR,0.618182,Europe,40,10,0,0,7,6,6,19,1
France,1948,country,1896,2024,7.0,6.0,6.0,19.0,1.0,11.0,5.0,4.0,20.0,1.0,7.0,12.0,6.0,25.0,1.0,432,382,50,135,0.425743,0,0,0,0,24,136,48,68,9.0,2.0,4.046474,0,0,23,EDR,0.754545,Europe,52,11,0,0,11,6,15,32,1
France,1952,country,1896,2024,11.0,6.0,15.0,32.0,1.0,7.0,6.0,6.0,19.0,1.0,11.0,5.0,4.0,20.0,1.0,408,318,90,131,-0.055556,0,0,0,0,28,149,48,68,12.0,0.0,3.192169,0,0,22,CRD,0.609091,Europe,56,12,0,0,6,6,6,18,1
France,1956,country,1896,2024,6.0,6.0,6.0,18.0,1.0,11.0,6.0,15.0,32.0,1.0,7.0,6.0,6.0,19.0,1.0,227,191,36,101,-0.443627,0,0,0,0,32,149,48,68,2.0,2.0,2.544492,0,0,20,CRD,0.586364,Europe,60,13,0,0,4,4,6,14,1
France,1960,country,1896,2024,4.0,4.0,6.0,14.0,1.0,6.0,6.0,6.0,18.0,1.0,11.0,6.0,15.0,32.0,1.0,363,291,72,120,0.599119,0,0,0,0,36,152,48,67,6.0,3.0,1.217473,0,0,22,CRD,0.3,Europe,64,14,0,0,0,2,3,5,1
France,1964,country,1896,2024,0.0,2.0,3.0,5.0,1.0,4.0,4.0,6.0,14.0,1.0,6.0,6.0,6.0,18.0,1.0,214,174,40,89,-0.410468,0,0,0,0,40,164,47,67,12.0,0.0,1.229583,0,0,17,EJP,0.363636,Europe,68,15,0,0,1,8,6,15,1
France,1968,country,1896,2024,1.0,8.0,6.0,15.0,1.0,0.0,2.0,3.0,5.0,1.0,4.0,4.0,6.0,14.0,1.0,311,229,82,107,0.453271,0,0,0,0,44,174,47,67,14.0,4.0,1.645583,0,0,19,CTR,0.450909,Europe,72,16,0,0,7,3,5,15,1
France,1972,country,1896,2024,7.0,3.0,5.0,15.0,1.0,1.0,8.0,6.0,15.0,1.0,0.0,2.0,3.0,5.0,1.0,356,282,74,132,0.144695,0,0,0,0,48,201,47,67,27.0,0.0,1.594308,0,0,23,CTR,0.407273,Europe,76,17,0,0,2,4,7,13,1
France,1976,country,1896,2024,2.0,4.0,7.0,13.0,1.0,7.0,3.0,5.0,15.0,1.0,1.0,8.0,6.0,15.0,1.0,302,249,53,128,-0.151685,0,0,0,0,52,199,48,68,8.0,10.0,1.240006,0,0,22,CTR,0.331818,Europe,80,18,0,0,2,3,4,9,1
France,1980,country,1896,2024,2.0,3.0,4.0,9.0,1.0,2.0,4.0,7.0,13.0,1.0,7.0,3.0,5.0,15.0,1.0,200,168,32,85,-0.337748,0,0,0,0,56,204,47,67,6.0,1.0,0.875498,0,0,15,FEN,0.379545,Europe,84,19,0,0,6,5,3,14,1
France,1984,country,1896,2024,6.0,5.0,3.0,14.0,1.0,2.0,3.0,4.0,9.0,1.0,2.0,4.0,7.0,13.0,1.0,354,278,76,139,0.77,0,0,0,0,60,225,46,66,21.0,0.0,2.068711,0,0,25,FBL,0.666667,Europe,88,20,0,0,5,7,16,28,1
France,1988,country,1896,2024,5.0,7.0,16.0,28.0,1.0,6.0,5.0,3.0,14.0,1.0,2.0,3.0,4.0,9.0,1.0,413,291,122,167,0.166667,0,0,0,0,64,243,47,67,19.0,1.0,1.82514,0,0,27,FEN,0.464773,Europe,92,21,0,0,6,4,6,16,1
France,1992,country,1896,2024,6.0,4.0,6.0,16.0,1.0,5.0,7.0,16.0,28.0,1.0,6.0,5.0,3.0,14.0,1.0,486,321,165,196,0.176755,0,0,0,0,68,265,48,68,23.0,1.0,2.378071,0,0,30,FEN,0.410227,Europe,96,22,1,2,8,5,16,29,1
France,1996,country,1896,2024,8.0,5.0,16.0,29.0,1.0,6.0,4.0,6.0,16.0,1.0,5.0,7.0,16.0,28.0,1.0,453,283,170,183,-0.067901,0,0,0,0,72,278,48,68,15.0,1.0,2.7838060000000002,0,0,31,CSL,0.408824,Europe,100,23,1,2,15,7,15,37,1
France,2000,country,1896,2024,15.0,7.0,15.0,37.0,1.0,8.0,5.0,16.0,29.0,1.0,6.0,4.0,6.0,16.0,1.0,470,296,174,196,0.037528,0,0,0,0,76,299,48,68,24.0,4.0,3.334503,0,0,32,CSL,0.45,Europe,104,24,1,1,13,14,11,38,1
France,2004,country,1896,2024,13.0,14.0,11.0,38.0,1.0,15.0,7.0,15.0,37.0,1.0,8.0,5.0,16.0,29.0,1.0,461,286,175,193,-0.019149,0,0,0,0,80,301,48,68,4.0,2.0,3.068453,0,0,33,CSL,0.534091,Europe,108,25,1,1,11,9,13,33,1
France,2008,country,1896,2024,11.0,9.0,13.0,33.0,1.0,13.0,14.0,11.0,38.0,1.0,15.0,7.0,15.0,37.0,1.0,448,266,182,205,-0.0282,0,0,0,0,84,302,48,68,5.0,4.0,3.784437,0,0,31,BMX,0.8,Europe,112,26,1,1,7,16,18,41,1
France,2012,country,1896,2024,7.0,16.0,18.0,41.0,1.0,11.0,9.0,13.0,33.0,1.0,13.0,14.0,11.0,38.0,1.0,426,243,183,188,-0.049107,0,0,0,0,88,302,48,68,2.0,2.0,3.4151759999999998,0,0,35,MTB,0.595455,Europe,116,27,1,1,11,11,13,35,1
France,2016,country,1896,2024,11.0,11.0,13.0,35.0,1.0,7.0,16.0,18.0,41.0,1.0,11.0,9.0,13.0,33.0,1.0,512,295,217,202,0.201878,0,0,0,0,92,306,48,68,5.0,1.0,3.6492910000000003,0,0,38,HBL,0.545455,Europe,120,28,1,1,10,18,14,42,1
France,2020,country,1896,2024,10.0,18.0,14.0,42.0,1.0,11.0,11.0,13.0,35.0,1.0,7.0,16.0,18.0,41.0,1.0,538,291,247,194,0.050781,0,1,0,1,96,316,48,68,33.0,23.0,3.557172,0,0,41,HBL,0.759091,Europe,124,29,0,0,9,12,11,32,1
France,2024,country,1896,2024,9.0,12.0,11.0,32.0,1.0,10.0,18.0,14.0,42.0,1.0,11.0,11.0,13.0,35.0,1.0,801,398,403,223,0.488848,1,0,0,2,100,297,48,68,6.0,25.0,5.2198649999999995,0,0,40,MTB,0.590909,Europe,128,30,0,0,13,22,22,57,1
Gabon,1972,country,1972,2024,,,,,,,,,,,,,,,,1,1,0,1,,0,0,0,0,-1,201,47,67,27.0,0.0,0.0,0,0,1,BOX,0.0,Africa,0,1,0,0,0,0,0,0,0
Gabon,1976,country,1972,2024,0.0,0.0,0.0,0.0,0.0,,,,,,,,,,,0,0,0,0,,0,0,0,0,-1,199,48,68,8.0,10.0,,0,0,0,,,Africa,4,1,0,0,0,0,0,0,0
Gabon,1980,country,1972,2024,0.0,0.0,0.0,0.0,0.0,,,,,,,,,,,0,0,0,0,,0,0,0,0,-1,204,47,67,6.0,1.0,,0,0,0,,,Africa,8,1,0,0,0,0,0,0,0
Gabon,1984,country,1972,2024,0.0,0.0,0.0,0.0,0.0,,,,,,,,,,,4,2,2,4,3.0,0,0,0,0,-1,225,46,66,21.0,0.0,0.0,0,0,2,ATH,0.0,Africa,12,2,0,0,0,0,0,0,0
Gabon,1988,country,1972,2024,0.0,0.0,0.0,0.0,0.0,0.0,0.0,0.0,0.0,0.0,,,,,,2,1,1,2,-0.5,0,0,0,0,-1,243,47,67,19.0,1.0,0.0,0,0,2,ATH,0.0,Africa,16,3,0,0,0,0,0,0,0
Gabon,1992,country,1972,2024,0.0,0.0,0.0,0.0,0.0,0.0,0.0,0.0,0.0,0.0,0.0,0.0,0.0,0.0,0.0,5,4,1,5,1.5,0,0,0,0,-1,265,48,68,23.0,1.0,0.0,0,0,3,ATH,0.0,Africa,20,4,0,0,0,0,0,0,0
Gabon,1996,country,1972,2024,0.0,0.0,0.0,0.0,0.0,0.0,0.0,0.0,0.0,0.0,0.0,0.0,0.0,0.0,0.0,9,8,1,6,0.8,0,0,0,0,-1,278,48,68,15.0,1.0,0.0,0,0,3,ATH,0.0,Africa,24,5,0,0,0,0,0,0,0
Gabon,2000,country,1972,2024,0.0,0.0,0.0,0.0,0.0,0.0,0.0,0.0,0.0,0.0,0.0,0.0,0.0,0.0,0.0,6,4,2,6,-0.333333,0,0,0,0,-1,299,48,68,24.0,4.0,0.0,0,0,3,ATH,0.0,Africa,28,6,0,0,0,0,0,0,0
Gabon,2004,country,1972,2024,0.0,0.0,0.0,0.0,0.0,0.0,0.0,0.0,0.0,0.0,0.0,0.0,0.0,0.0,0.0,5,3,2,5,-0.166667,0,0,0,0,-1,301,48,68,4.0,2.0,0.0,0,0,3,ATH,0.0,Africa,32,7,0,0,0,0,0,0,0
Gabon,2008,country,1972,2024,0.0,0.0,0.0,0.0,0.0,0.0,0.0,0.0,0.0,0.0,0.0,0.0,0.0,0.0,0.0,4,2,2,4,-0.2,0,0,0,0,-1,302,48,68,5.0,4.0,0.0,0,0,3,ATH,0.0,Africa,36,8,0,0,0,0,0,0,0
Gabon,2012,country,1972,2024,0.0,0.0,0.0,0.0,0.0,0.0,0.0,0.0,0.0,0.0,0.0,0.0,0.0,0.0,0.0,21,19,2,7,4.25,0,0,0,0,-1,302,48,68,2.0,2.0,0.044118,0,0,5,TKW,0.044118,Africa,40,9,0,0,0,1,0,1,1
Gabon,2016,country,1972,2024,0.0,1.0,0.0,1.0,1.0,0.0,0.0,0.0,0.0,0.0,0.0,0.0,0.0,0.0,0.0,6,4,2,6,-0.714286,0,0,0,0,-1,306,48,68,5.0,1.0,0.023864,0,0,4,TKW,0.023864,Africa,44,10,0,0,0,0,0,0,0
Gabon,2020,country,1972,2024,0.0,0.0,0.0,0.0,0.0,0.0,1.0,0.0,1.0,1.0,0.0,0.0,0.0,0.0,0.0,5,3,2,5,-0.166667,0,0,0,0,-1,316,48,68,33.0,23.0,0.017045,0,0,4,TKW,0.017045,Africa,48,11,0,0,0,0,0,0,0
Gabon,2024,country,1972,2024,0.0,0.0,0.0,0.0,0.0,0.0,0.0,0.0,0.0,0.0,0.0,1.0,0.0,1.0,1.0,5,2,3,5,0.0,0,0,0,0,-1,297,48,68,6.0,25.0,0.0,0,0,4,ATH,0.0,Africa,52,12,0,0,0,0,0,0,0
Georgia,1996,country,1996,2024,,,,,,,,,,,,,,,,42,33,9,39,,0,0,0,0,-1,278,48,68,15.0,1.0,0.054286,0,0,14,WRF,0.04,Europe,0,1,0,0,0,0,2,2,1
Georgia,2000,country,1996,2024,0.0,0.0,2.0,2.0,1.0,,,,,,,,,,,47,33,14,41,0.119048,0,0,0,0,-1,299,48,68,24.0,4.0,0.144482,0,0,13,WRG,0.058824,Europe,4,2,0,0,0,0,6,6,1
Georgia,2004,country,1996,2024,0.0,0.0,6.0,6.0,1.0,0.0,0.0,2.0,2.0,1.0,,,,,,39,32,7,38,-0.170213,0,0,0,0,-1,301,48,68,4.0,2.0,0.19961,0,0,11,WRG,0.070779,Europe,8,3,0,0,2,2,0,4,1
Georgia,2008,country,1996,2024,2.0,2.0,0.0,4.0,1.0,0.0,0.0,6.0,6.0,1.0,0.0,0.0,2.0,2.0,1.0,38,29,9,35,-0.025641,0,0,0,0,-1,302,48,68,5.0,4.0,0.29941,0,0,12,WRG,0.114935,Europe,12,4,0,0,3,0,3,6,1
Georgia,2012,country,1996,2024,3.0,0.0,3.0,6.0,1.0,2.0,2.0,0.0,4.0,1.0,0.0,0.0,6.0,6.0,1.0,36,28,8,35,-0.052632,0,0,0,0,-1,302,48,68,2.0,2.0,0.328301,0,0,11,WRG,0.116883,Europe,16,5,0,0,1,3,3,7,1
Georgia,2016,country,1996,2024,1.0,3.0,3.0,7.0,1.0,3.0,0.0,3.0,6.0,1.0,2.0,2.0,0.0,4.0,1.0,45,31,14,40,0.25,0,0,0,0,-1,306,48,68,5.0,1.0,0.318064,0,0,13,WRF,0.120661,Europe,20,6,0,0,2,1,4,7,1
Georgia,2020,country,1996,2024,2.0,1.0,4.0,7.0,1.0,1.0,3.0,3.0,7.0,1.0,3.0,0.0,3.0,6.0,1.0,36,29,7,35,-0.2,0,0,0,0,-1,316,48,68,33.0,23.0,0.364054,0,0,12,JUD,0.119264,Europe,24,7,0,0,2,5,1,8,1
Georgia,2024,country,1996,2024,2.0,5.0,1.0,8.0,1.0,2.0,1.0,4.0,7.0,1.0,1.0,3.0,3.0,7.0,1.0,38,27,11,30,0.055556,0,0,0,0,-1,297,48,68,6.0,25.0,0.385219,0,0,10,JUD,0.139048,Europe,28,8,0,0,3,3,1,7,1
Germany,1896,country,1896,2024,,,,,,,,,,,,,,,,94,94,0,27,,0,0,0,0,-1,44,47,66,,,3.108333,0,2,5,GAR,1.125,Europe,0,1,0,0,7,5,2,14,1
Germany,1900,country,1896,2024,7.0,5.0,2.0,14.0,1.0,,,,,,,,,,,98,98,0,27,0.042553,0,0,0,0,-1,97,47,66,65.0,12.0,1.663807,0,0,10,GAR,0.463235,Europe,4,2,1,2,4,3,1,8,1
Germany,1904,country,1896,2024,4.0,3.0,1.0,8.0,1.0,7.0,5.0,2.0,14.0,1.0,,,,,,55,55,0,25,-0.438776,0,0,0,0,-1,95,48,67,36.0,38.0,2.051455,0,0,9,DIV,0.6,Europe,8,3,1,1,4,5,7,16,1
Germany,1908,country,1896,2024,4.0,5.0,7.0,16.0,1.0,4.0,3.0,1.0,8.0,1.0,7.0,5.0,2.0,14.0,1.0,144,142,2,41,1.618182,0,0,0,0,-1,104,48,67,35.0,26.0,1.583553,0,0,11,DIV,0.796078,Europe,12,4,1,1,3,5,5,13,1
Germany,1912,country,1896,2024,3.0,5.0,5.0,13.0,1.0,4.0,5.0,7.0,16.0,1.0,4.0,3.0,1.0,8.0,1.0,312,302,10,69,1.166667,0,0,0,0,-1,102,48,67,25.0,28.0,2.770423,0,0,15,DIV,0.728788,Europe,16,5,1,2,6,13,7,26,1
Germany,1920,country,1896,2024,6.0,13.0,7.0,26.0,1.0,3.0,5.0,5.0,13.0,1.0,4.0,5.0,7.0,16.0,1.0,0,0,0,0,,0,0,0,0,-1,156,48,67,58.0,4.0,,0,0,0,,,Europe,24,5,0,0,0,0,0,0,0
Germany,1924,country,1896,2024,6.0,13.0,7.0,26.0,1.0,3.0,5.0,5.0,13.0,1.0,4.0,5.0,7.0,16.0,1.0,0,0,0,0,,0,0,0,0,-1,126,45,62,12.0,42.0,,0,0,0,,,Europe,28,5,0,0,0,0,0,0,0
Germany,1928,country,1896,2024,6.0,13.0,7.0,26.0,1.0,3.0,5.0,5.0,13.0,1.0,4.0,5.0,7.0,16.0,1.0,368,325,43,95,0.179487,0,0,0,0,-1,110,48,68,3.0,19.0,4.802425,0,2,16,EDR,1.0,Europe,32,6,0,0,11,9,19,39,1
Germany,1932,country,1896,2024,11.0,9.0,19.0,39.0,1.0,6.0,13.0,7.0,26.0,1.0,3.0,5.0,5.0,13.0,1.0,177,161,16,67,-0.519022,0,1,0,1,-1,127,48,67,18.0,1.0,2.7500999999999998,0,0,14,WPO,0.764706,Europe,36,7,0,0,5,12,7,24,1
Germany,1936,country,1896,2024,5.0,12.0,7.0,24.0,1.0,11.0,9.0,19.0,39.0,1.0,6.0,13.0,7.0,26.0,1.0,542,492,50,143,2.062147,1,0,0,2,-1,129,48,67,4.0,2.0,10.459065,0,2,23,EDR,1.2,Europe,40,8,0,0,38,31,32,101,1
Germany,1948,country,1896,2024,38.0,31.0,32.0,101.0,1.0,5.0,12.0,7.0,24.0,1.0,11.0,9.0,19.0,39.0,1.0,0,0,0,0,,0,0,1,3,12,136,48,68,9.0,2.0,,0,0,0,,,Europe,52,8,0,0,0,0,0,0,0
Germany,1952,country,1896,2024,38.0,31.0,32.0,101.0,1.0,5.0,12.0,7.0,24.0,1.0,11.0,9.0,19.0,39.0,1.0,365,274,91,123,-0.326568,0,0,0,0,16,149,48,68,12.0,0.0,5.306913,0,0,22,EVE,0.666667,Europe,56,9,0,0,0,7,17,24,1
Germany,1956,country,1896,2024,0.0,7.0,17.0,24.0,1.0,38.0,31.0,32.0,101.0,1.0,5.0,12.0,7.0,24.0,1.0,261,218,43,100,-0.284932,0,0,0,0,20,149,48,68,2.0,2.0,2.8380579999999997,0,0,20,EJP,0.670588,Europe,60,10,0,0,6,13,7,26,1
Germany,1960,country,1896,2024,6.0,13.0,7.0,26.0,1.0,0.0,7.0,17.0,24.0,1.0,38.0,31.0,32.0,101.0,1.0,425,323,102,148,0.628352,0,0,0,0,24,152,48,67,6.0,3.0,3.586749,0,0,21,EJP,0.590909,Europe,64,11,0,0,12,19,11,42,1
Germany,1964,country,1896,2024,12.0,19.0,11.0,42.0,1.0,6.0,13.0,7.0,26.0,1.0,0.0,7.0,17.0,24.0,1.0,478,366,112,159,0.124706,0,0,0,0,28,164,47,67,12.0,0.0,4.873792,0,0,23,EJP,0.75,Europe,68,12,0,0,10,22,18,50,1
Germany,1968,country,1896,2024,10.0,22.0,18.0,50.0,1.0,12.0,19.0,11.0,42.0,1.0,6.0,13.0,7.0,26.0,1.0,0,0,0,0,,0,0,0,0,32,174,47,67,14.0,4.0,,0,0,0,,,Europe,72,12,0,0,0,0,0,0,0
Germany,1972,country,1896,2024,10.0,22.0,18.0,50.0,1.0,12.0,19.0,11.0,42.0,1.0,6.0,13.0,7.0,26.0,1.0,0,0,0,0,,0,0,0,0,36,201,47,67,27.0,0.0,,0,0,0,,,Europe,76,12,0,0,0,0,0,0,0
Germany,1976,country,1896,2024,10.0,22.0,18.0,50.0,1.0,12.0,19.0,11.0,42.0,1.0,6.0,13.0,7.0,26.0,1.0,0,0,0,0,,0,0,0,0,40,199,48,68,8.0,10.0,,0,0,0,,,Europe,80,12,0,0,0,0,0,0,0
Germany,1980,country,1896,2024,10.0,22.0,18.0,50.0,1.0,12.0,19.0,11.0,42.0,1.0,6.0,13.0,7.0,26.0,1.0,0,0,0,0,,0,0,0,0,44,204,47,67,6.0,1.0,,0,0,0,,,Europe,84,12,0,0,0,0,0,0,0
Germany,1984,country,1896,2024,10.0,22.0,18.0,50.0,1.0,12.0,19.0,11.0,42.0,1.0,6.0,13.0,7.0,26.0,1.0,0,0,0,0,,0,0,0,0,48,225,46,66,21.0,0.0,,0,0,0,,,Europe,88,12,0,0,0,0,0,0,0
Germany,1988,country,1896,2024,10.0,22.0,18.0,50.0,1.0,12.0,19.0,11.0,42.0,1.0,6.0,13.0,7.0,26.0,1.0,0,0,0,0,,0,0,0,0,52,243,47,67,19.0,1.0,,0,0,0,,,Europe,92,12,0,0,0,0,0,0,0
Germany,1992,country,1896,2024,10.0,22.0,18.0,50.0,1.0,12.0,19.0,11.0,42.0,1.0,6.0,13.0,7.0,26.0,1.0,653,406,247,237,0.366109,0,0,0,0,56,265,48,68,23.0,1.0,7.96914,0,1,30,EDR,1.5,Europe,96,13,1,1,33,21,28,82,1
Germany,1996,country,1896,2024,33.0,21.0,28.0,82.0,1.0,10.0,22.0,18.0,50.0,1.0,12.0,19.0,11.0,42.0,1.0,626,381,245,234,-0.041348,0,0,0,0,60,278,48,68,15.0,1.0,6.320406999999999,0,1,31,EDR,1.205882,Europe,100,14,1,2,20,18,27,65,1
Germany,2000,country,1896,2024,20.0,18.0,27.0,65.0,1.0,33.0,21.0,28.0,82.0,1.0,10.0,22.0,18.0,50.0,1.0,567,329,238,234,-0.094249,0,0,0,0,64,299,48,68,24.0,4.0,6.063572,0,1,34,EDR,1.113636,Europe,104,15,1,3,13,17,26,56,1
Germany,2004,country,1896,2024,13.0,17.0,26.0,56.0,1.0,20.0,18.0,27.0,65.0,1.0,33.0,21.0,28.0,82.0,1.0,592,349,243,228,0.044092,0,0,0,0,68,301,48,68,4.0,2.0,5.334494,0,0,35,EDR,0.909091,Europe,108,16,1,3,13,16,20,49,1
Germany,2008,country,1896,2024,13.0,16.0,20.0,49.0,1.0,13.0,17.0,26.0,56.0,1.0,20.0,18.0,27.0,65.0,1.0,558,313,245,207,-0.057432,0,0,0,0,72,302,48,68,5.0,4.0,5.599481,0,0,36,EDR,0.936364,Europe,112,17,1,1,16,10,15,41,1
Germany,2012,country,1896,2024,16.0,10.0,15.0,41.0,1.0,13.0,16.0,20.0,49.0,1.0,13.0,17.0,26.0,56.0,1.0,510,279,231,213,-0.086022,0,0,0,0,76,302,48,68,2.0,2.0,5.114384,0,0,34,EVE,0.863636,Europe,116,18,1,2,11,19,14,44,1
Germany,2016,country,1896,2024,11.0,19.0,14.0,44.0,1.0,16.0,10.0,15.0,41.0,1.0,13.0,16.0,20.0,49.0,1.0,536,290,246,217,0.05098,0,0,0,0,80,306,48,68,5.0,1.0,5.731796,0,0,36,EVE,0.972727,Europe,120,19,1,2,17,10,15,42,1
Germany,2020,country,1896,2024,17.0,10.0,15.0,42.0,1.0,11.0,19.0,14.0,44.0,1.0,16.0,10.0,15.0,41.0,1.0,597,341,256,206,0.113806,0,0,0,0,84,316,48,68,33.0,23.0,4.921142,0,0,36,EDR,0.977273,Europe,124,20,0,0,10,11,16,37,1
Germany,2024,country,1896,2024,10.0,11.0,16.0,37.0,1.0,17.0,10.0,15.0,42.0,1.0,11.0,19.0,14.0,44.0,1.0,647,343,304,196,0.083752,0,0,0,0,88,297,48,68,6.0,25.0,5.249864,0,1,34,EDR,1.231818,Europe,128,21,0,0,11,10,8,29,1
Ghana,1952,country,1952,2024,,,,,,,,,,,,,,,,9,9,0,5,,0,0,0,0,-1,149,48,68,12.0,0.0,0.0,0,0,1,ATH,0.0,Africa,0,1,0,0,0,0,0,0,0
Ghana,1956,country,1952,2024,0.0,0.0,0.0,0.0,0.0,,,,,,,,,,,0,0,0,0,,0,0,0,0,-1,149,48,68,2.0,2.0,,0,0,0,,,Africa,4,1,0,0,0,0,0,0,0
Ghana,1960,country,1952,2024,0.0,0.0,0.0,0.0,0.0,,,,,,,,,,,15,15,0,12,0.666667,0,0,0,0,-1,152,48,67,6.0,3.0,0.06,0,0,2,BOX,0.06,Africa,8,2,0,0,0,1,0,1,1
Ghana,1964,country,1952,2024,0.0,1.0,0.0,1.0,1.0,0.0,0.0,0.0,0.0,0.0,,,,,,40,36,4,18,1.666667,0,0,0,0,-1,164,47,67,12.0,0.0,0.036471,0,0,3,BOX,0.036471,Africa,12,3,0,0,0,0,1,1,1
Ghana,1968,country,1952,2024,0.0,0.0,1.0,1.0,1.0,0.0,1.0,0.0,1.0,1.0,0.0,0.0,0.0,0.0,0.0,36,34,2,18,-0.1,0,0,0,0,-1,174,47,67,14.0,4.0,0.02,0,0,3,BOX,0.02,Africa,16,4,0,0,0,0,0,0,0
Ghana,1972,country,1952,2024,0.0,0.0,0.0,0.0,0.0,0.0,0.0,1.0,1.0,1.0,0.0,1.0,0.0,1.0,1.0,41,37,4,17,0.138889,0,0,0,0,-1,201,47,67,27.0,0.0,0.01281,0,0,3,BOX,0.01281,Africa,20,5,0,0,0,0,1,1,1
Ghana,1976,country,1952,2024,0.0,0.0,1.0,1.0,1.0,0.0,0.0,0.0,0.0,0.0,0.0,0.0,1.0,1.0,1.0,0,0,0,0,,0,0,0,0,-1,199,48,68,8.0,10.0,,0,0,0,,,Africa,24,5,0,0,0,0,0,0,0
Ghana,1980,country,1952,2024,0.0,0.0,1.0,1.0,1.0,0.0,0.0,0.0,0.0,0.0,0.0,0.0,1.0,1.0,1.0,0,0,0,0,,0,0,0,0,-1,204,47,67,6.0,1.0,,0,0,0,,,Africa,28,5,0,0,0,0,0,0,0
Ghana,1984,country,1952,2024,0.0,0.0,1.0,1.0,1.0,0.0,0.0,0.0,0.0,0.0,0.0,0.0,1.0,1.0,1.0,27,16,11,17,-0.341463,0,0,0,0,-1,225,46,66,21.0,0.0,0.0,0,0,2,ATH,0.0,Africa,32,6,0,0,0,0,0,0,0
Ghana,1988,country,1952,2024,0.0,0.0,0.0,0.0,0.0,0.0,0.0,1.0,1.0,1.0,0.0,0.0,0.0,0.0,0.0,21,13,8,13,-0.222222,0,0,0,0,-1,243,47,67,19.0,1.0,0.0,0,0,3,ATH,0.0,Africa,36,7,0,0,0,0,0,0,0
Ghana,1992,country,1952,2024,0.0,0.0,0.0,0.0,0.0,0.0,0.0,0.0,0.0,0.0,0.0,0.0,1.0,1.0,1.0,41,37,4,13,0.952381,0,0,0,0,-1,265,48,68,23.0,1.0,0.4,0,0,4,FBL,0.4,Africa,40,8,0,0,0,0,1,1,1
Ghana,1996,country,1952,2024,0.0,0.0,1.0,1.0,1.0,0.0,0.0,0.0,0.0,0.0,0.0,0.0,0.0,0.0,0.0,40,38,2,15,-0.02439,0,0,0,0,-1,278,48,68,15.0,1.0,0.164706,0,0,4,FBL,0.164706,Africa,44,9,0,0,0,0,0,0,0
Ghana,2000,country,1952,2024,0.0,0.0,0.0,0.0,0.0,0.0,0.0,1.0,1.0,1.0,0.0,0.0,0.0,0.0,0.0,28,19,9,13,-0.3,0,0,0,0,-1,299,48,68,24.0,4.0,0.0,0,0,2,ATH,0.0,Africa,48,10,0,0,0,0,0,0,0
Ghana,2004,country,1952,2024,0.0,0.0,0.0,0.0,0.0,0.0,0.0,0.0,0.0,0.0,0.0,0.0,1.0,1.0,1.0,29,26,3,9,0.035714,0,0,0,0,-1,301,48,68,4.0,2.0,0.0,0,0,2,ATH,0.0,Africa,52,11,0,0,0,0,0,0,0
Ghana,2008,country,1952,2024,0.0,0.0,0.0,0.0,0.0,0.0,0.0,0.0,0.0,0.0,0.0,0.0,0.0,0.0,0.0,9,8,1,9,-0.689655,0,0,0,0,-1,302,48,68,5.0,4.0,0.0,0,0,2,ATH,0.0,Africa,56,12,0,0,0,0,0,0,0
Ghana,2012,country,1952,2024,0.0,0.0,0.0,0.0,0.0,0.0,0.0,0.0,0.0,0.0,0.0,0.0,0.0,0.0,0.0,7,5,2,7,-0.222222,0,0,0,0,-1,302,48,68,2.0,2.0,0.0,0,0,4,ATH,0.0,Africa,60,13,0,0,0,0,0,0,0
Ghana,2016,country,1952,2024,0.0,0.0,0.0,0.0,0.0,0.0,0.0,0.0,0.0,0.0,0.0,0.0,0.0,0.0,0.0,15,7,8,12,1.142857,0,0,0,0,-1,306,48,68,5.0,1.0,0.0,0,0,5,ATH,0.0,Africa,64,14,0,0,0,0,0,0,0
Ghana,2020,country,1952,2024,0.0,0.0,0.0,0.0,0.0,0.0,0.0,0.0,0.0,0.0,0.0,0.0,0.0,0.0,0.0,16,14,2,11,0.066667,0,0,0,0,-1,316,48,68,33.0,23.0,0.006993,0,0,5,BOX,0.006993,Africa,68,15,0,0,0,0,1,1,1
Ghana,2024,country,1952,2024,0.0,0.0,1.0,1.0,1.0,0.0,0.0,0.0,0.0,0.0,0.0,0.0,0.0,0.0,0.0,11,9,2,5,-0.3125,0,0,0,0,-1,297,48,68,6.0,25.0,0.0,0,0,2,ATH,0.0,Africa,72,16,0,0,0,0,0,0,0
Great Britain,1896,country,1896,2024,,,,,,,,,,,,,,,,25,25,0,19,,0,0,0,0,-1,44,47,66,,,2.173031,0,0,8,WLF,0.8,Europe,0,1,0,0,3,3,3,9,1
Great Britain,1900,country,1896,2024,3.0,3.0,3.0,9.0,1.0,,,,,,,,,,,142,140,2,39,4.68,0,0,0,0,-1,97,47,66,65.0,12.0,7.251483,0,3,13,CKT,1.3,Europe,4,2,1,2,19,11,12,42,1
Great Britain,1904,country,1896,2024,19.0,11.0,12.0,42.0,1.0,3.0,3.0,3.0,9.0,1.0,,,,,,6,6,0,4,-0.957746,0,1,0,1,-1,95,48,67,36.0,38.0,0.34486,0,0,3,GLF,0.205882,Europe,8,3,0,0,1,1,0,2,1
Great Britain,1908,country,1896,2024,1.0,1.0,0.0,2.0,1.0,19.0,11.0,12.0,42.0,1.0,3.0,3.0,3.0,9.0,1.0,962,920,42,108,159.333333,1,0,0,2,-1,104,48,67,35.0,26.0,22.417996,3,9,11,HOC,2.0,Europe,12,4,1,10,56,50,37,143,1
Great Britain,1912,country,1896,2024,56.0,50.0,37.0,143.0,1.0,1.0,1.0,0.0,2.0,1.0,19.0,11.0,12.0,42.0,1.0,461,444,17,79,-0.52079,0,0,1,3,4,102,48,67,25.0,28.0,7.599685,0,5,11,TOW,1.176471,Europe,16,5,1,3,10,15,16,41,1
Great Britain,1920,country,1896,2024,10.0,15.0,16.0,41.0,1.0,56.0,50.0,37.0,143.0,1.0,1.0,1.0,0.0,2.0,1.0,345,314,31,84,-0.251627,0,0,0,0,12,156,48,67,58.0,4.0,11.245821,0,4,16,HOC,1.333333,Europe,24,6,1,2,14,16,13,43,1
Great Britain,1924,country,1896,2024,14.0,16.0,13.0,43.0,1.0,10.0,15.0,16.0,41.0,1.0,56.0,50.0,37.0,143.0,1.0,422,384,38,115,0.223188,0,0,0,0,16,126,45,62,12.0,42.0,4.189949,0,0,19,POL,0.647059,Europe,28,7,1,1,9,14,12,35,1
Great Britain,1928,country,1896,2024,9.0,14.0,12.0,35.0,1.0,14.0,16.0,13.0,43.0,1.0,10.0,15.0,16.0,41.0,1.0,316,279,37,84,-0.251185,0,0,0,0,20,110,48,68,3.0,19.0,2.11104,0,0,14,CTR,0.375,Europe,32,8,0,0,4,11,7,22,1
Great Britain,1932,country,1896,2024,4.0,11.0,7.0,22.0,1.0,9.0,14.0,12.0,35.0,1.0,14.0,16.0,13.0,43.0,1.0,142,116,26,50,-0.550633,0,0,0,0,24,127,48,67,18.0,1.0,1.40112,0,0,10,ROW,0.312987,Europe,36,9,0,0,5,7,5,17,1
Great Britain,1936,country,1896,2024,5.0,7.0,5.0,17.0,1.0,4.0,11.0,7.0,22.0,1.0,9.0,14.0,12.0,35.0,1.0,250,207,43,91,0.760563,0,1,0,1,28,129,48,67,4.0,2.0,1.910817,0,0,20,POL,0.6,Europe,40,10,0,0,4,7,3,14,1
Great Britain,1948,country,1896,2024,4.0,7.0,3.0,14.0,1.0,5.0,7.0,5.0,17.0,1.0,4.0,11.0,7.0,22.0,1.0,527,439,88,139,1.108,1,0,0,2,40,136,48,68,9.0,2.0,2.164599,0,0,22,HOC,0.6,Europe,52,11,0,0,4,16,7,27,1
Great Britain,1952,country,1896,2024,4.0,16.0,7.0,27.0,1.0,4.0,7.0,3.0,14.0,1.0,5.0,7.0,5.0,17.0,1.0,401,300,101,127,-0.239089,0,0,1,3,4,149,48,68,12.0,0.0,1.76894,0,0,20,HOC,0.482353,Europe,56,12,0,0,1,2,8,11,1
Great Britain,1956,country,1896,2024,1.0,2.0,8.0,11.0,1.0,4.0,16.0,7.0,27.0,1.0,4.0,7.0,3.0,14.0,1.0,283,235,48,113,-0.294264,0,0,0,0,8,149,48,68,2.0,2.0,2.1225650000000003,0,0,21,EVE,0.318182,Europe,60,13,0,0,6,7,11,24,1
Great Britain,1960,country,1896,2024,6.0,7.0,11.0,24.0,1.0,1.0,2.0,8.0,11.0,1.0,4.0,16.0,7.0,27.0,1.0,389,292,97,130,0.374558,0,0,0,0,12,152,48,67,6.0,3.0,1.493315,0,0,20,EJP,0.268182,Europe,64,14,0,0,2,6,12,20,1
Great Britain,1964,country,1896,2024,2.0,6.0,12.0,20.0,1.0,6.0,7.0,11.0,24.0,1.0,1.0,2.0,8.0,11.0,1.0,301,228,73,124,-0.226221,0,0,0,0,16,164,47,67,12.0,0.0,1.23516,0,0,20,EJP,0.2,Europe,68,15,0,0,4,12,2,18,1
Great Britain,1968,country,1896,2024,4.0,12.0,2.0,18.0,1.0,2.0,6.0,12.0,20.0,1.0,6.0,7.0,11.0,24.0,1.0,328,235,93,133,0.089701,0,0,0,0,20,174,47,67,14.0,4.0,1.344835,0,0,19,EVE,0.363636,Europe,72,16,0,0,5,5,3,13,1
Great Britain,1972,country,1896,2024,5.0,5.0,3.0,13.0,1.0,4.0,12.0,2.0,18.0,1.0,2.0,6.0,12.0,20.0,1.0,433,289,144,159,0.320122,0,0,0,0,24,201,47,67,27.0,0.0,1.7558360000000002,0,0,22,EVE,0.709091,Europe,76,17,1,1,4,5,9,18,1
Great Britain,1976,country,1896,2024,4.0,5.0,9.0,18.0,1.0,5.0,5.0,3.0,13.0,1.0,4.0,12.0,2.0,18.0,1.0,353,242,111,148,-0.184758,0,0,0,0,28,199,48,68,8.0,10.0,1.653557,0,0,20,EVE,0.5,Europe,80,18,0,0,3,5,5,13,1
Great Britain,1980,country,1896,2024,3.0,5.0,5.0,13.0,1.0,4.0,5.0,9.0,18.0,1.0,5.0,5.0,3.0,13.0,1.0,328,218,110,145,-0.070822,0,0,0,0,32,204,47,67,6.0,1.0,0.622972,0,0,15,MPN,0.159091,Europe,84,19,0,0,5,7,9,21,1
Great Britain,1984,country,1896,2024,5.0,7.0,9.0,21.0,1.0,3.0,5.0,5.0,13.0,1.0,4.0,5.0,9.0,18.0,1.0,509,331,178,190,0.551829,0,0,0,0,36,225,46,66,21.0,0.0,1.642729,0,0,23,EVE,0.333333,Europe,88,20,0,0,5,11,21,37,1
Great Britain,1988,country,1896,2024,5.0,11.0,21.0,37.0,1.0,5.0,7.0,9.0,21.0,1.0,3.0,5.0,5.0,13.0,1.0,472,292,180,191,-0.072692,0,0,0,0,40,243,47,67,19.0,1.0,2.01679,0,0,25,EVE,0.676471,Europe,92,21,1,1,5,10,9,24,1
Great Britain,1992,country,1896,2024,5.0,10.0,9.0,24.0,1.0,5.0,11.0,21.0,37.0,1.0,5.0,7.0,9.0,21.0,1.0,512,326,186,203,0.084746,0,0,0,0,44,265,48,68,23.0,1.0,1.6927240000000001,0,0,27,EVE,0.368182,Europe,96,22,1,2,5,3,12,20,1
Great Britain,1996,country,1896,2024,5.0,3.0,12.0,20.0,1.0,5.0,10.0,9.0,24.0,1.0,5.0,11.0,21.0,37.0,1.0,391,232,159,175,-0.236328,0,0,0,0,48,278,48,68,15.0,1.0,1.162219,0,0,27,EVE,0.181818,Europe,100,23,1,1,1,8,6,15,1
Great Britain,2000,country,1896,2024,1.0,8.0,6.0,15.0,1.0,5.0,3.0,12.0,20.0,1.0,5.0,10.0,9.0,24.0,1.0,415,232,183,179,0.061381,0,0,0,0,52,299,48,68,24.0,4.0,1.527628,0,0,28,MPN,0.318182,Europe,104,24,1,1,11,10,7,28,1
Great Britain,2004,country,1896,2024,11.0,10.0,7.0,28.0,1.0,1.0,8.0,6.0,15.0,1.0,5.0,3.0,12.0,20.0,1.0,360,196,164,162,-0.13253,0,0,0,0,56,301,48,68,4.0,2.0,2.113522,0,0,29,EVE,0.55,Europe,108,25,1,1,9,9,12,30,1
Great Britain,2008,country,1896,2024,9.0,9.0,12.0,30.0,1.0,11.0,10.0,7.0,28.0,1.0,1.0,8.0,6.0,15.0,1.0,419,211,208,185,0.163889,0,1,0,1,60,302,48,68,5.0,4.0,2.941191,0,0,29,EVE,0.568182,Europe,112,26,1,1,19,13,16,48,1
Great Britain,2012,country,1896,2024,19.0,13.0,16.0,48.0,1.0,9.0,9.0,12.0,30.0,1.0,11.0,10.0,7.0,28.0,1.0,684,350,334,249,0.632458,1,0,0,2,64,302,48,68,2.0,2.0,4.89109,0,0,38,CTR,0.724256,Europe,116,27,1,2,29,17,19,65,1
Great Britain,2016,country,1896,2024,29.0,17.0,19.0,65.0,1.0,19.0,13.0,16.0,48.0,1.0,9.0,9.0,12.0,30.0,1.0,478,266,212,198,-0.30117,0,0,1,3,4,306,48,68,5.0,1.0,6.819675999999999,0,0,32,CTR,0.87157,Europe,120,28,1,1,27,23,17,67,1
Great Britain,2020,country,1896,2024,27.0,23.0,17.0,67.0,1.0,29.0,17.0,19.0,65.0,1.0,19.0,13.0,16.0,48.0,1.0,548,270,278,197,0.146444,0,0,0,0,8,316,48,68,33.0,23.0,8.156849,0,0,35,TRI,0.810606,Europe,124,29,0,0,22,21,22,65,1
Great Britain,2024,country,1896,2024,22.0,21.0,22.0,65.0,1.0,27.0,23.0,17.0,67.0,1.0,29.0,17.0,19.0,65.0,1.0,533,264,269,174,-0.027372,0,0,0,0,12,297,48,68,6.0,25.0,6.590511,0,0,31,TRI,0.778788,Europe,128,30,0,0,13,22,28,63,1
Greece,1896,country,1896,2024,,,,,,,,,,,,,,,,148,148,0,39,,1,0,0,2,-1,44,47,66,,,7.791819,0,5,5,SHO,1.2,Europe,0,1,1,1,10,17,17,44,1
Greece,1900,country,1896,2024,10.0,17.0,17.0,44.0,1.0,,,,,,,,,,,4,4,0,3,-0.972973,0,0,1,3,4,97,47,66,65.0,12.0,0.170945,0,0,2,ATH,0.170945,Europe,4,2,0,0,0,0,0,0,0
Greece,1904,country,1896,2024,0.0,0.0,0.0,0.0,0.0,10.0,17.0,17.0,44.0,1.0,,,,,,17,17,0,5,3.25,0,0,0,0,8,95,48,67,36.0,38.0,0.568925,0,0,3,WLF,0.466667,Europe,8,3,0,0,1,0,1,2,1
Greece,1908,country,1896,2024,1.0,0.0,1.0,2.0,1.0,0.0,0.0,0.0,0.0,0.0,10.0,17.0,17.0,44.0,1.0,49,49,0,25,1.882353,0,0,0,0,12,104,48,67,35.0,26.0,0.062504,0,0,3,ATH,0.035837,Europe,12,4,0,0,0,3,1,4,1
Greece,1912,country,1896,2024,0.0,3.0,1.0,4.0,1.0,1.0,0.0,1.0,2.0,1.0,0.0,0.0,0.0,0.0,0.0,77,77,0,25,0.571429,0,0,0,0,16,102,48,67,25.0,28.0,0.056214,0,0,5,ATH,0.045234,Europe,16,5,0,0,1,0,1,2,1
Greece,1920,country,1896,2024,1.0,0.0,1.0,2.0,1.0,0.0,3.0,1.0,4.0,1.0,1.0,0.0,1.0,2.0,1.0,98,98,0,34,0.272727,0,0,0,0,24,156,48,67,58.0,4.0,0.048248,0,0,9,ATH,0.0292,Europe,24,6,0,0,0,1,0,1,1
Greece,1924,country,1896,2024,0.0,1.0,0.0,1.0,1.0,1.0,0.0,1.0,2.0,1.0,0.0,3.0,1.0,4.0,1.0,78,76,2,37,-0.204082,0,0,0,0,28,126,45,62,12.0,42.0,0.019126,0,0,8,ATH,0.010035,Europe,28,7,0,0,1,0,0,1,1
Greece,1928,country,1896,2024,1.0,0.0,0.0,1.0,1.0,0.0,1.0,0.0,1.0,1.0,1.0,0.0,1.0,2.0,1.0,47,47,0,26,-0.397436,0,0,0,0,32,110,48,68,3.0,19.0,0.0,0,0,5,ATH,0.0,Europe,32,8,0,0,0,0,0,0,0
Greece,1932,country,1896,2024,0.0,0.0,0.0,0.0,0.0,1.0,0.0,0.0,1.0,1.0,0.0,1.0,0.0,1.0,1.0,16,16,0,12,-0.659574,0,0,0,0,36,127,48,67,18.0,1.0,0.0,0,0,4,ATH,0.0,Europe,36,9,0,0,0,0,0,0,0
Greece,1936,country,1896,2024,0.0,0.0,0.0,0.0,0.0,0.0,0.0,0.0,0.0,0.0,1.0,0.0,0.0,1.0,1.0,64,62,2,34,3.0,0,0,0,0,40,129,48,67,4.0,2.0,0.0,0,0,6,ATH,0.0,Europe,40,10,0,0,0,0,0,0,0
Greece,1948,country,1896,2024,0.0,0.0,0.0,0.0,0.0,0.0,0.0,0.0,0.0,0.0,0.0,0.0,0.0,0.0,0.0,96,95,1,44,0.5,0,0,0,0,52,136,48,68,9.0,2.0,0.0,0,0,11,ATH,0.0,Europe,52,11,0,0,0,0,0,0,0
Greece,1952,country,1896,2024,0.0,0.0,0.0,0.0,0.0,0.0,0.0,0.0,0.0,0.0,0.0,0.0,0.0,0.0,0.0,54,54,0,24,-0.4375,0,0,0,0,56,149,48,68,12.0,0.0,0.0,0,0,7,ATH,0.0,Europe,56,12,0,0,0,0,0,0,0
Greece,1956,country,1896,2024,0.0,0.0,0.0,0.0,0.0,0.0,0.0,0.0,0.0,0.0,0.0,0.0,0.0,0.0,0.0,16,16,0,13,-0.703704,0,0,0,0,60,149,48,68,2.0,2.0,0.00551,0,0,6,ATH,0.00551,Europe,60,13,0,0,0,0,1,1,1
Greece,1960,country,1896,2024,0.0,0.0,1.0,1.0,1.0,0.0,0.0,0.0,0.0,0.0,0.0,0.0,0.0,0.0,0.0,59,59,0,38,2.6875,0,0,0,0,64,152,48,67,6.0,3.0,0.094766,0,0,9,SAL,0.090909,Europe,64,14,0,0,1,0,0,1,1
Greece,1964,country,1896,2024,1.0,0.0,0.0,1.0,1.0,0.0,0.0,1.0,1.0,1.0,0.0,0.0,0.0,0.0,0.0,19,19,0,16,-0.677966,0,0,0,0,68,164,47,67,12.0,0.0,0.06639099999999999,0,0,5,SAL,0.063636,Europe,68,15,0,0,0,0,0,0,0
Greece,1968,country,1896,2024,0.0,0.0,0.0,0.0,0.0,1.0,0.0,0.0,1.0,1.0,0.0,0.0,1.0,1.0,1.0,44,44,0,27,1.315789,0,0,0,0,72,174,47,67,14.0,4.0,0.068182,0,0,8,SAL,0.045455,Europe,72,16,0,0,0,0,1,1,1
Greece,1972,country,1896,2024,0.0,0.0,1.0,1.0,1.0,0.0,0.0,0.0,0.0,0.0,1.0,0.0,0.0,1.0,1.0,66,60,6,46,0.5,0,0,0,0,76,201,47,67,27.0,0.0,0.088637,0,0,10,SAL,0.045455,Europe,76,17,0,0,0,2,0,2,1
Greece,1976,country,1896,2024,0.0,2.0,0.0,2.0,1.0,0.0,0.0,1.0,1.0,1.0,0.0,0.0,0.0,0.0,0.0,40,38,2,34,-0.393939,0,0,0,0,80,199,48,68,8.0,10.0,0.062272999999999995,0,0,10,SAL,0.031818,Europe,80,18,0,0,0,0,0,0,0
Greece,1980,country,1896,2024,0.0,0.0,0.0,0.0,0.0,0.0,2.0,0.0,2.0,1.0,0.0,0.0,1.0,1.0,1.0,45,40,5,31,0.125,0,0,0,0,84,204,47,67,6.0,1.0,0.130303,0,0,9,WRG,0.059091,Europe,84,19,0,0,1,0,2,3,1
Greece,1984,country,1896,2024,1.0,0.0,2.0,3.0,1.0,0.0,0.0,0.0,0.0,0.0,0.0,2.0,0.0,2.0,1.0,73,67,6,49,0.622222,0,0,0,0,88,225,46,66,21.0,0.0,0.111212,0,0,12,WRG,0.077273,Europe,88,20,0,0,0,1,1,2,1
Greece,1988,country,1896,2024,0.0,1.0,1.0,2.0,1.0,1.0,0.0,2.0,3.0,1.0,0.0,0.0,0.0,0.0,0.0,72,53,19,43,-0.013699,0,0,0,0,92,243,47,67,19.0,1.0,0.09697,0,0,13,WRG,0.072727,Europe,92,21,0,0,0,0,1,1,1
Greece,1992,country,1896,2024,0.0,0.0,1.0,1.0,1.0,0.0,1.0,1.0,2.0,1.0,1.0,0.0,2.0,3.0,1.0,76,60,16,53,0.055556,0,0,0,0,96,265,48,68,23.0,1.0,0.091481,0,0,18,WLF,0.045455,Europe,96,22,0,0,2,0,0,2,1
Greece,1996,country,1896,2024,2.0,0.0,0.0,2.0,1.0,0.0,0.0,1.0,1.0,1.0,0.0,1.0,1.0,2.0,1.0,180,101,79,94,1.368421,0,0,0,0,100,278,48,68,15.0,1.0,0.320308,0,0,19,WLF,0.204545,Europe,100,23,0,0,4,4,0,8,1
Greece,2000,country,1896,2024,4.0,4.0,0.0,8.0,1.0,2.0,0.0,0.0,2.0,1.0,0.0,0.0,1.0,1.0,1.0,175,102,73,114,-0.027778,0,1,0,1,104,299,48,68,24.0,4.0,0.614936,0,0,24,WLF,0.252727,Europe,104,24,0,0,4,6,3,13,1
Greece,2004,country,1896,2024,4.0,6.0,3.0,13.0,1.0,4.0,4.0,0.0,8.0,1.0,2.0,0.0,0.0,2.0,1.0,499,253,246,215,1.851429,1,0,0,2,108,301,48,68,4.0,2.0,0.883322,0,0,38,WLF,0.174848,Europe,108,25,1,1,6,6,4,16,1
Greece,2008,country,1896,2024,6.0,6.0,4.0,16.0,1.0,4.0,6.0,3.0,13.0,1.0,4.0,4.0,0.0,8.0,1.0,176,97,79,105,-0.647295,0,0,1,3,4,302,48,68,5.0,4.0,0.579601,0,0,25,TKW,0.110227,Europe,112,26,1,1,0,2,2,4,1
Greece,2012,country,1896,2024,0.0,2.0,2.0,4.0,1.0,6.0,6.0,4.0,16.0,1.0,4.0,6.0,3.0,13.0,1.0,115,70,45,76,-0.346591,0,0,0,0,8,302,48,68,2.0,2.0,0.29804200000000003,0,0,22,WPO,0.068182,Europe,116,27,0,0,0,0,2,2,1
Greece,2016,country,1896,2024,0.0,0.0,2.0,2.0,1.0,0.0,2.0,2.0,4.0,1.0,6.0,6.0,4.0,16.0,1.0,104,67,37,65,-0.095652,0,0,0,0,12,306,48,68,5.0,1.0,0.144153,0,0,18,SHO,0.042424,Europe,120,28,0,0,3,1,2,6,1
Greece,2020,country,1896,2024,3.0,1.0,2.0,6.0,1.0,0.0,0.0,2.0,2.0,1.0,0.0,2.0,2.0,4.0,1.0,100,58,42,58,-0.038462,0,0,0,0,16,316,48,68,33.0,23.0,0.277345,0,0,20,WPO,0.136364,Europe,124,29,0,0,2,1,1,4,1
Greece,2024,country,1896,2024,2.0,1.0,1.0,4.0,1.0,3.0,1.0,2.0,6.0,1.0,0.0,0.0,2.0,2.0,1.0,126,77,49,54,0.26,0,0,0,0,20,297,48,68,6.0,25.0,0.26136200000000004,0,0,16,WPO,0.095455,Europe,128,30,0,0,1,1,6,8,1
Grenada,1984,country,1984,2024,,,,,,,,,,,,,,,,6,5,1,6,,0,0,0,0,-1,225,46,66,21.0,0.0,0.0,0,0,2,ATH,0.0,Americas,0,1,0,0,0,0,0,0,0
Grenada,1988,country,1984,2024,0.0,0.0,0.0,0.0,0.0,,,,,,,,,,,7,4,3,7,0.166667,0,0,0,0,-1,243,47,67,19.0,1.0,0.0,0,0,2,ATH,0.0,Americas,4,2,0,0,0,0,0,0,0
Grenada,1992,country,1984,2024,0.0,0.0,0.0,0.0,0.0,0.0,0.0,0.0,0.0,0.0,,,,,,5,4,1,5,-0.285714,0,0,0,0,-1,265,48,68,23.0,1.0,0.0,0,0,1,ATH,0.0,Americas,8,3,0,0,0,0,0,0,0
Grenada,1996,country,1984,2024,0.0,0.0,0.0,0.0,0.0,0.0,0.0,0.0,0.0,0.0,0.0,0.0,0.0,0.0,0.0,5,5,0,2,0.0,0,0,0,0,-1,278,48,68,15.0,1.0,0.0,0,0,1,ATH,0.0,Americas,12,4,0,0,0,0,0,0,0
Grenada,2000,country,1984,2024,0.0,0.0,0.0,0.0,0.0,0.0,0.0,0.0,0.0,0.0,0.0,0.0,0.0,0.0,0.0,3,2,1,3,-0.4,0,0,0,0,-1,299,48,68,24.0,4.0,0.0,0,0,2,ATH,0.0,Americas,16,5,0,0,0,0,0,0,0
Grenada,2004,country,1984,2024,0.0,0.0,0.0,0.0,0.0,0.0,0.0,0.0,0.0,0.0,0.0,0.0,0.0,0.0,0.0,5,3,2,5,0.666667,0,0,0,0,-1,301,48,68,4.0,2.0,0.0,0,0,2,ATH,0.0,Americas,20,6,0,0,0,0,0,0,0
Grenada,2008,country,1984,2024,0.0,0.0,0.0,0.0,0.0,0.0,0.0,0.0,0.0,0.0,0.0,0.0,0.0,0.0,0.0,9,4,5,8,0.8,0,0,0,0,-1,302,48,68,5.0,4.0,0.0,0,0,2,ATH,0.0,Americas,24,7,0,0,0,0,0,0,0
Grenada,2012,country,1984,2024,0.0,0.0,0.0,0.0,0.0,0.0,0.0,0.0,0.0,0.0,0.0,0.0,0.0,0.0,0.0,8,5,3,8,-0.111111,0,0,0,0,-1,302,48,68,2.0,2.0,0.009671,0,0,3,ATH,0.009671,Americas,28,8,0,0,1,0,0,1,1
Grenada,2016,country,1984,2024,1.0,0.0,0.0,1.0,1.0,0.0,0.0,0.0,0.0,0.0,0.0,0.0,0.0,0.0,0.0,6,5,1,4,-0.25,0,0,0,0,-1,306,48,68,5.0,1.0,0.012573,0,0,2,ATH,0.012573,Americas,32,9,0,0,0,1,0,1,1
Grenada,2020,country,1984,2024,0.0,1.0,0.0,1.0,1.0,1.0,0.0,0.0,1.0,1.0,0.0,0.0,0.0,0.0,0.0,6,4,2,6,0.0,0,0,0,0,-1,316,48,68,33.0,23.0,0.012685,0,0,2,ATH,0.012685,Americas,36,10,0,0,0,0,1,1,1
Grenada,2024,country,1984,2024,0.0,0.0,1.0,1.0,1.0,0.0,1.0,0.0,1.0,1.0,1.0,0.0,0.0,1.0,1.0,6,4,2,6,0.0,0,0,0,0,-1,297,48,68,6.0,25.0,0.012974,0,0,2,ATH,0.012974,Americas,40,11,0,0,0,0,2,2,1
Guam,1988,country,1988,2024,,,,,,,,,,,,,,,,26,20,6,22,,0,0,0,0,-1,243,47,67,19.0,1.0,0.0,0,0,7,ATH,0.0,Oceania,0,1,0,0,0,0,0,0,0
Guam,1992,country,1988,2024,0.0,0.0,0.0,0.0,0.0,,,,,,,,,,,45,36,9,27,0.730769,0,0,0,0,-1,265,48,68,23.0,1.0,0.0,0,0,9,ARC,0.0,Oceania,4,2,0,0,0,0,0,0,0
Guam,1996,country,1988,2024,0.0,0.0,0.0,0.0,0.0,0.0,0.0,0.0,0.0,0.0,,,,,,9,7,2,9,-0.8,0,0,0,0,-1,278,48,68,15.0,1.0,0.0,0,0,4,ATH,0.0,Oceania,8,3,0,0,0,0,0,0,0
Guam,2000,country,1988,2024,0.0,0.0,0.0,0.0,0.0,0.0,0.0,0.0,0.0,0.0,0.0,0.0,0.0,0.0,0.0,7,5,2,7,-0.222222,0,0,0,0,-1,299,48,68,24.0,4.0,0.0,0,0,6,ATH,0.0,Oceania,12,4,0,0,0,0,0,0,0
Guam,2004,country,1988,2024,0.0,0.0,0.0,0.0,0.0,0.0,0.0,0.0,0.0,0.0,0.0,0.0,0.0,0.0,0.0,4,3,1,4,-0.428571,0,0,0,0,-1,301,48,68,4.0,2.0,0.0,0,0,3,ATH,0.0,Oceania,16,5,0,0,0,0,0,0,0
Guam,2008,country,1988,2024,0.0,0.0,0.0,0.0,0.0,0.0,0.0,0.0,0.0,0.0,0.0,0.0,0.0,0.0,0.0,7,5,2,7,0.75,0,0,0,0,-1,302,48,68,5.0,4.0,0.0,0,0,5,ATH,0.0,Oceania,20,6,0,0,0,0,0,0,0
Guam,2012,country,1988,2024,0.0,0.0,0.0,0.0,0.0,0.0,0.0,0.0,0.0,0.0,0.0,0.0,0.0,0.0,0.0,8,5,3,8,0.142857,0,0,0,0,-1,302,48,68,2.0,2.0,0.0,0,0,5,ATH,0.0,Oceania,24,7,0,0,0,0,0,0,0
Guam,2016,country,1988,2024,0.0,0.0,0.0,0.0,0.0,0.0,0.0,0.0,0.0,0.0,0.0,0.0,0.0,0.0,0.0,5,3,2,5,-0.375,0,0,0,0,-1,306,48,68,5.0,1.0,0.0,0,0,3,ATH,0.0,Oceania,28,8,0,0,0,0,0,0,0
Guam,2020,country,1988,2024,0.0,0.0,0.0,0.0,0.0,0.0,0.0,0.0,0.0,0.0,0.0,0.0,0.0,0.0,0.0,5,2,3,5,0.0,0,0,0,0,-1,316,48,68,33.0,23.0,0.0,0,0,4,ATH,0.0,Oceania,32,9,0,0,0,0,0,0,0
Guam,2024,country,1988,2024,0.0,0.0,0.0,0.0,0.0,0.0,0.0,0.0,0.0,0.0,0.0,0.0,0.0,0.0,0.0,9,1,8,9,0.8,0,0,0,0,-1,297,48,68,6.0,25.0,0.0,0,0,6,ATH,0.0,Oceania,36,10,0,0,0,0,0,0,0
Guatemala,1932,country,1932,2024,,,,,,,,,,,,,,,,1,0,1,1,,0,0,0,0,-1,127,48,67,18.0,1.0,,0,0,0,,,Americas,0,1,0,0,0,0,0,0,0
Guatemala,1936,country,1932,2024,0.0,0.0,0.0,0.0,0.0,,,,,,,,,,,0,0,0,0,,0,0,0,0,-1,129,48,67,4.0,2.0,,0,0,0,,,Americas,4,1,0,0,0,0,0,0,0
Guatemala,1948,country,1932,2024,0.0,0.0,0.0,0.0,0.0,,,,,,,,,,,0,0,0,0,,0,0,0,0,-1,136,48,68,9.0,2.0,,0,0,0,,,Americas,16,1,0,0,0,0,0,0,0
Guatemala,1952,country,1932,2024,0.0,0.0,0.0,0.0,0.0,,,,,,,,,,,35,33,2,26,34.0,0,0,0,0,-1,149,48,68,12.0,0.0,0.0,0,0,7,ATH,0.0,Americas,20,2,0,0,0,0,0,0,0
Guatemala,1956,country,1932,2024,0.0,0.0,0.0,0.0,0.0,0.0,0.0,0.0,0.0,0.0,,,,,,0,0,0,0,,0,0,0,0,-1,149,48,68,2.0,2.0,,0,0,0,,,Americas,24,2,0,0,0,0,0,0,0
Guatemala,1960,country,1932,2024,0.0,0.0,0.0,0.0,0.0,0.0,0.0,0.0,0.0,0.0,,,,,,0,0,0,0,,0,0,0,0,-1,152,48,67,6.0,3.0,,0,0,0,,,Americas,28,2,0,0,0,0,0,0,0
Guatemala,1964,country,1932,2024,0.0,0.0,0.0,0.0,0.0,0.0,0.0,0.0,0.0,0.0,,,,,,0,0,0,0,,0,0,0,0,-1,164,47,67,12.0,0.0,,0,0,0,,,Americas,32,2,0,0,0,0,0,0,0
Guatemala,1968,country,1932,2024,0.0,0.0,0.0,0.0,0.0,0.0,0.0,0.0,0.0,0.0,,,,,,67,63,4,37,0.914286,0,0,0,0,-1,174,47,67,14.0,4.0,0.0,0,0,9,ATH,0.0,Americas,36,3,0,0,0,0,0,0,0
Guatemala,1972,country,1932,2024,0.0,0.0,0.0,0.0,0.0,0.0,0.0,0.0,0.0,0.0,0.0,0.0,0.0,0.0,0.0,11,11,0,10,-0.835821,0,0,0,0,-1,201,47,67,27.0,0.0,0.0,0,0,4,ATH,0.0,Americas,40,4,0,0,0,0,0,0,0
Guatemala,1976,country,1932,2024,0.0,0.0,0.0,0.0,0.0,0.0,0.0,0.0,0.0,0.0,0.0,0.0,0.0,0.0,0.0,28,26,2,8,1.545455,0,0,0,0,-1,199,48,68,8.0,10.0,0.0,0,0,6,EJP,0.0,Americas,44,5,0,0,0,0,0,0,0
Guatemala,1980,country,1932,2024,0.0,0.0,0.0,0.0,0.0,0.0,0.0,0.0,0.0,0.0,0.0,0.0,0.0,0.0,0.0,10,10,0,7,-0.642857,0,0,0,0,-1,204,47,67,6.0,1.0,0.0,0,0,5,EJP,0.0,Americas,48,6,0,0,0,0,0,0,0
Guatemala,1984,country,1932,2024,0.0,0.0,0.0,0.0,0.0,0.0,0.0,0.0,0.0,0.0,0.0,0.0,0.0,0.0,0.0,53,39,14,40,4.3,0,0,0,0,-1,225,46,66,21.0,0.0,0.0,0,0,9,ATH,0.0,Americas,52,7,0,0,0,0,0,0,0
Guatemala,1988,country,1932,2024,0.0,0.0,0.0,0.0,0.0,0.0,0.0,0.0,0.0,0.0,0.0,0.0,0.0,0.0,0.0,37,29,8,16,-0.301887,0,0,0,0,-1,243,47,67,19.0,1.0,0.0,0,0,10,ATH,0.0,Americas,56,8,0,0,0,0,0,0,0
Guatemala,1992,country,1932,2024,0.0,0.0,0.0,0.0,0.0,0.0,0.0,0.0,0.0,0.0,0.0,0.0,0.0,0.0,0.0,41,34,7,27,0.108108,0,0,0,0,-1,265,48,68,23.0,1.0,0.0,0,0,7,BOX,0.0,Americas,60,9,0,0,0,0,0,0,0
Guatemala,1996,country,1932,2024,0.0,0.0,0.0,0.0,0.0,0.0,0.0,0.0,0.0,0.0,0.0,0.0,0.0,0.0,0.0,28,27,1,20,-0.317073,0,0,0,0,-1,278,48,68,15.0,1.0,0.0,0,0,12,ATH,0.0,Americas,64,10,0,0,0,0,0,0,0
Guatemala,2000,country,1932,2024,0.0,0.0,0.0,0.0,0.0,0.0,0.0,0.0,0.0,0.0,0.0,0.0,0.0,0.0,0.0,18,17,1,14,-0.357143,0,0,0,0,-1,299,48,68,24.0,4.0,0.0,0,0,7,ATH,0.0,Americas,68,11,0,0,0,0,0,0,0
Guatemala,2004,country,1932,2024,0.0,0.0,0.0,0.0,0.0,0.0,0.0,0.0,0.0,0.0,0.0,0.0,0.0,0.0,0.0,19,11,8,17,0.055556,0,0,0,0,-1,301,48,68,4.0,2.0,0.0,0,0,9,ATH,0.0,Americas,72,12,0,0,0,0,0,0,0
Guatemala,2008,country,1932,2024,0.0,0.0,0.0,0.0,0.0,0.0,0.0,0.0,0.0,0.0,0.0,0.0,0.0,0.0,0.0,13,9,4,12,-0.315789,0,0,0,0,-1,302,48,68,5.0,4.0,0.0,0,0,9,ATH,0.0,Americas,76,13,0,0,0,0,0,0,0
Guatemala,2012,country,1932,2024,0.0,0.0,0.0,0.0,0.0,0.0,0.0,0.0,0.0,0.0,0.0,0.0,0.0,0.0,0.0,24,14,10,21,0.846154,0,0,0,0,-1,302,48,68,2.0,2.0,0.005803,0,0,11,ATH,0.005803,Americas,80,14,0,0,0,1,0,1,1
Guatemala,2016,country,1932,2024,0.0,1.0,0.0,1.0,1.0,0.0,0.0,0.0,0.0,0.0,0.0,0.0,0.0,0.0,0.0,25,15,10,19,0.041667,0,0,0,0,-1,306,48,68,5.0,1.0,0.004062,0,0,10,ATH,0.004062,Americas,84,15,0,0,0,0,0,0,0
Guatemala,2020,country,1932,2024,0.0,0.0,0.0,0.0,0.0,0.0,1.0,0.0,1.0,1.0,0.0,0.0,0.0,0.0,0.0,24,14,10,17,-0.04,0,0,0,0,-1,316,48,68,33.0,23.0,0.002901,0,0,10,ATH,0.002901,Americas,88,16,0,0,0,0,0,0,0
Guatemala,2024,country,1932,2024,0.0,0.0,0.0,0.0,0.0,0.0,0.0,0.0,0.0,0.0,0.0,1.0,0.0,1.0,1.0,16,10,6,14,-0.333333,0,0,0,0,-1,297,48,68,6.0,25.0,0.042424,0,0,7,SHO,0.042424,Americas,92,17,0,0,1,0,1,2,1
Guinea,1968,country,1968,2024,,,,,,,,,,,,,,,,14,14,0,1,,0,0,0,0,-1,174,47,67,14.0,4.0,0.0,0,0,1,FBL,0.0,Africa,0,1,0,0,0,0,0,0,0
Guinea,1972,country,1968,2024,0.0,0.0,0.0,0.0,0.0,,,,,,,,,,,0,0,0,0,,0,0,0,0,-1,201,47,67,27.0,0.0,,0,0,0,,,Africa,4,1,0,0,0,0,0,0,0
Guinea,1976,country,1968,2024,0.0,0.0,0.0,0.0,0.0,,,,,,,,,,,0,0,0,0,,0,0,0,0,-1,199,48,68,8.0,10.0,,0,0,0,,,Africa,8,1,0,0,0,0,0,0,0
Guinea,1980,country,1968,2024,0.0,0.0,0.0,0.0,0.0,,,,,,,,,,,10,10,0,10,-0.285714,0,0,0,0,-1,204,47,67,6.0,1.0,0.0,0,0,3,ATH,0.0,Africa,12,2,0,0,0,0,0,0,0
Guinea,1984,country,1968,2024,0.0,0.0,0.0,0.0,0.0,0.0,0.0,0.0,0.0,0.0,,,,,,1,1,0,1,-0.9,0,0,0,0,-1,225,46,66,21.0,0.0,0.0,0,0,1,JUD,0.0,Africa,16,3,0,0,0,0,0,0,0
Guinea,1988,country,1968,2024,0.0,0.0,0.0,0.0,0.0,0.0,0.0,0.0,0.0,0.0,0.0,0.0,0.0,0.0,0.0,7,7,0,7,6.0,0,0,0,0,-1,243,47,67,19.0,1.0,0.0,0,0,3,ATH,0.0,Africa,20,4,0,0,0,0,0,0,0
Guinea,1992,country,1968,2024,0.0,0.0,0.0,0.0,0.0,0.0,0.0,0.0,0.0,0.0,0.0,0.0,0.0,0.0,0.0,11,9,2,11,0.571429,0,0,0,0,-1,265,48,68,23.0,1.0,0.0,0,0,2,ATH,0.0,Africa,24,5,0,0,0,0,0,0,0
Guinea,1996,country,1968,2024,0.0,0.0,0.0,0.0,0.0,0.0,0.0,0.0,0.0,0.0,0.0,0.0,0.0,0.0,0.0,5,4,1,5,-0.545455,0,0,0,0,-1,278,48,68,15.0,1.0,0.0,0,0,2,ATH,0.0,Africa,28,6,0,0,0,0,0,0,0
Guinea,2000,country,1968,2024,0.0,0.0,0.0,0.0,0.0,0.0,0.0,0.0,0.0,0.0,0.0,0.0,0.0,0.0,0.0,6,3,3,6,0.2,0,0,0,0,-1,299,48,68,24.0,4.0,0.0,0,0,4,ATH,0.0,Africa,32,7,0,0,0,0,0,0,0
Guinea,2004,country,1968,2024,0.0,0.0,0.0,0.0,0.0,0.0,0.0,0.0,0.0,0.0,0.0,0.0,0.0,0.0,0.0,4,3,1,4,-0.333333,0,0,0,0,-1,301,48,68,4.0,2.0,0.0,0,0,3,ATH,0.0,Africa,36,8,0,0,0,0,0,0,0
Guinea,2008,country,1968,2024,0.0,0.0,0.0,0.0,0.0,0.0,0.0,0.0,0.0,0.0,0.0,0.0,0.0,0.0,0.0,5,2,3,5,0.25,0,0,0,0,-1,302,48,68,5.0,4.0,0.0,0,0,3,ATH,0.0,Africa,40,9,0,0,0,0,0,0,0
Guinea,2012,country,1968,2024,0.0,0.0,0.0,0.0,0.0,0.0,0.0,0.0,0.0,0.0,0.0,0.0,0.0,0.0,0.0,4,2,2,4,-0.2,0,0,0,0,-1,302,48,68,2.0,2.0,0.0,0,0,3,ATH,0.0,Africa,44,10,0,0,0,0,0,0,0
Guinea,2016,country,1968,2024,0.0,0.0,0.0,0.0,0.0,0.0,0.0,0.0,0.0,0.0,0.0,0.0,0.0,0.0,0.0,5,2,3,5,0.25,0,0,0,0,-1,306,48,68,5.0,1.0,0.0,0,0,3,ATH,0.0,Africa,48,11,0,0,0,0,0,0,0
Guinea,2020,country,1968,2024,0.0,0.0,0.0,0.0,0.0,0.0,0.0,0.0,0.0,0.0,0.0,0.0,0.0,0.0,0.0,5,2,3,5,0.0,0,0,0,0,-1,316,48,68,33.0,23.0,0.0,0,0,4,ATH,0.0,Africa,52,12,0,0,0,0,0,0,0
Guinea,2024,country,1968,2024,0.0,0.0,0.0,0.0,0.0,0.0,0.0,0.0,0.0,0.0,0.0,0.0,0.0,0.0,0.0,25,20,5,7,4.0,0,0,0,0,-1,297,48,68,6.0,25.0,0.0,0,0,5,ARC,0.0,Africa,56,13,0,0,0,0,0,0,0
Guinea Bissau,1996,historical_different,1996,2024,,,,,,,,,,,,,,,,3,3,0,3,,0,0,0,0,-1,278,48,68,15.0,1.0,0.0,0,0,2,ATH,0.0,Africa,0,1,0,0,0,0,0,0,0
Guinea Bissau,2000,historical_different,1996,2024,0.0,0.0,0.0,0.0,0.0,,,,,,,,,,,3,2,1,3,0.0,0,0,0,0,-1,299,48,68,24.0,4.0,0.0,0,0,2,ATH,0.0,Africa,4,2,0,0,0,0,0,0,0
Guinea Bissau,2004,historical_different,1996,2024,0.0,0.0,0.0,0.0,0.0,0.0,0.0,0.0,0.0,0.0,,,,,,3,1,2,3,0.0,0,0,0,0,-1,301,48,68,4.0,2.0,0.0,0,0,2,ATH,0.0,Africa,8,3,0,0,0,0,0,0,0
Guinea Bissau,2008,historical_different,1996,2024,0.0,0.0,0.0,0.0,0.0,0.0,0.0,0.0,0.0,0.0,0.0,0.0,0.0,0.0,0.0,3,2,1,3,0.0,0,0,0,0,-1,302,48,68,5.0,4.0,0.0,0,0,2,ATH,0.0,Africa,12,4,0,0,0,0,0,0,0
Guinea Bissau,2012,historical_different,1996,2024,0.0,0.0,0.0,0.0,0.0,0.0,0.0,0.0,0.0,0.0,0.0,0.0,0.0,0.0,0.0,4,2,2,4,0.333333,0,0,0,0,-1,302,48,68,2.0,2.0,0.0,0,0,2,ATH,0.0,Africa,16,5,0,0,0,0,0,0,0
Guinea Bissau,2016,historical_different,1996,2024,0.0,0.0,0.0,0.0,0.0,0.0,0.0,0.0,0.0,0.0,0.0,0.0,0.0,0.0,0.0,5,3,2,5,0.25,0,0,0,0,-1,306,48,68,5.0,1.0,0.0,0,0,3,ATH,0.0,Africa,20,6,0,0,0,0,0,0,0
Guinea Bissau,2020,historical_different,1996,2024,0.0,0.0,0.0,0.0,0.0,0.0,0.0,0.0,0.0,0.0,0.0,0.0,0.0,0.0,0.0,4,3,1,4,-0.2,0,0,0,0,-1,316,48,68,33.0,23.0,0.0,0,0,3,ATH,0.0,Africa,24,7,0,0,0,0,0,0,0
Guinea Bissau,2024,historical_different,1996,2024,0.0,0.0,0.0,0.0,0.0,0.0,0.0,0.0,0.0,0.0,0.0,0.0,0.0,0.0,0.0,6,6,0,6,0.5,0,0,0,0,-1,297,48,68,6.0,25.0,0.0,0,0,5,ATH,0.0,Africa,28,8,0,0,0,0,0,0,0
Guyana,1948,country,1948,2024,,,,,,,,,,,,,,,,7,7,0,7,,0,0,0,0,-1,136,48,68,9.0,2.0,0.0,0,0,4,ATH,0.0,Americas,0,1,0,0,0,0,0,0,0
Guyana,1952,country,1948,2024,0.0,0.0,0.0,0.0,0.0,,,,,,,,,,,1,1,0,1,-0.857143,0,0,0,0,-1,149,48,68,12.0,0.0,0.0,0,0,1,WLF,0.0,Americas,4,2,0,0,0,0,0,0,0
Guyana,1956,country,1948,2024,0.0,0.0,0.0,0.0,0.0,0.0,0.0,0.0,0.0,0.0,,,,,,6,4,2,6,5.0,0,0,0,0,-1,149,48,68,2.0,2.0,0.0,0,0,2,ATH,0.0,Americas,8,3,0,0,0,0,0,0,0
Guyana,1960,country,1948,2024,0.0,0.0,0.0,0.0,0.0,0.0,0.0,0.0,0.0,0.0,0.0,0.0,0.0,0.0,0.0,6,5,1,6,0.0,0,0,0,0,-1,152,48,67,6.0,3.0,0.0,0,0,2,ATH,0.0,Americas,12,4,0,0,0,0,0,0,0
Guyana,1964,country,1948,2024,0.0,0.0,0.0,0.0,0.0,0.0,0.0,0.0,0.0,0.0,0.0,0.0,0.0,0.0,0.0,1,1,0,1,-0.833333,0,0,0,0,-1,164,47,67,12.0,0.0,0.0,0,0,1,WLF,0.0,Americas,16,5,0,0,0,0,0,0,0
Guyana,1968,country,1948,2024,0.0,0.0,0.0,0.0,0.0,0.0,0.0,0.0,0.0,0.0,0.0,0.0,0.0,0.0,0.0,6,6,0,6,5.0,0,0,0,0,-1,174,47,67,14.0,4.0,0.0,0,0,4,ATH,0.0,Americas,20,6,0,0,0,0,0,0,0
Guyana,1972,country,1948,2024,0.0,0.0,0.0,0.0,0.0,0.0,0.0,0.0,0.0,0.0,0.0,0.0,0.0,0.0,0.0,4,4,0,4,-0.333333,0,0,0,0,-1,201,47,67,27.0,0.0,0.0,0,0,2,BOX,0.0,Americas,24,7,0,0,0,0,0,0,0
Guyana,1976,country,1948,2024,0.0,0.0,0.0,0.0,0.0,0.0,0.0,0.0,0.0,0.0,0.0,0.0,0.0,0.0,0.0,0,0,0,0,,0,0,0,0,-1,199,48,68,8.0,10.0,,0,0,0,,,Americas,28,7,0,0,0,0,0,0,0
Guyana,1980,country,1948,2024,0.0,0.0,0.0,0.0,0.0,0.0,0.0,0.0,0.0,0.0,0.0,0.0,0.0,0.0,0.0,10,8,2,10,1.5,0,0,0,0,-1,204,47,67,6.0,1.0,0.012121,0,0,3,BOX,0.012121,Americas,32,8,0,0,0,0,1,1,1
Guyana,1984,country,1948,2024,0.0,0.0,1.0,1.0,1.0,0.0,0.0,0.0,0.0,0.0,0.0,0.0,0.0,0.0,0.0,12,10,2,12,0.2,0,0,0,0,-1,225,46,66,21.0,0.0,0.007487,0,0,4,BOX,0.007487,Americas,36,9,0,0,0,0,0,0,0
Guyana,1988,country,1948,2024,0.0,0.0,0.0,0.0,0.0,0.0,0.0,1.0,1.0,1.0,0.0,0.0,0.0,0.0,0.0,8,7,1,8,-0.333333,0,0,0,0,-1,243,47,67,19.0,1.0,0.004132,0,0,4,BOX,0.004132,Americas,40,10,0,0,0,0,0,0,0
Guyana,1992,country,1948,2024,0.0,0.0,0.0,0.0,0.0,0.0,0.0,0.0,0.0,0.0,0.0,0.0,1.0,1.0,1.0,7,6,1,7,-0.125,0,0,0,0,-1,265,48,68,23.0,1.0,0.0,0,0,4,ATH,0.0,Americas,44,11,0,0,0,0,0,0,0
Guyana,1996,country,1948,2024,0.0,0.0,0.0,0.0,0.0,0.0,0.0,0.0,0.0,0.0,0.0,0.0,0.0,0.0,0.0,9,8,1,6,0.285714,0,0,0,0,-1,278,48,68,15.0,1.0,0.0,0,0,2,ATH,0.0,Americas,48,12,0,0,0,0,0,0,0
Guyana,2000,country,1948,2024,0.0,0.0,0.0,0.0,0.0,0.0,0.0,0.0,0.0,0.0,0.0,0.0,0.0,0.0,0.0,4,3,1,4,-0.555556,0,0,0,0,-1,299,48,68,24.0,4.0,0.0,0,0,1,ATH,0.0,Americas,52,13,0,0,0,0,0,0,0
Guyana,2004,country,1948,2024,0.0,0.0,0.0,0.0,0.0,0.0,0.0,0.0,0.0,0.0,0.0,0.0,0.0,0.0,0.0,4,2,2,4,0.0,0,0,0,0,-1,301,48,68,4.0,2.0,0.0,0,0,3,ATH,0.0,Americas,56,14,0,0,0,0,0,0,0
Guyana,2008,country,1948,2024,0.0,0.0,0.0,0.0,0.0,0.0,0.0,0.0,0.0,0.0,0.0,0.0,0.0,0.0,0.0,4,2,2,4,0.0,0,0,0,0,-1,302,48,68,5.0,4.0,0.0,0,0,2,ATH,0.0,Americas,60,15,0,0,0,0,0,0,0
Guyana,2012,country,1948,2024,0.0,0.0,0.0,0.0,0.0,0.0,0.0,0.0,0.0,0.0,0.0,0.0,0.0,0.0,0.0,6,4,2,6,0.5,0,0,0,0,-1,302,48,68,2.0,2.0,0.0,0,0,3,ATH,0.0,Americas,64,16,0,0,0,0,0,0,0
Guyana,2016,country,1948,2024,0.0,0.0,0.0,0.0,0.0,0.0,0.0,0.0,0.0,0.0,0.0,0.0,0.0,0.0,0.0,7,3,4,7,0.166667,0,0,0,0,-1,306,48,68,5.0,1.0,0.0,0,0,2,ATH,0.0,Americas,68,17,0,0,0,0,0,0,0
Guyana,2020,country,1948,2024,0.0,0.0,0.0,0.0,0.0,0.0,0.0,0.0,0.0,0.0,0.0,0.0,0.0,0.0,0.0,7,3,4,7,0.0,0,0,0,0,-1,316,48,68,33.0,23.0,0.0,0,0,4,ATH,0.0,Americas,72,18,0,0,0,0,0,0,0
Guyana,2024,country,1948,2024,0.0,0.0,0.0,0.0,0.0,0.0,0.0,0.0,0.0,0.0,0.0,0.0,0.0,0.0,0.0,5,2,3,5,-0.285714,0,0,0,0,-1,297,48,68,6.0,25.0,0.0,0,0,3,ATH,0.0,Americas,76,19,0,0,0,0,0,0,0
Haiti,1900,country,1900,2024,,,,,,,,,,,,,,,,4,4,0,4,,0,0,0,0,-1,97,47,66,65.0,12.0,0.333333,0,0,2,RUG,0.333333,Americas,0,1,0,0,1,0,0,1,1
Haiti,1904,country,1900,2024,1.0,0.0,0.0,1.0,1.0,,,,,,,,,,,0,0,0,0,,0,0,0,0,-1,95,48,67,36.0,38.0,,0,0,0,,,Americas,4,1,0,0,0,0,0,0,0
Haiti,1908,country,1900,2024,1.0,0.0,0.0,1.0,1.0,,,,,,,,,,,0,0,0,0,,0,0,0,0,-1,104,48,67,35.0,26.0,,0,0,0,,,Americas,8,1,0,0,0,0,0,0,0
Haiti,1912,country,1900,2024,1.0,0.0,0.0,1.0,1.0,,,,,,,,,,,0,0,0,0,,0,0,0,0,-1,102,48,67,25.0,28.0,,0,0,0,,,Americas,12,1,0,0,0,0,0,0,0
Haiti,1920,country,1900,2024,1.0,0.0,0.0,1.0,1.0,,,,,,,,,,,0,0,0,0,,0,0,0,0,-1,156,48,67,58.0,4.0,,0,0,0,,,Americas,20,1,0,0,0,0,0,0,0
Haiti,1924,country,1900,2024,1.0,0.0,0.0,1.0,1.0,,,,,,,,,,,16,16,0,9,3.0,0,0,0,0,-1,126,45,62,12.0,42.0,0.04,0,0,2,SHO,0.04,Americas,24,2,0,0,0,0,1,1,1
Haiti,1928,country,1900,2024,0.0,0.0,1.0,1.0,1.0,1.0,0.0,0.0,1.0,1.0,,,,,,3,3,0,3,-0.8125,0,0,0,0,-1,110,48,68,3.0,19.0,0.013072,0,0,1,ATH,0.013072,Americas,28,3,0,0,0,1,0,1,1
Haiti,1932,country,1900,2024,0.0,1.0,0.0,1.0,1.0,0.0,0.0,1.0,1.0,1.0,1.0,0.0,0.0,1.0,1.0,3,3,0,3,0.0,0,0,0,0,-1,127,48,67,18.0,1.0,0.007071,0,0,1,ATH,0.007071,Americas,32,4,0,0,0,0,0,0,0
Haiti,1936,country,1900,2024,0.0,0.0,0.0,0.0,0.0,0.0,1.0,0.0,1.0,1.0,0.0,0.0,1.0,1.0,1.0,0,0,0,0,,0,0,0,0,-1,129,48,67,4.0,2.0,,0,0,0,,,Americas,36,4,0,0,0,0,0,0,0
Haiti,1948,country,1900,2024,0.0,0.0,0.0,0.0,0.0,0.0,1.0,0.0,1.0,1.0,0.0,0.0,1.0,1.0,1.0,0,0,0,0,,0,0,0,0,-1,136,48,68,9.0,2.0,,0,0,0,,,Americas,48,4,0,0,0,0,0,0,0
Haiti,1952,country,1900,2024,0.0,0.0,0.0,0.0,0.0,0.0,1.0,0.0,1.0,1.0,0.0,0.0,1.0,1.0,1.0,0,0,0,0,,0,0,0,0,-1,149,48,68,12.0,0.0,,0,0,0,,,Americas,52,4,0,0,0,0,0,0,0
Haiti,1956,country,1900,2024,0.0,0.0,0.0,0.0,0.0,0.0,1.0,0.0,1.0,1.0,0.0,0.0,1.0,1.0,1.0,0,0,0,0,,0,0,0,0,-1,149,48,68,2.0,2.0,,0,0,0,,,Americas,56,4,0,0,0,0,0,0,0
Haiti,1960,country,1900,2024,0.0,0.0,0.0,0.0,0.0,0.0,1.0,0.0,1.0,1.0,0.0,0.0,1.0,1.0,1.0,1,1,0,1,-0.666667,0,0,0,0,-1,152,48,67,6.0,3.0,0.0,0,0,1,WLF,0.0,Americas,60,5,0,0,0,0,0,0,0
Haiti,1964,country,1900,2024,0.0,0.0,0.0,0.0,0.0,0.0,0.0,0.0,0.0,0.0,0.0,1.0,0.0,1.0,1.0,0,0,0,0,,0,0,0,0,-1,164,47,67,12.0,0.0,,0,0,0,,,Americas,64,5,0,0,0,0,0,0,0
Haiti,1968,country,1900,2024,0.0,0.0,0.0,0.0,0.0,0.0,0.0,0.0,0.0,0.0,0.0,1.0,0.0,1.0,1.0,0,0,0,0,,0,0,0,0,-1,174,47,67,14.0,4.0,,0,0,0,,,Americas,68,5,0,0,0,0,0,0,0
Haiti,1972,country,1900,2024,0.0,0.0,0.0,0.0,0.0,0.0,0.0,0.0,0.0,0.0,0.0,1.0,0.0,1.0,1.0,7,6,1,7,6.0,0,0,0,0,-1,201,47,67,27.0,0.0,0.0,0,0,1,ATH,0.0,Americas,72,6,0,0,0,0,0,0,0
Haiti,1976,country,1900,2024,0.0,0.0,0.0,0.0,0.0,0.0,0.0,0.0,0.0,0.0,0.0,0.0,0.0,0.0,0.0,14,11,3,14,1.0,0,0,0,0,-1,199,48,68,8.0,10.0,0.0,0,0,2,ATH,0.0,Americas,76,7,0,0,0,0,0,0,0
Haiti,1980,country,1900,2024,0.0,0.0,0.0,0.0,0.0,0.0,0.0,0.0,0.0,0.0,0.0,0.0,0.0,0.0,0.0,0,0,0,0,,0,0,0,0,-1,204,47,67,6.0,1.0,,0,0,0,,,Americas,80,7,0,0,0,0,0,0,0
Haiti,1984,country,1900,2024,0.0,0.0,0.0,0.0,0.0,0.0,0.0,0.0,0.0,0.0,0.0,0.0,0.0,0.0,0.0,3,1,2,2,-0.785714,0,0,0,0,-1,225,46,66,21.0,0.0,0.0,0,0,2,ATH,0.0,Americas,84,8,0,0,0,0,0,0,0
Haiti,1988,country,1900,2024,0.0,0.0,0.0,0.0,0.0,0.0,0.0,0.0,0.0,0.0,0.0,0.0,0.0,0.0,0.0,5,4,1,5,0.666667,0,0,0,0,-1,243,47,67,19.0,1.0,0.0,0,0,2,ATH,0.0,Americas,88,9,0,0,0,0,0,0,0
Haiti,1992,country,1900,2024,0.0,0.0,0.0,0.0,0.0,0.0,0.0,0.0,0.0,0.0,0.0,0.0,0.0,0.0,0.0,8,8,0,8,0.6,0,0,0,0,-1,265,48,68,23.0,1.0,0.0,0,0,2,ATH,0.0,Americas,92,10,0,0,0,0,0,0,0
Haiti,1996,country,1900,2024,0.0,0.0,0.0,0.0,0.0,0.0,0.0,0.0,0.0,0.0,0.0,0.0,0.0,0.0,0.0,7,7,0,7,-0.125,0,0,0,0,-1,278,48,68,15.0,1.0,0.0,0,0,4,ATH,0.0,Americas,96,11,0,0,0,0,0,0,0
Haiti,2000,country,1900,2024,0.0,0.0,0.0,0.0,0.0,0.0,0.0,0.0,0.0,0.0,0.0,0.0,0.0,0.0,0.0,5,3,2,5,-0.285714,0,0,0,0,-1,299,48,68,24.0,4.0,0.0,0,0,3,ATH,0.0,Americas,100,12,0,0,0,0,0,0,0
Haiti,2004,country,1900,2024,0.0,0.0,0.0,0.0,0.0,0.0,0.0,0.0,0.0,0.0,0.0,0.0,0.0,0.0,0.0,8,7,1,8,0.6,0,0,0,0,-1,301,48,68,4.0,2.0,0.0,0,0,4,ATH,0.0,Americas,104,13,0,0,0,0,0,0,0
Haiti,2008,country,1900,2024,0.0,0.0,0.0,0.0,0.0,0.0,0.0,0.0,0.0,0.0,0.0,0.0,0.0,0.0,0.0,7,3,4,7,-0.125,0,0,0,0,-1,302,48,68,5.0,4.0,0.0,0,0,3,ATH,0.0,Americas,108,14,0,0,0,0,0,0,0
Haiti,2012,country,1900,2024,0.0,0.0,0.0,0.0,0.0,0.0,0.0,0.0,0.0,0.0,0.0,0.0,0.0,0.0,0.0,5,3,2,5,-0.285714,0,0,0,0,-1,302,48,68,2.0,2.0,0.0,0,0,2,ATH,0.0,Americas,112,15,0,0,0,0,0,0,0
Haiti,2016,country,1900,2024,0.0,0.0,0.0,0.0,0.0,0.0,0.0,0.0,0.0,0.0,0.0,0.0,0.0,0.0,0.0,10,7,3,10,1.0,0,0,0,0,-1,306,48,68,5.0,1.0,0.0,0,0,7,ATH,0.0,Americas,116,16,0,0,0,0,0,0,0
Haiti,2020,country,1900,2024,0.0,0.0,0.0,0.0,0.0,0.0,0.0,0.0,0.0,0.0,0.0,0.0,0.0,0.0,0.0,6,2,4,6,-0.4,0,0,0,0,-1,316,48,68,33.0,23.0,0.0,0,0,5,ATH,0.0,Americas,120,17,0,0,0,0,0,0,0
Haiti,2024,country,1900,2024,0.0,0.0,0.0,0.0,0.0,0.0,0.0,0.0,0.0,0.0,0.0,0.0,0.0,0.0,0.0,12,4,8,12,1.0,0,0,0,0,-1,297,48,68,6.0,25.0,0.0,0,0,5,ATH,0.0,Americas,124,18,0,0,0,0,0,0,0
Honduras,1968,country,1968,2024,,,,,,,,,,,,,,,,6,6,0,4,,0,0,0,0,-1,174,47,67,14.0,4.0,0.0,0,0,1,ATH,0.0,Americas,0,1,0,0,0,0,0,0,0
Honduras,1972,country,1968,2024,0.0,0.0,0.0,0.0,0.0,,,,,,,,,,,0,0,0,0,,0,0,0,0,-1,201,47,67,27.0,0.0,,0,0,0,,,Americas,4,1,0,0,0,0,0,0,0
Honduras,1976,country,1968,2024,0.0,0.0,0.0,0.0,0.0,,,,,,,,,,,3,3,0,2,-0.5,0,0,0,0,-1,199,48,68,8.0,10.0,0.0,0,0,1,ATH,0.0,Americas,8,2,0,0,0,0,0,0,0
Honduras,1980,country,1968,2024,0.0,0.0,0.0,0.0,0.0,0.0,0.0,0.0,0.0,0.0,,,,,,0,0,0,0,,0,0,0,0,-1,204,47,67,6.0,1.0,,0,0,0,,,Americas,12,2,0,0,0,0,0,0,0
Honduras,1984,country,1968,2024,0.0,0.0,0.0,0.0,0.0,0.0,0.0,0.0,0.0,0.0,,,,,,26,21,5,20,7.666667,0,0,0,0,-1,225,46,66,21.0,0.0,0.0,0,0,3,ATH,0.0,Americas,16,3,0,0,0,0,0,0,0
Honduras,1988,country,1968,2024,0.0,0.0,0.0,0.0,0.0,0.0,0.0,0.0,0.0,0.0,0.0,0.0,0.0,0.0,0.0,18,13,5,15,-0.307692,0,0,0,0,-1,243,47,67,19.0,1.0,0.0,0,0,3,ATH,0.0,Americas,20,4,0,0,0,0,0,0,0
Honduras,1992,country,1968,2024,0.0,0.0,0.0,0.0,0.0,0.0,0.0,0.0,0.0,0.0,0.0,0.0,0.0,0.0,0.0,27,14,13,25,0.5,0,0,0,0,-1,265,48,68,23.0,1.0,0.0,0,0,4,ATH,0.0,Americas,24,5,0,0,0,0,0,0,0
Honduras,1996,country,1968,2024,0.0,0.0,0.0,0.0,0.0,0.0,0.0,0.0,0.0,0.0,0.0,0.0,0.0,0.0,0.0,7,4,3,7,-0.740741,0,0,0,0,-1,278,48,68,15.0,1.0,0.0,0,0,4,ATH,0.0,Americas,28,6,0,0,0,0,0,0,0
Honduras,2000,country,1968,2024,0.0,0.0,0.0,0.0,0.0,0.0,0.0,0.0,0.0,0.0,0.0,0.0,0.0,0.0,0.0,20,18,2,4,1.857143,0,0,0,0,-1,299,48,68,24.0,4.0,0.0,0,0,3,ATH,0.0,Americas,32,7,0,0,0,0,0,0,0
Honduras,2004,country,1968,2024,0.0,0.0,0.0,0.0,0.0,0.0,0.0,0.0,0.0,0.0,0.0,0.0,0.0,0.0,0.0,5,3,2,5,-0.75,0,0,0,0,-1,301,48,68,4.0,2.0,0.0,0,0,4,ATH,0.0,Americas,36,8,0,0,0,0,0,0,0
Honduras,2008,country,1968,2024,0.0,0.0,0.0,0.0,0.0,0.0,0.0,0.0,0.0,0.0,0.0,0.0,0.0,0.0,0.0,26,24,2,8,4.2,0,0,0,0,-1,302,48,68,5.0,4.0,0.0,0,0,5,ATH,0.0,Americas,40,9,0,0,0,0,0,0,0
Honduras,2012,country,1968,2024,0.0,0.0,0.0,0.0,0.0,0.0,0.0,0.0,0.0,0.0,0.0,0.0,0.0,0.0,0.0,25,22,3,10,-0.038462,0,0,0,0,-1,302,48,68,2.0,2.0,0.0,0,0,8,ATH,0.0,Americas,44,10,0,0,0,0,0,0,0
Honduras,2016,country,1968,2024,0.0,0.0,0.0,0.0,0.0,0.0,0.0,0.0,0.0,0.0,0.0,0.0,0.0,0.0,0.0,23,22,1,8,-0.08,0,0,0,0,-1,306,48,68,5.0,1.0,0.0,0,0,7,ATH,0.0,Americas,48,11,0,0,0,0,0,0,0
Honduras,2020,country,1968,2024,0.0,0.0,0.0,0.0,0.0,0.0,0.0,0.0,0.0,0.0,0.0,0.0,0.0,0.0,0.0,28,25,3,7,0.217391,0,0,0,0,-1,316,48,68,33.0,23.0,0.0,0,0,5,ATH,0.0,Americas,52,12,0,0,0,0,0,0,0
Honduras,2024,country,1968,2024,0.0,0.0,0.0,0.0,0.0,0.0,0.0,0.0,0.0,0.0,0.0,0.0,0.0,0.0,0.0,4,3,1,4,-0.857143,0,0,0,0,-1,297,48,68,6.0,25.0,0.0,0,0,3,ATH,0.0,Americas,56,13,0,0,0,0,0,0,0
Hong Kong,1952,country,1952,2024,,,,,,,,,,,,,,,,9,6,3,6,,0,0,0,0,-1,149,48,68,12.0,0.0,0.0,0,0,1,SWM,0.0,Asia,0,1,0,0,0,0,0,0,0
Hong Kong,1956,country,1952,2024,0.0,0.0,0.0,0.0,0.0,,,,,,,,,,,4,4,0,3,-0.555556,0,0,0,0,-1,149,48,68,2.0,2.0,0.0,0,0,1,SWM,0.0,Asia,4,2,0,0,0,0,0,0,0
Hong Kong,1960,country,1952,2024,0.0,0.0,0.0,0.0,0.0,0.0,0.0,0.0,0.0,0.0,,,,,,4,4,0,3,0.0,0,0,0,0,-1,152,48,67,6.0,3.0,0.0,0,0,2,SHO,0.0,Asia,8,3,0,0,0,0,0,0,0
Hong Kong,1964,country,1952,2024,0.0,0.0,0.0,0.0,0.0,0.0,0.0,0.0,0.0,0.0,0.0,0.0,0.0,0.0,0.0,50,49,1,24,11.5,0,0,0,0,-1,164,47,67,12.0,0.0,0.0,0,0,8,ATH,0.0,Asia,12,4,0,0,0,0,0,0,0
Hong Kong,1968,country,1952,2024,0.0,0.0,0.0,0.0,0.0,0.0,0.0,0.0,0.0,0.0,0.0,0.0,0.0,0.0,0.0,25,25,0,12,-0.5,0,0,0,0,-1,174,47,67,14.0,4.0,0.0,0,0,3,SAL,0.0,Asia,16,5,0,0,0,0,0,0,0
Hong Kong,1972,country,1952,2024,0.0,0.0,0.0,0.0,0.0,0.0,0.0,0.0,0.0,0.0,0.0,0.0,0.0,0.0,0.0,18,18,0,13,-0.28,0,0,0,0,-1,201,47,67,27.0,0.0,0.0,0,0,5,FEN,0.0,Asia,20,6,0,0,0,0,0,0,0
Hong Kong,1976,country,1952,2024,0.0,0.0,0.0,0.0,0.0,0.0,0.0,0.0,0.0,0.0,0.0,0.0,0.0,0.0,0.0,50,46,4,27,1.777778,0,0,0,0,-1,199,48,68,8.0,10.0,0.0,0,0,7,CRD,0.0,Asia,24,7,0,0,0,0,0,0,0
Hong Kong,1980,country,1952,2024,0.0,0.0,0.0,0.0,0.0,0.0,0.0,0.0,0.0,0.0,0.0,0.0,0.0,0.0,0.0,0,0,0,0,,0,0,0,0,-1,204,47,67,6.0,1.0,,0,0,0,,,Asia,28,7,0,0,0,0,0,0,0
Hong Kong,1984,country,1952,2024,0.0,0.0,0.0,0.0,0.0,0.0,0.0,0.0,0.0,0.0,0.0,0.0,0.0,0.0,0.0,87,60,27,47,0.74,0,0,0,0,-1,225,46,66,21.0,0.0,0.0,0,0,10,ARC,0.0,Asia,32,8,0,0,0,0,0,0,0
Hong Kong,1988,country,1952,2024,0.0,0.0,0.0,0.0,0.0,0.0,0.0,0.0,0.0,0.0,0.0,0.0,0.0,0.0,0.0,91,67,24,49,0.045977,0,0,0,0,-1,243,47,67,19.0,1.0,0.0,0,0,11,ARC,0.0,Asia,36,9,1,1,0,0,0,0,0
Hong Kong,1992,country,1952,2024,0.0,0.0,0.0,0.0,0.0,0.0,0.0,0.0,0.0,0.0,0.0,0.0,0.0,0.0,0.0,63,48,15,39,-0.307692,0,0,0,0,-1,265,48,68,23.0,1.0,0.0,0,0,11,ARC,0.0,Asia,40,10,0,0,0,0,0,0,0
Hong Kong,1996,country,1952,2024,0.0,0.0,0.0,0.0,0.0,0.0,0.0,0.0,0.0,0.0,0.0,0.0,0.0,0.0,0.0,32,21,11,25,-0.492063,0,0,0,0,-1,278,48,68,15.0,1.0,0.045455,0,0,10,SAL,0.045455,Asia,44,11,0,0,1,0,0,1,1
Hong Kong,2000,country,1952,2024,1.0,0.0,0.0,1.0,1.0,0.0,0.0,0.0,0.0,0.0,0.0,0.0,0.0,0.0,0.0,46,27,19,34,0.4375,0,0,0,0,-1,299,48,68,24.0,4.0,0.031818,0,0,10,SAL,0.031818,Asia,48,12,0,0,0,0,0,0,0
Hong Kong,2004,country,1952,2024,0.0,0.0,0.0,0.0,0.0,1.0,0.0,0.0,1.0,1.0,0.0,0.0,0.0,0.0,0.0,42,19,23,29,-0.086957,0,0,0,0,-1,301,48,68,4.0,2.0,0.090909,0,0,11,TTE,0.068182,Asia,52,13,1,1,0,1,0,1,1
Hong Kong,2008,country,1952,2024,0.0,1.0,0.0,1.0,1.0,0.0,0.0,0.0,0.0,0.0,1.0,0.0,0.0,1.0,1.0,47,22,25,33,0.119048,0,0,0,0,-1,302,48,68,5.0,4.0,0.047727,0,0,13,TTE,0.047727,Asia,56,14,0,0,0,0,0,0,0
Hong Kong,2012,country,1952,2024,0.0,0.0,0.0,0.0,0.0,0.0,1.0,0.0,1.0,1.0,0.0,0.0,0.0,0.0,0.0,55,26,29,44,0.170213,0,0,0,0,-1,302,48,68,2.0,2.0,0.050620000000000005,0,0,15,TTE,0.034091,Asia,60,15,0,0,0,0,1,1,1
Hong Kong,2016,country,1952,2024,0.0,0.0,1.0,1.0,1.0,0.0,0.0,0.0,0.0,0.0,0.0,1.0,0.0,1.0,1.0,47,17,30,32,-0.145455,0,0,0,0,-1,306,48,68,5.0,1.0,0.01157,0,0,11,CTR,0.01157,Asia,64,16,0,0,0,0,0,0,0
Hong Kong,2020,country,1952,2024,0.0,0.0,0.0,0.0,0.0,0.0,0.0,1.0,1.0,1.0,0.0,0.0,0.0,0.0,0.0,65,24,41,35,0.382979,0,0,0,0,-1,316,48,68,33.0,23.0,0.14733400000000002,0,0,15,TTE,0.045455,Asia,68,17,0,0,1,2,3,6,1
Hong Kong,2024,country,1952,2024,1.0,2.0,3.0,6.0,1.0,0.0,0.0,0.0,0.0,0.0,0.0,0.0,1.0,1.0,1.0,51,19,32,32,-0.215385,0,0,0,0,-1,297,48,68,6.0,25.0,0.156364,0,0,12,FEN,0.102273,Asia,72,18,0,0,2,0,2,4,1
Hungary,1896,country,1896,2024,,,,,,,,,,,,,,,,18,18,0,14,,0,0,0,0,-1,44,47,66,,,0.722727,0,0,6,SWM,0.5,Europe,0,1,0,0,2,1,3,6,1
Hungary,1900,country,1896,2024,2.0,1.0,3.0,6.0,1.0,,,,,,,,,,,34,34,0,21,0.888889,0,0,0,0,-1,97,47,66,65.0,12.0,0.426076,0,0,4,SWM,0.340336,Europe,4,2,0,0,1,2,2,5,1
Hungary,1904,country,1896,2024,1.0,2.0,2.0,5.0,1.0,2.0,1.0,3.0,6.0,1.0,,,,,,9,9,0,9,-0.735294,0,0,0,0,-1,95,48,67,36.0,38.0,0.369662,0,0,2,SWM,0.322727,Europe,8,3,0,0,2,1,1,4,1
Hungary,1908,country,1896,2024,2.0,1.0,1.0,4.0,1.0,1.0,2.0,2.0,5.0,1.0,2.0,1.0,3.0,6.0,1.0,107,107,0,37,10.888889,0,0,0,0,-1,104,48,67,35.0,26.0,1.002621,0,0,8,FEN,0.433333,Europe,12,4,0,0,3,4,2,9,1
Hungary,1912,country,1896,2024,3.0,4.0,2.0,9.0,1.0,2.0,1.0,1.0,4.0,1.0,1.0,2.0,2.0,5.0,1.0,207,207,0,52,0.934579,0,0,0,0,-1,102,48,67,25.0,28.0,1.061936,0,0,11,FEN,0.620588,Europe,16,5,1,1,3,2,3,8,1
Hungary,1920,country,1896,2024,3.0,2.0,3.0,8.0,1.0,3.0,4.0,2.0,9.0,1.0,2.0,1.0,1.0,4.0,1.0,0,0,0,0,,0,0,0,0,-1,156,48,67,58.0,4.0,,0,0,0,,,Europe,24,5,0,0,0,0,0,0,0
Hungary,1924,country,1896,2024,3.0,2.0,3.0,8.0,1.0,3.0,4.0,2.0,9.0,1.0,2.0,1.0,1.0,4.0,1.0,140,136,4,54,-0.323671,0,0,0,0,-1,126,45,62,12.0,42.0,0.6948920000000001,0,0,12,FEN,0.428571,Europe,28,6,1,1,2,4,4,10,1
Hungary,1928,country,1896,2024,2.0,4.0,4.0,10.0,1.0,3.0,2.0,3.0,8.0,1.0,3.0,4.0,2.0,9.0,1.0,188,172,16,63,0.342857,0,0,0,0,-1,110,48,68,3.0,19.0,1.080905,0,0,12,FEN,0.359664,Europe,32,7,0,0,5,5,0,10,1
Hungary,1932,country,1896,2024,5.0,5.0,0.0,10.0,1.0,2.0,4.0,4.0,10.0,1.0,3.0,2.0,3.0,8.0,1.0,94,92,2,39,-0.5,0,0,0,0,-1,127,48,67,18.0,1.0,1.8633259999999998,0,0,11,WPO,0.645455,Europe,36,8,0,0,6,5,5,16,1
Hungary,1936,country,1896,2024,6.0,5.0,5.0,16.0,1.0,5.0,5.0,0.0,10.0,1.0,2.0,4.0,4.0,10.0,1.0,335,311,24,104,2.56383,0,0,0,0,-1,129,48,67,4.0,2.0,2.426878,0,0,24,WPO,0.909091,Europe,40,9,0,0,10,1,5,16,1
Hungary,1948,country,1896,2024,10.0,1.0,5.0,16.0,1.0,6.0,5.0,5.0,16.0,1.0,5.0,5.0,0.0,10.0,1.0,222,195,27,76,-0.337313,0,0,0,0,-1,136,48,68,9.0,2.0,2.496509,0,0,15,WPO,0.818182,Europe,52,10,0,0,10,5,12,27,1
Hungary,1952,country,1896,2024,10.0,5.0,12.0,27.0,1.0,10.0,1.0,5.0,16.0,1.0,6.0,5.0,5.0,16.0,1.0,345,258,87,107,0.554054,0,0,0,0,-1,149,48,68,12.0,0.0,4.066584,0,0,17,WPO,0.872727,Europe,56,11,0,0,16,10,16,42,1
Hungary,1956,country,1896,2024,16.0,10.0,16.0,42.0,1.0,10.0,5.0,12.0,27.0,1.0,10.0,1.0,5.0,16.0,1.0,197,136,61,82,-0.428986,0,0,0,0,-1,149,48,68,2.0,2.0,3.152077,0,0,14,WPO,0.909091,Europe,60,12,0,0,9,10,7,26,1
Hungary,1960,country,1896,2024,9.0,10.0,7.0,26.0,1.0,16.0,10.0,16.0,42.0,1.0,10.0,5.0,12.0,27.0,1.0,312,241,71,107,0.583756,0,0,0,0,-1,152,48,67,6.0,3.0,3.739842,0,0,20,MPN,0.818182,Europe,64,13,0,0,6,8,7,21,1
Hungary,1964,country,1896,2024,6.0,8.0,7.0,21.0,1.0,9.0,10.0,7.0,26.0,1.0,16.0,10.0,16.0,42.0,1.0,319,239,80,111,0.022436,0,0,0,0,-1,164,47,67,12.0,0.0,3.709508,0,0,19,WPO,0.809091,Europe,68,14,0,0,10,7,5,22,1
Hungary,1968,country,1896,2024,10.0,7.0,5.0,22.0,1.0,6.0,8.0,7.0,21.0,1.0,9.0,10.0,7.0,26.0,1.0,303,220,83,116,-0.050157,0,0,0,0,-1,174,47,67,14.0,4.0,3.9573300000000002,0,0,17,MPN,0.881818,Europe,72,15,0,0,10,10,12,32,1
Hungary,1972,country,1896,2024,10.0,10.0,12.0,32.0,1.0,10.0,7.0,5.0,22.0,1.0,6.0,8.0,7.0,21.0,1.0,367,270,97,134,0.211221,0,0,0,0,-1,201,47,67,27.0,0.0,4.012984,0,0,22,FBL,0.818182,Europe,76,16,0,0,6,13,16,35,1
Hungary,1976,country,1896,2024,6.0,13.0,16.0,35.0,1.0,10.0,10.0,12.0,32.0,1.0,10.0,7.0,5.0,22.0,1.0,288,196,92,109,-0.215259,0,0,0,0,-1,199,48,68,8.0,10.0,2.841802,0,0,18,WPO,0.736364,Europe,80,17,0,0,4,5,13,22,1
Hungary,1980,country,1896,2024,4.0,5.0,13.0,22.0,1.0,6.0,13.0,16.0,35.0,1.0,10.0,10.0,12.0,32.0,1.0,392,270,122,151,0.361111,0,0,0,0,-1,204,47,67,6.0,1.0,2.652007,0,0,24,WPO,0.636364,Europe,84,18,0,0,7,10,15,32,1
Hungary,1984,country,1896,2024,7.0,10.0,15.0,32.0,1.0,4.0,5.0,13.0,22.0,1.0,6.0,13.0,16.0,35.0,1.0,0,0,0,0,,0,0,0,0,-1,225,46,66,21.0,0.0,,0,0,0,,,Europe,88,18,0,0,0,0,0,0,0
Hungary,1988,country,1896,2024,7.0,10.0,15.0,32.0,1.0,4.0,5.0,13.0,22.0,1.0,6.0,13.0,16.0,35.0,1.0,315,235,80,135,-0.196429,0,0,0,0,-1,243,47,67,19.0,1.0,2.229638,0,0,21,MPN,0.866667,Europe,92,19,0,0,11,6,6,23,1
Hungary,1992,country,1896,2024,11.0,6.0,6.0,23.0,1.0,7.0,10.0,15.0,32.0,1.0,4.0,5.0,13.0,22.0,1.0,351,240,111,156,0.114286,0,0,0,0,-1,265,48,68,23.0,1.0,1.8076629999999998,0,0,26,MPN,0.588235,Europe,96,20,0,0,11,12,7,30,1
Hungary,1996,country,1896,2024,11.0,12.0,7.0,30.0,1.0,11.0,6.0,6.0,23.0,1.0,7.0,10.0,15.0,32.0,1.0,315,194,121,145,-0.102564,0,0,0,0,-1,278,48,68,15.0,1.0,1.613383,0,0,25,MPN,0.504545,Europe,100,21,0,0,7,4,10,21,1
Hungary,2000,country,1896,2024,7.0,4.0,10.0,21.0,1.0,11.0,12.0,7.0,30.0,1.0,11.0,6.0,6.0,23.0,1.0,238,144,94,137,-0.244444,0,0,0,0,-1,299,48,68,24.0,4.0,1.683883,0,0,24,CSP,0.381061,Europe,104,22,0,0,8,6,3,17,1
Hungary,2004,country,1896,2024,8.0,6.0,3.0,17.0,1.0,7.0,4.0,10.0,21.0,1.0,11.0,12.0,7.0,30.0,1.0,258,145,113,138,0.084034,0,0,0,0,-1,301,48,68,4.0,2.0,1.776634,0,0,22,MPN,0.413636,Europe,108,23,1,1,8,6,3,17,1
Hungary,2008,country,1896,2024,8.0,6.0,3.0,17.0,1.0,8.0,6.0,3.0,17.0,1.0,7.0,4.0,10.0,21.0,1.0,216,113,103,126,-0.162791,0,0,0,0,-1,302,48,68,5.0,4.0,1.4553239999999998,0,0,23,WPO,0.5,Europe,112,24,0,0,3,5,2,10,1
Hungary,2012,country,1896,2024,3.0,5.0,2.0,10.0,1.0,8.0,6.0,3.0,17.0,1.0,8.0,6.0,3.0,17.0,1.0,201,113,88,111,-0.069444,0,0,0,0,-1,302,48,68,2.0,2.0,1.1924109999999999,0,0,23,CSP,0.337121,Europe,116,25,0,0,8,4,6,18,1
Hungary,2016,country,1896,2024,8.0,4.0,6.0,18.0,1.0,3.0,5.0,2.0,10.0,1.0,8.0,6.0,3.0,17.0,1.0,204,114,90,113,0.014925,0,0,0,0,-1,306,48,68,5.0,1.0,0.860112,0,0,21,CSP,0.292424,Europe,120,26,0,0,8,3,4,15,1
Hungary,2020,country,1896,2024,8.0,3.0,4.0,15.0,1.0,8.0,4.0,6.0,18.0,1.0,3.0,5.0,2.0,10.0,1.0,237,111,126,110,0.161765,0,0,0,0,-1,316,48,68,33.0,23.0,1.482105,0,0,26,CSP,0.340909,Europe,124,27,0,0,6,7,7,20,1
Hungary,2024,country,1896,2024,6.0,7.0,7.0,20.0,1.0,8.0,3.0,4.0,15.0,1.0,8.0,4.0,6.0,18.0,1.0,255,133,122,114,0.075949,0,0,0,0,-1,297,48,68,6.0,25.0,1.526364,0,0,20,OWS,0.417647,Europe,128,28,0,0,6,7,5,18,1
Iceland,1908,country,1908,2024,,,,,,,,,,,,,,,,1,1,0,1,,0,0,0,0,-1,104,48,67,35.0,26.0,0.0,0,0,1,WRG,0.0,Europe,0,1,0,0,0,0,0,0,0
Iceland,1912,country,1908,2024,0.0,0.0,0.0,0.0,0.0,,,,,,,,,,,2,2,0,2,1.0,0,0,0,0,-1,102,48,67,25.0,28.0,0.0,0,0,2,ATH,0.0,Europe,4,2,0,0,0,0,0,0,0
Iceland,1920,country,1908,2024,0.0,0.0,0.0,0.0,0.0,0.0,0.0,0.0,0.0,0.0,,,,,,0,0,0,0,,0,0,0,0,-1,156,48,67,58.0,4.0,,0,0,0,,,Europe,12,2,0,0,0,0,0,0,0
Iceland,1924,country,1908,2024,0.0,0.0,0.0,0.0,0.0,0.0,0.0,0.0,0.0,0.0,,,,,,0,0,0,0,,0,0,0,0,-1,126,45,62,12.0,42.0,,0,0,0,,,Europe,16,2,0,0,0,0,0,0,0
Iceland,1928,country,1908,2024,0.0,0.0,0.0,0.0,0.0,0.0,0.0,0.0,0.0,0.0,,,,,,0,0,0,0,,0,0,0,0,-1,110,48,68,3.0,19.0,,0,0,0,,,Europe,20,2,0,0,0,0,0,0,0
Iceland,1932,country,1908,2024,0.0,0.0,0.0,0.0,0.0,0.0,0.0,0.0,0.0,0.0,,,,,,0,0,0,0,,0,0,0,0,-1,127,48,67,18.0,1.0,,0,0,0,,,Europe,24,2,0,0,0,0,0,0,0
Iceland,1936,country,1908,2024,0.0,0.0,0.0,0.0,0.0,0.0,0.0,0.0,0.0,0.0,,,,,,13,13,0,6,5.5,0,0,0,0,-1,129,48,67,4.0,2.0,0.0,0,0,2,ATH,0.0,Europe,28,3,0,0,0,0,0,0,0
Iceland,1948,country,1908,2024,0.0,0.0,0.0,0.0,0.0,0.0,0.0,0.0,0.0,0.0,0.0,0.0,0.0,0.0,0.0,26,23,3,18,1.0,0,0,0,0,-1,136,48,68,9.0,2.0,0.0,0,0,2,ATH,0.0,Europe,40,4,0,0,0,0,0,0,0
Iceland,1952,country,1908,2024,0.0,0.0,0.0,0.0,0.0,0.0,0.0,0.0,0.0,0.0,0.0,0.0,0.0,0.0,0.0,18,18,0,11,-0.307692,0,0,0,0,-1,149,48,68,12.0,0.0,0.0,0,0,1,ATH,0.0,Europe,44,5,0,0,0,0,0,0,0
Iceland,1956,country,1908,2024,0.0,0.0,0.0,0.0,0.0,0.0,0.0,0.0,0.0,0.0,0.0,0.0,0.0,0.0,0.0,2,2,0,2,-0.888889,0,0,0,0,-1,149,48,68,2.0,2.0,0.008021,0,0,1,ATH,0.008021,Europe,48,6,0,0,0,1,0,1,1
Iceland,1960,country,1908,2024,0.0,1.0,0.0,1.0,1.0,0.0,0.0,0.0,0.0,0.0,0.0,0.0,0.0,0.0,0.0,11,10,1,11,4.5,0,0,0,0,-1,152,48,67,6.0,3.0,0.005615,0,0,2,ATH,0.005615,Europe,52,7,0,0,0,0,0,0,0
Iceland,1964,country,1908,2024,0.0,0.0,0.0,0.0,0.0,0.0,1.0,0.0,1.0,1.0,0.0,0.0,0.0,0.0,0.0,5,4,1,5,-0.545455,0,0,0,0,-1,164,47,67,12.0,0.0,0.004011,0,0,2,ATH,0.004011,Europe,56,8,0,0,0,0,0,0,0
Iceland,1968,country,1908,2024,0.0,0.0,0.0,0.0,0.0,0.0,0.0,0.0,0.0,0.0,0.0,1.0,0.0,1.0,1.0,16,10,6,15,2.2,0,0,0,0,-1,174,47,67,14.0,4.0,0.0,0,0,3,ATH,0.0,Europe,60,9,0,0,0,0,0,0,0
Iceland,1972,country,1908,2024,0.0,0.0,0.0,0.0,0.0,0.0,0.0,0.0,0.0,0.0,0.0,0.0,0.0,0.0,0.0,30,29,1,16,0.875,0,0,0,0,-1,201,47,67,27.0,0.0,0.0,0,0,4,ATH,0.0,Europe,64,10,0,0,0,0,0,0,0
Iceland,1976,country,1908,2024,0.0,0.0,0.0,0.0,0.0,0.0,0.0,0.0,0.0,0.0,0.0,0.0,0.0,0.0,0.0,22,14,8,22,-0.266667,0,0,0,0,-1,199,48,68,8.0,10.0,0.0,0,0,4,ATH,0.0,Europe,68,11,0,0,0,0,0,0,0
Iceland,1980,country,1908,2024,0.0,0.0,0.0,0.0,0.0,0.0,0.0,0.0,0.0,0.0,0.0,0.0,0.0,0.0,0.0,12,12,0,11,-0.454545,0,0,0,0,-1,204,47,67,6.0,1.0,0.0,0,0,3,ATH,0.0,Europe,72,12,0,0,0,0,0,0,0
Iceland,1984,country,1908,2024,0.0,0.0,0.0,0.0,0.0,0.0,0.0,0.0,0.0,0.0,0.0,0.0,0.0,0.0,0.0,35,31,4,17,1.916667,0,0,0,0,-1,225,46,66,21.0,0.0,0.011364,0,0,5,JUD,0.011364,Europe,76,13,0,0,0,0,1,1,1
Iceland,1988,country,1908,2024,0.0,0.0,1.0,1.0,1.0,0.0,0.0,0.0,0.0,0.0,0.0,0.0,0.0,0.0,0.0,42,34,8,25,0.2,0,0,0,0,-1,243,47,67,19.0,1.0,0.007955,0,0,5,JUD,0.007955,Europe,80,14,0,0,0,0,0,0,0
Iceland,1992,country,1908,2024,0.0,0.0,0.0,0.0,0.0,0.0,0.0,1.0,1.0,1.0,0.0,0.0,0.0,0.0,0.0,31,26,5,15,-0.261905,0,0,0,0,-1,265,48,68,23.0,1.0,0.005682,0,0,6,JUD,0.005682,Europe,84,15,0,0,0,0,0,0,0
Iceland,1996,country,1908,2024,0.0,0.0,0.0,0.0,0.0,0.0,0.0,0.0,0.0,0.0,0.0,0.0,1.0,1.0,1.0,15,11,4,15,-0.516129,0,0,0,0,-1,278,48,68,15.0,1.0,0.0,0,0,5,ATH,0.0,Europe,88,16,0,0,0,0,0,0,0
Iceland,2000,country,1908,2024,0.0,0.0,0.0,0.0,0.0,0.0,0.0,0.0,0.0,0.0,0.0,0.0,0.0,0.0,0.0,29,17,12,28,0.933333,0,0,0,0,-1,299,48,68,24.0,4.0,0.003868,0,0,5,ATH,0.003868,Europe,92,17,0,0,0,0,1,1,1
Iceland,2004,country,1908,2024,0.0,0.0,1.0,1.0,1.0,0.0,0.0,0.0,0.0,0.0,0.0,0.0,0.0,0.0,0.0,34,28,6,20,0.172414,0,0,0,0,-1,301,48,68,4.0,2.0,0.002708,0,0,5,ATH,0.002708,Europe,96,18,0,0,0,0,0,0,0
Iceland,2008,country,1908,2024,0.0,0.0,0.0,0.0,0.0,0.0,0.0,1.0,1.0,1.0,0.0,0.0,0.0,0.0,0.0,31,22,9,18,-0.088235,0,0,0,0,-1,302,48,68,5.0,4.0,0.17840499999999998,0,0,5,HBL,0.176471,Europe,100,19,0,0,0,1,0,1,1
Iceland,2012,country,1908,2024,0.0,1.0,0.0,1.0,1.0,0.0,0.0,0.0,0.0,0.0,0.0,0.0,1.0,1.0,1.0,36,24,12,20,0.16129,0,0,0,0,-1,302,48,68,2.0,2.0,0.095455,0,0,6,HBL,0.095455,Europe,104,20,0,0,0,0,0,0,0
Iceland,2016,country,1908,2024,0.0,0.0,0.0,0.0,0.0,0.0,1.0,0.0,1.0,1.0,0.0,0.0,0.0,0.0,0.0,14,4,10,14,-0.611111,0,0,0,0,-1,306,48,68,5.0,1.0,0.0,0,0,4,ATH,0.0,Europe,108,21,0,0,0,0,0,0,0
Iceland,2020,country,1908,2024,0.0,0.0,0.0,0.0,0.0,0.0,0.0,0.0,0.0,0.0,0.0,1.0,0.0,1.0,1.0,5,3,2,5,-0.642857,0,0,0,0,-1,316,48,68,33.0,23.0,0.0,0,0,3,ATH,0.0,Europe,112,22,0,0,0,0,0,0,0
Iceland,2024,country,1908,2024,0.0,0.0,0.0,0.0,0.0,0.0,0.0,0.0,0.0,0.0,0.0,0.0,0.0,0.0,0.0,7,3,4,7,0.4,0,0,0,0,-1,297,48,68,6.0,25.0,0.0,0,0,4,ATH,0.0,Europe,116,23,0,0,0,0,0,0,0
India,1900,country,1900,2024,,,,,,,,,,,,,,,,5,5,0,5,,0,0,0,0,-1,97,47,66,65.0,12.0,0.052174,0,0,1,ATH,0.052174,Asia,0,1,0,0,0,2,0,2,1
India,1904,country,1900,2024,0.0,2.0,0.0,2.0,1.0,,,,,,,,,,,0,0,0,0,,0,0,0,0,-1,95,48,67,36.0,38.0,,0,0,0,,,Asia,4,1,0,0,0,0,0,0,0
India,1908,country,1900,2024,0.0,2.0,0.0,2.0,1.0,,,,,,,,,,,0,0,0,0,,0,0,0,0,-1,104,48,67,35.0,26.0,,0,0,0,,,Asia,8,1,0,0,0,0,0,0,0
India,1912,country,1900,2024,0.0,2.0,0.0,2.0,1.0,,,,,,,,,,,0,0,0,0,,0,0,0,0,-1,102,48,67,25.0,28.0,,0,0,0,,,Asia,12,1,0,0,0,0,0,0,0
India,1920,country,1900,2024,0.0,2.0,0.0,2.0,1.0,,,,,,,,,,,7,7,0,6,0.4,0,0,0,0,-1,156,48,67,58.0,4.0,0.0,0,0,2,ATH,0.0,Asia,20,2,0,0,0,0,0,0,0
India,1924,country,1900,2024,0.0,0.0,0.0,0.0,0.0,0.0,2.0,0.0,2.0,1.0,,,,,,24,22,2,13,2.428571,0,0,0,0,-1,126,45,62,12.0,42.0,0.0,0,0,2,ATH,0.0,Asia,24,3,1,1,0,0,0,0,0
India,1928,country,1900,2024,0.0,0.0,0.0,0.0,0.0,0.0,0.0,0.0,0.0,0.0,0.0,2.0,0.0,2.0,1.0,24,24,0,10,0.0,0,0,0,0,-1,110,48,68,3.0,19.0,1.0,0,1,1,HOC,1.0,Asia,28,4,0,0,1,0,0,1,1
India,1932,country,1900,2024,1.0,0.0,0.0,1.0,1.0,0.0,0.0,0.0,0.0,0.0,0.0,0.0,0.0,0.0,0.0,26,26,0,8,0.083333,0,0,0,0,-1,127,48,67,18.0,1.0,1.0,0,1,2,HOC,1.0,Asia,32,5,0,0,1,0,0,1,1
India,1936,country,1900,2024,1.0,0.0,0.0,1.0,1.0,1.0,0.0,0.0,1.0,1.0,0.0,0.0,0.0,0.0,0.0,30,30,0,12,0.153846,0,0,0,0,-1,129,48,67,4.0,2.0,1.0,0,1,3,HOC,1.0,Asia,36,6,0,0,1,0,0,1,1
India,1948,country,1900,2024,1.0,0.0,0.0,1.0,1.0,1.0,0.0,0.0,1.0,1.0,1.0,0.0,0.0,1.0,1.0,89,89,0,39,1.966667,0,0,0,0,-1,136,48,68,9.0,2.0,1.0,0,1,9,HOC,1.0,Asia,48,7,0,0,1,0,0,1,1
India,1952,country,1900,2024,1.0,0.0,0.0,1.0,1.0,1.0,0.0,0.0,1.0,1.0,1.0,0.0,0.0,1.0,1.0,94,87,7,42,0.05618,0,0,0,0,-1,149,48,68,12.0,0.0,1.022727,0,1,11,HOC,1.0,Asia,52,8,0,0,1,0,1,2,1
India,1956,country,1900,2024,1.0,0.0,1.0,2.0,1.0,1.0,0.0,0.0,1.0,1.0,1.0,0.0,0.0,1.0,1.0,79,78,1,32,-0.159574,0,0,0,0,-1,149,48,68,2.0,2.0,1.015909,0,1,7,HOC,1.0,Asia,56,9,0,0,1,0,0,1,1
India,1960,country,1900,2024,1.0,0.0,0.0,1.0,1.0,1.0,0.0,1.0,2.0,1.0,1.0,0.0,0.0,1.0,1.0,49,49,0,20,-0.379747,0,0,0,0,-1,152,48,67,6.0,3.0,0.829546,0,0,6,HOC,0.818182,Asia,60,10,0,0,0,1,0,1,1
India,1964,country,1900,2024,0.0,1.0,0.0,1.0,1.0,1.0,0.0,0.0,1.0,1.0,1.0,0.0,1.0,2.0,1.0,111,110,1,42,1.265306,0,0,0,0,-1,164,47,67,12.0,0.0,0.872727,0,0,10,HOC,0.872727,Asia,64,11,0,0,1,0,0,1,1
India,1968,country,1900,2024,1.0,0.0,0.0,1.0,1.0,0.0,1.0,0.0,1.0,1.0,1.0,0.0,0.0,1.0,1.0,25,25,0,11,-0.774775,0,0,0,0,-1,174,47,67,14.0,4.0,0.636364,0,0,6,HOC,0.636364,Asia,68,12,0,0,0,0,1,1,1
India,1972,country,1900,2024,0.0,0.0,1.0,1.0,1.0,1.0,0.0,0.0,1.0,1.0,0.0,1.0,0.0,1.0,1.0,43,42,1,27,0.72,0,0,0,0,-1,201,47,67,27.0,0.0,0.536364,0,0,7,HOC,0.536364,Asia,72,13,0,0,0,0,1,1,1
India,1976,country,1900,2024,0.0,0.0,1.0,1.0,1.0,0.0,0.0,1.0,1.0,1.0,1.0,0.0,0.0,1.0,1.0,26,26,0,10,-0.395349,0,0,0,0,-1,199,48,68,8.0,10.0,0.218182,0,0,5,HOC,0.218182,Asia,76,14,0,0,0,0,0,0,0
India,1980,country,1900,2024,0.0,0.0,0.0,0.0,0.0,0.0,0.0,1.0,1.0,1.0,0.0,0.0,1.0,1.0,1.0,78,61,17,30,2.0,0,0,0,0,-1,204,47,67,6.0,1.0,0.318182,0,0,8,HOC,0.318182,Asia,80,15,0,0,1,0,0,1,1
India,1984,country,1900,2024,1.0,0.0,0.0,1.0,1.0,0.0,0.0,0.0,0.0,0.0,0.0,0.0,1.0,1.0,1.0,53,43,10,30,-0.320513,0,0,0,0,-1,225,46,66,21.0,0.0,0.159091,0,0,7,HOC,0.159091,Asia,84,16,0,0,0,0,0,0,0
India,1988,country,1900,2024,0.0,0.0,0.0,0.0,0.0,1.0,0.0,0.0,1.0,1.0,0.0,0.0,0.0,0.0,0.0,55,45,10,27,0.037736,0,0,0,0,-1,243,47,67,19.0,1.0,0.113636,0,0,11,HOC,0.113636,Asia,88,17,0,0,0,0,0,0,0
India,1992,country,1900,2024,0.0,0.0,0.0,0.0,0.0,0.0,0.0,0.0,0.0,0.0,1.0,0.0,0.0,1.0,1.0,61,54,7,36,0.109091,0,0,0,0,-1,265,48,68,23.0,1.0,0.0,0,0,13,ARC,0.0,Asia,92,18,0,0,0,0,0,0,0
India,1996,country,1900,2024,0.0,0.0,0.0,0.0,0.0,0.0,0.0,0.0,0.0,0.0,0.0,0.0,0.0,0.0,0.0,54,45,9,31,-0.114754,0,0,0,0,-1,278,48,68,15.0,1.0,0.045455,0,0,13,TEN,0.045455,Asia,96,19,0,0,0,0,1,1,1
India,2000,country,1900,2024,0.0,0.0,1.0,1.0,1.0,0.0,0.0,0.0,0.0,0.0,0.0,0.0,0.0,0.0,0.0,70,47,23,38,0.296296,0,0,0,0,-1,299,48,68,24.0,4.0,0.043939,0,0,13,TEN,0.031818,Asia,100,20,0,0,0,0,1,1,1
India,2004,country,1900,2024,0.0,0.0,1.0,1.0,1.0,0.0,0.0,1.0,1.0,1.0,0.0,0.0,0.0,0.0,0.0,81,51,30,43,0.157143,0,0,0,0,-1,301,48,68,4.0,2.0,0.047255000000000005,0,0,15,TEN,0.022727,Asia,104,21,0,0,0,1,0,1,1
India,2008,country,1900,2024,0.0,1.0,0.0,1.0,1.0,0.0,0.0,1.0,1.0,1.0,0.0,0.0,1.0,1.0,1.0,67,38,29,48,-0.17284,0,0,0,0,-1,302,48,68,5.0,4.0,0.060492000000000004,0,0,12,SHO,0.041533,Asia,108,22,0,0,1,0,2,3,1
India,2012,country,1900,2024,1.0,0.0,2.0,3.0,1.0,0.0,1.0,0.0,1.0,1.0,0.0,0.0,1.0,1.0,1.0,95,66,29,55,0.41791,0,0,0,0,-1,302,48,68,2.0,2.0,0.147522,0,0,13,SHO,0.059537,Asia,112,23,1,1,0,2,4,6,1
India,2016,country,1900,2024,0.0,2.0,4.0,6.0,1.0,1.0,0.0,2.0,3.0,1.0,0.0,1.0,0.0,1.0,1.0,130,68,62,67,0.368421,0,0,0,0,-1,306,48,68,5.0,1.0,0.160239,0,0,16,BDM,0.08,Asia,116,24,0,0,0,1,1,2,1
India,2020,country,1900,2024,0.0,1.0,1.0,2.0,1.0,0.0,2.0,4.0,6.0,1.0,1.0,0.0,2.0,3.0,1.0,151,83,68,72,0.161538,0,0,0,0,-1,316,48,68,33.0,23.0,0.29017000000000004,0,0,18,BDM,0.092727,Asia,120,25,0,0,1,2,4,7,1
India,2024,country,1900,2024,1.0,2.0,4.0,7.0,1.0,0.0,1.0,1.0,2.0,1.0,0.0,2.0,4.0,6.0,1.0,138,77,61,63,-0.086093,0,0,0,0,-1,297,48,68,6.0,25.0,0.30691799999999997,0,0,15,HOC,0.154545,Asia,124,26,0,0,0,1,5,6,1
Individual Neutral Athletes,2024,special,2024,2024,,,,,,,,,,,,,,,,46,21,25,30,,0,0,0,0,-1,297,48,68,6.0,25.0,1.002857,0,0,11,GTR,0.8,Europe,0,1,0,0,1,3,1,5,1
Individual Olympic Athletes,1992,special,1992,2016,,,,,,,,,,,,,,,,76,50,26,54,,0,0,0,0,-1,265,48,68,23.0,1.0,0.107692,0,0,16,SHO,0.107692,Asia,0,1,0,0,0,1,2,3,1
Individual Olympic Athletes,1996,special,1992,2016,0.0,1.0,2.0,3.0,1.0,,,,,,,,,,,0,0,0,0,,0,0,0,0,-1,278,48,68,15.0,1.0,,0,0,0,,,Asia,4,1,0,0,0,0,0,0,0
Individual Olympic Athletes,2000,special,1992,2016,0.0,1.0,2.0,3.0,1.0,,,,,,,,,,,4,3,1,4,-0.947368,0,0,0,0,-1,299,48,68,24.0,4.0,0.0,0,0,3,ATH,0.0,Asia,8,2,0,0,0,0,0,0,0
Individual Olympic Athletes,2004,special,1992,2016,0.0,0.0,0.0,0.0,0.0,0.0,1.0,2.0,3.0,1.0,,,,,,0,0,0,0,,0,0,0,0,-1,301,48,68,4.0,2.0,,0,0,0,,,Asia,12,2,0,0,0,0,0,0,0
Individual Olympic Athletes,2008,special,1992,2016,0.0,0.0,0.0,0.0,0.0,0.0,1.0,2.0,3.0,1.0,,,,,,0,0,0,0,,0,0,0,0,-1,302,48,68,5.0,4.0,,0,0,0,,,Asia,16,2,0,0,0,0,0,0,0
Individual Olympic Athletes,2012,special,1992,2016,0.0,0.0,0.0,0.0,0.0,0.0,1.0,2.0,3.0,1.0,,,,,,4,3,1,4,0.0,0,0,0,0,-1,302,48,68,2.0,2.0,0.0,0,0,3,ATH,0.0,Asia,20,3,0,0,0,0,0,0,0
Individual Olympic Athletes,2016,special,1992,2016,0.0,0.0,0.0,0.0,0.0,0.0,0.0,0.0,0.0,0.0,0.0,1.0,2.0,3.0,1.0,9,8,1,6,1.25,0,0,0,0,-1,306,48,68,5.0,1.0,0.093333,0,0,3,SHO,0.093333,Asia,24,4,0,0,1,0,1,2,1
Indonesia,1952,country,1952,2024,,,,,,,,,,,,,,,,3,3,0,3,,0,0,0,0,-1,149,48,68,12.0,0.0,0.0,0,0,3,ATH,0.0,Asia,0,1,0,0,0,0,0,0,0
Indonesia,1956,country,1952,2024,0.0,0.0,0.0,0.0,0.0,,,,,,,,,,,24,22,2,11,7.0,0,0,0,0,-1,149,48,68,2.0,2.0,0.0,0,0,6,ATH,0.0,Asia,4,2,0,0,0,0,0,0,0
Indonesia,1960,country,1952,2024,0.0,0.0,0.0,0.0,0.0,0.0,0.0,0.0,0.0,0.0,,,,,,27,25,2,17,0.125,0,0,0,0,-1,152,48,67,6.0,3.0,0.0,0,0,8,ATH,0.0,Asia,8,3,0,0,0,0,0,0,0
Indonesia,1964,country,1952,2024,0.0,0.0,0.0,0.0,0.0,0.0,0.0,0.0,0.0,0.0,0.0,0.0,0.0,0.0,0.0,0,0,0,0,,0,0,0,0,-1,164,47,67,12.0,0.0,,0,0,0,,,Asia,12,3,0,0,0,0,0,0,0
Indonesia,1968,country,1952,2024,0.0,0.0,0.0,0.0,0.0,0.0,0.0,0.0,0.0,0.0,0.0,0.0,0.0,0.0,0.0,6,6,0,5,-0.777778,0,0,0,0,-1,174,47,67,14.0,4.0,0.0,0,0,2,SAL,0.0,Asia,16,4,0,0,0,0,0,0,0
Indonesia,1972,country,1952,2024,0.0,0.0,0.0,0.0,0.0,0.0,0.0,0.0,0.0,0.0,0.0,0.0,0.0,0.0,0.0,7,3,4,7,0.166667,0,0,0,0,-1,201,47,67,27.0,0.0,0.0,0,0,5,ARC,0.0,Asia,20,5,0,0,0,0,0,0,0
Indonesia,1976,country,1952,2024,0.0,0.0,0.0,0.0,0.0,0.0,0.0,0.0,0.0,0.0,0.0,0.0,0.0,0.0,0.0,11,8,3,11,0.571429,0,0,0,0,-1,199,48,68,8.0,10.0,0.0,0,0,5,ARC,0.0,Asia,24,6,0,0,0,0,0,0,0
Indonesia,1980,country,1952,2024,0.0,0.0,0.0,0.0,0.0,0.0,0.0,0.0,0.0,0.0,0.0,0.0,0.0,0.0,0.0,0,0,0,0,,0,0,0,0,-1,204,47,67,6.0,1.0,,0,0,0,,,Asia,28,6,0,0,0,0,0,0,0
Indonesia,1984,country,1952,2024,0.0,0.0,0.0,0.0,0.0,0.0,0.0,0.0,0.0,0.0,0.0,0.0,0.0,0.0,0.0,23,19,4,16,1.090909,0,0,0,0,-1,225,46,66,21.0,0.0,0.0,0,0,6,ARC,0.0,Asia,32,7,0,0,0,0,0,0,0
Indonesia,1988,country,1952,2024,0.0,0.0,0.0,0.0,0.0,0.0,0.0,0.0,0.0,0.0,0.0,0.0,0.0,0.0,0.0,43,33,10,32,0.869565,0,0,0,0,-1,243,47,67,19.0,1.0,0.088235,0,0,11,ARC,0.088235,Asia,36,8,0,0,0,1,0,1,1
Indonesia,1992,country,1952,2024,0.0,1.0,0.0,1.0,1.0,0.0,0.0,0.0,0.0,0.0,0.0,0.0,0.0,0.0,0.0,51,30,21,31,0.186047,0,0,0,0,-1,265,48,68,23.0,1.0,0.90487,0,0,10,BDM,0.857143,Asia,40,9,1,1,2,2,1,5,1
Indonesia,1996,country,1952,2024,2.0,2.0,1.0,5.0,1.0,0.0,1.0,0.0,1.0,1.0,0.0,0.0,0.0,0.0,0.0,45,24,21,23,-0.117647,0,0,0,0,-1,278,48,68,15.0,1.0,0.669385,0,0,11,BDM,0.635294,Asia,44,10,1,1,1,1,2,4,1
Indonesia,2000,country,1952,2024,1.0,1.0,2.0,4.0,1.0,2.0,2.0,1.0,5.0,1.0,0.0,1.0,0.0,1.0,1.0,54,33,21,32,0.2,0,0,0,0,-1,299,48,68,24.0,4.0,0.589956,0,0,12,BDM,0.547532,Asia,48,11,1,1,1,3,2,6,1
Indonesia,2004,country,1952,2024,1.0,3.0,2.0,6.0,1.0,1.0,1.0,2.0,4.0,1.0,2.0,2.0,1.0,5.0,1.0,39,22,17,27,-0.277778,0,0,0,0,-1,301,48,68,4.0,2.0,0.460606,0,0,14,BDM,0.412727,Asia,52,12,1,1,1,1,2,4,1
Indonesia,2008,country,1952,2024,1.0,1.0,2.0,4.0,1.0,1.0,3.0,2.0,6.0,1.0,1.0,1.0,2.0,4.0,1.0,26,15,11,17,-0.333333,0,0,0,0,-1,302,48,68,5.0,4.0,0.454546,0,0,7,BDM,0.396364,Asia,56,13,1,1,1,1,3,5,1
Indonesia,2012,country,1952,2024,1.0,1.0,3.0,5.0,1.0,1.0,1.0,2.0,4.0,1.0,1.0,3.0,2.0,6.0,1.0,22,13,9,16,-0.153846,0,0,0,0,-1,302,48,68,2.0,2.0,0.265455,0,0,8,BDM,0.209091,Asia,60,14,0,0,0,1,1,2,1
Indonesia,2016,country,1952,2024,0.0,1.0,1.0,2.0,1.0,1.0,1.0,3.0,5.0,1.0,1.0,1.0,2.0,4.0,1.0,31,20,11,20,0.409091,0,0,0,0,-1,306,48,68,5.0,1.0,0.251515,0,0,7,BDM,0.181818,Asia,64,15,1,1,1,2,0,3,1
Indonesia,2020,country,1952,2024,1.0,2.0,0.0,3.0,1.0,0.0,1.0,1.0,2.0,1.0,1.0,1.0,3.0,5.0,1.0,35,21,14,23,0.129032,0,0,0,0,-1,316,48,68,33.0,23.0,0.299697,0,0,8,BDM,0.213636,Asia,68,16,0,0,1,1,3,5,1
Indonesia,2024,country,1952,2024,1.0,1.0,3.0,5.0,1.0,1.0,2.0,0.0,3.0,1.0,0.0,1.0,1.0,2.0,1.0,36,18,18,25,0.028571,0,0,0,0,-1,297,48,68,6.0,25.0,0.532273,0,0,12,CLB,0.25,Asia,72,17,0,0,2,0,1,3,1
Iran,1900,country,1900,2024,,,,,,,,,,,,,,,,1,1,0,1,,0,0,0,0,-1,97,47,66,65.0,12.0,0.0,0,0,1,FEN,0.0,Asia,0,1,0,0,0,0,0,0,0
Iran,1904,country,1900,2024,0.0,0.0,0.0,0.0,0.0,,,,,,,,,,,0,0,0,0,,0,0,0,0,-1,95,48,67,36.0,38.0,,0,0,0,,,Asia,4,1,0,0,0,0,0,0,0
Iran,1908,country,1900,2024,0.0,0.0,0.0,0.0,0.0,,,,,,,,,,,0,0,0,0,,0,0,0,0,-1,104,48,67,35.0,26.0,,0,0,0,,,Asia,8,1,0,0,0,0,0,0,0
Iran,1912,country,1900,2024,0.0,0.0,0.0,0.0,0.0,,,,,,,,,,,0,0,0,0,,0,0,0,0,-1,102,48,67,25.0,28.0,,0,0,0,,,Asia,12,1,0,0,0,0,0,0,0
Iran,1920,country,1900,2024,0.0,0.0,0.0,0.0,0.0,,,,,,,,,,,0,0,0,0,,0,0,0,0,-1,156,48,67,58.0,4.0,,0,0,0,,,Asia,20,1,0,0,0,0,0,0,0
Iran,1924,country,1900,2024,0.0,0.0,0.0,0.0,0.0,,,,,,,,,,,0,0,0,0,,0,0,0,0,-1,126,45,62,12.0,42.0,,0,0,0,,,Asia,24,1,0,0,0,0,0,0,0
Iran,1928,country,1900,2024,0.0,0.0,0.0,0.0,0.0,,,,,,,,,,,0,0,0,0,,0,0,0,0,-1,110,48,68,3.0,19.0,,0,0,0,,,Asia,28,1,0,0,0,0,0,0,0
Iran,1932,country,1900,2024,0.0,0.0,0.0,0.0,0.0,,,,,,,,,,,0,0,0,0,,0,0,0,0,-1,127,48,67,18.0,1.0,,0,0,0,,,Asia,32,1,0,0,0,0,0,0,0
Iran,1936,country,1900,2024,0.0,0.0,0.0,0.0,0.0,,,,,,,,,,,0,0,0,0,,0,0,0,0,-1,129,48,67,4.0,2.0,,0,0,0,,,Asia,36,1,0,0,0,0,0,0,0
Iran,1948,country,1900,2024,0.0,0.0,0.0,0.0,0.0,,,,,,,,,,,39,39,0,23,38.0,0,0,0,0,-1,136,48,68,9.0,2.0,0.066667,0,0,5,WLF,0.066667,Asia,48,2,0,0,0,0,1,1,1
Iran,1952,country,1900,2024,0.0,0.0,1.0,1.0,1.0,0.0,0.0,0.0,0.0,0.0,,,,,,23,23,0,22,-0.410256,0,0,0,0,-1,149,48,68,12.0,0.0,0.287956,0,0,4,WRF,0.176471,Asia,52,3,0,0,0,3,4,7,1
Iran,1956,country,1900,2024,0.0,3.0,4.0,7.0,1.0,0.0,0.0,1.0,1.0,1.0,0.0,0.0,0.0,0.0,0.0,17,17,0,17,-0.26087,0,0,0,0,-1,149,48,68,2.0,2.0,0.363853,0,0,3,WRF,0.277273,Asia,56,4,0,0,2,2,1,5,1
Iran,1960,country,1900,2024,2.0,2.0,1.0,5.0,1.0,0.0,3.0,4.0,7.0,1.0,0.0,0.0,1.0,1.0,1.0,24,24,0,24,0.411765,0,0,0,0,-1,152,48,67,6.0,3.0,0.378896,0,0,6,WRF,0.252273,Asia,60,5,0,0,0,1,3,4,1
Iran,1964,country,1900,2024,0.0,1.0,3.0,4.0,1.0,2.0,2.0,1.0,5.0,1.0,0.0,3.0,4.0,7.0,1.0,96,86,10,58,3.0,0,0,0,0,-1,164,47,67,12.0,0.0,0.22789299999999998,0,0,12,WRF,0.176136,Asia,64,6,0,0,0,0,2,2,1
Iran,1968,country,1900,2024,0.0,0.0,2.0,2.0,1.0,0.0,1.0,3.0,4.0,1.0,2.0,2.0,1.0,5.0,1.0,14,14,0,14,-0.854167,0,0,0,0,-1,174,47,67,14.0,4.0,0.29074700000000003,0,0,4,WRF,0.1625,Asia,68,7,0,0,2,1,2,5,1
Iran,1972,country,1900,2024,2.0,1.0,2.0,5.0,1.0,0.0,0.0,2.0,2.0,1.0,0.0,1.0,3.0,4.0,1.0,56,56,0,33,3.0,0,0,0,0,-1,201,47,67,27.0,0.0,0.242803,0,0,9,WRF,0.1125,Asia,72,8,0,0,0,2,1,3,1
Iran,1976,country,1900,2024,0.0,2.0,1.0,3.0,1.0,2.0,1.0,2.0,5.0,1.0,0.0,0.0,2.0,2.0,1.0,104,97,7,50,0.857143,0,0,0,0,-1,199,48,68,8.0,10.0,0.203589,0,0,11,WLF,0.093362,Asia,76,9,0,0,0,1,1,2,1
Iran,1980,country,1900,2024,0.0,1.0,1.0,2.0,1.0,0.0,2.0,1.0,3.0,1.0,2.0,1.0,2.0,5.0,1.0,0,0,0,0,,0,0,0,0,-1,204,47,67,6.0,1.0,,0,0,0,,,Asia,80,9,0,0,0,0,0,0,0
Iran,1984,country,1900,2024,0.0,1.0,1.0,2.0,1.0,0.0,2.0,1.0,3.0,1.0,2.0,1.0,2.0,5.0,1.0,0,0,0,0,,0,0,0,0,-1,225,46,66,21.0,0.0,,0,0,0,,,Asia,84,9,0,0,0,0,0,0,0
Iran,1988,country,1900,2024,0.0,1.0,1.0,2.0,1.0,0.0,2.0,1.0,3.0,1.0,2.0,1.0,2.0,5.0,1.0,26,26,0,21,-0.75,0,0,0,0,-1,243,47,67,19.0,1.0,0.06,0,0,5,WRF,0.06,Asia,88,10,0,0,0,1,0,1,1
Iran,1992,country,1900,2024,0.0,1.0,0.0,1.0,1.0,0.0,1.0,1.0,2.0,1.0,0.0,2.0,1.0,3.0,1.0,44,44,0,36,0.692308,0,0,0,0,-1,265,48,68,23.0,1.0,0.107059,0,0,8,WRF,0.107059,Asia,92,11,0,0,0,1,2,3,1
Iran,1996,country,1900,2024,0.0,1.0,2.0,3.0,1.0,0.0,1.0,0.0,1.0,1.0,0.0,1.0,1.0,2.0,1.0,18,17,1,18,-0.590909,0,0,0,0,-1,278,48,68,15.0,1.0,0.149091,0,0,7,WRF,0.149091,Asia,96,12,0,0,1,1,1,3,1
Iran,2000,country,1900,2024,1.0,1.0,1.0,3.0,1.0,0.0,1.0,2.0,3.0,1.0,0.0,1.0,0.0,1.0,1.0,34,33,1,33,0.888889,0,0,0,0,-1,299,48,68,24.0,4.0,0.291162,0,0,13,WRF,0.152273,Asia,100,13,0,0,3,0,1,4,1
Iran,2004,country,1900,2024,3.0,0.0,1.0,4.0,1.0,1.0,1.0,1.0,3.0,1.0,0.0,1.0,2.0,3.0,1.0,37,36,1,35,0.088235,0,0,0,0,-1,301,48,68,4.0,2.0,0.36899,0,0,12,WRF,0.151343,Asia,104,14,0,0,2,2,2,6,1
Iran,2008,country,1900,2024,2.0,2.0,2.0,6.0,1.0,3.0,0.0,1.0,4.0,1.0,1.0,1.0,1.0,3.0,1.0,55,52,3,40,0.486486,0,0,0,0,-1,302,48,68,5.0,4.0,0.258334,0,0,13,TKW,0.123864,Asia,108,15,0,0,1,0,1,2,1
Iran,2012,country,1900,2024,1.0,0.0,1.0,2.0,1.0,2.0,2.0,2.0,6.0,1.0,3.0,0.0,1.0,4.0,1.0,57,46,11,51,0.036364,0,0,0,0,-1,302,48,68,2.0,2.0,0.488348,0,0,14,WRG,0.194805,Asia,112,16,0,0,4,5,3,12,1
Iran,2016,country,1900,2024,4.0,5.0,3.0,12.0,1.0,1.0,0.0,1.0,2.0,1.0,2.0,2.0,2.0,6.0,1.0,67,56,11,46,0.175439,0,0,0,0,-1,306,48,68,5.0,1.0,0.451363,0,0,16,WRG,0.166667,Asia,116,17,0,0,3,1,4,8,1
Iran,2020,country,1900,2024,3.0,1.0,4.0,8.0,1.0,4.0,5.0,3.0,12.0,1.0,1.0,0.0,1.0,2.0,1.0,76,62,14,44,0.134328,0,0,0,0,-1,316,48,68,33.0,23.0,0.592718,0,0,17,WRG,0.209524,Asia,120,18,0,0,3,2,2,7,1
Iran,2024,country,1900,2024,3.0,2.0,2.0,7.0,1.0,3.0,1.0,4.0,8.0,1.0,4.0,5.0,3.0,12.0,1.0,46,34,12,38,-0.394737,0,0,0,0,-1,297,48,68,6.0,25.0,0.629166,0,0,15,WRG,0.290909,Asia,124,19,0,0,3,6,3,12,1
Iraq,1948,country,1948,2024,,,,,,,,,,,,,,,,13,13,0,4,,0,0,0,0,-1,136,48,68,9.0,2.0,0.0,0,0,2,ATH,0.0,Asia,0,1,0,0,0,0,0,0,0
Iraq,1952,country,1948,2024,0.0,0.0,0.0,0.0,0.0,,,,,,,,,,,0,0,0,0,,0,0,0,0,-1,149,48,68,12.0,0.0,,0,0,0,,,Asia,4,1,0,0,0,0,0,0,0
Iraq,1956,country,1948,2024,0.0,0.0,0.0,0.0,0.0,,,,,,,,,,,0,0,0,0,,0,0,0,0,-1,149,48,68,2.0,2.0,,0,0,0,,,Asia,8,1,0,0,0,0,0,0,0
Iraq,1960,country,1948,2024,0.0,0.0,0.0,0.0,0.0,,,,,,,,,,,28,28,0,23,1.153846,0,0,0,0,-1,152,48,67,6.0,3.0,0.057143,0,0,5,WLF,0.057143,Asia,12,2,0,0,0,0,1,1,1
Iraq,1964,country,1948,2024,0.0,0.0,1.0,1.0,1.0,0.0,0.0,0.0,0.0,0.0,,,,,,19,19,0,14,-0.321429,0,0,0,0,-1,164,47,67,12.0,0.0,0.023529,0,0,3,WLF,0.023529,Asia,16,3,0,0,0,0,0,0,0
Iraq,1968,country,1948,2024,0.0,0.0,0.0,0.0,0.0,0.0,0.0,1.0,1.0,1.0,0.0,0.0,0.0,0.0,0.0,4,4,0,4,-0.789474,0,0,0,0,-1,174,47,67,14.0,4.0,0.012987,0,0,4,WLF,0.012987,Asia,20,4,0,0,0,0,0,0,0
Iraq,1972,country,1948,2024,0.0,0.0,0.0,0.0,0.0,0.0,0.0,0.0,0.0,0.0,0.0,0.0,1.0,1.0,1.0,0,0,0,0,,0,0,0,0,-1,201,47,67,27.0,0.0,,0,0,0,,,Asia,24,4,0,0,0,0,0,0,0
Iraq,1976,country,1948,2024,0.0,0.0,0.0,0.0,0.0,0.0,0.0,0.0,0.0,0.0,0.0,0.0,1.0,1.0,1.0,0,0,0,0,,0,0,0,0,-1,199,48,68,8.0,10.0,,0,0,0,,,Asia,28,4,0,0,0,0,0,0,0
Iraq,1980,country,1948,2024,0.0,0.0,0.0,0.0,0.0,0.0,0.0,0.0,0.0,0.0,0.0,0.0,1.0,1.0,1.0,44,44,0,26,10.0,0,0,0,0,-1,204,47,67,6.0,1.0,0.0,0,0,6,ATH,0.0,Asia,32,5,0,0,0,0,0,0,0
Iraq,1984,country,1948,2024,0.0,0.0,0.0,0.0,0.0,0.0,0.0,0.0,0.0,0.0,0.0,0.0,0.0,0.0,0.0,25,25,0,11,-0.431818,0,0,0,0,-1,225,46,66,21.0,0.0,0.0,0,0,5,BOX,0.0,Asia,36,6,0,0,0,0,0,0,0
Iraq,1988,country,1948,2024,0.0,0.0,0.0,0.0,0.0,0.0,0.0,0.0,0.0,0.0,0.0,0.0,0.0,0.0,0.0,28,28,0,13,0.12,0,0,0,0,-1,243,47,67,19.0,1.0,0.0,0,0,6,ATH,0.0,Asia,40,7,0,0,0,0,0,0,0
Iraq,1992,country,1948,2024,0.0,0.0,0.0,0.0,0.0,0.0,0.0,0.0,0.0,0.0,0.0,0.0,0.0,0.0,0.0,8,8,0,8,-0.714286,0,0,0,0,-1,265,48,68,23.0,1.0,0.0,0,0,3,BOX,0.0,Asia,44,8,0,0,0,0,0,0,0
Iraq,1996,country,1948,2024,0.0,0.0,0.0,0.0,0.0,0.0,0.0,0.0,0.0,0.0,0.0,0.0,0.0,0.0,0.0,3,3,0,3,-0.625,0,0,0,0,-1,278,48,68,15.0,1.0,0.0,0,0,3,ATH,0.0,Asia,48,9,0,0,0,0,0,0,0
Iraq,2000,country,1948,2024,0.0,0.0,0.0,0.0,0.0,0.0,0.0,0.0,0.0,0.0,0.0,0.0,0.0,0.0,0.0,4,2,2,4,0.333333,0,0,0,0,-1,299,48,68,24.0,4.0,0.0,0,0,2,ATH,0.0,Asia,52,10,0,0,0,0,0,0,0
Iraq,2004,country,1948,2024,0.0,0.0,0.0,0.0,0.0,0.0,0.0,0.0,0.0,0.0,0.0,0.0,0.0,0.0,0.0,23,22,1,8,4.75,0,0,0,0,-1,301,48,68,4.0,2.0,0.0,0,0,7,ATH,0.0,Asia,56,11,0,0,0,0,0,0,0
Iraq,2008,country,1948,2024,0.0,0.0,0.0,0.0,0.0,0.0,0.0,0.0,0.0,0.0,0.0,0.0,0.0,0.0,0.0,4,3,1,3,-0.826087,0,0,0,0,-1,302,48,68,5.0,4.0,0.0,0,0,2,ATH,0.0,Asia,60,12,0,0,0,0,0,0,0
Iraq,2012,country,1948,2024,0.0,0.0,0.0,0.0,0.0,0.0,0.0,0.0,0.0,0.0,0.0,0.0,0.0,0.0,0.0,8,5,3,8,1.0,0,0,0,0,-1,302,48,68,2.0,2.0,0.0,0,0,7,ARC,0.0,Asia,64,13,0,0,0,0,0,0,0
Iraq,2016,country,1948,2024,0.0,0.0,0.0,0.0,0.0,0.0,0.0,0.0,0.0,0.0,0.0,0.0,0.0,0.0,0.0,20,20,0,5,1.5,0,0,0,0,-1,306,48,68,5.0,1.0,0.0,0,0,5,BOX,0.0,Asia,68,14,0,0,0,0,0,0,0
Iraq,2020,country,1948,2024,0.0,0.0,0.0,0.0,0.0,0.0,0.0,0.0,0.0,0.0,0.0,0.0,0.0,0.0,0.0,3,2,1,3,-0.85,0,0,0,0,-1,316,48,68,33.0,23.0,0.0,0,0,3,ATH,0.0,Asia,72,15,0,0,0,0,0,0,0
Iraq,2024,country,1948,2024,0.0,0.0,0.0,0.0,0.0,0.0,0.0,0.0,0.0,0.0,0.0,0.0,0.0,0.0,0.0,23,23,0,5,6.666667,0,0,0,0,-1,297,48,68,6.0,25.0,0.0,0,0,5,ATH,0.0,Asia,76,16,0,0,0,0,0,0,0
Ireland,1924,country,1924,2024,,,,,,,,,,,,,,,,59,53,6,29,,0,0,0,0,-1,126,45,62,12.0,42.0,0.0,0,0,5,ATH,0.0,Europe,0,1,1,1,0,1,1,2,1
Ireland,1928,country,1924,2024,0.0,1.0,1.0,2.0,1.0,,,,,,,,,,,44,37,7,27,-0.254237,0,0,0,0,-1,110,48,68,3.0,19.0,0.021786,0,0,6,ATH,0.021786,Europe,4,2,0,0,1,0,0,1,1
Ireland,1932,country,1924,2024,1.0,0.0,0.0,1.0,1.0,0.0,1.0,1.0,2.0,1.0,,,,,,17,15,2,10,-0.613636,0,0,0,0,-1,127,48,67,18.0,1.0,0.043132,0,0,2,ATH,0.043132,Europe,8,3,0,0,2,0,0,2,1
Ireland,1936,country,1924,2024,2.0,0.0,0.0,2.0,1.0,1.0,0.0,0.0,1.0,1.0,0.0,1.0,1.0,2.0,1.0,0,0,0,0,,0,0,0,0,-1,129,48,67,4.0,2.0,,0,0,0,,,Europe,12,3,0,0,0,0,0,0,0
Ireland,1948,country,1924,2024,2.0,0.0,0.0,2.0,1.0,1.0,0.0,0.0,1.0,1.0,0.0,1.0,1.0,2.0,1.0,82,76,6,34,3.823529,0,0,0,0,-1,136,48,68,9.0,2.0,0.022989,0,0,9,ATH,0.022989,Europe,24,4,0,0,0,0,1,1,1
Ireland,1952,country,1924,2024,0.0,0.0,1.0,1.0,1.0,2.0,0.0,0.0,2.0,1.0,1.0,0.0,0.0,1.0,1.0,25,25,0,18,-0.695122,0,0,0,0,-1,149,48,68,12.0,0.0,0.035294,0,0,6,BOX,0.035294,Europe,28,5,0,0,0,1,0,1,1
Ireland,1956,country,1924,2024,0.0,1.0,0.0,1.0,1.0,0.0,0.0,1.0,1.0,1.0,2.0,0.0,0.0,2.0,1.0,25,23,2,17,0.0,0,0,0,0,-1,149,48,68,2.0,2.0,0.08740999999999999,0,0,6,BOX,0.073636,Europe,32,6,0,0,1,1,3,5,1
Ireland,1960,country,1924,2024,1.0,1.0,3.0,5.0,1.0,0.0,1.0,0.0,1.0,1.0,0.0,0.0,1.0,1.0,1.0,63,60,3,39,1.52,0,0,0,0,-1,152,48,67,6.0,3.0,0.06146,0,0,10,BOX,0.051818,Europe,36,7,0,0,0,0,0,0,0
Ireland,1964,country,1924,2024,0.0,0.0,0.0,0.0,0.0,1.0,1.0,3.0,5.0,1.0,0.0,1.0,0.0,1.0,1.0,35,33,2,23,-0.444444,0,0,0,0,-1,164,47,67,12.0,0.0,0.043251,0,0,7,BOX,0.036364,Europe,40,8,0,0,0,0,1,1,1
Ireland,1968,country,1924,2024,0.0,0.0,1.0,1.0,1.0,0.0,0.0,0.0,0.0,0.0,1.0,1.0,3.0,5.0,1.0,57,46,11,32,0.628571,0,0,0,0,-1,174,47,67,14.0,4.0,0.006364,0,0,8,BOX,0.006364,Europe,44,9,0,0,0,0,0,0,0
Ireland,1972,country,1924,2024,0.0,0.0,0.0,0.0,0.0,0.0,0.0,1.0,1.0,1.0,0.0,0.0,0.0,0.0,0.0,84,64,20,54,0.473684,0,0,0,0,-1,201,47,67,27.0,0.0,0.004545,0,0,13,BOX,0.004545,Europe,48,10,0,0,0,0,0,0,0
Ireland,1976,country,1924,2024,0.0,0.0,0.0,0.0,0.0,0.0,0.0,0.0,0.0,0.0,0.0,0.0,1.0,1.0,1.0,59,54,5,34,-0.297619,0,0,0,0,-1,199,48,68,8.0,10.0,0.0,0,0,10,ARC,0.0,Europe,52,11,0,0,0,0,0,0,0
Ireland,1980,country,1924,2024,0.0,0.0,0.0,0.0,0.0,0.0,0.0,0.0,0.0,0.0,0.0,0.0,0.0,0.0,0.0,57,52,5,38,-0.033898,0,0,0,0,-1,204,47,67,6.0,1.0,0.053719,0,0,11,SAL,0.045455,Europe,56,12,0,0,0,1,1,2,1
Ireland,1984,country,1924,2024,0.0,1.0,1.0,2.0,1.0,0.0,0.0,0.0,0.0,0.0,0.0,0.0,0.0,0.0,0.0,55,35,20,35,-0.035088,0,0,0,0,-1,225,46,66,21.0,0.0,0.044255,0,0,11,SAL,0.031818,Europe,60,13,0,0,0,1,0,1,1
Ireland,1988,country,1924,2024,0.0,1.0,0.0,1.0,1.0,0.0,1.0,1.0,2.0,1.0,0.0,0.0,0.0,0.0,0.0,78,65,13,47,0.418182,0,0,0,0,-1,243,47,67,19.0,1.0,0.031515,0,0,14,SAL,0.022727,Europe,64,14,0,0,0,0,0,0,0
Ireland,1992,country,1924,2024,0.0,0.0,0.0,0.0,0.0,0.0,1.0,0.0,1.0,1.0,0.0,1.0,1.0,2.0,1.0,77,62,15,47,-0.012821,0,0,0,0,-1,265,48,68,23.0,1.0,0.063932,0,0,15,BOX,0.060606,Europe,68,15,0,0,1,1,0,2,1
Ireland,1996,country,1924,2024,1.0,1.0,0.0,2.0,1.0,0.0,0.0,0.0,0.0,0.0,0.0,1.0,0.0,1.0,1.0,99,77,22,70,0.285714,0,0,0,0,-1,278,48,68,15.0,1.0,0.090719,0,0,18,SWM,0.048295,Europe,72,16,0,0,3,0,1,4,1
Ireland,2000,country,1924,2024,3.0,0.0,1.0,4.0,1.0,1.0,1.0,0.0,2.0,1.0,0.0,0.0,0.0,0.0,0.0,76,45,31,52,-0.232323,0,0,0,0,-1,299,48,68,24.0,4.0,0.069913,0,0,13,SWM,0.033807,Europe,76,17,0,0,0,1,0,1,1
Ireland,2004,country,1924,2024,0.0,1.0,0.0,1.0,1.0,3.0,0.0,1.0,4.0,1.0,1.0,1.0,0.0,2.0,1.0,55,37,18,31,-0.276316,0,0,0,0,-1,301,48,68,4.0,2.0,0.02821,0,0,12,SWM,0.024148,Europe,80,18,0,0,0,0,0,0,0
Ireland,2008,country,1924,2024,0.0,0.0,0.0,0.0,0.0,0.0,1.0,0.0,1.0,1.0,3.0,0.0,1.0,4.0,1.0,63,44,19,43,0.145455,0,0,0,0,-1,302,48,68,5.0,4.0,0.044223,0,0,15,BOX,0.041322,Europe,84,19,0,0,0,1,2,3,1
Ireland,2012,country,1924,2024,0.0,1.0,2.0,3.0,1.0,0.0,0.0,0.0,0.0,0.0,0.0,1.0,0.0,1.0,1.0,76,42,34,54,0.206349,0,0,0,0,-1,302,48,68,2.0,2.0,0.18976500000000002,0,0,18,BOX,0.098856,Europe,88,20,0,0,1,1,3,5,1
Ireland,2016,country,1924,2024,1.0,1.0,3.0,5.0,1.0,0.0,1.0,2.0,3.0,1.0,0.0,0.0,0.0,0.0,0.0,93,62,31,57,0.223684,0,0,0,0,-1,306,48,68,5.0,1.0,0.180002,0,0,17,BOX,0.069612,Europe,92,21,0,0,0,2,0,2,1
Ireland,2020,country,1924,2024,0.0,2.0,0.0,2.0,1.0,1.0,1.0,3.0,5.0,1.0,0.0,1.0,2.0,3.0,1.0,150,79,71,76,0.612903,0,0,0,0,-1,316,48,68,33.0,23.0,0.20056000000000002,0,0,22,BOX,0.076923,Europe,96,22,0,0,2,0,2,4,1
Ireland,2024,country,1924,2024,2.0,0.0,2.0,4.0,1.0,0.0,2.0,0.0,2.0,1.0,1.0,1.0,3.0,5.0,1.0,185,88,97,75,0.233333,0,0,0,0,-1,297,48,68,6.0,25.0,0.20313499999999998,0,0,18,ROW,0.087013,Europe,100,23,0,0,3,0,2,5,1
Israel,1952,country,1952,2024,,,,,,,,,,,,,,,,31,27,4,17,,0,0,0,0,-1,149,48,68,12.0,0.0,0.0,0,0,5,ATH,0.0,Europe,0,1,0,0,0,0,0,0,0
Israel,1956,country,1952,2024,0.0,0.0,0.0,0.0,0.0,,,,,,,,,,,3,2,1,3,-0.903226,0,0,0,0,-1,149,48,68,2.0,2.0,0.0,0,0,3,ATH,0.0,Europe,4,2,0,0,0,0,0,0,0
Israel,1960,country,1952,2024,0.0,0.0,0.0,0.0,0.0,0.0,0.0,0.0,0.0,0.0,,,,,,46,27,19,28,14.333333,0,0,0,0,-1,152,48,67,6.0,3.0,0.0,0,0,7,ATH,0.0,Europe,8,3,0,0,0,0,0,0,0
Israel,1964,country,1952,2024,0.0,0.0,0.0,0.0,0.0,0.0,0.0,0.0,0.0,0.0,0.0,0.0,0.0,0.0,0.0,13,10,3,12,-0.717391,0,0,0,0,-1,164,47,67,12.0,0.0,0.0,0,0,3,ATH,0.0,Europe,12,4,0,0,0,0,0,0,0
Israel,1968,country,1952,2024,0.0,0.0,0.0,0.0,0.0,0.0,0.0,0.0,0.0,0.0,0.0,0.0,0.0,0.0,0.0,39,32,7,20,2.0,0,0,0,0,-1,174,47,67,14.0,4.0,0.0,0,0,4,ATH,0.0,Europe,16,5,0,0,0,0,0,0,0
Israel,1972,country,1952,2024,0.0,0.0,0.0,0.0,0.0,0.0,0.0,0.0,0.0,0.0,0.0,0.0,0.0,0.0,0.0,17,13,4,14,-0.564103,0,0,0,0,-1,201,47,67,27.0,0.0,0.0,0,0,7,ATH,0.0,Europe,20,6,0,0,0,0,0,0,0
Israel,1976,country,1952,2024,0.0,0.0,0.0,0.0,0.0,0.0,0.0,0.0,0.0,0.0,0.0,0.0,0.0,0.0,0.0,34,32,2,19,1.0,0,0,0,0,-1,199,48,68,8.0,10.0,0.0,0,0,10,ATH,0.0,Europe,24,7,0,0,0,0,0,0,0
Israel,1980,country,1952,2024,0.0,0.0,0.0,0.0,0.0,0.0,0.0,0.0,0.0,0.0,0.0,0.0,0.0,0.0,0.0,0,0,0,0,,0,0,0,0,-1,204,47,67,6.0,1.0,,0,0,0,,,Europe,28,7,0,0,0,0,0,0,0
Israel,1984,country,1952,2024,0.0,0.0,0.0,0.0,0.0,0.0,0.0,0.0,0.0,0.0,0.0,0.0,0.0,0.0,0.0,65,46,19,46,0.911765,0,0,0,0,-1,225,46,66,21.0,0.0,0.0,0,0,11,ATH,0.0,Europe,32,8,0,0,0,0,0,0,0
Israel,1988,country,1952,2024,0.0,0.0,0.0,0.0,0.0,0.0,0.0,0.0,0.0,0.0,0.0,0.0,0.0,0.0,0.0,29,21,8,20,-0.553846,0,0,0,0,-1,243,47,67,19.0,1.0,0.0,0,0,8,BOX,0.0,Europe,36,9,0,0,0,0,0,0,0
Israel,1992,country,1952,2024,0.0,0.0,0.0,0.0,0.0,0.0,0.0,0.0,0.0,0.0,0.0,0.0,0.0,0.0,0.0,44,35,9,42,0.517241,0,0,0,0,-1,265,48,68,23.0,1.0,0.038095,0,0,11,JUD,0.038095,Europe,40,10,0,0,0,1,1,2,1
Israel,1996,country,1952,2024,0.0,1.0,1.0,2.0,1.0,0.0,0.0,0.0,0.0,0.0,0.0,0.0,0.0,0.0,0.0,38,28,10,26,-0.136364,0,0,0,0,-1,278,48,68,15.0,1.0,0.041711,0,0,10,JUD,0.023529,Europe,44,11,0,0,0,0,1,1,1
Israel,2000,country,1952,2024,0.0,0.0,1.0,1.0,1.0,0.0,1.0,1.0,2.0,1.0,0.0,0.0,0.0,0.0,0.0,58,45,13,43,0.526316,0,0,0,0,-1,299,48,68,24.0,4.0,0.045322,0,0,9,CSP,0.019608,Europe,48,12,0,0,0,0,1,1,1
Israel,2004,country,1952,2024,0.0,0.0,1.0,1.0,1.0,0.0,0.0,1.0,1.0,1.0,0.0,1.0,1.0,2.0,1.0,46,27,19,41,-0.206897,0,0,0,0,-1,301,48,68,4.0,2.0,0.067513,0,0,14,SAL,0.050413,Europe,52,13,0,0,1,0,1,2,1
Israel,2008,country,1952,2024,1.0,0.0,1.0,2.0,1.0,0.0,0.0,1.0,1.0,1.0,0.0,0.0,1.0,1.0,1.0,60,35,25,47,0.304348,0,0,0,0,-1,302,48,68,5.0,4.0,0.057576,0,0,12,SAL,0.045455,Europe,56,14,0,0,0,0,1,1,1
Israel,2012,country,1952,2024,0.0,0.0,1.0,1.0,1.0,1.0,0.0,1.0,2.0,1.0,0.0,0.0,1.0,1.0,1.0,56,33,23,41,-0.066667,0,0,0,0,-1,302,48,68,2.0,2.0,0.035478,0,0,10,SAL,0.032231,Europe,60,15,0,0,0,0,0,0,0
Israel,2016,country,1952,2024,0.0,0.0,0.0,0.0,0.0,0.0,0.0,1.0,1.0,1.0,1.0,0.0,1.0,2.0,1.0,59,28,31,45,0.053571,0,0,0,0,-1,306,48,68,5.0,1.0,0.021251,0,0,17,JUD,0.012987,Europe,64,16,0,0,0,0,2,2,1
Israel,2020,country,1952,2024,0.0,0.0,2.0,2.0,1.0,0.0,0.0,0.0,0.0,0.0,0.0,0.0,1.0,1.0,1.0,128,73,55,68,1.169492,0,0,0,0,-1,316,48,68,33.0,23.0,0.289599,0,0,18,GRY,0.227273,Europe,68,17,0,0,2,0,2,4,1
Israel,2024,country,1952,2024,2.0,0.0,2.0,4.0,1.0,0.0,0.0,2.0,2.0,1.0,0.0,0.0,0.0,0.0,0.0,138,80,58,68,0.078125,0,0,0,0,-1,297,48,68,6.0,25.0,0.47150500000000006,0,0,18,GRY,0.295455,Europe,72,18,0,0,1,5,1,7,1
Italy,1896,country,1896,2024,,,,,,,,,,,,,,,,1,1,0,1,,0,0,0,0,-1,44,47,66,,,0.0,0,0,1,SHO,0.0,Europe,0,1,0,0,0,0,0,0,0
Italy,1900,country,1896,2024,0.0,0.0,0.0,0.0,0.0,,,,,,,,,,,35,34,1,17,34.0,0,0,0,0,-1,97,47,66,65.0,12.0,0.878571,0,0,6,CTR,0.333333,Europe,4,2,0,0,3,2,0,5,1
Italy,1904,country,1896,2024,3.0,2.0,0.0,5.0,1.0,0.0,0.0,0.0,0.0,0.0,,,,,,1,1,0,1,-0.971429,0,0,0,0,-1,95,48,67,36.0,38.0,0.137255,0,0,1,CTR,0.137255,Europe,8,3,0,0,0,0,0,0,0
Italy,1908,country,1896,2024,0.0,0.0,0.0,0.0,0.0,3.0,2.0,0.0,5.0,1.0,0.0,0.0,0.0,0.0,0.0,97,97,0,30,96.0,0,0,0,0,-1,104,48,67,35.0,26.0,0.850096,0,0,8,GAR,0.333333,Europe,12,4,0,0,2,2,0,4,1
Italy,1912,country,1896,2024,2.0,2.0,0.0,4.0,1.0,0.0,0.0,0.0,0.0,0.0,3.0,2.0,0.0,5.0,1.0,96,96,0,36,-0.010309,0,0,0,0,-1,102,48,67,25.0,28.0,0.9285049999999999,0,0,7,GAR,0.558824,Europe,16,5,0,0,5,1,2,8,1
Italy,1920,country,1896,2024,5.0,1.0,2.0,8.0,1.0,2.0,2.0,0.0,4.0,1.0,0.0,0.0,0.0,0.0,0.0,291,289,2,79,2.03125,0,0,0,0,-1,156,48,67,58.0,4.0,3.451831,0,1,18,EJP,1.0,Europe,24,6,0,0,14,6,5,25,1
Italy,1924,country,1896,2024,14.0,6.0,5.0,25.0,1.0,5.0,1.0,2.0,8.0,1.0,2.0,2.0,0.0,4.0,1.0,327,320,7,93,0.123711,0,0,0,0,-1,126,45,62,12.0,42.0,2.873381,0,0,20,EJP,0.588235,Europe,28,7,0,0,8,3,5,16,1
Italy,1928,country,1896,2024,8.0,3.0,5.0,16.0,1.0,14.0,6.0,5.0,25.0,1.0,5.0,1.0,2.0,8.0,1.0,262,241,21,81,-0.198777,0,0,0,0,-1,110,48,68,3.0,19.0,2.613093,0,0,16,FEN,0.496537,Europe,32,8,0,0,7,6,7,20,1
Italy,1932,country,1896,2024,7.0,6.0,7.0,20.0,1.0,8.0,3.0,5.0,16.0,1.0,14.0,6.0,5.0,25.0,1.0,149,149,0,61,-0.431298,0,0,0,0,-1,127,48,67,18.0,1.0,3.190417,0,0,13,CRD,0.590909,Europe,36,9,0,0,12,12,12,36,1
Italy,1936,country,1896,2024,12.0,12.0,12.0,36.0,1.0,7.0,6.0,7.0,20.0,1.0,8.0,3.0,5.0,16.0,1.0,331,312,19,99,1.221477,0,0,0,0,-1,129,48,67,4.0,2.0,3.7686170000000003,0,0,19,FBL,0.8,Europe,40,10,0,0,9,13,5,27,1
Italy,1948,country,1896,2024,9.0,13.0,5.0,27.0,1.0,12.0,12.0,12.0,36.0,1.0,7.0,6.0,7.0,20.0,1.0,302,280,22,89,-0.087613,0,0,0,0,-1,136,48,68,9.0,2.0,4.170279,0,1,17,WPO,1.0,Europe,52,11,0,0,9,12,10,31,1
Italy,1952,country,1896,2024,9.0,12.0,10.0,31.0,1.0,9.0,13.0,5.0,27.0,1.0,12.0,12.0,12.0,36.0,1.0,376,299,77,114,0.245033,0,0,0,0,-1,149,48,68,12.0,0.0,3.171515,0,0,22,FEN,0.763636,Europe,56,12,0,0,8,9,4,21,1
Italy,1956,country,1896,2024,8.0,9.0,4.0,21.0,1.0,9.0,12.0,10.0,31.0,1.0,9.0,13.0,5.0,27.0,1.0,207,150,57,80,-0.449468,0,1,0,1,-1,149,48,68,2.0,2.0,3.231913,0,0,17,CTR,0.727273,Europe,60,13,0,0,8,8,9,25,1
Italy,1960,country,1896,2024,8.0,8.0,9.0,25.0,1.0,8.0,9.0,4.0,21.0,1.0,9.0,12.0,10.0,31.0,1.0,402,323,79,138,0.942029,1,0,0,2,-1,152,48,67,6.0,3.0,4.277834,0,0,22,CTR,0.909091,Europe,64,14,0,0,13,10,13,36,1
Italy,1964,country,1896,2024,13.0,10.0,13.0,36.0,1.0,8.0,8.0,9.0,25.0,1.0,8.0,9.0,4.0,21.0,1.0,256,238,18,91,-0.363184,0,0,1,3,4,164,47,67,12.0,0.0,4.367148,0,0,21,CTR,0.920455,Europe,68,15,0,0,10,10,7,27,1
Italy,1968,country,1896,2024,10.0,10.0,7.0,27.0,1.0,13.0,10.0,13.0,36.0,1.0,8.0,8.0,9.0,25.0,1.0,268,235,33,103,0.046875,0,0,0,0,8,174,47,67,14.0,4.0,3.366826,0,0,20,CRD,0.754545,Europe,72,16,0,0,3,4,9,16,1
Italy,1972,country,1896,2024,3.0,4.0,9.0,16.0,1.0,10.0,10.0,7.0,27.0,1.0,13.0,10.0,13.0,36.0,1.0,344,273,71,123,0.283582,0,0,0,0,12,201,47,67,27.0,0.0,2.46306,0,0,23,CRD,0.404545,Europe,76,17,0,0,5,3,10,18,1
Italy,1976,country,1896,2024,5.0,3.0,10.0,18.0,1.0,3.0,4.0,9.0,16.0,1.0,10.0,10.0,7.0,27.0,1.0,311,243,68,122,-0.09593,0,0,0,0,16,199,48,68,8.0,10.0,2.055075,0,0,24,DIV,0.431818,Europe,80,18,0,0,2,7,4,13,1
Italy,1980,country,1896,2024,2.0,7.0,4.0,13.0,1.0,5.0,3.0,10.0,18.0,1.0,3.0,4.0,9.0,16.0,1.0,203,146,57,88,-0.347267,0,0,0,0,20,204,47,67,6.0,1.0,1.913302,0,0,21,EVE,0.431818,Europe,84,19,0,0,8,3,4,15,1
Italy,1984,country,1896,2024,8.0,3.0,4.0,15.0,1.0,2.0,7.0,4.0,13.0,1.0,5.0,3.0,10.0,18.0,1.0,368,292,76,151,0.812808,0,0,0,0,24,225,46,66,21.0,0.0,2.600524,0,0,26,MPN,0.545455,Europe,88,20,0,0,14,6,12,32,1
Italy,1988,country,1896,2024,14.0,6.0,12.0,32.0,1.0,8.0,3.0,4.0,15.0,1.0,2.0,7.0,4.0,13.0,1.0,374,302,72,140,0.016304,0,0,0,0,28,243,47,67,19.0,1.0,2.025887,0,0,26,MPN,0.654545,Europe,92,21,0,0,6,4,4,14,1
Italy,1992,country,1896,2024,6.0,4.0,4.0,14.0,1.0,14.0,6.0,12.0,32.0,1.0,8.0,3.0,4.0,15.0,1.0,431,324,107,169,0.152406,0,0,0,0,32,265,48,68,23.0,1.0,2.536752,0,0,31,MPN,0.554545,Europe,96,22,0,0,6,5,8,19,1
Italy,1996,country,1896,2024,6.0,5.0,8.0,19.0,1.0,6.0,4.0,4.0,14.0,1.0,14.0,6.0,12.0,32.0,1.0,460,324,136,172,0.067285,0,0,0,0,36,278,48,68,15.0,1.0,2.896668,0,0,33,MTB,0.5,Europe,100,23,0,0,13,10,12,35,1
Italy,2000,country,1896,2024,13.0,10.0,12.0,35.0,1.0,6.0,5.0,8.0,19.0,1.0,6.0,4.0,4.0,14.0,1.0,457,297,160,175,-0.006522,0,0,0,0,40,299,48,68,24.0,4.0,2.786441,0,0,34,MTB,0.5,Europe,104,24,1,1,13,8,13,34,1
Italy,2004,country,1896,2024,13.0,8.0,13.0,34.0,1.0,13.0,10.0,12.0,35.0,1.0,6.0,5.0,8.0,19.0,1.0,474,304,170,175,0.037199,0,0,0,0,44,301,48,68,4.0,2.0,2.895703,0,0,35,FEN,0.470909,Europe,108,25,1,1,10,11,11,32,1
Italy,2008,country,1896,2024,10.0,11.0,11.0,32.0,1.0,13.0,8.0,13.0,34.0,1.0,13.0,10.0,12.0,35.0,1.0,459,276,183,190,-0.031646,0,0,0,0,48,302,48,68,5.0,4.0,2.142595,0,0,34,FEN,0.433636,Europe,112,26,1,1,8,9,10,27,1
Italy,2012,country,1896,2024,8.0,9.0,10.0,27.0,1.0,10.0,11.0,11.0,32.0,1.0,13.0,8.0,13.0,34.0,1.0,382,212,170,169,-0.167756,0,0,0,0,52,302,48,68,2.0,2.0,2.246182,0,0,33,FEN,0.472727,Europe,116,27,1,1,8,9,11,28,1
Italy,2016,country,1896,2024,8.0,9.0,11.0,28.0,1.0,8.0,9.0,10.0,27.0,1.0,10.0,11.0,11.0,32.0,1.0,399,213,186,171,0.044503,0,0,0,0,56,306,48,68,5.0,1.0,2.163885,0,0,32,FEN,0.377273,Europe,120,28,1,1,8,12,8,28,1
Italy,2020,country,1896,2024,8.0,12.0,8.0,28.0,1.0,8.0,9.0,11.0,28.0,1.0,8.0,9.0,10.0,27.0,1.0,524,262,262,198,0.313283,0,0,0,0,60,316,48,68,33.0,23.0,2.37509,0,0,35,FEN,0.301212,Europe,124,29,0,0,10,10,20,40,1
Italy,2024,country,1896,2024,10.0,10.0,20.0,40.0,1.0,8.0,12.0,8.0,28.0,1.0,8.0,9.0,11.0,28.0,1.0,610,319,291,205,0.164122,0,0,0,0,64,297,48,68,6.0,25.0,2.575583,0,0,32,VVO,0.522727,Europe,128,30,0,0,12,11,13,36,1
Ivory Coast,1964,historical_same,1964,2024,,,,,,,,,,,,,,,,10,10,0,10,,0,0,0,0,-1,164,47,67,12.0,0.0,0.0,0,0,2,ATH,0.0,Africa,0,1,0,0,0,0,0,0,0
Ivory Coast,1968,historical_same,1964,2024,0.0,0.0,0.0,0.0,0.0,,,,,,,,,,,11,11,0,7,0.1,0,0,0,0,-1,174,47,67,14.0,4.0,0.0,0,0,2,ATH,0.0,Africa,4,2,0,0,0,0,0,0,0
Ivory Coast,1972,historical_same,1964,2024,0.0,0.0,0.0,0.0,0.0,0.0,0.0,0.0,0.0,0.0,,,,,,13,13,0,7,0.181818,0,0,0,0,-1,201,47,67,27.0,0.0,0.0,0,0,2,ATH,0.0,Africa,8,3,0,0,0,0,0,0,0
Ivory Coast,1976,historical_same,1964,2024,0.0,0.0,0.0,0.0,0.0,0.0,0.0,0.0,0.0,0.0,0.0,0.0,0.0,0.0,0.0,11,9,2,8,-0.153846,0,0,0,0,-1,199,48,68,8.0,10.0,0.0,0,0,1,ATH,0.0,Africa,12,4,0,0,0,0,0,0,0
Ivory Coast,1980,historical_same,1964,2024,0.0,0.0,0.0,0.0,0.0,0.0,0.0,0.0,0.0,0.0,0.0,0.0,0.0,0.0,0.0,0,0,0,0,,0,0,0,0,-1,204,47,67,6.0,1.0,,0,0,0,,,Africa,16,4,0,0,0,0,0,0,0
Ivory Coast,1984,historical_same,1964,2024,0.0,0.0,0.0,0.0,0.0,0.0,0.0,0.0,0.0,0.0,0.0,0.0,0.0,0.0,0.0,18,17,1,14,0.636364,0,0,0,0,-1,225,46,66,21.0,0.0,0.009756,0,0,4,ATH,0.009756,Africa,20,5,0,0,0,1,0,1,1
Ivory Coast,1988,historical_same,1964,2024,0.0,1.0,0.0,1.0,1.0,0.0,0.0,0.0,0.0,0.0,0.0,0.0,0.0,0.0,0.0,29,12,17,10,0.611111,0,0,0,0,-1,243,47,67,19.0,1.0,0.006026,0,0,5,ATH,0.006026,Africa,24,6,0,0,0,0,0,0,0
Ivory Coast,1992,historical_same,1964,2024,0.0,0.0,0.0,0.0,0.0,0.0,1.0,0.0,1.0,1.0,0.0,0.0,0.0,0.0,0.0,18,10,8,11,-0.37931,0,0,0,0,-1,265,48,68,23.0,1.0,0.003326,0,0,3,ATH,0.003326,Africa,28,7,0,0,0,0,0,0,0
Ivory Coast,1996,historical_same,1964,2024,0.0,0.0,0.0,0.0,0.0,0.0,0.0,0.0,0.0,0.0,0.0,1.0,0.0,1.0,1.0,13,12,1,8,-0.277778,0,0,0,0,-1,278,48,68,15.0,1.0,0.0,0,0,4,ATH,0.0,Africa,32,8,0,0,0,0,0,0,0
Ivory Coast,2000,historical_same,1964,2024,0.0,0.0,0.0,0.0,0.0,0.0,0.0,0.0,0.0,0.0,0.0,0.0,0.0,0.0,0.0,18,9,9,12,0.384615,0,0,0,0,-1,299,48,68,24.0,4.0,0.0,0,0,5,ATH,0.0,Africa,36,9,0,0,0,0,0,0,0
Ivory Coast,2004,historical_same,1964,2024,0.0,0.0,0.0,0.0,0.0,0.0,0.0,0.0,0.0,0.0,0.0,0.0,0.0,0.0,0.0,5,2,3,5,-0.722222,0,0,0,0,-1,301,48,68,4.0,2.0,0.0,0,0,3,ATH,0.0,Africa,40,10,0,0,0,0,0,0,0
Ivory Coast,2008,historical_same,1964,2024,0.0,0.0,0.0,0.0,0.0,0.0,0.0,0.0,0.0,0.0,0.0,0.0,0.0,0.0,0.0,22,20,2,7,3.4,0,0,0,0,-1,302,48,68,5.0,4.0,0.0,0,0,5,ATH,0.0,Africa,44,11,0,0,0,0,0,0,0
Ivory Coast,2012,historical_same,1964,2024,0.0,0.0,0.0,0.0,0.0,0.0,0.0,0.0,0.0,0.0,0.0,0.0,0.0,0.0,0.0,10,4,6,10,-0.545455,0,0,0,0,-1,302,48,68,2.0,2.0,0.0,0,0,6,ARC,0.0,Africa,48,12,0,0,0,0,0,0,0
Ivory Coast,2016,historical_same,1964,2024,0.0,0.0,0.0,0.0,0.0,0.0,0.0,0.0,0.0,0.0,0.0,0.0,0.0,0.0,0.0,15,6,9,12,0.5,0,0,0,0,-1,306,48,68,5.0,1.0,0.068182,0,0,6,TKW,0.068182,Africa,52,13,0,0,1,0,1,2,1
Ivory Coast,2020,historical_same,1964,2024,1.0,0.0,1.0,2.0,1.0,0.0,0.0,0.0,0.0,0.0,0.0,0.0,0.0,0.0,0.0,32,25,7,11,1.133333,0,0,0,0,-1,316,48,68,33.0,23.0,0.059091,0,0,6,TKW,0.059091,Africa,56,14,0,0,0,0,1,1,1
Ivory Coast,2024,historical_same,1964,2024,0.0,0.0,1.0,1.0,1.0,1.0,0.0,1.0,2.0,1.0,0.0,0.0,0.0,0.0,0.0,18,4,14,11,-0.4375,0,0,0,0,-1,297,48,68,6.0,25.0,0.053409,0,0,4,TKW,0.053409,Africa,60,15,0,0,0,0,1,1,1
Jamaica,1948,country,1948,2024,,,,,,,,,,,,,,,,26,17,9,14,,0,0,0,0,-1,136,48,68,9.0,2.0,0.066667,0,0,3,ATH,0.066667,Americas,0,1,0,0,1,2,0,3,1
Jamaica,1952,country,1948,2024,1.0,2.0,0.0,3.0,1.0,,,,,,,,,,,16,13,3,10,-0.384615,0,0,0,0,-1,149,48,68,12.0,0.0,0.095187,0,0,2,ATH,0.095187,Americas,4,2,0,0,2,3,0,5,1
Jamaica,1956,country,1948,2024,2.0,3.0,0.0,5.0,1.0,1.0,2.0,0.0,3.0,1.0,,,,,,13,13,0,6,-0.1875,0,0,0,0,-1,149,48,68,2.0,2.0,0.051791,0,0,1,ATH,0.051791,Americas,8,3,0,0,0,0,0,0,0
Jamaica,1960,country,1948,2024,0.0,0.0,0.0,0.0,0.0,2.0,3.0,0.0,5.0,1.0,1.0,2.0,0.0,3.0,1.0,0,0,0,0,,0,0,0,0,-1,152,48,67,6.0,3.0,,0,0,0,,,Americas,12,3,0,0,0,0,0,0,0
Jamaica,1964,country,1948,2024,0.0,0.0,0.0,0.0,0.0,2.0,3.0,0.0,5.0,1.0,1.0,2.0,0.0,3.0,1.0,32,23,9,16,1.461538,0,0,0,0,-1,164,47,67,12.0,0.0,0.0,0,0,4,ATH,0.0,Americas,16,4,0,0,0,0,0,0,0
Jamaica,1968,country,1948,2024,0.0,0.0,0.0,0.0,0.0,0.0,0.0,0.0,0.0,0.0,2.0,3.0,0.0,5.0,1.0,35,24,11,21,0.09375,0,0,0,0,-1,174,47,67,14.0,4.0,0.009804,0,0,5,ATH,0.009804,Americas,20,5,0,0,0,1,0,1,1
Jamaica,1972,country,1948,2024,0.0,1.0,0.0,1.0,1.0,0.0,0.0,0.0,0.0,0.0,0.0,0.0,0.0,0.0,0.0,50,31,19,27,0.428571,0,0,0,0,-1,201,47,67,27.0,0.0,0.010088,0,0,7,ATH,0.010088,Americas,24,6,0,0,0,0,1,1,1
Jamaica,1976,country,1948,2024,0.0,0.0,1.0,1.0,1.0,0.0,1.0,0.0,1.0,1.0,0.0,0.0,0.0,0.0,0.0,36,17,19,18,-0.28,0,0,0,0,-1,199,48,68,8.0,10.0,0.026793,0,0,4,ATH,0.026793,Americas,28,7,0,0,1,1,0,2,1
Jamaica,1980,country,1948,2024,1.0,1.0,0.0,2.0,1.0,0.0,0.0,1.0,1.0,1.0,0.0,1.0,0.0,1.0,1.0,32,18,14,15,-0.111111,0,0,0,0,-1,204,47,67,6.0,1.0,0.071435,0,0,3,CTR,0.045455,Americas,32,8,0,0,0,0,3,3,1
Jamaica,1984,country,1948,2024,0.0,0.0,3.0,3.0,1.0,1.0,1.0,0.0,2.0,1.0,0.0,0.0,1.0,1.0,1.0,75,51,24,35,1.34375,0,0,0,0,-1,225,46,66,21.0,0.0,0.063634,0,0,6,CTR,0.031818,Americas,36,9,0,0,0,1,2,3,1
Jamaica,1988,country,1948,2024,0.0,1.0,2.0,3.0,1.0,0.0,0.0,3.0,3.0,1.0,1.0,1.0,0.0,2.0,1.0,49,30,19,22,-0.346667,0,0,0,0,-1,243,47,67,19.0,1.0,0.051204,0,0,6,ATH,0.028477,Americas,40,10,0,0,0,2,0,2,1
Jamaica,1992,country,1948,2024,0.0,2.0,0.0,2.0,1.0,0.0,1.0,2.0,3.0,1.0,0.0,0.0,3.0,3.0,1.0,51,27,24,23,0.040816,0,0,0,0,-1,265,48,68,23.0,1.0,0.039713,0,0,6,ATH,0.039713,Americas,44,11,0,0,0,3,1,4,1
Jamaica,1996,country,1948,2024,0.0,3.0,1.0,4.0,1.0,0.0,2.0,0.0,2.0,1.0,0.0,1.0,2.0,3.0,1.0,69,37,32,29,0.352941,0,0,0,0,-1,278,48,68,15.0,1.0,0.059831,0,0,5,ATH,0.059831,Americas,48,12,0,0,1,3,2,6,1
Jamaica,2000,country,1948,2024,1.0,3.0,2.0,6.0,1.0,0.0,3.0,1.0,4.0,1.0,0.0,2.0,0.0,2.0,1.0,65,29,36,28,-0.057971,0,0,0,0,-1,299,48,68,24.0,4.0,0.083989,0,0,4,ATH,0.083989,Americas,52,13,0,0,0,6,3,9,1
Jamaica,2004,country,1948,2024,0.0,6.0,3.0,9.0,1.0,1.0,3.0,2.0,6.0,1.0,0.0,3.0,1.0,4.0,1.0,62,27,35,27,-0.046154,0,0,0,0,-1,301,48,68,4.0,2.0,0.084994,0,0,4,ATH,0.084994,Americas,56,14,0,0,2,1,2,5,1
Jamaica,2008,country,1948,2024,2.0,1.0,2.0,5.0,1.0,0.0,6.0,3.0,9.0,1.0,1.0,3.0,2.0,6.0,1.0,66,30,36,29,0.064516,0,0,0,0,-1,302,48,68,5.0,4.0,0.11481,0,0,4,ATH,0.11481,Americas,60,15,0,0,5,2,2,9,1
Jamaica,2012,country,1948,2024,5.0,2.0,2.0,9.0,1.0,2.0,1.0,2.0,5.0,1.0,0.0,6.0,3.0,9.0,1.0,62,29,33,25,-0.060606,0,0,0,0,-1,302,48,68,2.0,2.0,0.141196,0,0,4,ATH,0.141196,Americas,64,16,0,0,4,4,4,12,1
Jamaica,2016,country,1948,2024,4.0,4.0,4.0,12.0,1.0,5.0,2.0,2.0,9.0,1.0,2.0,1.0,2.0,5.0,1.0,77,34,43,32,0.241935,0,0,0,0,-1,306,48,68,5.0,1.0,0.170822,0,0,4,ATH,0.170822,Americas,68,17,0,0,6,3,2,11,1
Jamaica,2020,country,1948,2024,6.0,3.0,2.0,11.0,1.0,4.0,4.0,4.0,12.0,1.0,5.0,2.0,2.0,9.0,1.0,87,41,46,32,0.12987,0,0,0,0,-1,316,48,68,33.0,23.0,0.154649,0,0,6,ATH,0.154649,Americas,72,18,0,0,4,1,4,9,1
Jamaica,2024,country,1948,2024,4.0,1.0,4.0,9.0,1.0,6.0,3.0,2.0,11.0,1.0,4.0,4.0,4.0,12.0,1.0,81,36,45,31,-0.068966,0,0,0,0,-1,297,48,68,6.0,25.0,0.116164,0,0,4,ATH,0.116164,Americas,76,19,0,0,1,3,2,6,1
Japan,1912,country,1912,2024,,,,,,,,,,,,,,,,4,4,0,4,,0,0,0,0,-1,102,48,67,25.0,28.0,0.0,0,0,1,ATH,0.0,Asia,0,1,0,0,0,0,0,0,0
Japan,1920,country,1912,2024,0.0,0.0,0.0,0.0,0.0,,,,,,,,,,,26,26,0,15,5.5,0,0,0,0,-1,156,48,67,58.0,4.0,0.24,0,0,4,TEN,0.24,Asia,8,2,0,0,0,2,0,2,1
Japan,1924,country,1912,2024,0.0,2.0,0.0,2.0,1.0,0.0,0.0,0.0,0.0,0.0,,,,,,37,37,0,21,0.423077,0,0,0,0,-1,126,45,62,12.0,42.0,0.155967,0,0,5,TEN,0.098824,Asia,12,3,1,1,0,0,1,1,1
Japan,1928,country,1912,2024,0.0,0.0,1.0,1.0,1.0,0.0,2.0,0.0,2.0,1.0,0.0,0.0,0.0,0.0,0.0,56,54,2,31,0.513514,0,0,0,0,-1,110,48,68,3.0,19.0,0.13311,0,0,9,SWM,0.082645,Asia,16,4,0,0,2,2,1,5,1
Japan,1932,country,1912,2024,2.0,2.0,1.0,5.0,1.0,0.0,0.0,1.0,1.0,1.0,0.0,2.0,0.0,2.0,1.0,198,171,27,66,2.535714,0,0,0,0,-1,127,48,67,18.0,1.0,1.6791829999999999,0,0,12,HOC,0.6,Asia,20,5,0,0,7,7,4,18,1
Japan,1936,country,1912,2024,7.0,7.0,4.0,18.0,1.0,2.0,2.0,1.0,5.0,1.0,0.0,0.0,1.0,1.0,1.0,310,284,26,79,0.565657,0,0,0,0,-1,129,48,67,4.0,2.0,1.267395,0,0,15,SWM,0.593388,Asia,24,6,0,0,6,4,10,20,1
Japan,1948,country,1912,2024,6.0,4.0,10.0,20.0,1.0,7.0,7.0,4.0,18.0,1.0,2.0,2.0,1.0,5.0,1.0,0,0,0,0,,0,0,0,0,-1,136,48,68,9.0,2.0,,0,0,0,,,Asia,36,6,0,0,0,0,0,0,0
Japan,1952,country,1912,2024,6.0,4.0,10.0,20.0,1.0,7.0,7.0,4.0,18.0,1.0,2.0,2.0,1.0,5.0,1.0,133,116,17,60,-0.570968,0,0,0,0,-1,149,48,68,12.0,0.0,0.578753,0,0,14,SWM,0.327273,Asia,40,7,0,0,1,6,1,8,1
Japan,1956,country,1912,2024,1.0,6.0,1.0,8.0,1.0,6.0,4.0,10.0,20.0,1.0,7.0,7.0,4.0,18.0,1.0,222,164,58,72,0.669173,0,0,0,0,-1,149,48,68,2.0,2.0,0.728445,0,0,15,WRF,0.273529,Asia,44,8,0,0,4,10,3,17,1
Japan,1960,country,1912,2024,4.0,10.0,3.0,17.0,1.0,1.0,6.0,1.0,8.0,1.0,6.0,4.0,10.0,20.0,1.0,278,218,60,96,0.252252,0,1,0,1,-1,152,48,67,6.0,3.0,0.782826,0,0,19,GAR,0.322321,Asia,48,9,0,0,4,7,7,18,1
Japan,1964,country,1912,2024,4.0,7.0,7.0,18.0,1.0,4.0,10.0,3.0,17.0,1.0,1.0,6.0,1.0,8.0,1.0,456,354,102,155,0.640288,1,0,0,2,-1,164,47,67,12.0,0.0,2.869221,0,0,25,JUD,0.9,Asia,52,10,0,0,16,5,8,29,1
Japan,1968,country,1912,2024,16.0,5.0,8.0,29.0,1.0,4.0,7.0,7.0,18.0,1.0,4.0,10.0,3.0,17.0,1.0,289,223,66,97,-0.366228,0,0,1,3,4,174,47,67,14.0,4.0,2.2751,0,0,20,VVO,0.641176,Asia,56,11,0,0,11,7,7,25,1
Japan,1972,country,1912,2024,11.0,7.0,7.0,25.0,1.0,16.0,5.0,8.0,29.0,1.0,4.0,7.0,7.0,18.0,1.0,293,214,79,113,0.013841,0,0,0,0,8,201,47,67,27.0,0.0,2.7407030000000003,0,0,24,VVO,0.713636,Asia,60,12,0,0,13,8,8,29,1
Japan,1976,country,1912,2024,13.0,8.0,8.0,29.0,1.0,11.0,7.0,7.0,25.0,1.0,16.0,5.0,8.0,29.0,1.0,328,223,105,119,0.119454,0,0,0,0,12,199,48,68,8.0,10.0,2.498973,0,0,22,VVO,0.618182,Asia,64,13,0,0,9,6,10,25,1
Japan,1980,country,1912,2024,9.0,6.0,10.0,25.0,1.0,13.0,8.0,8.0,29.0,1.0,11.0,7.0,7.0,25.0,1.0,0,0,0,0,,0,0,0,0,16,204,47,67,6.0,1.0,,0,0,0,,,Asia,68,13,0,0,0,0,0,0,0
Japan,1984,country,1912,2024,9.0,6.0,10.0,25.0,1.0,13.0,8.0,8.0,29.0,1.0,11.0,7.0,7.0,25.0,1.0,365,260,105,147,0.112805,0,0,0,0,20,225,46,66,21.0,0.0,2.617565,0,0,25,JUD,0.561111,Asia,72,14,0,0,10,7,14,31,1
Japan,1988,country,1912,2024,10.0,7.0,14.0,31.0,1.0,9.0,6.0,10.0,25.0,1.0,13.0,8.0,8.0,29.0,1.0,412,279,133,166,0.128767,0,0,0,0,24,243,47,67,19.0,1.0,1.686852,0,0,27,SWA,0.4,Asia,76,15,1,1,4,3,7,14,1
Japan,1992,country,1912,2024,4.0,3.0,7.0,14.0,1.0,10.0,7.0,14.0,31.0,1.0,9.0,6.0,10.0,25.0,1.0,392,266,126,166,-0.048544,0,0,0,0,28,265,48,68,23.0,1.0,1.7961170000000002,0,0,29,BSB,0.4,Asia,80,16,1,2,3,8,11,22,1
Japan,1996,country,1912,2024,3.0,8.0,11.0,22.0,1.0,4.0,3.0,7.0,14.0,1.0,10.0,7.0,14.0,31.0,1.0,448,231,217,168,0.142857,0,0,0,0,32,278,48,68,15.0,1.0,1.5288030000000001,0,0,32,BSB,0.517647,Asia,84,17,1,3,3,6,5,14,1
Japan,2000,country,1912,2024,3.0,6.0,5.0,14.0,1.0,3.0,8.0,11.0,22.0,1.0,4.0,3.0,7.0,14.0,1.0,363,226,137,156,-0.189732,0,0,0,0,36,299,48,68,24.0,4.0,1.7536470000000002,0,0,33,SWA,0.490909,Asia,88,18,1,3,5,8,5,18,1
Japan,2004,country,1912,2024,5.0,8.0,5.0,18.0,1.0,3.0,6.0,5.0,14.0,1.0,3.0,8.0,11.0,22.0,1.0,414,210,204,169,0.140496,0,0,0,0,40,301,48,68,4.0,2.0,2.305611,0,0,34,SWA,0.554545,Asia,92,19,1,3,16,9,12,37,1
Japan,2008,country,1912,2024,16.0,9.0,12.0,37.0,1.0,5.0,8.0,5.0,18.0,1.0,3.0,6.0,5.0,14.0,1.0,457,233,224,176,0.103865,0,0,0,0,44,302,48,68,5.0,4.0,2.3595070000000002,0,0,38,SBL,0.718182,Asia,96,20,1,1,9,7,9,25,1
Japan,2012,country,1912,2024,9.0,7.0,9.0,25.0,1.0,16.0,9.0,12.0,37.0,1.0,5.0,8.0,5.0,18.0,1.0,399,199,200,178,-0.126915,0,0,0,0,48,302,48,68,2.0,2.0,1.868556,0,0,35,JUD,0.373377,Asia,100,21,1,1,7,14,17,38,1
Japan,2016,country,1912,2024,7.0,14.0,17.0,38.0,1.0,9.0,7.0,9.0,25.0,1.0,16.0,9.0,12.0,37.0,1.0,436,227,209,186,0.092732,0,1,0,1,52,306,48,68,5.0,1.0,2.079539,0,0,38,WRF,0.392837,Asia,104,22,0,0,12,8,21,41,1
Japan,2020,country,1912,2024,12.0,8.0,21.0,41.0,1.0,7.0,14.0,17.0,38.0,1.0,9.0,7.0,9.0,25.0,1.0,787,419,368,222,0.805046,1,0,0,2,56,316,48,68,33.0,23.0,7.214485,0,3,41,SKB,1.25,Asia,108,23,0,0,27,14,16,57,1
Japan,2024,country,1912,2024,27.0,14.0,16.0,57.0,1.0,12.0,8.0,21.0,41.0,1.0,7.0,14.0,17.0,38.0,1.0,598,331,267,166,-0.240152,0,0,1,3,4,297,48,68,6.0,25.0,4.61851,0,0,32,SKB,0.985294,Asia,112,24,0,0,20,12,13,45,1
Jordan,1980,country,1980,2024,,,,,,,,,,,,,,,,6,6,0,3,,0,0,0,0,-1,204,47,67,6.0,1.0,0.0,0,0,1,SHO,0.0,Asia,0,1,0,0,0,0,0,0,0
Jordan,1984,country,1980,2024,0.0,0.0,0.0,0.0,0.0,,,,,,,,,,,15,14,1,12,1.5,0,0,0,0,-1,225,46,66,21.0,0.0,0.0,0,0,3,ATH,0.0,Asia,4,2,0,0,0,0,0,0,0
Jordan,1988,country,1980,2024,0.0,0.0,0.0,0.0,0.0,0.0,0.0,0.0,0.0,0.0,,,,,,9,7,2,9,-0.4,0,0,0,0,-1,243,47,67,19.0,1.0,0.0,0,0,6,ARC,0.0,Asia,8,3,0,0,0,0,0,0,0
Jordan,1992,country,1980,2024,0.0,0.0,0.0,0.0,0.0,0.0,0.0,0.0,0.0,0.0,0.0,0.0,0.0,0.0,0.0,5,4,1,5,-0.444444,0,0,0,0,-1,265,48,68,23.0,1.0,0.0,0,0,3,ATH,0.0,Asia,12,4,0,0,0,0,0,0,0
Jordan,1996,country,1980,2024,0.0,0.0,0.0,0.0,0.0,0.0,0.0,0.0,0.0,0.0,0.0,0.0,0.0,0.0,0.0,5,3,2,5,0.0,0,0,0,0,-1,278,48,68,15.0,1.0,0.0,0,0,3,ATH,0.0,Asia,16,5,0,0,0,0,0,0,0
Jordan,2000,country,1980,2024,0.0,0.0,0.0,0.0,0.0,0.0,0.0,0.0,0.0,0.0,0.0,0.0,0.0,0.0,0.0,8,4,4,8,0.6,0,0,0,0,-1,299,48,68,24.0,4.0,0.0,0,0,6,ATH,0.0,Asia,20,6,0,0,0,0,0,0,0
Jordan,2004,country,1980,2024,0.0,0.0,0.0,0.0,0.0,0.0,0.0,0.0,0.0,0.0,0.0,0.0,0.0,0.0,0.0,8,4,4,8,0.0,0,0,0,0,-1,301,48,68,4.0,2.0,0.0,0,0,5,ATH,0.0,Asia,24,7,0,0,0,0,0,0,0
Jordan,2008,country,1980,2024,0.0,0.0,0.0,0.0,0.0,0.0,0.0,0.0,0.0,0.0,0.0,0.0,0.0,0.0,0.0,7,3,4,7,-0.125,0,0,0,0,-1,302,48,68,5.0,4.0,0.0,0,0,5,ATH,0.0,Asia,28,8,0,0,0,0,0,0,0
Jordan,2012,country,1980,2024,0.0,0.0,0.0,0.0,0.0,0.0,0.0,0.0,0.0,0.0,0.0,0.0,0.0,0.0,0.0,9,5,4,9,0.285714,0,0,0,0,-1,302,48,68,2.0,2.0,0.0,0,0,5,ATH,0.0,Asia,32,9,0,0,0,0,0,0,0
Jordan,2016,country,1980,2024,0.0,0.0,0.0,0.0,0.0,0.0,0.0,0.0,0.0,0.0,0.0,0.0,0.0,0.0,0.0,8,7,1,8,-0.111111,0,0,0,0,-1,306,48,68,5.0,1.0,0.056818,0,0,6,TKW,0.056818,Asia,36,10,0,0,1,0,0,1,1
Jordan,2020,country,1980,2024,1.0,0.0,0.0,1.0,1.0,0.0,0.0,0.0,0.0,0.0,0.0,0.0,0.0,0.0,0.0,15,11,4,15,0.875,0,0,0,0,-1,316,48,68,33.0,23.0,0.09886400000000001,0,0,8,TKW,0.073864,Asia,40,11,0,0,0,1,1,2,1
Jordan,2024,country,1980,2024,0.0,1.0,1.0,2.0,1.0,1.0,0.0,0.0,1.0,1.0,0.0,0.0,0.0,0.0,0.0,13,10,3,13,-0.133333,0,0,0,0,-1,297,48,68,6.0,25.0,0.086364,0,0,6,TKW,0.086364,Asia,44,12,0,0,0,1,0,1,1
Kazakhstan,1996,country,1996,2024,,,,,,,,,,,,,,,,142,106,36,99,,0,0,0,0,-1,278,48,68,15.0,1.0,1.473334,0,1,15,MPN,1.0,Asia,0,1,0,0,3,4,4,11,1
Kazakhstan,2000,country,1996,2024,3.0,4.0,4.0,11.0,1.0,,,,,,,,,,,158,105,53,104,0.112676,0,0,0,0,-1,299,48,68,24.0,4.0,0.497189,0,0,19,BOX,0.22549,Asia,4,2,0,0,3,4,0,7,1
Kazakhstan,2004,country,1996,2024,3.0,4.0,0.0,7.0,1.0,3.0,4.0,4.0,11.0,1.0,,,,,,130,83,47,95,-0.177215,0,0,0,0,-1,301,48,68,4.0,2.0,0.790748,0,0,19,MPN,0.333333,Asia,8,3,0,0,1,4,3,8,1
Kazakhstan,2008,country,1996,2024,1.0,4.0,3.0,8.0,1.0,3.0,4.0,0.0,7.0,1.0,3.0,4.0,4.0,11.0,1.0,146,72,74,106,0.123077,0,0,0,0,-1,302,48,68,5.0,4.0,0.479081,0,0,21,BOX,0.162259,Asia,12,4,0,0,2,4,7,13,1
Kazakhstan,2012,country,1996,2024,2.0,4.0,7.0,13.0,1.0,1.0,4.0,3.0,8.0,1.0,3.0,4.0,0.0,7.0,1.0,132,85,47,106,-0.09589,0,0,0,0,-1,302,48,68,2.0,2.0,0.59709,0,0,21,WLF,0.185455,Asia,16,5,0,0,7,1,5,13,1
Kazakhstan,2016,country,1996,2024,7.0,1.0,5.0,13.0,1.0,2.0,4.0,7.0,13.0,1.0,1.0,4.0,3.0,8.0,1.0,123,66,57,98,-0.068182,0,0,0,0,-1,306,48,68,5.0,1.0,0.627115,0,0,22,WLF,0.221212,Asia,20,6,0,0,3,5,10,18,1
Kazakhstan,2020,country,1996,2024,3.0,5.0,10.0,18.0,1.0,7.0,1.0,5.0,13.0,1.0,2.0,4.0,7.0,13.0,1.0,116,80,36,82,-0.056911,0,0,0,0,-1,316,48,68,33.0,23.0,0.466038,0,0,25,WLF,0.154459,Asia,24,7,0,0,0,0,8,8,1
Kazakhstan,2024,country,1996,2024,0.0,0.0,8.0,8.0,1.0,3.0,5.0,10.0,18.0,1.0,7.0,1.0,5.0,13.0,1.0,123,87,36,82,0.060345,0,0,0,0,-1,297,48,68,6.0,25.0,0.254014,0,0,22,BOX,0.084965,Asia,28,8,0,0,1,3,3,7,1
Kenya,1956,country,1956,2024,,,,,,,,,,,,,,,,31,30,1,10,,0,0,0,0,-1,149,48,68,2.0,2.0,0.0,0,0,4,ATH,0.0,Africa,0,1,0,0,0,0,0,0,0
Kenya,1960,country,1956,2024,0.0,0.0,0.0,0.0,0.0,,,,,,,,,,,30,30,0,13,-0.032258,0,0,0,0,-1,152,48,67,6.0,3.0,0.0,0,0,4,ATH,0.0,Africa,4,2,0,0,0,0,0,0,0
Kenya,1964,country,1956,2024,0.0,0.0,0.0,0.0,0.0,0.0,0.0,0.0,0.0,0.0,,,,,,41,41,0,21,0.366667,0,0,0,0,-1,164,47,67,12.0,0.0,0.005051,0,0,5,ATH,0.005051,Africa,8,3,0,0,0,0,1,1,1
Kenya,1968,country,1956,2024,0.0,0.0,1.0,1.0,1.0,0.0,0.0,0.0,0.0,0.0,0.0,0.0,0.0,0.0,0.0,50,47,3,22,0.219512,0,0,0,0,-1,174,47,67,14.0,4.0,0.087463,0,0,4,ATH,0.076768,Africa,12,4,0,0,3,4,2,9,1
Kenya,1972,country,1956,2024,3.0,4.0,2.0,9.0,1.0,0.0,0.0,1.0,1.0,1.0,0.0,0.0,0.0,0.0,0.0,69,66,3,29,0.38,0,0,0,0,-1,201,47,67,27.0,0.0,0.148742,0,0,4,ATH,0.101635,Africa,16,5,0,0,2,3,4,9,1
Kenya,1976,country,1956,2024,2.0,3.0,4.0,9.0,1.0,3.0,4.0,2.0,9.0,1.0,0.0,0.0,1.0,1.0,1.0,0,0,0,0,,0,0,0,0,-1,199,48,68,8.0,10.0,,0,0,0,,,Africa,20,5,0,0,0,0,0,0,0
Kenya,1980,country,1956,2024,2.0,3.0,4.0,9.0,1.0,3.0,4.0,2.0,9.0,1.0,0.0,0.0,1.0,1.0,1.0,0,0,0,0,,0,0,0,0,-1,204,47,67,6.0,1.0,,0,0,0,,,Africa,24,5,0,0,0,0,0,0,0
Kenya,1984,country,1956,2024,2.0,3.0,4.0,9.0,1.0,3.0,4.0,2.0,9.0,1.0,0.0,0.0,1.0,1.0,1.0,67,61,6,33,-0.028986,0,0,0,0,-1,225,46,66,21.0,0.0,0.05036,0,0,5,ATH,0.033693,Africa,28,6,0,0,1,0,2,3,1
Kenya,1988,country,1956,2024,1.0,0.0,2.0,3.0,1.0,2.0,3.0,4.0,9.0,1.0,3.0,4.0,2.0,9.0,1.0,88,82,6,50,0.313433,0,0,0,0,-1,243,47,67,19.0,1.0,0.15786,0,0,8,ATH,0.092174,Africa,32,7,0,0,5,2,2,9,1
Kenya,1992,country,1956,2024,5.0,2.0,2.0,9.0,1.0,1.0,0.0,2.0,3.0,1.0,2.0,3.0,4.0,9.0,1.0,55,46,9,29,-0.375,0,0,0,0,-1,265,48,68,23.0,1.0,0.14021,0,0,5,ATH,0.104604,Africa,36,8,0,0,2,4,2,8,1
Kenya,1996,country,1956,2024,2.0,4.0,2.0,8.0,1.0,5.0,2.0,2.0,9.0,1.0,1.0,0.0,2.0,3.0,1.0,54,44,10,27,-0.018182,0,0,0,0,-1,278,48,68,15.0,1.0,0.138715,0,0,5,ATH,0.115988,Africa,40,9,0,0,1,4,3,8,1
Kenya,2000,country,1956,2024,1.0,4.0,3.0,8.0,1.0,2.0,4.0,2.0,8.0,1.0,5.0,2.0,2.0,9.0,1.0,59,36,23,24,0.092593,0,0,0,0,-1,299,48,68,24.0,4.0,0.105908,0,0,6,ATH,0.105908,Africa,44,10,0,0,2,3,2,7,1
Kenya,2004,country,1956,2024,2.0,3.0,2.0,7.0,1.0,1.0,4.0,3.0,8.0,1.0,2.0,4.0,2.0,8.0,1.0,46,22,24,16,-0.220339,0,0,0,0,-1,301,48,68,4.0,2.0,0.097708,0,0,4,ATH,0.097708,Africa,48,11,0,0,1,4,2,7,1
Kenya,2008,country,1956,2024,1.0,4.0,2.0,7.0,1.0,2.0,3.0,2.0,7.0,1.0,1.0,4.0,3.0,8.0,1.0,47,29,18,24,0.021739,0,0,0,0,-1,302,48,68,5.0,4.0,0.153218,0,0,5,ATH,0.153218,Africa,52,12,0,0,6,4,5,15,1
Kenya,2012,country,1956,2024,6.0,4.0,5.0,15.0,1.0,1.0,4.0,2.0,7.0,1.0,2.0,3.0,2.0,7.0,1.0,51,29,22,23,0.085106,0,0,0,0,-1,302,48,68,2.0,2.0,0.152909,0,0,4,ATH,0.152909,Africa,56,13,0,0,2,4,5,11,1
Kenya,2016,country,1956,2024,2.0,4.0,5.0,11.0,1.0,6.0,4.0,5.0,15.0,1.0,1.0,4.0,2.0,7.0,1.0,80,46,34,29,0.568627,0,0,0,0,-1,306,48,68,5.0,1.0,0.189986,0,0,7,ATH,0.189986,Africa,60,14,0,0,6,6,1,13,1
Kenya,2020,country,1956,2024,6.0,6.0,1.0,13.0,1.0,2.0,4.0,5.0,11.0,1.0,6.0,4.0,5.0,15.0,1.0,89,39,50,26,0.1125,0,0,0,0,-1,316,48,68,33.0,23.0,0.166144,0,0,5,ATH,0.166144,Africa,64,15,0,0,4,4,2,10,1
Kenya,2024,country,1956,2024,4.0,4.0,2.0,10.0,1.0,6.0,6.0,1.0,13.0,1.0,2.0,4.0,5.0,11.0,1.0,77,40,37,24,-0.134831,0,0,0,0,-1,297,48,68,6.0,25.0,0.163676,0,0,6,ATH,0.163676,Africa,68,16,0,0,4,2,5,11,1
Kiribati,2004,country,2004,2024,,,,,,,,,,,,,,,,3,2,1,3,,0,0,0,0,-1,301,48,68,4.0,2.0,0.0,0,0,2,ATH,0.0,Oceania,0,1,0,0,0,0,0,0,0
Kiribati,2008,country,2004,2024,0.0,0.0,0.0,0.0,0.0,,,,,,,,,,,2,2,0,2,-0.333333,0,0,0,0,-1,302,48,68,5.0,4.0,0.0,0,0,2,ATH,0.0,Oceania,4,2,0,0,0,0,0,0,0
Kiribati,2012,country,2004,2024,0.0,0.0,0.0,0.0,0.0,0.0,0.0,0.0,0.0,0.0,,,,,,3,2,1,3,0.5,0,0,0,0,-1,302,48,68,2.0,2.0,0.0,0,0,2,ATH,0.0,Oceania,8,3,0,0,0,0,0,0,0
Kiribati,2016,country,2004,2024,0.0,0.0,0.0,0.0,0.0,0.0,0.0,0.0,0.0,0.0,0.0,0.0,0.0,0.0,0.0,3,2,1,3,0.0,0,0,0,0,-1,306,48,68,5.0,1.0,0.0,0,0,2,ATH,0.0,Oceania,12,4,0,0,0,0,0,0,0
Kiribati,2020,country,2004,2024,0.0,0.0,0.0,0.0,0.0,0.0,0.0,0.0,0.0,0.0,0.0,0.0,0.0,0.0,0.0,3,2,1,3,0.0,0,0,0,0,-1,316,48,68,33.0,23.0,0.0,0,0,3,ATH,0.0,Oceania,16,5,0,0,0,0,0,0,0
Kiribati,2024,country,2004,2024,0.0,0.0,0.0,0.0,0.0,0.0,0.0,0.0,0.0,0.0,0.0,0.0,0.0,0.0,0.0,3,2,1,3,0.0,0,0,0,0,-1,297,48,68,6.0,25.0,0.0,0,0,3,ATH,0.0,Oceania,20,6,0,0,0,0,0,0,0
Kosovo,2016,country,2016,2024,,,,,,,,,,,,,,,,8,3,5,8,,0,0,0,0,-1,306,48,68,5.0,1.0,0.071429,0,0,5,JUD,0.071429,Europe,0,1,0,0,1,0,0,1,1
Kosovo,2020,country,2016,2024,1.0,0.0,0.0,1.0,1.0,,,,,,,,,,,11,5,6,11,0.375,0,0,0,0,-1,316,48,68,33.0,23.0,0.107843,0,0,6,JUD,0.107843,Europe,4,2,0,0,2,0,0,2,1
Kosovo,2024,country,2016,2024,2.0,0.0,0.0,2.0,1.0,1.0,0.0,0.0,1.0,1.0,,,,,,9,2,7,9,-0.181818,0,0,0,0,-1,297,48,68,6.0,25.0,0.0829,0,0,4,JUD,0.0829,Europe,8,3,0,0,0,1,1,2,1
Kuwait,1968,country,1968,2024,,,,,,,,,,,,,,,,2,2,0,1,,0,0,0,0,-1,174,47,67,14.0,4.0,0.0,0,0,1,ATH,0.0,Asia,0,1,0,0,0,0,0,0,0
Kuwait,1972,country,1968,2024,0.0,0.0,0.0,0.0,0.0,,,,,,,,,,,4,4,0,4,1.0,0,0,0,0,-1,201,47,67,27.0,0.0,0.0,0,0,2,ATH,0.0,Asia,4,2,0,0,0,0,0,0,0
Kuwait,1976,country,1968,2024,0.0,0.0,0.0,0.0,0.0,0.0,0.0,0.0,0.0,0.0,,,,,,21,21,0,13,4.25,0,0,0,0,-1,199,48,68,8.0,10.0,0.0,0,0,4,ATH,0.0,Asia,8,3,0,0,0,0,0,0,0
Kuwait,1980,country,1968,2024,0.0,0.0,0.0,0.0,0.0,0.0,0.0,0.0,0.0,0.0,0.0,0.0,0.0,0.0,0.0,67,67,0,26,2.190476,0,0,0,0,-1,204,47,67,6.0,1.0,0.0,0,0,7,ATH,0.0,Asia,12,4,0,0,0,0,0,0,0
Kuwait,1984,country,1968,2024,0.0,0.0,0.0,0.0,0.0,0.0,0.0,0.0,0.0,0.0,0.0,0.0,0.0,0.0,0.0,31,31,0,17,-0.537313,0,0,0,0,-1,225,46,66,21.0,0.0,0.0,0,0,5,ATH,0.0,Asia,16,5,0,0,0,0,0,0,0
Kuwait,1988,country,1968,2024,0.0,0.0,0.0,0.0,0.0,0.0,0.0,0.0,0.0,0.0,0.0,0.0,0.0,0.0,0.0,34,34,0,24,0.096774,0,0,0,0,-1,243,47,67,19.0,1.0,0.0,0,0,7,ATH,0.0,Asia,20,6,0,0,0,0,0,0,0
Kuwait,1992,country,1968,2024,0.0,0.0,0.0,0.0,0.0,0.0,0.0,0.0,0.0,0.0,0.0,0.0,0.0,0.0,0.0,37,37,0,18,0.088235,0,0,0,0,-1,265,48,68,23.0,1.0,0.0,0,0,7,ATH,0.0,Asia,24,7,0,0,0,0,0,0,0
Kuwait,1996,country,1968,2024,0.0,0.0,0.0,0.0,0.0,0.0,0.0,0.0,0.0,0.0,0.0,0.0,0.0,0.0,0.0,27,27,0,16,-0.27027,0,0,0,0,-1,278,48,68,15.0,1.0,0.0,0,0,9,ATH,0.0,Asia,28,8,0,0,0,0,0,0,0
Kuwait,2000,country,1968,2024,0.0,0.0,0.0,0.0,0.0,0.0,0.0,0.0,0.0,0.0,0.0,0.0,0.0,0.0,0.0,30,30,0,10,0.111111,0,0,0,0,-1,299,48,68,24.0,4.0,0.010695,0,0,6,SHO,0.010695,Asia,32,9,0,0,0,0,1,1,1
Kuwait,2004,country,1968,2024,0.0,0.0,1.0,1.0,1.0,0.0,0.0,0.0,0.0,0.0,0.0,0.0,0.0,0.0,0.0,11,10,1,9,-0.633333,0,0,0,0,-1,301,48,68,4.0,2.0,0.007487,0,0,3,SHO,0.007487,Asia,36,10,0,0,0,0,0,0,0
Kuwait,2008,country,1968,2024,0.0,0.0,0.0,0.0,0.0,0.0,0.0,1.0,1.0,1.0,0.0,0.0,0.0,0.0,0.0,8,8,0,7,-0.272727,0,0,0,0,-1,302,48,68,5.0,4.0,0.005348,0,0,5,SHO,0.005348,Asia,40,11,0,0,0,0,0,0,0
Kuwait,2012,country,1968,2024,0.0,0.0,0.0,0.0,0.0,0.0,0.0,0.0,0.0,0.0,0.0,0.0,1.0,1.0,1.0,12,9,3,11,0.5,0,0,0,0,-1,302,48,68,2.0,2.0,0.012121,0,0,4,SHO,0.012121,Asia,44,12,0,0,0,0,1,1,1
Kuwait,2016,country,1968,2024,0.0,0.0,1.0,1.0,1.0,0.0,0.0,0.0,0.0,0.0,0.0,0.0,0.0,0.0,0.0,0,0,0,0,,0,0,0,0,-1,306,48,68,5.0,1.0,,0,0,0,,,Asia,48,12,0,0,0,0,0,0,0
Kuwait,2020,country,1968,2024,0.0,0.0,1.0,1.0,1.0,0.0,0.0,0.0,0.0,0.0,0.0,0.0,0.0,0.0,0.0,10,8,2,8,-0.166667,0,0,0,0,-1,316,48,68,33.0,23.0,0.026667,0,0,5,SHO,0.026667,Asia,52,13,0,0,0,0,1,1,1
Kuwait,2024,country,1968,2024,0.0,0.0,1.0,1.0,1.0,0.0,0.0,1.0,1.0,1.0,0.0,0.0,0.0,0.0,0.0,9,5,4,9,-0.1,0,0,0,0,-1,297,48,68,6.0,25.0,0.01098,0,0,6,SHO,0.01098,Asia,56,14,0,0,0,0,0,0,0
Kyrgyzstan,1996,country,1996,2024,,,,,,,,,,,,,,,,53,43,10,39,,0,0,0,0,-1,278,48,68,15.0,1.0,0.0,0,0,10,ATH,0.0,Asia,0,1,0,0,0,0,0,0,0
Kyrgyzstan,2000,country,1996,2024,0.0,0.0,0.0,0.0,0.0,,,,,,,,,,,71,51,20,59,0.339623,0,0,0,0,-1,299,48,68,24.0,4.0,0.008403,0,0,10,JUD,0.008403,Asia,4,2,0,0,0,0,1,1,1
Kyrgyzstan,2004,country,1996,2024,0.0,0.0,1.0,1.0,1.0,0.0,0.0,0.0,0.0,0.0,,,,,,32,25,7,32,-0.549296,0,0,0,0,-1,301,48,68,4.0,2.0,0.004545,0,0,10,JUD,0.004545,Asia,8,3,0,0,0,0,0,0,0
Kyrgyzstan,2008,country,1996,2024,0.0,0.0,0.0,0.0,0.0,0.0,0.0,1.0,1.0,1.0,0.0,0.0,0.0,0.0,0.0,22,18,4,22,-0.3125,0,0,0,0,-1,302,48,68,5.0,4.0,0.056194,0,0,10,WRG,0.052947,Asia,12,4,0,0,0,1,1,2,1
Kyrgyzstan,2012,country,1996,2024,0.0,1.0,1.0,2.0,1.0,0.0,0.0,0.0,0.0,0.0,0.0,0.0,1.0,1.0,1.0,15,12,3,15,-0.318182,0,0,0,0,-1,302,48,68,2.0,2.0,0.037063,0,0,9,WRG,0.037063,Asia,16,5,0,0,0,0,0,0,0
Kyrgyzstan,2016,country,1996,2024,0.0,0.0,0.0,0.0,0.0,0.0,1.0,1.0,2.0,1.0,0.0,0.0,0.0,0.0,0.0,19,12,7,17,0.266667,0,0,0,0,-1,306,48,68,5.0,1.0,0.026474,0,0,7,WRG,0.026474,Asia,20,6,0,0,0,0,0,0,0
Kyrgyzstan,2020,country,1996,2024,0.0,0.0,0.0,0.0,0.0,0.0,0.0,0.0,0.0,0.0,0.0,1.0,1.0,2.0,1.0,17,12,5,17,-0.105263,0,0,0,0,-1,316,48,68,33.0,23.0,0.075758,0,0,8,WRG,0.045455,Asia,24,7,0,0,0,2,1,3,1
Kyrgyzstan,2024,country,1996,2024,0.0,2.0,1.0,3.0,1.0,0.0,0.0,0.0,0.0,0.0,0.0,0.0,0.0,0.0,0.0,17,12,5,17,0.0,0,0,0,0,-1,297,48,68,6.0,25.0,0.159557,0,0,6,WRG,0.077273,Asia,28,8,0,0,0,2,4,6,1
Lao PDR,1980,country,1980,2024,,,,,,,,,,,,,,,,19,17,2,16,,0,0,0,0,-1,204,47,67,6.0,1.0,0.0,0,0,3,ATH,0.0,Asia,0,1,0,0,0,0,0,0,0
Lao PDR,1984,country,1980,2024,0.0,0.0,0.0,0.0,0.0,,,,,,,,,,,0,0,0,0,,0,0,0,0,-1,225,46,66,21.0,0.0,,0,0,0,,,Asia,4,1,0,0,0,0,0,0,0
Lao PDR,1988,country,1980,2024,0.0,0.0,0.0,0.0,0.0,,,,,,,,,,,3,2,1,3,-0.842105,0,0,0,0,-1,243,47,67,19.0,1.0,0.0,0,0,2,ATH,0.0,Asia,8,2,0,0,0,0,0,0,0
Lao PDR,1992,country,1980,2024,0.0,0.0,0.0,0.0,0.0,0.0,0.0,0.0,0.0,0.0,,,,,,7,7,0,7,1.333333,0,0,0,0,-1,265,48,68,23.0,1.0,0.0,0,0,2,ATH,0.0,Asia,12,3,0,0,0,0,0,0,0
Lao PDR,1996,country,1980,2024,0.0,0.0,0.0,0.0,0.0,0.0,0.0,0.0,0.0,0.0,0.0,0.0,0.0,0.0,0.0,5,4,1,2,-0.285714,0,0,0,0,-1,278,48,68,15.0,1.0,0.0,0,0,1,ATH,0.0,Asia,16,4,0,0,0,0,0,0,0
Lao PDR,2000,country,1980,2024,0.0,0.0,0.0,0.0,0.0,0.0,0.0,0.0,0.0,0.0,0.0,0.0,0.0,0.0,0.0,3,2,1,3,-0.4,0,0,0,0,-1,299,48,68,24.0,4.0,0.0,0,0,2,ATH,0.0,Asia,20,5,0,0,0,0,0,0,0
Lao PDR,2004,country,1980,2024,0.0,0.0,0.0,0.0,0.0,0.0,0.0,0.0,0.0,0.0,0.0,0.0,0.0,0.0,0.0,5,3,2,5,0.666667,0,0,0,0,-1,301,48,68,4.0,2.0,0.0,0,0,3,ARC,0.0,Asia,24,6,0,0,0,0,0,0,0
Lao PDR,2008,country,1980,2024,0.0,0.0,0.0,0.0,0.0,0.0,0.0,0.0,0.0,0.0,0.0,0.0,0.0,0.0,0.0,4,2,2,4,-0.2,0,0,0,0,-1,302,48,68,5.0,4.0,0.0,0,0,2,ATH,0.0,Asia,28,7,0,0,0,0,0,0,0
Lao PDR,2012,country,1980,2024,0.0,0.0,0.0,0.0,0.0,0.0,0.0,0.0,0.0,0.0,0.0,0.0,0.0,0.0,0.0,3,2,1,3,-0.25,0,0,0,0,-1,302,48,68,2.0,2.0,0.0,0,0,2,ATH,0.0,Asia,32,8,0,0,0,0,0,0,0
Lao PDR,2016,country,1980,2024,0.0,0.0,0.0,0.0,0.0,0.0,0.0,0.0,0.0,0.0,0.0,0.0,0.0,0.0,0.0,5,3,2,5,0.666667,0,0,0,0,-1,306,48,68,5.0,1.0,0.0,0,0,4,ATH,0.0,Asia,36,9,0,0,0,0,0,0,0
Lao PDR,2020,country,1980,2024,0.0,0.0,0.0,0.0,0.0,0.0,0.0,0.0,0.0,0.0,0.0,0.0,0.0,0.0,0.0,4,2,2,4,-0.2,0,0,0,0,-1,316,48,68,33.0,23.0,0.0,0,0,3,ATH,0.0,Asia,40,10,0,0,0,0,0,0,0
Lao PDR,2024,country,1980,2024,0.0,0.0,0.0,0.0,0.0,0.0,0.0,0.0,0.0,0.0,0.0,0.0,0.0,0.0,0.0,4,1,3,4,0.0,0,0,0,0,-1,297,48,68,6.0,25.0,0.0,0,0,3,ATH,0.0,Asia,44,11,0,0,0,0,0,0,0
Latvia,1924,country,1924,2024,,,,,,,,,,,,,,,,47,47,0,23,,0,0,0,0,-1,126,45,62,12.0,42.0,0.0,0,0,6,ATH,0.0,Europe,0,1,0,0,0,0,0,0,0
Latvia,1928,country,1924,2024,0.0,0.0,0.0,0.0,0.0,,,,,,,,,,,18,16,2,14,-0.617021,0,0,0,0,-1,110,48,68,3.0,19.0,0.0,0,0,5,ATH,0.0,Europe,4,2,0,0,0,0,0,0,0
Latvia,1932,country,1924,2024,0.0,0.0,0.0,0.0,0.0,0.0,0.0,0.0,0.0,0.0,,,,,,5,5,0,4,-0.722222,0,0,0,0,-1,127,48,67,18.0,1.0,0.009404,0,0,1,ATH,0.009404,Europe,8,3,0,0,0,1,0,1,1
Latvia,1936,country,1924,2024,0.0,1.0,0.0,1.0,1.0,0.0,0.0,0.0,0.0,0.0,0.0,0.0,0.0,0.0,0.0,33,33,0,16,5.6,0,0,0,0,-1,129,48,67,4.0,2.0,0.069996,0,0,5,WRG,0.057143,Europe,12,4,0,0,0,1,1,2,1
Latvia,1948,country,1924,2024,0.0,1.0,1.0,2.0,1.0,0.0,1.0,0.0,1.0,1.0,0.0,0.0,0.0,0.0,0.0,0,0,0,0,,0,0,0,0,-1,136,48,68,9.0,2.0,,0,0,0,,,Europe,24,4,0,0,0,0,0,0,0
Latvia,1952,country,1924,2024,0.0,1.0,1.0,2.0,1.0,0.0,1.0,0.0,1.0,1.0,0.0,0.0,0.0,0.0,0.0,0,0,0,0,,0,0,0,0,-1,149,48,68,12.0,0.0,,0,0,0,,,Europe,28,4,0,0,0,0,0,0,0
Latvia,1956,country,1924,2024,0.0,1.0,1.0,2.0,1.0,0.0,1.0,0.0,1.0,1.0,0.0,0.0,0.0,0.0,0.0,0,0,0,0,,0,0,0,0,-1,149,48,68,2.0,2.0,,0,0,0,,,Europe,32,4,0,0,0,0,0,0,0
Latvia,1960,country,1924,2024,0.0,1.0,1.0,2.0,1.0,0.0,1.0,0.0,1.0,1.0,0.0,0.0,0.0,0.0,0.0,0,0,0,0,,0,0,0,0,-1,152,48,67,6.0,3.0,,0,0,0,,,Europe,36,4,0,0,0,0,0,0,0
Latvia,1964,country,1924,2024,0.0,1.0,1.0,2.0,1.0,0.0,1.0,0.0,1.0,1.0,0.0,0.0,0.0,0.0,0.0,0,0,0,0,,0,0,0,0,-1,164,47,67,12.0,0.0,,0,0,0,,,Europe,40,4,0,0,0,0,0,0,0
Latvia,1968,country,1924,2024,0.0,1.0,1.0,2.0,1.0,0.0,1.0,0.0,1.0,1.0,0.0,0.0,0.0,0.0,0.0,0,0,0,0,,0,0,0,0,-1,174,47,67,14.0,4.0,,0,0,0,,,Europe,44,4,0,0,0,0,0,0,0
Latvia,1972,country,1924,2024,0.0,1.0,1.0,2.0,1.0,0.0,1.0,0.0,1.0,1.0,0.0,0.0,0.0,0.0,0.0,0,0,0,0,,0,0,0,0,-1,201,47,67,27.0,0.0,,0,0,0,,,Europe,48,4,0,0,0,0,0,0,0
Latvia,1976,country,1924,2024,0.0,1.0,1.0,2.0,1.0,0.0,1.0,0.0,1.0,1.0,0.0,0.0,0.0,0.0,0.0,0,0,0,0,,0,0,0,0,-1,199,48,68,8.0,10.0,,0,0,0,,,Europe,52,4,0,0,0,0,0,0,0
Latvia,1980,country,1924,2024,0.0,1.0,1.0,2.0,1.0,0.0,1.0,0.0,1.0,1.0,0.0,0.0,0.0,0.0,0.0,0,0,0,0,,0,0,0,0,-1,204,47,67,6.0,1.0,,0,0,0,,,Europe,56,4,0,0,0,0,0,0,0
Latvia,1984,country,1924,2024,0.0,1.0,1.0,2.0,1.0,0.0,1.0,0.0,1.0,1.0,0.0,0.0,0.0,0.0,0.0,0,0,0,0,,0,0,0,0,-1,225,46,66,21.0,0.0,,0,0,0,,,Europe,60,4,0,0,0,0,0,0,0
Latvia,1988,country,1924,2024,0.0,1.0,1.0,2.0,1.0,0.0,1.0,0.0,1.0,1.0,0.0,0.0,0.0,0.0,0.0,0,0,0,0,,0,0,0,0,-1,243,47,67,19.0,1.0,,0,0,0,,,Europe,64,4,0,0,0,0,0,0,0
Latvia,1992,country,1924,2024,0.0,1.0,1.0,2.0,1.0,0.0,1.0,0.0,1.0,1.0,0.0,0.0,0.0,0.0,0.0,40,29,11,31,0.212121,0,0,0,0,-1,265,48,68,23.0,1.0,0.229487,0,0,15,CRD,0.133333,Europe,68,5,0,0,0,2,1,3,1
Latvia,1996,country,1924,2024,0.0,2.0,1.0,3.0,1.0,0.0,1.0,1.0,2.0,1.0,0.0,1.0,0.0,1.0,1.0,55,38,17,47,0.375,0,0,0,0,-1,278,48,68,15.0,1.0,0.123907,0,0,14,CRD,0.054902,Europe,72,6,0,0,0,1,0,1,1
Latvia,2000,country,1924,2024,0.0,1.0,0.0,1.0,1.0,0.0,2.0,1.0,3.0,1.0,0.0,1.0,1.0,2.0,1.0,60,43,17,47,0.090909,0,0,0,0,-1,299,48,68,24.0,4.0,0.12541,0,0,14,GAR,0.042017,Europe,76,7,0,0,1,1,1,3,1
Latvia,2004,country,1924,2024,1.0,1.0,1.0,3.0,1.0,0.0,1.0,0.0,1.0,1.0,0.0,2.0,1.0,3.0,1.0,45,34,11,37,-0.25,0,0,0,0,-1,301,48,68,4.0,2.0,0.22412300000000002,0,0,11,MPN,0.136364,Europe,80,8,0,0,0,4,0,4,1
Latvia,2008,country,1924,2024,0.0,4.0,0.0,4.0,1.0,1.0,1.0,1.0,3.0,1.0,0.0,1.0,0.0,1.0,1.0,53,35,18,33,0.177778,0,0,0,0,-1,302,48,68,5.0,4.0,0.6364960000000001,0,0,12,BMX,0.5,Europe,84,9,0,0,1,1,1,3,1
Latvia,2012,country,1924,2024,1.0,1.0,1.0,3.0,1.0,0.0,4.0,0.0,4.0,1.0,1.0,1.0,1.0,3.0,1.0,50,36,14,38,-0.056604,0,0,0,0,-1,302,48,68,2.0,2.0,0.724783,0,0,13,BMX,0.5,Europe,88,10,1,1,1,0,1,2,1
Latvia,2016,country,1924,2024,1.0,0.0,1.0,2.0,1.0,1.0,1.0,1.0,3.0,1.0,0.0,4.0,0.0,4.0,1.0,33,20,13,25,-0.34,0,0,0,0,-1,306,48,68,5.0,1.0,0.345325,0,0,13,BMX,0.272727,Europe,92,11,0,0,0,0,0,0,0
Latvia,2020,country,1924,2024,0.0,0.0,0.0,0.0,0.0,1.0,0.0,1.0,2.0,1.0,1.0,1.0,1.0,3.0,1.0,38,21,17,26,0.151515,0,0,0,0,-1,316,48,68,33.0,23.0,1.172078,0,1,14,BK3,1.0,Europe,96,12,0,0,1,0,1,2,1
Latvia,2024,country,1924,2024,1.0,0.0,1.0,2.0,1.0,0.0,0.0,0.0,0.0,0.0,1.0,0.0,1.0,2.0,1.0,32,17,15,23,-0.157895,0,0,0,0,-1,297,48,68,6.0,25.0,0.420856,0,0,13,BK3,0.411765,Europe,100,13,0,0,0,0,0,0,0
Lebanon,1948,country,1948,2024,,,,,,,,,,,,,,,,9,9,0,9,,0,0,0,0,-1,136,48,68,9.0,2.0,0.0,0,0,4,BOX,0.0,Asia,0,1,0,0,0,0,0,0,0
Lebanon,1952,country,1948,2024,0.0,0.0,0.0,0.0,0.0,,,,,,,,,,,9,9,0,8,0.0,0,0,0,0,-1,149,48,68,12.0,0.0,0.073529,0,0,4,WRG,0.073529,Asia,4,2,0,0,0,1,1,2,1
Lebanon,1956,country,1948,2024,0.0,1.0,1.0,2.0,1.0,0.0,0.0,0.0,0.0,0.0,,,,,,0,0,0,0,,0,0,0,0,-1,149,48,68,2.0,2.0,,0,0,0,,,Asia,8,2,0,0,0,0,0,0,0
Lebanon,1960,country,1948,2024,0.0,1.0,1.0,2.0,1.0,0.0,0.0,0.0,0.0,0.0,,,,,,22,22,0,15,1.444444,0,0,0,0,-1,152,48,67,6.0,3.0,0.041667,0,0,7,WRG,0.041667,Asia,12,3,0,0,0,0,0,0,0
Lebanon,1964,country,1948,2024,0.0,0.0,0.0,0.0,0.0,0.0,1.0,1.0,2.0,1.0,0.0,0.0,0.0,0.0,0.0,8,8,0,3,-0.636364,0,0,0,0,-1,164,47,67,12.0,0.0,0.0,0,0,2,FEN,0.0,Asia,16,4,0,0,0,0,0,0,0
Lebanon,1968,country,1948,2024,0.0,0.0,0.0,0.0,0.0,0.0,0.0,0.0,0.0,0.0,0.0,1.0,1.0,2.0,1.0,15,15,0,13,0.875,0,0,0,0,-1,174,47,67,14.0,4.0,0.0,0,0,7,CRD,0.0,Asia,20,5,0,0,0,0,0,0,0
Lebanon,1972,country,1948,2024,0.0,0.0,0.0,0.0,0.0,0.0,0.0,0.0,0.0,0.0,0.0,0.0,0.0,0.0,0.0,36,34,2,23,1.4,0,0,0,0,-1,201,47,67,27.0,0.0,0.039216,0,0,11,WLF,0.039216,Asia,24,6,0,0,0,1,0,1,1
Lebanon,1976,country,1948,2024,0.0,1.0,0.0,1.0,1.0,0.0,0.0,0.0,0.0,0.0,0.0,0.0,0.0,0.0,0.0,4,4,0,4,-0.888889,0,0,0,0,-1,199,48,68,8.0,10.0,0.0,0,0,3,ATH,0.0,Asia,28,7,0,0,0,0,0,0,0
Lebanon,1980,country,1948,2024,0.0,0.0,0.0,0.0,0.0,0.0,1.0,0.0,1.0,1.0,0.0,0.0,0.0,0.0,0.0,19,19,0,16,3.75,0,0,0,0,-1,204,47,67,6.0,1.0,0.048889,0,0,8,WRG,0.026667,Asia,32,8,0,0,0,0,1,1,1
Lebanon,1984,country,1948,2024,0.0,0.0,1.0,1.0,1.0,0.0,0.0,0.0,0.0,0.0,0.0,1.0,0.0,1.0,1.0,30,29,1,20,0.578947,0,0,0,0,-1,225,46,66,21.0,0.0,0.016471,0,0,9,WRG,0.016471,Asia,36,9,0,0,0,0,0,0,0
Lebanon,1988,country,1948,2024,0.0,0.0,0.0,0.0,0.0,0.0,0.0,1.0,1.0,1.0,0.0,0.0,0.0,0.0,0.0,31,28,3,28,0.033333,0,0,0,0,-1,243,47,67,19.0,1.0,0.009091,0,0,8,WRG,0.009091,Asia,40,10,0,0,0,0,0,0,0
Lebanon,1992,country,1948,2024,0.0,0.0,0.0,0.0,0.0,0.0,0.0,0.0,0.0,0.0,0.0,0.0,1.0,1.0,1.0,18,18,0,15,-0.419355,0,0,0,0,-1,265,48,68,23.0,1.0,0.0,0,0,7,ATH,0.0,Asia,44,11,0,0,0,0,0,0,0
Lebanon,1996,country,1948,2024,0.0,0.0,0.0,0.0,0.0,0.0,0.0,0.0,0.0,0.0,0.0,0.0,0.0,0.0,0.0,1,0,1,1,-0.944444,0,0,0,0,-1,278,48,68,15.0,1.0,0.0,0,0,1,TTE,0.0,Asia,48,12,0,0,0,0,0,0,0
Lebanon,2000,country,1948,2024,0.0,0.0,0.0,0.0,0.0,0.0,0.0,0.0,0.0,0.0,0.0,0.0,0.0,0.0,0.0,6,4,2,6,5.0,0,0,0,0,-1,299,48,68,24.0,4.0,0.0,0,0,4,ATH,0.0,Asia,52,13,0,0,0,0,0,0,0
Lebanon,2004,country,1948,2024,0.0,0.0,0.0,0.0,0.0,0.0,0.0,0.0,0.0,0.0,0.0,0.0,0.0,0.0,0.0,5,3,2,5,-0.166667,0,0,0,0,-1,301,48,68,4.0,2.0,0.0,0,0,3,ATH,0.0,Asia,56,14,0,0,0,0,0,0,0
Lebanon,2008,country,1948,2024,0.0,0.0,0.0,0.0,0.0,0.0,0.0,0.0,0.0,0.0,0.0,0.0,0.0,0.0,0.0,6,4,2,6,0.2,0,0,0,0,-1,302,48,68,5.0,4.0,0.0,0,0,4,ATH,0.0,Asia,60,15,0,0,0,0,0,0,0
Lebanon,2012,country,1948,2024,0.0,0.0,0.0,0.0,0.0,0.0,0.0,0.0,0.0,0.0,0.0,0.0,0.0,0.0,0.0,10,3,7,10,0.666667,0,0,0,0,-1,302,48,68,2.0,2.0,0.0,0,0,7,ATH,0.0,Asia,64,16,0,0,0,0,0,0,0
Lebanon,2016,country,1948,2024,0.0,0.0,0.0,0.0,0.0,0.0,0.0,0.0,0.0,0.0,0.0,0.0,0.0,0.0,0.0,9,4,5,9,-0.1,0,0,0,0,-1,306,48,68,5.0,1.0,0.0,0,0,7,ATH,0.0,Asia,68,17,0,0,0,0,0,0,0
Lebanon,2020,country,1948,2024,0.0,0.0,0.0,0.0,0.0,0.0,0.0,0.0,0.0,0.0,0.0,0.0,0.0,0.0,0.0,6,3,3,6,-0.333333,0,0,0,0,-1,316,48,68,33.0,23.0,0.0,0,0,5,ATH,0.0,Asia,72,18,0,0,0,0,0,0,0
Lebanon,2024,country,1948,2024,0.0,0.0,0.0,0.0,0.0,0.0,0.0,0.0,0.0,0.0,0.0,0.0,0.0,0.0,0.0,11,7,4,9,0.833333,0,0,0,0,-1,297,48,68,6.0,25.0,0.0,0,0,7,FEN,0.0,Asia,76,19,0,0,0,0,0,0,0
Lesotho,1972,country,1972,2024,,,,,,,,,,,,,,,,2,2,0,2,,0,0,0,0,-1,201,47,67,27.0,0.0,0.0,0,0,1,ATH,0.0,Africa,0,1,0,0,0,0,0,0,0
Lesotho,1976,country,1972,2024,0.0,0.0,0.0,0.0,0.0,,,,,,,,,,,0,0,0,0,,0,0,0,0,-1,199,48,68,8.0,10.0,,0,0,0,,,Africa,4,1,0,0,0,0,0,0,0
Lesotho,1980,country,1972,2024,0.0,0.0,0.0,0.0,0.0,,,,,,,,,,,7,7,0,6,2.5,0,0,0,0,-1,204,47,67,6.0,1.0,0.0,0,0,1,ATH,0.0,Africa,8,2,0,0,0,0,0,0,0
Lesotho,1984,country,1972,2024,0.0,0.0,0.0,0.0,0.0,0.0,0.0,0.0,0.0,0.0,,,,,,5,5,0,4,-0.285714,0,0,0,0,-1,225,46,66,21.0,0.0,0.0,0,0,2,ATH,0.0,Africa,12,3,0,0,0,0,0,0,0
Lesotho,1988,country,1972,2024,0.0,0.0,0.0,0.0,0.0,0.0,0.0,0.0,0.0,0.0,0.0,0.0,0.0,0.0,0.0,6,6,0,5,0.2,0,0,0,0,-1,243,47,67,19.0,1.0,0.0,0,0,2,ATH,0.0,Africa,16,4,0,0,0,0,0,0,0
Lesotho,1992,country,1972,2024,0.0,0.0,0.0,0.0,0.0,0.0,0.0,0.0,0.0,0.0,0.0,0.0,0.0,0.0,0.0,8,6,2,8,0.333333,0,0,0,0,-1,265,48,68,23.0,1.0,0.0,0,0,1,ATH,0.0,Africa,20,5,0,0,0,0,0,0,0
Lesotho,1996,country,1972,2024,0.0,0.0,0.0,0.0,0.0,0.0,0.0,0.0,0.0,0.0,0.0,0.0,0.0,0.0,0.0,11,6,5,5,0.375,0,0,0,0,-1,278,48,68,15.0,1.0,0.0,0,0,1,ATH,0.0,Africa,24,6,0,0,0,0,0,0,0
Lesotho,2000,country,1972,2024,0.0,0.0,0.0,0.0,0.0,0.0,0.0,0.0,0.0,0.0,0.0,0.0,0.0,0.0,0.0,6,4,2,6,-0.454545,0,0,0,0,-1,299,48,68,24.0,4.0,0.0,0,0,3,ATH,0.0,Africa,28,7,0,0,0,0,0,0,0
Lesotho,2004,country,1972,2024,0.0,0.0,0.0,0.0,0.0,0.0,0.0,0.0,0.0,0.0,0.0,0.0,0.0,0.0,0.0,3,1,2,3,-0.5,0,0,0,0,-1,301,48,68,4.0,2.0,0.0,0,0,2,ATH,0.0,Africa,32,8,0,0,0,0,0,0,0
Lesotho,2008,country,1972,2024,0.0,0.0,0.0,0.0,0.0,0.0,0.0,0.0,0.0,0.0,0.0,0.0,0.0,0.0,0.0,5,4,1,3,0.666667,0,0,0,0,-1,302,48,68,5.0,4.0,0.0,0,0,2,ATH,0.0,Africa,36,9,0,0,0,0,0,0,0
Lesotho,2012,country,1972,2024,0.0,0.0,0.0,0.0,0.0,0.0,0.0,0.0,0.0,0.0,0.0,0.0,0.0,0.0,0.0,4,2,2,4,-0.2,0,0,0,0,-1,302,48,68,2.0,2.0,0.0,0,0,2,ATH,0.0,Africa,40,10,0,0,0,0,0,0,0
Lesotho,2016,country,1972,2024,0.0,0.0,0.0,0.0,0.0,0.0,0.0,0.0,0.0,0.0,0.0,0.0,0.0,0.0,0.0,9,8,1,8,1.25,0,0,0,0,-1,306,48,68,5.0,1.0,0.0,0,0,3,ATH,0.0,Africa,44,11,0,0,0,0,0,0,0
Lesotho,2020,country,1972,2024,0.0,0.0,0.0,0.0,0.0,0.0,0.0,0.0,0.0,0.0,0.0,0.0,0.0,0.0,0.0,2,1,1,2,-0.777778,0,0,0,0,-1,316,48,68,33.0,23.0,0.0,0,0,1,ATH,0.0,Africa,48,12,0,0,0,0,0,0,0
Lesotho,2024,country,1972,2024,0.0,0.0,0.0,0.0,0.0,0.0,0.0,0.0,0.0,0.0,0.0,0.0,0.0,0.0,0.0,3,1,2,3,0.5,0,0,0,0,-1,297,48,68,6.0,25.0,0.0,0,0,2,ATH,0.0,Africa,52,13,0,0,0,0,0,0,0
Liberia,1956,country,1956,2024,,,,,,,,,,,,,,,,11,11,0,6,,0,0,0,0,-1,149,48,68,2.0,2.0,0.0,0,0,1,ATH,0.0,Africa,0,1,0,0,0,0,0,0,0
Liberia,1960,country,1956,2024,0.0,0.0,0.0,0.0,0.0,,,,,,,,,,,6,6,0,5,-0.454545,0,0,0,0,-1,152,48,67,6.0,3.0,0.0,0,0,1,ATH,0.0,Africa,4,2,0,0,0,0,0,0,0
Liberia,1964,country,1956,2024,0.0,0.0,0.0,0.0,0.0,0.0,0.0,0.0,0.0,0.0,,,,,,2,2,0,2,-0.666667,0,0,0,0,-1,164,47,67,12.0,0.0,0.0,0,0,1,ATH,0.0,Africa,8,3,0,0,0,0,0,0,0
Liberia,1968,country,1956,2024,0.0,0.0,0.0,0.0,0.0,0.0,0.0,0.0,0.0,0.0,0.0,0.0,0.0,0.0,0.0,0,0,0,0,,0,0,0,0,-1,174,47,67,14.0,4.0,,0,0,0,,,Africa,12,3,0,0,0,0,0,0,0
Liberia,1972,country,1956,2024,0.0,0.0,0.0,0.0,0.0,0.0,0.0,0.0,0.0,0.0,0.0,0.0,0.0,0.0,0.0,5,5,0,5,1.5,0,0,0,0,-1,201,47,67,27.0,0.0,0.0,0,0,1,ATH,0.0,Africa,16,4,0,0,0,0,0,0,0
Liberia,1976,country,1956,2024,0.0,0.0,0.0,0.0,0.0,0.0,0.0,0.0,0.0,0.0,0.0,0.0,0.0,0.0,0.0,0,0,0,0,,0,0,0,0,-1,199,48,68,8.0,10.0,,0,0,0,,,Africa,20,4,0,0,0,0,0,0,0
Liberia,1980,country,1956,2024,0.0,0.0,0.0,0.0,0.0,0.0,0.0,0.0,0.0,0.0,0.0,0.0,0.0,0.0,0.0,0,0,0,0,,0,0,0,0,-1,204,47,67,6.0,1.0,,0,0,0,,,Africa,24,4,0,0,0,0,0,0,0
Liberia,1984,country,1956,2024,0.0,0.0,0.0,0.0,0.0,0.0,0.0,0.0,0.0,0.0,0.0,0.0,0.0,0.0,0.0,10,9,1,7,1.0,0,0,0,0,-1,225,46,66,21.0,0.0,0.0,0,0,1,ATH,0.0,Africa,28,5,0,0,0,0,0,0,0
Liberia,1988,country,1956,2024,0.0,0.0,0.0,0.0,0.0,0.0,0.0,0.0,0.0,0.0,0.0,0.0,0.0,0.0,0.0,11,8,3,10,0.1,0,0,0,0,-1,243,47,67,19.0,1.0,0.0,0,0,2,ATH,0.0,Africa,32,6,0,0,0,0,0,0,0
Liberia,1992,country,1956,2024,0.0,0.0,0.0,0.0,0.0,0.0,0.0,0.0,0.0,0.0,0.0,0.0,0.0,0.0,0.0,0,0,0,0,,0,0,0,0,-1,265,48,68,23.0,1.0,,0,0,0,,,Africa,36,6,0,0,0,0,0,0,0
Liberia,1996,country,1956,2024,0.0,0.0,0.0,0.0,0.0,0.0,0.0,0.0,0.0,0.0,0.0,0.0,0.0,0.0,0.0,7,6,1,3,-0.363636,0,0,0,0,-1,278,48,68,15.0,1.0,0.0,0,0,1,ATH,0.0,Africa,40,7,0,0,0,0,0,0,0
Liberia,2000,country,1956,2024,0.0,0.0,0.0,0.0,0.0,0.0,0.0,0.0,0.0,0.0,0.0,0.0,0.0,0.0,0.0,10,8,2,7,0.428571,0,0,0,0,-1,299,48,68,24.0,4.0,0.0,0,0,1,ATH,0.0,Africa,44,8,0,0,0,0,0,0,0
Liberia,2004,country,1956,2024,0.0,0.0,0.0,0.0,0.0,0.0,0.0,0.0,0.0,0.0,0.0,0.0,0.0,0.0,0.0,2,1,1,2,-0.8,0,0,0,0,-1,301,48,68,4.0,2.0,0.0,0,0,1,ATH,0.0,Africa,48,9,0,0,0,0,0,0,0
Liberia,2008,country,1956,2024,0.0,0.0,0.0,0.0,0.0,0.0,0.0,0.0,0.0,0.0,0.0,0.0,0.0,0.0,0.0,4,2,2,4,1.0,0,0,0,0,-1,302,48,68,5.0,4.0,0.0,0,0,1,ATH,0.0,Africa,52,10,0,0,0,0,0,0,0
Liberia,2012,country,1956,2024,0.0,0.0,0.0,0.0,0.0,0.0,0.0,0.0,0.0,0.0,0.0,0.0,0.0,0.0,0.0,3,1,2,3,-0.25,0,0,0,0,-1,302,48,68,2.0,2.0,0.0,0,0,1,ATH,0.0,Africa,56,11,0,0,0,0,0,0,0
Liberia,2016,country,1956,2024,0.0,0.0,0.0,0.0,0.0,0.0,0.0,0.0,0.0,0.0,0.0,0.0,0.0,0.0,0.0,3,2,1,3,0.0,0,0,0,0,-1,306,48,68,5.0,1.0,0.0,0,0,1,ATH,0.0,Africa,60,12,0,0,0,0,0,0,0
Liberia,2020,country,1956,2024,0.0,0.0,0.0,0.0,0.0,0.0,0.0,0.0,0.0,0.0,0.0,0.0,0.0,0.0,0.0,4,3,1,3,0.333333,0,0,0,0,-1,316,48,68,33.0,23.0,0.0,0,0,1,ATH,0.0,Africa,64,13,0,0,0,0,0,0,0
Liberia,2024,country,1956,2024,0.0,0.0,0.0,0.0,0.0,0.0,0.0,0.0,0.0,0.0,0.0,0.0,0.0,0.0,0.0,10,7,3,5,1.5,0,0,0,0,-1,297,48,68,6.0,25.0,0.0,0,0,1,ATH,0.0,Africa,68,14,0,0,0,0,0,0,0
Libya,1968,country,1968,2024,,,,,,,,,,,,,,,,1,1,0,1,,0,0,0,0,-1,174,47,67,14.0,4.0,0.0,0,0,1,ATH,0.0,Africa,0,1,0,0,0,0,0,0,0
Libya,1972,country,1968,2024,0.0,0.0,0.0,0.0,0.0,,,,,,,,,,,0,0,0,0,,0,0,0,0,-1,201,47,67,27.0,0.0,,0,0,0,,,Africa,4,1,0,0,0,0,0,0,0
Libya,1976,country,1968,2024,0.0,0.0,0.0,0.0,0.0,,,,,,,,,,,0,0,0,0,,0,0,0,0,-1,199,48,68,8.0,10.0,,0,0,0,,,Africa,8,1,0,0,0,0,0,0,0
Libya,1980,country,1968,2024,0.0,0.0,0.0,0.0,0.0,,,,,,,,,,,38,33,5,20,37.0,0,0,0,0,-1,204,47,67,6.0,1.0,0.0,0,0,6,ATH,0.0,Africa,12,2,0,0,0,0,0,0,0
Libya,1984,country,1968,2024,0.0,0.0,0.0,0.0,0.0,0.0,0.0,0.0,0.0,0.0,,,,,,0,0,0,0,,0,0,0,0,-1,225,46,66,21.0,0.0,,0,0,0,,,Africa,16,2,0,0,0,0,0,0,0
Libya,1988,country,1968,2024,0.0,0.0,0.0,0.0,0.0,0.0,0.0,0.0,0.0,0.0,,,,,,7,7,0,5,-0.815789,0,0,0,0,-1,243,47,67,19.0,1.0,0.0,0,0,3,ATH,0.0,Africa,20,3,0,0,0,0,0,0,0
Libya,1992,country,1968,2024,0.0,0.0,0.0,0.0,0.0,0.0,0.0,0.0,0.0,0.0,0.0,0.0,0.0,0.0,0.0,5,5,0,5,-0.285714,0,0,0,0,-1,265,48,68,23.0,1.0,0.0,0,0,4,ATH,0.0,Africa,24,4,0,0,0,0,0,0,0
Libya,1996,country,1968,2024,0.0,0.0,0.0,0.0,0.0,0.0,0.0,0.0,0.0,0.0,0.0,0.0,0.0,0.0,0.0,5,5,0,5,0.0,0,0,0,0,-1,278,48,68,15.0,1.0,0.0,0,0,2,ATH,0.0,Africa,28,5,0,0,0,0,0,0,0
Libya,2000,country,1968,2024,0.0,0.0,0.0,0.0,0.0,0.0,0.0,0.0,0.0,0.0,0.0,0.0,0.0,0.0,0.0,3,3,0,3,-0.4,0,0,0,0,-1,299,48,68,24.0,4.0,0.0,0,0,3,ATH,0.0,Africa,32,6,0,0,0,0,0,0,0
Libya,2004,country,1968,2024,0.0,0.0,0.0,0.0,0.0,0.0,0.0,0.0,0.0,0.0,0.0,0.0,0.0,0.0,0.0,8,6,2,8,1.666667,0,0,0,0,-1,301,48,68,4.0,2.0,0.0,0,0,5,ATH,0.0,Africa,36,7,0,0,0,0,0,0,0
Libya,2008,country,1968,2024,0.0,0.0,0.0,0.0,0.0,0.0,0.0,0.0,0.0,0.0,0.0,0.0,0.0,0.0,0.0,6,4,2,6,-0.25,0,0,0,0,-1,302,48,68,5.0,4.0,0.0,0,0,4,ATH,0.0,Africa,40,8,0,0,0,0,0,0,0
Libya,2012,country,1968,2024,0.0,0.0,0.0,0.0,0.0,0.0,0.0,0.0,0.0,0.0,0.0,0.0,0.0,0.0,0.0,4,3,1,4,-0.333333,0,0,0,0,-1,302,48,68,2.0,2.0,0.0,0,0,3,ATH,0.0,Africa,44,9,0,0,0,0,0,0,0
Libya,2016,country,1968,2024,0.0,0.0,0.0,0.0,0.0,0.0,0.0,0.0,0.0,0.0,0.0,0.0,0.0,0.0,0.0,7,6,1,7,0.75,0,0,0,0,-1,306,48,68,5.0,1.0,0.0,0,0,6,ARC,0.0,Africa,48,10,0,0,0,0,0,0,0
Libya,2020,country,1968,2024,0.0,0.0,0.0,0.0,0.0,0.0,0.0,0.0,0.0,0.0,0.0,0.0,0.0,0.0,0.0,4,3,1,4,-0.428571,0,0,0,0,-1,316,48,68,33.0,23.0,0.0,0,0,4,ATH,0.0,Africa,52,11,0,0,0,0,0,0,0
Libya,2024,country,1968,2024,0.0,0.0,0.0,0.0,0.0,0.0,0.0,0.0,0.0,0.0,0.0,0.0,0.0,0.0,0.0,6,5,1,6,0.5,0,0,0,0,-1,297,48,68,6.0,25.0,0.0,0,0,5,ATH,0.0,Africa,56,12,0,0,0,0,0,0,0
Liechtenstein,1936,country,1936,2024,,,,,,,,,,,,,,,,8,8,0,5,,0,0,0,0,-1,129,48,67,4.0,2.0,0.0,0,0,3,ATH,0.0,Europe,0,1,0,0,0,0,0,0,0
Liechtenstein,1948,country,1936,2024,0.0,0.0,0.0,0.0,0.0,,,,,,,,,,,2,2,0,1,-0.75,0,0,0,0,-1,136,48,68,9.0,2.0,0.0,0,0,1,ATH,0.0,Europe,12,2,0,0,0,0,0,0,0
Liechtenstein,1952,country,1936,2024,0.0,0.0,0.0,0.0,0.0,0.0,0.0,0.0,0.0,0.0,,,,,,2,2,0,1,0.0,0,0,0,0,-1,149,48,68,12.0,0.0,0.0,0,0,1,CRD,0.0,Europe,16,3,0,0,0,0,0,0,0
Liechtenstein,1956,country,1936,2024,0.0,0.0,0.0,0.0,0.0,0.0,0.0,0.0,0.0,0.0,0.0,0.0,0.0,0.0,0.0,0,0,0,0,,0,0,0,0,-1,149,48,68,2.0,2.0,,0,0,0,,,Europe,20,3,0,0,0,0,0,0,0
Liechtenstein,1960,country,1936,2024,0.0,0.0,0.0,0.0,0.0,0.0,0.0,0.0,0.0,0.0,0.0,0.0,0.0,0.0,0.0,8,8,0,6,3.0,0,0,0,0,-1,152,48,67,6.0,3.0,0.0,0,0,3,ATH,0.0,Europe,24,4,0,0,0,0,0,0,0
Liechtenstein,1964,country,1936,2024,0.0,0.0,0.0,0.0,0.0,0.0,0.0,0.0,0.0,0.0,0.0,0.0,0.0,0.0,0.0,3,3,0,3,-0.625,0,0,0,0,-1,164,47,67,12.0,0.0,0.0,0,0,1,ATH,0.0,Europe,28,5,0,0,0,0,0,0,0
Liechtenstein,1968,country,1936,2024,0.0,0.0,0.0,0.0,0.0,0.0,0.0,0.0,0.0,0.0,0.0,0.0,0.0,0.0,0.0,3,3,0,3,0.0,0,0,0,0,-1,174,47,67,14.0,4.0,0.0,0,0,1,ATH,0.0,Europe,32,6,0,0,0,0,0,0,0
Liechtenstein,1972,country,1936,2024,0.0,0.0,0.0,0.0,0.0,0.0,0.0,0.0,0.0,0.0,0.0,0.0,0.0,0.0,0.0,12,12,0,11,3.0,0,0,0,0,-1,201,47,67,27.0,0.0,0.0,0,0,4,CRD,0.0,Europe,36,7,0,0,0,0,0,0,0
Liechtenstein,1976,country,1936,2024,0.0,0.0,0.0,0.0,0.0,0.0,0.0,0.0,0.0,0.0,0.0,0.0,0.0,0.0,0.0,9,6,3,9,-0.25,0,0,0,0,-1,199,48,68,8.0,10.0,0.0,0,0,2,ATH,0.0,Europe,40,8,0,0,0,0,0,0,0
Liechtenstein,1980,country,1936,2024,0.0,0.0,0.0,0.0,0.0,0.0,0.0,0.0,0.0,0.0,0.0,0.0,0.0,0.0,0.0,0,0,0,0,,0,0,0,0,-1,204,47,67,6.0,1.0,,0,0,0,,,Europe,44,8,0,0,0,0,0,0,0
Liechtenstein,1984,country,1936,2024,0.0,0.0,0.0,0.0,0.0,0.0,0.0,0.0,0.0,0.0,0.0,0.0,0.0,0.0,0.0,8,6,2,7,-0.111111,0,0,0,0,-1,225,46,66,21.0,0.0,0.0,0,0,3,ATH,0.0,Europe,48,9,0,0,0,0,0,0,0
Liechtenstein,1988,country,1936,2024,0.0,0.0,0.0,0.0,0.0,0.0,0.0,0.0,0.0,0.0,0.0,0.0,0.0,0.0,0.0,16,13,3,15,1.0,0,0,0,0,-1,243,47,67,19.0,1.0,0.0,0,0,6,ATH,0.0,Europe,52,10,0,0,0,0,0,0,0
Liechtenstein,1992,country,1936,2024,0.0,0.0,0.0,0.0,0.0,0.0,0.0,0.0,0.0,0.0,0.0,0.0,0.0,0.0,0.0,8,5,3,8,-0.5,0,0,0,0,-1,265,48,68,23.0,1.0,0.0,0,0,5,ATH,0.0,Europe,56,11,0,0,0,0,0,0,0
Liechtenstein,1996,country,1936,2024,0.0,0.0,0.0,0.0,0.0,0.0,0.0,0.0,0.0,0.0,0.0,0.0,0.0,0.0,0.0,2,0,2,2,-0.75,0,0,0,0,-1,278,48,68,15.0,1.0,0.0,0,0,2,ATH,0.0,Europe,60,12,0,0,0,0,0,0,0
Liechtenstein,2000,country,1936,2024,0.0,0.0,0.0,0.0,0.0,0.0,0.0,0.0,0.0,0.0,0.0,0.0,0.0,0.0,0.0,2,1,1,2,0.0,0,0,0,0,-1,299,48,68,24.0,4.0,0.0,0,0,2,JUD,0.0,Europe,64,13,0,0,0,0,0,0,0
Liechtenstein,2004,country,1936,2024,0.0,0.0,0.0,0.0,0.0,0.0,0.0,0.0,0.0,0.0,0.0,0.0,0.0,0.0,0.0,1,1,0,1,-0.5,0,0,0,0,-1,301,48,68,4.0,2.0,0.0,0,0,1,SHO,0.0,Europe,68,14,0,0,0,0,0,0,0
Liechtenstein,2008,country,1936,2024,0.0,0.0,0.0,0.0,0.0,0.0,0.0,0.0,0.0,0.0,0.0,0.0,0.0,0.0,0.0,2,2,0,2,1.0,0,0,0,0,-1,302,48,68,5.0,4.0,0.0,0,0,2,ATH,0.0,Europe,72,15,0,0,0,0,0,0,0
Liechtenstein,2012,country,1936,2024,0.0,0.0,0.0,0.0,0.0,0.0,0.0,0.0,0.0,0.0,0.0,0.0,0.0,0.0,0.0,4,1,3,4,1.0,0,0,0,0,-1,302,48,68,2.0,2.0,0.0,0,0,3,ATH,0.0,Europe,76,16,0,0,0,0,0,0,0
Liechtenstein,2016,country,1936,2024,0.0,0.0,0.0,0.0,0.0,0.0,0.0,0.0,0.0,0.0,0.0,0.0,0.0,0.0,0.0,3,1,2,3,-0.25,0,0,0,0,-1,306,48,68,5.0,1.0,0.0,0,0,2,SWM,0.0,Europe,80,17,0,0,0,0,0,0,0
Liechtenstein,2020,country,1936,2024,0.0,0.0,0.0,0.0,0.0,0.0,0.0,0.0,0.0,0.0,0.0,0.0,0.0,0.0,0.0,9,3,6,8,2.0,0,0,0,0,-1,316,48,68,33.0,23.0,0.0,0,0,3,JUD,0.0,Europe,84,18,0,0,0,0,0,0,0
Liechtenstein,2024,country,1936,2024,0.0,0.0,0.0,0.0,0.0,0.0,0.0,0.0,0.0,0.0,0.0,0.0,0.0,0.0,0.0,1,1,0,1,-0.888889,0,0,0,0,-1,297,48,68,6.0,25.0,0.0,0,0,1,MTB,0.0,Europe,88,19,0,0,0,0,0,0,0
Lithuania,1924,country,1924,2024,,,,,,,,,,,,,,,,13,13,0,2,,0,0,0,0,-1,126,45,62,12.0,42.0,0.0,0,0,2,CRD,0.0,Europe,0,1,0,0,0,0,0,0,0
Lithuania,1928,country,1924,2024,0.0,0.0,0.0,0.0,0.0,,,,,,,,,,,13,12,1,10,0.0,0,0,0,0,-1,110,48,68,3.0,19.0,0.0,0,0,4,ATH,0.0,Europe,4,2,0,0,0,0,0,0,0
Lithuania,1932,country,1924,2024,0.0,0.0,0.0,0.0,0.0,0.0,0.0,0.0,0.0,0.0,,,,,,0,0,0,0,,0,0,0,0,-1,127,48,67,18.0,1.0,,0,0,0,,,Europe,8,2,0,0,0,0,0,0,0
Lithuania,1936,country,1924,2024,0.0,0.0,0.0,0.0,0.0,0.0,0.0,0.0,0.0,0.0,,,,,,0,0,0,0,,0,0,0,0,-1,129,48,67,4.0,2.0,,0,0,0,,,Europe,12,2,0,0,0,0,0,0,0
Lithuania,1948,country,1924,2024,0.0,0.0,0.0,0.0,0.0,0.0,0.0,0.0,0.0,0.0,,,,,,0,0,0,0,,0,0,0,0,-1,136,48,68,9.0,2.0,,0,0,0,,,Europe,24,2,0,0,0,0,0,0,0
Lithuania,1952,country,1924,2024,0.0,0.0,0.0,0.0,0.0,0.0,0.0,0.0,0.0,0.0,,,,,,0,0,0,0,,0,0,0,0,-1,149,48,68,12.0,0.0,,0,0,0,,,Europe,28,2,0,0,0,0,0,0,0
Lithuania,1956,country,1924,2024,0.0,0.0,0.0,0.0,0.0,0.0,0.0,0.0,0.0,0.0,,,,,,0,0,0,0,,0,0,0,0,-1,149,48,68,2.0,2.0,,0,0,0,,,Europe,32,2,0,0,0,0,0,0,0
Lithuania,1960,country,1924,2024,0.0,0.0,0.0,0.0,0.0,0.0,0.0,0.0,0.0,0.0,,,,,,0,0,0,0,,0,0,0,0,-1,152,48,67,6.0,3.0,,0,0,0,,,Europe,36,2,0,0,0,0,0,0,0
Lithuania,1964,country,1924,2024,0.0,0.0,0.0,0.0,0.0,0.0,0.0,0.0,0.0,0.0,,,,,,0,0,0,0,,0,0,0,0,-1,164,47,67,12.0,0.0,,0,0,0,,,Europe,40,2,0,0,0,0,0,0,0
Lithuania,1968,country,1924,2024,0.0,0.0,0.0,0.0,0.0,0.0,0.0,0.0,0.0,0.0,,,,,,0,0,0,0,,0,0,0,0,-1,174,47,67,14.0,4.0,,0,0,0,,,Europe,44,2,0,0,0,0,0,0,0
Lithuania,1972,country,1924,2024,0.0,0.0,0.0,0.0,0.0,0.0,0.0,0.0,0.0,0.0,,,,,,0,0,0,0,,0,0,0,0,-1,201,47,67,27.0,0.0,,0,0,0,,,Europe,48,2,0,0,0,0,0,0,0
Lithuania,1976,country,1924,2024,0.0,0.0,0.0,0.0,0.0,0.0,0.0,0.0,0.0,0.0,,,,,,0,0,0,0,,0,0,0,0,-1,199,48,68,8.0,10.0,,0,0,0,,,Europe,52,2,0,0,0,0,0,0,0
Lithuania,1980,country,1924,2024,0.0,0.0,0.0,0.0,0.0,0.0,0.0,0.0,0.0,0.0,,,,,,0,0,0,0,,0,0,0,0,-1,204,47,67,6.0,1.0,,0,0,0,,,Europe,56,2,0,0,0,0,0,0,0
Lithuania,1984,country,1924,2024,0.0,0.0,0.0,0.0,0.0,0.0,0.0,0.0,0.0,0.0,,,,,,0,0,0,0,,0,0,0,0,-1,225,46,66,21.0,0.0,,0,0,0,,,Europe,60,2,0,0,0,0,0,0,0
Lithuania,1988,country,1924,2024,0.0,0.0,0.0,0.0,0.0,0.0,0.0,0.0,0.0,0.0,,,,,,0,0,0,0,,0,0,0,0,-1,243,47,67,19.0,1.0,,0,0,0,,,Europe,64,2,0,0,0,0,0,0,0
Lithuania,1992,country,1924,2024,0.0,0.0,0.0,0.0,0.0,0.0,0.0,0.0,0.0,0.0,,,,,,54,42,12,31,3.153846,0,0,0,0,-1,265,48,68,23.0,1.0,0.223256,0,0,12,BKB,0.2,Europe,68,3,0,0,1,0,1,2,1
Lithuania,1996,country,1924,2024,1.0,0.0,1.0,2.0,1.0,0.0,0.0,0.0,0.0,0.0,0.0,0.0,0.0,0.0,0.0,81,59,22,49,0.5,0,0,0,0,-1,278,48,68,15.0,1.0,0.209576,0,0,16,BKB,0.2,Europe,72,4,0,0,0,0,1,1,1
Lithuania,2000,country,1924,2024,0.0,0.0,1.0,1.0,1.0,1.0,0.0,1.0,2.0,1.0,0.0,0.0,0.0,0.0,0.0,77,47,30,50,-0.049383,0,0,0,0,-1,299,48,68,24.0,4.0,0.323581,0,0,17,BKB,0.2,Europe,76,5,0,0,2,0,3,5,1
Lithuania,2004,country,1924,2024,2.0,0.0,3.0,5.0,1.0,0.0,0.0,1.0,1.0,1.0,1.0,0.0,1.0,2.0,1.0,70,55,15,44,-0.090909,0,0,0,0,-1,301,48,68,4.0,2.0,0.3387,0,0,14,MPN,0.136364,Europe,80,6,0,0,1,2,0,3,1
Lithuania,2008,country,1924,2024,1.0,2.0,0.0,3.0,1.0,2.0,0.0,3.0,5.0,1.0,0.0,0.0,1.0,1.0,1.0,78,45,33,54,0.114286,0,0,0,0,-1,302,48,68,5.0,4.0,0.47728899999999996,0,0,17,MPN,0.322727,Europe,84,7,0,0,0,2,3,5,1
Lithuania,2012,country,1924,2024,0.0,2.0,3.0,5.0,1.0,1.0,2.0,0.0,3.0,1.0,2.0,0.0,3.0,5.0,1.0,72,42,30,54,-0.076923,0,0,0,0,-1,302,48,68,2.0,2.0,0.548504,0,0,16,MPN,0.454545,Europe,88,8,0,0,2,1,2,5,1
Lithuania,2016,country,1924,2024,2.0,1.0,2.0,5.0,1.0,0.0,2.0,3.0,5.0,1.0,1.0,2.0,0.0,3.0,1.0,80,60,20,49,0.111111,0,0,0,0,-1,306,48,68,5.0,1.0,0.397578,0,0,16,MPN,0.272727,Europe,92,9,0,0,0,1,3,4,1
Lithuania,2020,country,1924,2024,0.0,1.0,3.0,4.0,1.0,2.0,1.0,2.0,5.0,1.0,0.0,2.0,3.0,5.0,1.0,59,38,21,46,-0.2625,0,0,0,0,-1,316,48,68,33.0,23.0,0.318039,0,0,13,MPN,0.25,Europe,96,10,0,0,0,1,0,1,1
Lithuania,2024,country,1924,2024,0.0,1.0,0.0,1.0,1.0,0.0,1.0,3.0,4.0,1.0,2.0,1.0,2.0,5.0,1.0,63,38,25,42,0.067797,0,0,0,0,-1,297,48,68,6.0,25.0,0.8373510000000001,0,0,16,BK3,0.4,Europe,100,11,0,0,0,2,2,4,1
Luxembourg,1900,country,1900,2024,,,,,,,,,,,,,,,,1,1,0,1,,0,0,0,0,-1,97,47,66,65.0,12.0,0.041667,0,0,1,ATH,0.041667,Europe,0,1,0,0,1,0,0,1,1
Luxembourg,1904,country,1900,2024,1.0,0.0,0.0,1.0,1.0,,,,,,,,,,,0,0,0,0,,0,0,0,0,-1,95,48,67,36.0,38.0,,0,0,0,,,Europe,4,1,0,0,0,0,0,0,0
Luxembourg,1908,country,1900,2024,1.0,0.0,0.0,1.0,1.0,,,,,,,,,,,0,0,0,0,,0,0,0,0,-1,104,48,67,35.0,26.0,,0,0,0,,,Europe,8,1,0,0,0,0,0,0,0
Luxembourg,1912,country,1900,2024,1.0,0.0,0.0,1.0,1.0,,,,,,,,,,,44,44,0,6,43.0,0,0,0,0,-1,102,48,67,25.0,28.0,0.0,0,0,2,ATH,0.0,Europe,12,2,0,0,0,0,0,0,0
Luxembourg,1920,country,1900,2024,0.0,0.0,0.0,0.0,0.0,1.0,0.0,0.0,1.0,1.0,,,,,,35,35,0,18,-0.204545,0,0,0,0,-1,156,48,67,58.0,4.0,0.12,0,0,6,WLF,0.12,Europe,20,3,0,0,0,1,0,1,1
Luxembourg,1924,country,1900,2024,0.0,1.0,0.0,1.0,1.0,0.0,0.0,0.0,0.0,0.0,1.0,0.0,0.0,1.0,1.0,122,120,2,35,2.485714,0,0,0,0,-1,126,45,62,12.0,42.0,0.049412,0,0,10,WLF,0.049412,Europe,24,4,0,0,1,1,0,2,1
Luxembourg,1928,country,1900,2024,1.0,1.0,0.0,2.0,1.0,0.0,1.0,0.0,1.0,1.0,0.0,0.0,0.0,0.0,0.0,103,101,2,31,-0.155738,0,0,0,0,-1,110,48,68,3.0,19.0,0.027273,0,0,9,WLF,0.027273,Europe,28,5,0,0,1,0,0,1,1
Luxembourg,1932,country,1900,2024,1.0,0.0,0.0,1.0,1.0,1.0,1.0,0.0,2.0,1.0,0.0,1.0,0.0,1.0,1.0,4,4,0,3,-0.961165,0,0,0,0,-1,127,48,67,18.0,1.0,,0,0,0,,,Europe,32,6,0,0,0,0,0,0,0
Luxembourg,1936,country,1900,2024,0.0,0.0,0.0,0.0,0.0,1.0,0.0,0.0,1.0,1.0,1.0,1.0,0.0,2.0,1.0,115,114,1,37,27.75,0,0,0,0,-1,129,48,67,4.0,2.0,0.0,0,0,9,ATH,0.0,Europe,36,7,0,0,0,0,0,0,0
Luxembourg,1948,country,1900,2024,0.0,0.0,0.0,0.0,0.0,0.0,0.0,0.0,0.0,0.0,1.0,0.0,0.0,1.0,1.0,115,111,4,32,0.0,0,0,0,0,-1,136,48,68,9.0,2.0,0.0,0,0,8,ATH,0.0,Europe,48,8,0,0,0,0,0,0,0
Luxembourg,1952,country,1900,2024,0.0,0.0,0.0,0.0,0.0,0.0,0.0,0.0,0.0,0.0,0.0,0.0,0.0,0.0,0.0,101,101,0,32,-0.121739,0,0,0,0,-1,149,48,68,12.0,0.0,0.013774,0,0,9,ATH,0.013774,Europe,52,9,0,0,1,0,0,1,1
Luxembourg,1956,country,1900,2024,1.0,0.0,0.0,1.0,1.0,0.0,0.0,0.0,0.0,0.0,0.0,0.0,0.0,0.0,0.0,27,22,5,22,-0.732673,0,0,0,0,-1,149,48,68,2.0,2.0,0.009642,0,0,5,ATH,0.009642,Europe,56,10,0,0,0,0,0,0,0
Luxembourg,1960,country,1900,2024,0.0,0.0,0.0,0.0,0.0,1.0,0.0,0.0,1.0,1.0,0.0,0.0,0.0,0.0,0.0,117,104,13,48,3.333333,0,0,0,0,-1,152,48,67,6.0,3.0,0.006887,0,0,10,ATH,0.006887,Europe,60,11,0,0,0,0,0,0,0
Luxembourg,1964,country,1900,2024,0.0,0.0,0.0,0.0,0.0,0.0,0.0,0.0,0.0,0.0,1.0,0.0,0.0,1.0,1.0,27,25,2,18,-0.769231,0,0,0,0,-1,164,47,67,12.0,0.0,0.0,0,0,7,ATH,0.0,Europe,64,12,0,0,0,0,0,0,0
Luxembourg,1968,country,1900,2024,0.0,0.0,0.0,0.0,0.0,0.0,0.0,0.0,0.0,0.0,0.0,0.0,0.0,0.0,0.0,7,4,3,7,-0.740741,0,0,0,0,-1,174,47,67,14.0,4.0,0.0,0,0,5,ATH,0.0,Europe,68,13,0,0,0,0,0,0,0
Luxembourg,1972,country,1900,2024,0.0,0.0,0.0,0.0,0.0,0.0,0.0,0.0,0.0,0.0,0.0,0.0,0.0,0.0,0.0,15,14,1,8,1.142857,0,0,0,0,-1,201,47,67,27.0,0.0,0.0,0,0,5,ARC,0.0,Europe,72,14,0,0,0,0,0,0,0
Luxembourg,1976,country,1900,2024,0.0,0.0,0.0,0.0,0.0,0.0,0.0,0.0,0.0,0.0,0.0,0.0,0.0,0.0,0.0,9,9,0,7,-0.4,0,0,0,0,-1,199,48,68,8.0,10.0,0.0,0,0,4,ATH,0.0,Europe,76,15,0,0,0,0,0,0,0
Luxembourg,1980,country,1900,2024,0.0,0.0,0.0,0.0,0.0,0.0,0.0,0.0,0.0,0.0,0.0,0.0,0.0,0.0,0.0,4,4,0,4,-0.555556,0,0,0,0,-1,204,47,67,6.0,1.0,0.0,0,0,3,ARC,0.0,Europe,80,16,0,0,0,0,0,0,0
Luxembourg,1984,country,1900,2024,0.0,0.0,0.0,0.0,0.0,0.0,0.0,0.0,0.0,0.0,0.0,0.0,0.0,0.0,0.0,5,4,1,4,0.25,0,0,0,0,-1,225,46,66,21.0,0.0,0.0,0,0,3,ARC,0.0,Europe,84,17,0,0,0,0,0,0,0
Luxembourg,1988,country,1900,2024,0.0,0.0,0.0,0.0,0.0,0.0,0.0,0.0,0.0,0.0,0.0,0.0,0.0,0.0,0.0,11,7,4,11,1.2,0,0,0,0,-1,243,47,67,19.0,1.0,0.0,0,0,4,ARC,0.0,Europe,88,18,0,0,0,0,0,0,0
Luxembourg,1992,country,1900,2024,0.0,0.0,0.0,0.0,0.0,0.0,0.0,0.0,0.0,0.0,0.0,0.0,0.0,0.0,0.0,8,7,1,8,-0.272727,0,0,0,0,-1,265,48,68,23.0,1.0,0.0,0,0,4,ARC,0.0,Europe,92,19,0,0,0,0,0,0,0
Luxembourg,1996,country,1900,2024,0.0,0.0,0.0,0.0,0.0,0.0,0.0,0.0,0.0,0.0,0.0,0.0,0.0,0.0,0.0,7,3,4,7,-0.125,0,0,0,0,-1,278,48,68,15.0,1.0,0.0,0,0,5,ATH,0.0,Europe,96,20,0,0,0,0,0,0,0
Luxembourg,2000,country,1900,2024,0.0,0.0,0.0,0.0,0.0,0.0,0.0,0.0,0.0,0.0,0.0,0.0,0.0,0.0,0.0,9,2,7,8,0.285714,0,0,0,0,-1,299,48,68,24.0,4.0,0.0,0,0,4,SWM,0.0,Europe,100,21,0,0,0,0,0,0,0
Luxembourg,2004,country,1900,2024,0.0,0.0,0.0,0.0,0.0,0.0,0.0,0.0,0.0,0.0,0.0,0.0,0.0,0.0,0.0,14,7,7,10,0.555556,0,0,0,0,-1,301,48,68,4.0,2.0,0.0,0,0,6,ARC,0.0,Europe,104,22,0,0,0,0,0,0,0
Luxembourg,2008,country,1900,2024,0.0,0.0,0.0,0.0,0.0,0.0,0.0,0.0,0.0,0.0,0.0,0.0,0.0,0.0,0.0,19,15,4,17,0.357143,0,0,0,0,-1,302,48,68,5.0,4.0,0.0,0,0,7,CRD,0.0,Europe,108,23,0,0,0,0,0,0,0
Luxembourg,2012,country,1900,2024,0.0,0.0,0.0,0.0,0.0,0.0,0.0,0.0,0.0,0.0,0.0,0.0,0.0,0.0,0.0,11,7,4,11,-0.421053,0,0,0,0,-1,302,48,68,2.0,2.0,0.0,0,0,7,ARC,0.0,Europe,112,24,0,0,0,0,0,0,0
Luxembourg,2016,country,1900,2024,0.0,0.0,0.0,0.0,0.0,0.0,0.0,0.0,0.0,0.0,0.0,0.0,0.0,0.0,0.0,15,8,7,14,0.363636,0,0,0,0,-1,306,48,68,5.0,1.0,0.0,0,0,5,ATH,0.0,Europe,116,25,0,0,0,0,0,0,0
Luxembourg,2020,country,1900,2024,0.0,0.0,0.0,0.0,0.0,0.0,0.0,0.0,0.0,0.0,0.0,0.0,0.0,0.0,0.0,14,8,6,11,-0.066667,0,0,0,0,-1,316,48,68,33.0,23.0,0.0,0,0,6,ARC,0.0,Europe,120,26,0,0,0,0,0,0,0
Luxembourg,2024,country,1900,2024,0.0,0.0,0.0,0.0,0.0,0.0,0.0,0.0,0.0,0.0,0.0,0.0,0.0,0.0,0.0,13,7,6,12,-0.071429,0,0,0,0,-1,297,48,68,6.0,25.0,0.0,0,0,7,ARC,0.0,Europe,124,27,0,0,0,0,0,0,0
Macedonia,1996,historical_same,1996,2024,,,,,,,,,,,,,,,,16,10,6,16,,0,0,0,0,-1,278,48,68,15.0,1.0,0.0,0,0,4,CSL,0.0,Europe,0,1,0,0,0,0,0,0,0
Macedonia,2000,historical_same,1996,2024,0.0,0.0,0.0,0.0,0.0,,,,,,,,,,,15,7,8,15,-0.0625,0,0,0,0,-1,299,48,68,24.0,4.0,0.029412,0,0,5,WRF,0.029412,Europe,4,2,0,0,0,0,1,1,1
Macedonia,2004,historical_same,1996,2024,0.0,0.0,1.0,1.0,1.0,0.0,0.0,0.0,0.0,0.0,,,,,,14,8,6,14,-0.066667,0,0,0,0,-1,301,48,68,4.0,2.0,0.015909,0,0,5,WRF,0.015909,Europe,8,3,0,0,0,0,0,0,0
Macedonia,2008,historical_same,1996,2024,0.0,0.0,0.0,0.0,0.0,0.0,0.0,1.0,1.0,1.0,0.0,0.0,0.0,0.0,0.0,7,5,2,7,-0.5,0,0,0,0,-1,302,48,68,5.0,4.0,0.011364,0,0,5,WRF,0.011364,Europe,12,4,0,0,0,0,0,0,0
Macedonia,2012,historical_same,1996,2024,0.0,0.0,0.0,0.0,0.0,0.0,0.0,0.0,0.0,0.0,0.0,0.0,1.0,1.0,1.0,4,2,2,4,-0.428571,0,0,0,0,-1,302,48,68,2.0,2.0,0.0,0,0,2,ATH,0.0,Europe,16,5,0,0,0,0,0,0,0
Macedonia,2016,historical_same,1996,2024,0.0,0.0,0.0,0.0,0.0,0.0,0.0,0.0,0.0,0.0,0.0,0.0,0.0,0.0,0.0,6,2,4,6,0.5,0,0,0,0,-1,306,48,68,5.0,1.0,0.0,0,0,4,ATH,0.0,Europe,20,6,0,0,0,0,0,0,0
Macedonia,2020,historical_same,1996,2024,0.0,0.0,0.0,0.0,0.0,0.0,0.0,0.0,0.0,0.0,0.0,0.0,0.0,0.0,0.0,8,5,3,8,0.333333,0,0,0,0,-1,316,48,68,33.0,23.0,0.075,0,0,7,TKW,0.075,Europe,24,7,0,0,0,1,0,1,1
Macedonia,2024,historical_same,1996,2024,0.0,1.0,0.0,1.0,1.0,0.0,0.0,0.0,0.0,0.0,0.0,0.0,0.0,0.0,0.0,6,4,2,6,-0.25,0,0,0,0,-1,297,48,68,6.0,25.0,0.030882,0,0,6,TKW,0.030882,Europe,28,8,0,0,0,0,0,0,0
Madagascar,1964,country,1964,2024,,,,,,,,,,,,,,,,4,4,0,4,,0,0,0,0,-1,164,47,67,12.0,0.0,0.0,0,0,1,ATH,0.0,Africa,0,1,0,0,0,0,0,0,0
Madagascar,1968,country,1964,2024,0.0,0.0,0.0,0.0,0.0,,,,,,,,,,,6,6,0,6,0.5,0,0,0,0,-1,174,47,67,14.0,4.0,0.0,0,0,2,ATH,0.0,Africa,4,2,0,0,0,0,0,0,0
Madagascar,1972,country,1964,2024,0.0,0.0,0.0,0.0,0.0,0.0,0.0,0.0,0.0,0.0,,,,,,13,13,0,10,1.166667,0,0,0,0,-1,201,47,67,27.0,0.0,0.0,0,0,2,ATH,0.0,Africa,8,3,0,0,0,0,0,0,0
Madagascar,1976,country,1964,2024,0.0,0.0,0.0,0.0,0.0,0.0,0.0,0.0,0.0,0.0,0.0,0.0,0.0,0.0,0.0,0,0,0,0,,0,0,0,0,-1,199,48,68,8.0,10.0,,0,0,0,,,Africa,12,3,0,0,0,0,0,0,0
Madagascar,1980,country,1964,2024,0.0,0.0,0.0,0.0,0.0,0.0,0.0,0.0,0.0,0.0,0.0,0.0,0.0,0.0,0.0,18,12,6,18,0.384615,0,0,0,0,-1,204,47,67,6.0,1.0,0.0,0,0,4,ATH,0.0,Africa,16,4,0,0,0,0,0,0,0
Madagascar,1984,country,1964,2024,0.0,0.0,0.0,0.0,0.0,0.0,0.0,0.0,0.0,0.0,0.0,0.0,0.0,0.0,0.0,5,5,0,5,-0.722222,0,0,0,0,-1,225,46,66,21.0,0.0,0.0,0,0,2,ATH,0.0,Africa,20,5,0,0,0,0,0,0,0
Madagascar,1988,country,1964,2024,0.0,0.0,0.0,0.0,0.0,0.0,0.0,0.0,0.0,0.0,0.0,0.0,0.0,0.0,0.0,0,0,0,0,,0,0,0,0,-1,243,47,67,19.0,1.0,,0,0,0,,,Africa,24,5,0,0,0,0,0,0,0
Madagascar,1992,country,1964,2024,0.0,0.0,0.0,0.0,0.0,0.0,0.0,0.0,0.0,0.0,0.0,0.0,0.0,0.0,0.0,17,8,9,15,2.4,0,0,0,0,-1,265,48,68,23.0,1.0,0.0,0,0,6,ATH,0.0,Africa,28,6,0,0,0,0,0,0,0
Madagascar,1996,country,1964,2024,0.0,0.0,0.0,0.0,0.0,0.0,0.0,0.0,0.0,0.0,0.0,0.0,0.0,0.0,0.0,14,4,10,10,-0.176471,0,0,0,0,-1,278,48,68,15.0,1.0,0.0,0,0,4,ATH,0.0,Africa,32,7,0,0,0,0,0,0,0
Madagascar,2000,country,1964,2024,0.0,0.0,0.0,0.0,0.0,0.0,0.0,0.0,0.0,0.0,0.0,0.0,0.0,0.0,0.0,13,5,8,10,-0.071429,0,0,0,0,-1,299,48,68,24.0,4.0,0.0,0,0,4,ATH,0.0,Africa,36,8,0,0,0,0,0,0,0
Madagascar,2004,country,1964,2024,0.0,0.0,0.0,0.0,0.0,0.0,0.0,0.0,0.0,0.0,0.0,0.0,0.0,0.0,0.0,8,3,5,8,-0.384615,0,0,0,0,-1,301,48,68,4.0,2.0,0.0,0,0,5,ATH,0.0,Africa,40,9,0,0,0,0,0,0,0
Madagascar,2008,country,1964,2024,0.0,0.0,0.0,0.0,0.0,0.0,0.0,0.0,0.0,0.0,0.0,0.0,0.0,0.0,0.0,6,4,2,6,-0.25,0,0,0,0,-1,302,48,68,5.0,4.0,0.0,0,0,4,ATH,0.0,Africa,44,10,0,0,0,0,0,0,0
Madagascar,2012,country,1964,2024,0.0,0.0,0.0,0.0,0.0,0.0,0.0,0.0,0.0,0.0,0.0,0.0,0.0,0.0,0.0,7,3,4,7,0.166667,0,0,0,0,-1,302,48,68,2.0,2.0,0.0,0,0,5,ATH,0.0,Africa,48,11,0,0,0,0,0,0,0
Madagascar,2016,country,1964,2024,0.0,0.0,0.0,0.0,0.0,0.0,0.0,0.0,0.0,0.0,0.0,0.0,0.0,0.0,0.0,6,2,4,6,-0.142857,0,0,0,0,-1,306,48,68,5.0,1.0,0.0,0,0,4,ATH,0.0,Africa,52,12,0,0,0,0,0,0,0
Madagascar,2020,country,1964,2024,0.0,0.0,0.0,0.0,0.0,0.0,0.0,0.0,0.0,0.0,0.0,0.0,0.0,0.0,0.0,6,4,2,6,0.0,0,0,0,0,-1,316,48,68,33.0,23.0,0.0,0,0,4,ATH,0.0,Africa,56,13,0,0,0,0,0,0,0
Madagascar,2024,country,1964,2024,0.0,0.0,0.0,0.0,0.0,0.0,0.0,0.0,0.0,0.0,0.0,0.0,0.0,0.0,0.0,7,3,4,7,0.166667,0,0,0,0,-1,297,48,68,6.0,25.0,0.0,0,0,5,ATH,0.0,Africa,60,14,0,0,0,0,0,0,0
Malawi,1972,country,1972,2024,,,,,,,,,,,,,,,,18,14,4,17,,0,0,0,0,-1,201,47,67,27.0,0.0,0.0,0,0,3,ATH,0.0,Africa,0,1,0,0,0,0,0,0,0
Malawi,1976,country,1972,2024,0.0,0.0,0.0,0.0,0.0,,,,,,,,,,,0,0,0,0,,0,0,0,0,-1,199,48,68,8.0,10.0,,0,0,0,,,Africa,4,1,0,0,0,0,0,0,0
Malawi,1980,country,1972,2024,0.0,0.0,0.0,0.0,0.0,,,,,,,,,,,0,0,0,0,,0,0,0,0,-1,204,47,67,6.0,1.0,,0,0,0,,,Africa,8,1,0,0,0,0,0,0,0
Malawi,1984,country,1972,2024,0.0,0.0,0.0,0.0,0.0,,,,,,,,,,,23,23,0,16,0.277778,0,0,0,0,-1,225,46,66,21.0,0.0,0.0,0,0,3,ATH,0.0,Africa,12,2,0,0,0,0,0,0,0
Malawi,1988,country,1972,2024,0.0,0.0,0.0,0.0,0.0,0.0,0.0,0.0,0.0,0.0,,,,,,22,22,0,16,-0.043478,0,0,0,0,-1,243,47,67,19.0,1.0,0.0,0,0,3,ATH,0.0,Africa,16,3,0,0,0,0,0,0,0
Malawi,1992,country,1972,2024,0.0,0.0,0.0,0.0,0.0,0.0,0.0,0.0,0.0,0.0,0.0,0.0,0.0,0.0,0.0,4,3,1,4,-0.818182,0,0,0,0,-1,265,48,68,23.0,1.0,0.0,0,0,1,ATH,0.0,Africa,20,4,0,0,0,0,0,0,0
Malawi,1996,country,1972,2024,0.0,0.0,0.0,0.0,0.0,0.0,0.0,0.0,0.0,0.0,0.0,0.0,0.0,0.0,0.0,2,2,0,2,-0.5,0,0,0,0,-1,278,48,68,15.0,1.0,0.0,0,0,1,ATH,0.0,Africa,24,5,0,0,0,0,0,0,0
Malawi,2000,country,1972,2024,0.0,0.0,0.0,0.0,0.0,0.0,0.0,0.0,0.0,0.0,0.0,0.0,0.0,0.0,0.0,2,1,1,2,0.0,0,0,0,0,-1,299,48,68,24.0,4.0,0.0,0,0,1,ATH,0.0,Africa,28,6,0,0,0,0,0,0,0
Malawi,2004,country,1972,2024,0.0,0.0,0.0,0.0,0.0,0.0,0.0,0.0,0.0,0.0,0.0,0.0,0.0,0.0,0.0,4,2,2,4,1.0,0,0,0,0,-1,301,48,68,4.0,2.0,0.0,0,0,2,ATH,0.0,Africa,32,7,0,0,0,0,0,0,0
Malawi,2008,country,1972,2024,0.0,0.0,0.0,0.0,0.0,0.0,0.0,0.0,0.0,0.0,0.0,0.0,0.0,0.0,0.0,4,2,2,4,0.0,0,0,0,0,-1,302,48,68,5.0,4.0,0.0,0,0,2,ATH,0.0,Africa,36,8,0,0,0,0,0,0,0
Malawi,2012,country,1972,2024,0.0,0.0,0.0,0.0,0.0,0.0,0.0,0.0,0.0,0.0,0.0,0.0,0.0,0.0,0.0,3,1,2,3,-0.25,0,0,0,0,-1,302,48,68,2.0,2.0,0.0,0,0,2,ATH,0.0,Africa,40,9,0,0,0,0,0,0,0
Malawi,2016,country,1972,2024,0.0,0.0,0.0,0.0,0.0,0.0,0.0,0.0,0.0,0.0,0.0,0.0,0.0,0.0,0.0,5,3,2,5,0.666667,0,0,0,0,-1,306,48,68,5.0,1.0,0.0,0,0,3,ARC,0.0,Africa,44,10,0,0,0,0,0,0,0
Malawi,2020,country,1972,2024,0.0,0.0,0.0,0.0,0.0,0.0,0.0,0.0,0.0,0.0,0.0,0.0,0.0,0.0,0.0,5,2,3,5,0.0,0,0,0,0,-1,316,48,68,33.0,23.0,0.0,0,0,4,ARC,0.0,Africa,48,11,0,0,0,0,0,0,0
Malawi,2024,country,1972,2024,0.0,0.0,0.0,0.0,0.0,0.0,0.0,0.0,0.0,0.0,0.0,0.0,0.0,0.0,0.0,3,1,2,3,-0.4,0,0,0,0,-1,297,48,68,6.0,25.0,0.0,0,0,2,ATH,0.0,Africa,52,12,0,0,0,0,0,0,0
Malaya,1956,historical_different,1956,1960,,,,,,,,,,,,,,,,34,33,1,13,,0,0,0,0,-1,149,48,68,2.0,2.0,0.0,0,0,5,ATH,0.0,Asia,0,1,0,0,0,0,0,0,0
Malaya,1960,historical_different,1956,1960,0.0,0.0,0.0,0.0,0.0,,,,,,,,,,,11,11,0,11,-0.676471,0,0,0,0,-1,152,48,67,6.0,3.0,0.0,0,0,4,ATH,0.0,Asia,4,2,0,0,0,0,0,0,0
Malaysia,1964,country,1964,2024,,,,,,,,,,,,,,,,81,75,6,48,,0,0,0,0,-1,164,47,67,12.0,0.0,0.0,0,0,11,ATH,0.0,Asia,0,1,0,0,0,0,0,0,0
Malaysia,1968,country,1964,2024,0.0,0.0,0.0,0.0,0.0,,,,,,,,,,,35,35,0,14,-0.567901,0,0,0,0,-1,174,47,67,14.0,4.0,0.0,0,0,4,ATH,0.0,Asia,4,2,0,0,0,0,0,0,0
Malaysia,1972,country,1964,2024,0.0,0.0,0.0,0.0,0.0,0.0,0.0,0.0,0.0,0.0,,,,,,57,52,5,20,0.628571,0,0,0,0,-1,201,47,67,27.0,0.0,0.0,0,0,7,ATH,0.0,Asia,8,3,0,0,0,0,0,0,0
Malaysia,1976,country,1964,2024,0.0,0.0,0.0,0.0,0.0,0.0,0.0,0.0,0.0,0.0,0.0,0.0,0.0,0.0,0.0,25,25,0,9,-0.561404,0,0,0,0,-1,199,48,68,8.0,10.0,0.0,0,0,5,ATH,0.0,Asia,12,4,0,0,0,0,0,0,0
Malaysia,1980,country,1964,2024,0.0,0.0,0.0,0.0,0.0,0.0,0.0,0.0,0.0,0.0,0.0,0.0,0.0,0.0,0.0,0,0,0,0,,0,0,0,0,-1,204,47,67,6.0,1.0,,0,0,0,,,Asia,16,4,0,0,0,0,0,0,0
Malaysia,1984,country,1964,2024,0.0,0.0,0.0,0.0,0.0,0.0,0.0,0.0,0.0,0.0,0.0,0.0,0.0,0.0,0.0,27,23,4,12,0.08,0,0,0,0,-1,225,46,66,21.0,0.0,0.0,0,0,5,ATH,0.0,Asia,20,5,0,0,0,0,0,0,0
Malaysia,1988,country,1964,2024,0.0,0.0,0.0,0.0,0.0,0.0,0.0,0.0,0.0,0.0,0.0,0.0,0.0,0.0,0.0,17,9,8,15,-0.37037,0,0,0,0,-1,243,47,67,19.0,1.0,0.0,0,0,6,ATH,0.0,Asia,24,6,0,0,0,0,0,0,0
Malaysia,1992,country,1964,2024,0.0,0.0,0.0,0.0,0.0,0.0,0.0,0.0,0.0,0.0,0.0,0.0,0.0,0.0,0.0,30,30,0,11,0.764706,0,0,0,0,-1,265,48,68,23.0,1.0,0.057143,0,0,7,BDM,0.057143,Asia,28,7,1,1,0,0,1,1,1
Malaysia,1996,country,1964,2024,0.0,0.0,1.0,1.0,1.0,0.0,0.0,0.0,0.0,0.0,0.0,0.0,0.0,0.0,0.0,43,40,3,21,0.433333,0,0,0,0,-1,278,48,68,15.0,1.0,0.141176,0,0,8,BDM,0.141176,Asia,32,8,1,1,0,1,1,2,1
Malaysia,2000,country,1964,2024,0.0,1.0,1.0,2.0,1.0,0.0,0.0,1.0,1.0,1.0,0.0,0.0,0.0,0.0,0.0,55,42,13,32,0.27907,0,0,0,0,-1,299,48,68,24.0,4.0,0.076623,0,0,9,BDM,0.076623,Asia,36,9,1,1,0,0,0,0,0
Malaysia,2004,country,1964,2024,0.0,0.0,0.0,0.0,0.0,0.0,1.0,1.0,2.0,1.0,0.0,0.0,1.0,1.0,1.0,38,27,11,31,-0.309091,0,0,0,0,-1,301,48,68,4.0,2.0,0.045455,0,0,11,BDM,0.045455,Asia,40,10,1,1,0,0,0,0,0
Malaysia,2008,country,1964,2024,0.0,0.0,0.0,0.0,0.0,0.0,0.0,0.0,0.0,0.0,0.0,1.0,1.0,2.0,1.0,42,26,16,29,0.105263,0,0,0,0,-1,302,48,68,5.0,4.0,0.054545,0,0,10,BDM,0.054545,Asia,44,11,1,1,0,1,0,1,1
Malaysia,2012,country,1964,2024,0.0,1.0,0.0,1.0,1.0,0.0,0.0,0.0,0.0,0.0,0.0,0.0,0.0,0.0,0.0,38,22,16,25,-0.095238,0,0,0,0,-1,302,48,68,2.0,2.0,0.115454,0,0,10,BDM,0.092727,Asia,48,12,0,0,0,1,1,2,1
Malaysia,2016,country,1964,2024,0.0,1.0,1.0,2.0,1.0,0.0,1.0,0.0,1.0,1.0,0.0,0.0,0.0,0.0,0.0,42,23,19,29,0.105263,0,0,0,0,-1,306,48,68,5.0,1.0,0.297273,0,0,10,BDM,0.229091,Asia,52,13,0,0,0,4,1,5,1
Malaysia,2020,country,1964,2024,0.0,4.0,1.0,5.0,1.0,0.0,1.0,1.0,2.0,1.0,0.0,1.0,0.0,1.0,1.0,47,22,25,37,0.119048,0,0,0,0,-1,316,48,68,33.0,23.0,0.248864,0,0,10,BDM,0.178182,Asia,56,14,0,0,0,1,1,2,1
Malaysia,2024,country,1964,2024,0.0,1.0,1.0,2.0,1.0,0.0,4.0,1.0,5.0,1.0,0.0,1.0,1.0,2.0,1.0,32,15,17,23,-0.319149,0,0,0,0,-1,297,48,68,6.0,25.0,0.222045,0,0,11,BDM,0.18,Asia,60,15,0,0,0,0,2,2,1
Maldives,1988,country,1988,2024,,,,,,,,,,,,,,,,9,9,0,5,,0,0,0,0,-1,243,47,67,19.0,1.0,0.0,0,0,1,ATH,0.0,Asia,0,1,0,0,0,0,0,0,0
Maldives,1992,country,1988,2024,0.0,0.0,0.0,0.0,0.0,,,,,,,,,,,10,9,1,8,0.111111,0,0,0,0,-1,265,48,68,23.0,1.0,0.0,0,0,2,ATH,0.0,Asia,4,2,0,0,0,0,0,0,0
Maldives,1996,country,1988,2024,0.0,0.0,0.0,0.0,0.0,0.0,0.0,0.0,0.0,0.0,,,,,,9,8,1,6,-0.1,0,0,0,0,-1,278,48,68,15.0,1.0,0.0,0,0,2,ATH,0.0,Asia,8,3,0,0,0,0,0,0,0
Maldives,2000,country,1988,2024,0.0,0.0,0.0,0.0,0.0,0.0,0.0,0.0,0.0,0.0,0.0,0.0,0.0,0.0,0.0,4,2,2,4,-0.555556,0,0,0,0,-1,299,48,68,24.0,4.0,0.0,0,0,2,ATH,0.0,Asia,12,4,0,0,0,0,0,0,0
Maldives,2004,country,1988,2024,0.0,0.0,0.0,0.0,0.0,0.0,0.0,0.0,0.0,0.0,0.0,0.0,0.0,0.0,0.0,4,2,2,4,0.0,0,0,0,0,-1,301,48,68,4.0,2.0,0.0,0,0,2,ATH,0.0,Asia,16,5,0,0,0,0,0,0,0
Maldives,2008,country,1988,2024,0.0,0.0,0.0,0.0,0.0,0.0,0.0,0.0,0.0,0.0,0.0,0.0,0.0,0.0,0.0,4,2,2,4,0.0,0,0,0,0,-1,302,48,68,5.0,4.0,0.0,0,0,2,ATH,0.0,Asia,20,6,0,0,0,0,0,0,0
Maldives,2012,country,1988,2024,0.0,0.0,0.0,0.0,0.0,0.0,0.0,0.0,0.0,0.0,0.0,0.0,0.0,0.0,0.0,5,3,2,5,0.25,0,0,0,0,-1,302,48,68,2.0,2.0,0.0,0,0,3,ATH,0.0,Asia,24,7,0,0,0,0,0,0,0
Maldives,2016,country,1988,2024,0.0,0.0,0.0,0.0,0.0,0.0,0.0,0.0,0.0,0.0,0.0,0.0,0.0,0.0,0.0,4,2,2,4,-0.2,0,0,0,0,-1,306,48,68,5.0,1.0,0.0,0,0,2,ATH,0.0,Asia,28,8,0,0,0,0,0,0,0
Maldives,2020,country,1988,2024,0.0,0.0,0.0,0.0,0.0,0.0,0.0,0.0,0.0,0.0,0.0,0.0,0.0,0.0,0.0,4,2,2,4,0.0,0,0,0,0,-1,316,48,68,33.0,23.0,0.0,0,0,3,ATH,0.0,Asia,32,9,0,0,0,0,0,0,0
Maldives,2024,country,1988,2024,0.0,0.0,0.0,0.0,0.0,0.0,0.0,0.0,0.0,0.0,0.0,0.0,0.0,0.0,0.0,5,2,3,4,0.25,0,0,0,0,-1,297,48,68,6.0,25.0,0.0,0,0,3,ATH,0.0,Asia,36,10,0,0,0,0,0,0,0
Mali,1964,country,1964,2024,,,,,,,,,,,,,,,,2,2,0,2,,0,0,0,0,-1,164,47,67,12.0,0.0,0.0,0,0,1,ATH,0.0,Africa,0,1,0,0,0,0,0,0,0
Mali,1968,country,1964,2024,0.0,0.0,0.0,0.0,0.0,,,,,,,,,,,2,2,0,2,0.0,0,0,0,0,-1,174,47,67,14.0,4.0,0.0,0,0,2,ATH,0.0,Africa,4,2,0,0,0,0,0,0,0
Mali,1972,country,1964,2024,0.0,0.0,0.0,0.0,0.0,0.0,0.0,0.0,0.0,0.0,,,,,,3,3,0,3,0.5,0,0,0,0,-1,201,47,67,27.0,0.0,0.0,0,0,2,ATH,0.0,Africa,8,3,0,0,0,0,0,0,0
Mali,1976,country,1964,2024,0.0,0.0,0.0,0.0,0.0,0.0,0.0,0.0,0.0,0.0,0.0,0.0,0.0,0.0,0.0,0,0,0,0,,0,0,0,0,-1,199,48,68,8.0,10.0,,0,0,0,,,Africa,12,3,0,0,0,0,0,0,0
Mali,1980,country,1964,2024,0.0,0.0,0.0,0.0,0.0,0.0,0.0,0.0,0.0,0.0,0.0,0.0,0.0,0.0,0.0,7,6,1,7,1.333333,0,0,0,0,-1,204,47,67,6.0,1.0,0.0,0,0,3,ATH,0.0,Africa,16,4,0,0,0,0,0,0,0
Mali,1984,country,1964,2024,0.0,0.0,0.0,0.0,0.0,0.0,0.0,0.0,0.0,0.0,0.0,0.0,0.0,0.0,0.0,5,5,0,5,-0.285714,0,0,0,0,-1,225,46,66,21.0,0.0,0.0,0,0,3,ATH,0.0,Africa,20,5,0,0,0,0,0,0,0
Mali,1988,country,1964,2024,0.0,0.0,0.0,0.0,0.0,0.0,0.0,0.0,0.0,0.0,0.0,0.0,0.0,0.0,0.0,8,6,2,8,0.6,0,0,0,0,-1,243,47,67,19.0,1.0,0.0,0,0,3,ATH,0.0,Africa,24,6,0,0,0,0,0,0,0
Mali,1992,country,1964,2024,0.0,0.0,0.0,0.0,0.0,0.0,0.0,0.0,0.0,0.0,0.0,0.0,0.0,0.0,0.0,6,4,2,6,-0.25,0,0,0,0,-1,265,48,68,23.0,1.0,0.0,0,0,2,ATH,0.0,Africa,28,7,0,0,0,0,0,0,0
Mali,1996,country,1964,2024,0.0,0.0,0.0,0.0,0.0,0.0,0.0,0.0,0.0,0.0,0.0,0.0,0.0,0.0,0.0,4,2,2,4,-0.333333,0,0,0,0,-1,278,48,68,15.0,1.0,0.0,0,0,1,ATH,0.0,Africa,32,8,0,0,0,0,0,0,0
Mali,2000,country,1964,2024,0.0,0.0,0.0,0.0,0.0,0.0,0.0,0.0,0.0,0.0,0.0,0.0,0.0,0.0,0.0,5,3,2,5,0.25,0,0,0,0,-1,299,48,68,24.0,4.0,0.0,0,0,3,ATH,0.0,Africa,36,9,0,0,0,0,0,0,0
Mali,2004,country,1964,2024,0.0,0.0,0.0,0.0,0.0,0.0,0.0,0.0,0.0,0.0,0.0,0.0,0.0,0.0,0.0,21,19,2,6,3.2,0,0,0,0,-1,301,48,68,4.0,2.0,0.0,0,0,4,ATH,0.0,Africa,40,10,0,0,0,0,0,0,0
Mali,2008,country,1964,2024,0.0,0.0,0.0,0.0,0.0,0.0,0.0,0.0,0.0,0.0,0.0,0.0,0.0,0.0,0.0,17,3,14,6,-0.190476,0,0,0,0,-1,302,48,68,5.0,4.0,0.0,0,0,4,ATH,0.0,Africa,44,11,0,0,0,0,0,0,0
Mali,2012,country,1964,2024,0.0,0.0,0.0,0.0,0.0,0.0,0.0,0.0,0.0,0.0,0.0,0.0,0.0,0.0,0.0,6,4,2,6,-0.647059,0,0,0,0,-1,302,48,68,2.0,2.0,0.0,0,0,4,ATH,0.0,Africa,48,12,0,0,0,0,0,0,0
Mali,2016,country,1964,2024,0.0,0.0,0.0,0.0,0.0,0.0,0.0,0.0,0.0,0.0,0.0,0.0,0.0,0.0,0.0,6,4,2,6,0.0,0,0,0,0,-1,306,48,68,5.0,1.0,0.0,0,0,4,ATH,0.0,Africa,52,13,0,0,0,0,0,0,0
Mali,2020,country,1964,2024,0.0,0.0,0.0,0.0,0.0,0.0,0.0,0.0,0.0,0.0,0.0,0.0,0.0,0.0,0.0,4,3,1,4,-0.333333,0,0,0,0,-1,316,48,68,33.0,23.0,0.0,0,0,3,ATH,0.0,Africa,56,14,0,0,0,0,0,0,0
Mali,2024,country,1964,2024,0.0,0.0,0.0,0.0,0.0,0.0,0.0,0.0,0.0,0.0,0.0,0.0,0.0,0.0,0.0,24,22,2,6,5.0,0,0,0,0,-1,297,48,68,6.0,25.0,0.0,0,0,5,ATH,0.0,Africa,60,15,0,0,0,0,0,0,0
Malta,1928,country,1928,2024,,,,,,,,,,,,,,,,9,9,0,1,,0,0,0,0,-1,110,48,68,3.0,19.0,0.0,0,0,1,WPO,0.0,Europe,0,1,0,0,0,0,0,0,0
Malta,1932,country,1928,2024,0.0,0.0,0.0,0.0,0.0,,,,,,,,,,,0,0,0,0,,0,0,0,0,-1,127,48,67,18.0,1.0,,0,0,0,,,Europe,4,1,0,0,0,0,0,0,0
Malta,1936,country,1928,2024,0.0,0.0,0.0,0.0,0.0,,,,,,,,,,,11,11,0,2,0.222222,0,0,0,0,-1,129,48,67,4.0,2.0,0.0,0,0,2,ATH,0.0,Europe,8,2,0,0,0,0,0,0,0
Malta,1948,country,1928,2024,0.0,0.0,0.0,0.0,0.0,0.0,0.0,0.0,0.0,0.0,,,,,,1,1,0,1,-0.909091,0,0,0,0,-1,136,48,68,9.0,2.0,0.0,0,0,1,ATH,0.0,Europe,20,3,0,0,0,0,0,0,0
Malta,1952,country,1928,2024,0.0,0.0,0.0,0.0,0.0,0.0,0.0,0.0,0.0,0.0,0.0,0.0,0.0,0.0,0.0,0,0,0,0,,0,0,0,0,-1,149,48,68,12.0,0.0,,0,0,0,,,Europe,24,3,0,0,0,0,0,0,0
Malta,1956,country,1928,2024,0.0,0.0,0.0,0.0,0.0,0.0,0.0,0.0,0.0,0.0,0.0,0.0,0.0,0.0,0.0,0,0,0,0,,0,0,0,0,-1,149,48,68,2.0,2.0,,0,0,0,,,Europe,28,3,0,0,0,0,0,0,0
Malta,1960,country,1928,2024,0.0,0.0,0.0,0.0,0.0,0.0,0.0,0.0,0.0,0.0,0.0,0.0,0.0,0.0,0.0,13,13,0,6,12.0,0,0,0,0,-1,152,48,67,6.0,3.0,0.0,0,0,4,CRD,0.0,Europe,32,4,0,0,0,0,0,0,0
Malta,1964,country,1928,2024,0.0,0.0,0.0,0.0,0.0,0.0,0.0,0.0,0.0,0.0,0.0,0.0,0.0,0.0,0.0,0,0,0,0,,0,0,0,0,-1,164,47,67,12.0,0.0,,0,0,0,,,Europe,36,4,0,0,0,0,0,0,0
Malta,1968,country,1928,2024,0.0,0.0,0.0,0.0,0.0,0.0,0.0,0.0,0.0,0.0,0.0,0.0,0.0,0.0,0.0,1,1,0,1,-0.923077,0,0,0,0,-1,174,47,67,14.0,4.0,0.0,0,0,1,SHO,0.0,Europe,40,5,0,0,0,0,0,0,0
Malta,1972,country,1928,2024,0.0,0.0,0.0,0.0,0.0,0.0,0.0,0.0,0.0,0.0,0.0,0.0,0.0,0.0,0.0,5,5,0,2,4.0,0,0,0,0,-1,201,47,67,27.0,0.0,0.0,0,0,2,CRD,0.0,Europe,44,6,0,0,0,0,0,0,0
Malta,1976,country,1928,2024,0.0,0.0,0.0,0.0,0.0,0.0,0.0,0.0,0.0,0.0,0.0,0.0,0.0,0.0,0.0,0,0,0,0,,0,0,0,0,-1,199,48,68,8.0,10.0,,0,0,0,,,Europe,48,6,0,0,0,0,0,0,0
Malta,1980,country,1928,2024,0.0,0.0,0.0,0.0,0.0,0.0,0.0,0.0,0.0,0.0,0.0,0.0,0.0,0.0,0.0,12,11,1,5,1.4,0,0,0,0,-1,204,47,67,6.0,1.0,0.0,0,0,3,ARC,0.0,Europe,52,7,0,0,0,0,0,0,0
Malta,1984,country,1928,2024,0.0,0.0,0.0,0.0,0.0,0.0,0.0,0.0,0.0,0.0,0.0,0.0,0.0,0.0,0.0,7,5,2,6,-0.416667,0,0,0,0,-1,225,46,66,21.0,0.0,0.0,0,0,5,ARC,0.0,Europe,56,8,0,0,0,0,0,0,0
Malta,1988,country,1928,2024,0.0,0.0,0.0,0.0,0.0,0.0,0.0,0.0,0.0,0.0,0.0,0.0,0.0,0.0,0.0,6,5,1,6,-0.142857,0,0,0,0,-1,243,47,67,19.0,1.0,0.0,0,0,4,ARC,0.0,Europe,60,9,0,0,0,0,0,0,0
Malta,1992,country,1928,2024,0.0,0.0,0.0,0.0,0.0,0.0,0.0,0.0,0.0,0.0,0.0,0.0,0.0,0.0,0.0,8,3,5,8,0.333333,0,0,0,0,-1,265,48,68,23.0,1.0,0.0,0,0,4,ATH,0.0,Europe,64,10,0,0,0,0,0,0,0
Malta,1996,country,1928,2024,0.0,0.0,0.0,0.0,0.0,0.0,0.0,0.0,0.0,0.0,0.0,0.0,0.0,0.0,0.0,10,5,5,10,0.25,0,0,0,0,-1,278,48,68,15.0,1.0,0.0,0,0,5,ATH,0.0,Europe,68,11,0,0,0,0,0,0,0
Malta,2000,country,1928,2024,0.0,0.0,0.0,0.0,0.0,0.0,0.0,0.0,0.0,0.0,0.0,0.0,0.0,0.0,0.0,7,4,3,7,-0.3,0,0,0,0,-1,299,48,68,24.0,4.0,0.0,0,0,5,ATH,0.0,Europe,72,12,0,0,0,0,0,0,0
Malta,2004,country,1928,2024,0.0,0.0,0.0,0.0,0.0,0.0,0.0,0.0,0.0,0.0,0.0,0.0,0.0,0.0,0.0,7,4,3,7,0.0,0,0,0,0,-1,301,48,68,4.0,2.0,0.0,0,0,5,ATH,0.0,Europe,76,13,0,0,0,0,0,0,0
Malta,2008,country,1928,2024,0.0,0.0,0.0,0.0,0.0,0.0,0.0,0.0,0.0,0.0,0.0,0.0,0.0,0.0,0.0,6,3,3,6,-0.142857,0,0,0,0,-1,302,48,68,5.0,4.0,0.0,0,0,4,ATH,0.0,Europe,80,14,0,0,0,0,0,0,0
Malta,2012,country,1928,2024,0.0,0.0,0.0,0.0,0.0,0.0,0.0,0.0,0.0,0.0,0.0,0.0,0.0,0.0,0.0,5,3,2,5,-0.166667,0,0,0,0,-1,302,48,68,2.0,2.0,0.0,0,0,3,ATH,0.0,Europe,84,15,0,0,0,0,0,0,0
Malta,2016,country,1928,2024,0.0,0.0,0.0,0.0,0.0,0.0,0.0,0.0,0.0,0.0,0.0,0.0,0.0,0.0,0.0,8,4,4,8,0.6,0,0,0,0,-1,306,48,68,5.0,1.0,0.0,0,0,4,ATH,0.0,Europe,88,16,0,0,0,0,0,0,0
Malta,2020,country,1928,2024,0.0,0.0,0.0,0.0,0.0,0.0,0.0,0.0,0.0,0.0,0.0,0.0,0.0,0.0,0.0,8,2,6,8,0.0,0,0,0,0,-1,316,48,68,33.0,23.0,0.0,0,0,5,ATH,0.0,Europe,92,17,0,0,0,0,0,0,0
Malta,2024,country,1928,2024,0.0,0.0,0.0,0.0,0.0,0.0,0.0,0.0,0.0,0.0,0.0,0.0,0.0,0.0,0.0,5,3,2,5,-0.375,0,0,0,0,-1,297,48,68,6.0,25.0,0.0,0,0,4,ATH,0.0,Europe,96,18,0,0,0,0,0,0,0
Marshall Islands,2008,country,2008,2024,,,,,,,,,,,,,,,,5,3,2,5,,0,0,0,0,-1,302,48,68,5.0,4.0,0.0,0,0,3,ATH,0.0,Oceania,0,1,0,0,0,0,0,0,0
Marshall Islands,2012,country,2008,2024,0.0,0.0,0.0,0.0,0.0,,,,,,,,,,,4,2,2,4,-0.2,0,0,0,0,-1,302,48,68,2.0,2.0,0.0,0,0,2,ATH,0.0,Oceania,4,2,0,0,0,0,0,0,0
Marshall Islands,2016,country,2008,2024,0.0,0.0,0.0,0.0,0.0,0.0,0.0,0.0,0.0,0.0,,,,,,5,2,3,5,0.25,0,0,0,0,-1,306,48,68,5.0,1.0,0.0,0,0,3,ATH,0.0,Oceania,8,3,0,0,0,0,0,0,0
Marshall Islands,2020,country,2008,2024,0.0,0.0,0.0,0.0,0.0,0.0,0.0,0.0,0.0,0.0,0.0,0.0,0.0,0.0,0.0,2,1,1,2,-0.6,0,0,0,0,-1,316,48,68,33.0,23.0,0.0,0,0,1,SWM,0.0,Oceania,12,4,0,0,0,0,0,0,0
Marshall Islands,2024,country,2008,2024,0.0,0.0,0.0,0.0,0.0,0.0,0.0,0.0,0.0,0.0,0.0,0.0,0.0,0.0,0.0,4,2,2,4,1.0,0,0,0,0,-1,297,48,68,6.0,25.0,0.0,0,0,3,ATH,0.0,Oceania,16,5,0,0,0,0,0,0,0
Mauritania,1984,country,1984,2024,,,,,,,,,,,,,,,,2,2,0,2,,0,0,0,0,-1,225,46,66,21.0,0.0,0.0,0,0,1,WRF,0.0,Africa,0,1,0,0,0,0,0,0,0
Mauritania,1988,country,1984,2024,0.0,0.0,0.0,0.0,0.0,,,,,,,,,,,7,7,0,7,2.5,0,0,0,0,-1,243,47,67,19.0,1.0,0.0,0,0,3,ATH,0.0,Africa,4,2,0,0,0,0,0,0,0
Mauritania,1992,country,1984,2024,0.0,0.0,0.0,0.0,0.0,0.0,0.0,0.0,0.0,0.0,,,,,,6,6,0,6,-0.142857,0,0,0,0,-1,265,48,68,23.0,1.0,0.0,0,0,1,ATH,0.0,Africa,8,3,0,0,0,0,0,0,0
Mauritania,1996,country,1984,2024,0.0,0.0,0.0,0.0,0.0,0.0,0.0,0.0,0.0,0.0,0.0,0.0,0.0,0.0,0.0,4,4,0,4,-0.333333,0,0,0,0,-1,278,48,68,15.0,1.0,0.0,0,0,1,ATH,0.0,Africa,12,4,0,0,0,0,0,0,0
Mauritania,2000,country,1984,2024,0.0,0.0,0.0,0.0,0.0,0.0,0.0,0.0,0.0,0.0,0.0,0.0,0.0,0.0,0.0,2,1,1,2,-0.5,0,0,0,0,-1,299,48,68,24.0,4.0,0.0,0,0,1,ATH,0.0,Africa,16,5,0,0,0,0,0,0,0
Mauritania,2004,country,1984,2024,0.0,0.0,0.0,0.0,0.0,0.0,0.0,0.0,0.0,0.0,0.0,0.0,0.0,0.0,0.0,2,1,1,2,0.0,0,0,0,0,-1,301,48,68,4.0,2.0,0.0,0,0,1,ATH,0.0,Africa,20,6,0,0,0,0,0,0,0
Mauritania,2008,country,1984,2024,0.0,0.0,0.0,0.0,0.0,0.0,0.0,0.0,0.0,0.0,0.0,0.0,0.0,0.0,0.0,2,1,1,2,0.0,0,0,0,0,-1,302,48,68,5.0,4.0,0.0,0,0,1,ATH,0.0,Africa,24,7,0,0,0,0,0,0,0
Mauritania,2012,country,1984,2024,0.0,0.0,0.0,0.0,0.0,0.0,0.0,0.0,0.0,0.0,0.0,0.0,0.0,0.0,0.0,2,1,1,2,0.0,0,0,0,0,-1,302,48,68,2.0,2.0,0.0,0,0,1,ATH,0.0,Africa,28,8,0,0,0,0,0,0,0
Mauritania,2016,country,1984,2024,0.0,0.0,0.0,0.0,0.0,0.0,0.0,0.0,0.0,0.0,0.0,0.0,0.0,0.0,0.0,2,1,1,2,0.0,0,0,0,0,-1,306,48,68,5.0,1.0,0.0,0,0,1,ATH,0.0,Africa,32,9,0,0,0,0,0,0,0
Mauritania,2020,country,1984,2024,0.0,0.0,0.0,0.0,0.0,0.0,0.0,0.0,0.0,0.0,0.0,0.0,0.0,0.0,0.0,2,1,1,2,0.0,0,0,0,0,-1,316,48,68,33.0,23.0,0.0,0,0,1,ATH,0.0,Africa,36,10,0,0,0,0,0,0,0
Mauritania,2024,country,1984,2024,0.0,0.0,0.0,0.0,0.0,0.0,0.0,0.0,0.0,0.0,0.0,0.0,0.0,0.0,0.0,2,1,1,2,0.0,0,0,0,0,-1,297,48,68,6.0,25.0,0.0,0,0,2,ATH,0.0,Africa,40,11,0,0,0,0,0,0,0
Mauritius,1984,country,1984,2024,,,,,,,,,,,,,,,,7,6,1,7,,0,0,0,0,-1,225,46,66,21.0,0.0,0.0,0,0,1,ATH,0.0,Africa,0,1,0,0,0,0,0,0,0
Mauritius,1988,country,1984,2024,0.0,0.0,0.0,0.0,0.0,,,,,,,,,,,11,9,2,9,0.571429,0,0,0,0,-1,243,47,67,19.0,1.0,0.0,0,0,6,ATH,0.0,Africa,4,2,0,0,0,0,0,0,0
Mauritius,1992,country,1984,2024,0.0,0.0,0.0,0.0,0.0,0.0,0.0,0.0,0.0,0.0,,,,,,22,10,12,17,1.0,0,0,0,0,-1,265,48,68,23.0,1.0,0.0,0,0,4,ATH,0.0,Africa,8,3,0,0,0,0,0,0,0
Mauritius,1996,country,1984,2024,0.0,0.0,0.0,0.0,0.0,0.0,0.0,0.0,0.0,0.0,0.0,0.0,0.0,0.0,0.0,36,27,9,23,0.636364,0,0,0,0,-1,278,48,68,15.0,1.0,0.0,0,0,6,ATH,0.0,Africa,12,4,1,1,0,0,0,0,0
Mauritius,2000,country,1984,2024,0.0,0.0,0.0,0.0,0.0,0.0,0.0,0.0,0.0,0.0,0.0,0.0,0.0,0.0,0.0,26,20,6,20,-0.277778,0,0,0,0,-1,299,48,68,24.0,4.0,0.0,0,0,8,ARC,0.0,Africa,16,5,0,0,0,0,0,0,0
Mauritius,2004,country,1984,2024,0.0,0.0,0.0,0.0,0.0,0.0,0.0,0.0,0.0,0.0,0.0,0.0,0.0,0.0,0.0,9,6,3,9,-0.653846,0,0,0,0,-1,301,48,68,4.0,2.0,0.0,0,0,5,ARC,0.0,Africa,20,6,0,0,0,0,0,0,0
Mauritius,2008,country,1984,2024,0.0,0.0,0.0,0.0,0.0,0.0,0.0,0.0,0.0,0.0,0.0,0.0,0.0,0.0,0.0,11,6,5,11,0.222222,0,0,0,0,-1,302,48,68,5.0,4.0,0.008264,0,0,7,BOX,0.008264,Africa,24,7,0,0,0,0,1,1,1
Mauritius,2012,country,1984,2024,0.0,0.0,1.0,1.0,1.0,0.0,0.0,0.0,0.0,0.0,0.0,0.0,0.0,0.0,0.0,11,4,7,10,0.0,0,0,0,0,-1,302,48,68,2.0,2.0,0.005785,0,0,7,BOX,0.005785,Africa,28,8,0,0,0,0,0,0,0
Mauritius,2016,country,1984,2024,0.0,0.0,0.0,0.0,0.0,0.0,0.0,1.0,1.0,1.0,0.0,0.0,0.0,0.0,0.0,11,5,6,11,0.0,0,0,0,0,-1,306,48,68,5.0,1.0,0.004132,0,0,7,BOX,0.004132,Africa,32,9,0,0,0,0,0,0,0
Mauritius,2020,country,1984,2024,0.0,0.0,0.0,0.0,0.0,0.0,0.0,0.0,0.0,0.0,0.0,0.0,1.0,1.0,1.0,8,6,2,8,-0.272727,0,0,0,0,-1,316,48,68,33.0,23.0,0.0,0,0,6,ATH,0.0,Africa,36,10,0,0,0,0,0,0,0
Mauritius,2024,country,1984,2024,0.0,0.0,0.0,0.0,0.0,0.0,0.0,0.0,0.0,0.0,0.0,0.0,0.0,0.0,0.0,12,7,5,12,0.5,0,0,0,0,-1,297,48,68,6.0,25.0,0.0,0,0,7,ATH,0.0,Africa,40,11,0,0,0,0,0,0,0
Mexico,1900,country,1900,2024,,,,,,,,,,,,,,,,1,1,0,1,,0,0,0,0,-1,97,47,66,65.0,12.0,0.1,0,0,1,POL,0.1,Americas,0,1,0,0,0,0,1,1,1
Mexico,1904,country,1900,2024,0.0,0.0,1.0,1.0,1.0,,,,,,,,,,,0,0,0,0,,0,0,0,0,-1,95,48,67,36.0,38.0,,0,0,0,,,Americas,4,1,0,0,0,0,0,0,0
Mexico,1908,country,1900,2024,0.0,0.0,1.0,1.0,1.0,,,,,,,,,,,0,0,0,0,,0,0,0,0,-1,104,48,67,35.0,26.0,,0,0,0,,,Americas,8,1,0,0,0,0,0,0,0
Mexico,1912,country,1900,2024,0.0,0.0,1.0,1.0,1.0,,,,,,,,,,,0,0,0,0,,0,0,0,0,-1,102,48,67,25.0,28.0,,0,0,0,,,Americas,12,1,0,0,0,0,0,0,0
Mexico,1920,country,1900,2024,0.0,0.0,1.0,1.0,1.0,,,,,,,,,,,0,0,0,0,,0,0,0,0,-1,156,48,67,58.0,4.0,,0,0,0,,,Americas,20,1,0,0,0,0,0,0,0
Mexico,1924,country,1900,2024,0.0,0.0,1.0,1.0,1.0,,,,,,,,,,,28,28,0,15,27.0,0,0,0,0,-1,126,45,62,12.0,42.0,0.0,0,0,3,ATH,0.0,Americas,24,2,0,0,0,0,0,0,0
Mexico,1928,country,1900,2024,0.0,0.0,0.0,0.0,0.0,0.0,0.0,1.0,1.0,1.0,,,,,,40,40,0,18,0.428571,0,0,0,0,-1,110,48,68,3.0,19.0,0.0,0,0,5,ATH,0.0,Americas,28,3,0,0,0,0,0,0,0
Mexico,1932,country,1900,2024,0.0,0.0,0.0,0.0,0.0,0.0,0.0,0.0,0.0,0.0,0.0,0.0,1.0,1.0,1.0,100,98,2,52,1.5,0,0,0,0,-1,127,48,67,18.0,1.0,0.244118,0,0,14,SHO,0.2,Americas,32,4,0,0,0,2,0,2,1
Mexico,1936,country,1900,2024,0.0,2.0,0.0,2.0,1.0,0.0,0.0,0.0,0.0,0.0,0.0,0.0,0.0,0.0,0.0,32,32,0,14,-0.68,0,0,0,0,-1,129,48,67,4.0,2.0,0.9701200000000001,0,0,8,BKB,0.4,Americas,36,5,0,0,0,0,3,3,1
Mexico,1948,country,1900,2024,0.0,0.0,3.0,3.0,1.0,0.0,2.0,0.0,2.0,1.0,0.0,0.0,0.0,0.0,0.0,149,140,9,57,3.65625,0,0,0,0,-1,136,48,68,9.0,2.0,1.311298,0,0,17,EJP,0.866667,Americas,48,6,0,0,2,1,2,5,1
Mexico,1952,country,1900,2024,2.0,1.0,2.0,5.0,1.0,0.0,0.0,3.0,3.0,1.0,0.0,2.0,0.0,2.0,1.0,85,82,3,35,-0.42953,0,0,0,0,-1,149,48,68,12.0,0.0,0.8199200000000001,0,0,14,EJP,0.535294,Americas,52,7,0,0,0,1,0,1,1
Mexico,1956,country,1900,2024,0.0,1.0,0.0,1.0,1.0,2.0,1.0,2.0,5.0,1.0,0.0,0.0,3.0,3.0,1.0,36,33,3,20,-0.576471,0,0,0,0,-1,149,48,68,2.0,2.0,0.229545,0,0,10,DIV,0.229545,Americas,56,8,0,0,1,0,1,2,1
Mexico,1960,country,1900,2024,1.0,0.0,1.0,2.0,1.0,0.0,1.0,0.0,1.0,1.0,2.0,1.0,2.0,5.0,1.0,110,97,13,55,2.055556,0,0,0,0,-1,152,48,67,6.0,3.0,0.190909,0,0,15,DIV,0.190909,Americas,60,9,0,0,0,0,1,1,1
Mexico,1964,country,1900,2024,0.0,0.0,1.0,1.0,1.0,1.0,0.0,1.0,2.0,1.0,0.0,1.0,0.0,1.0,1.0,128,122,6,58,0.163636,0,1,0,1,-1,164,47,67,12.0,0.0,0.123129,0,0,18,DIV,0.111364,Americas,64,10,0,0,0,0,1,1,1
Mexico,1968,country,1900,2024,0.0,0.0,1.0,1.0,1.0,0.0,0.0,1.0,1.0,1.0,1.0,0.0,1.0,2.0,1.0,446,343,103,146,2.484375,1,0,0,2,-1,174,47,67,14.0,4.0,0.275966,0,0,24,BOX,0.105537,Americas,68,11,0,0,3,3,3,9,1
Mexico,1972,country,1900,2024,3.0,3.0,3.0,9.0,1.0,0.0,0.0,1.0,1.0,1.0,0.0,0.0,1.0,1.0,1.0,281,210,71,112,-0.369955,0,0,1,3,4,201,47,67,27.0,0.0,0.19803300000000001,0,0,23,BOX,0.09876,Americas,72,12,0,0,0,1,0,1,1
Mexico,1976,country,1900,2024,0.0,1.0,0.0,1.0,1.0,3.0,3.0,3.0,9.0,1.0,0.0,0.0,1.0,1.0,1.0,137,122,15,54,-0.512456,0,0,0,0,8,199,48,68,8.0,10.0,0.136343,0,0,18,BOX,0.075207,Americas,76,13,0,0,1,0,1,2,1
Mexico,1980,country,1900,2024,1.0,0.0,1.0,2.0,1.0,0.0,1.0,0.0,1.0,1.0,3.0,3.0,3.0,9.0,1.0,74,50,24,43,-0.459854,0,0,0,0,12,204,47,67,6.0,1.0,0.367691,0,0,14,EJP,0.181818,Americas,80,14,0,0,0,1,3,4,1
Mexico,1984,country,1900,2024,0.0,1.0,3.0,4.0,1.0,1.0,0.0,1.0,2.0,1.0,0.0,1.0,0.0,1.0,1.0,155,114,41,87,1.094595,0,0,0,0,16,225,46,66,21.0,0.0,0.415757,0,0,22,EJP,0.127273,Americas,84,15,0,0,2,3,1,6,1
Mexico,1988,country,1900,2024,2.0,3.0,1.0,6.0,1.0,0.0,1.0,3.0,4.0,1.0,1.0,0.0,1.0,2.0,1.0,144,115,29,82,-0.070968,0,0,0,0,20,243,47,67,19.0,1.0,0.266148,0,0,19,EJP,0.090909,Americas,88,16,0,0,0,0,2,2,1
Mexico,1992,country,1900,2024,0.0,0.0,2.0,2.0,1.0,2.0,3.0,1.0,6.0,1.0,0.0,1.0,3.0,4.0,1.0,140,102,38,71,-0.027778,0,0,0,0,24,265,48,68,23.0,1.0,0.101058,0,0,19,DIV,0.031818,Americas,92,17,0,0,0,1,0,1,1
Mexico,1996,country,1900,2024,0.0,1.0,0.0,1.0,1.0,0.0,0.0,2.0,2.0,1.0,2.0,3.0,1.0,6.0,1.0,111,80,31,57,-0.207143,0,0,0,0,28,278,48,68,15.0,1.0,0.035087,0,0,22,DIV,0.022727,Americas,96,18,0,0,0,0,1,1,1
Mexico,2000,country,1900,2024,0.0,0.0,1.0,1.0,1.0,0.0,1.0,0.0,1.0,1.0,0.0,0.0,2.0,2.0,1.0,98,64,34,67,-0.117117,0,0,0,0,32,299,48,68,24.0,4.0,0.174069,0,0,21,WLF,0.066667,Americas,100,19,0,0,1,2,3,6,1
Mexico,2004,country,1900,2024,1.0,2.0,3.0,6.0,1.0,0.0,0.0,1.0,1.0,1.0,0.0,1.0,0.0,1.0,1.0,137,70,67,68,0.397959,0,0,0,0,36,301,48,68,4.0,2.0,0.18836,0,0,21,TKW,0.094118,Americas,104,20,0,0,0,3,1,4,1
Mexico,2008,country,1900,2024,0.0,3.0,1.0,4.0,1.0,1.0,2.0,3.0,6.0,1.0,0.0,0.0,1.0,1.0,1.0,103,52,51,73,-0.248175,0,0,0,0,40,302,48,68,5.0,4.0,0.232564,0,0,24,TKW,0.164773,Americas,108,21,0,0,2,0,1,3,1
Mexico,2012,country,1900,2024,2.0,0.0,1.0,3.0,1.0,0.0,3.0,1.0,4.0,1.0,1.0,2.0,3.0,6.0,1.0,119,74,45,75,0.15534,0,0,0,0,44,302,48,68,2.0,2.0,0.676135,0,0,23,FBL,0.333333,Americas,112,22,0,0,1,3,3,7,1
Mexico,2016,country,1900,2024,1.0,3.0,3.0,7.0,1.0,2.0,0.0,1.0,3.0,1.0,0.0,3.0,1.0,4.0,1.0,139,83,56,80,0.168067,0,0,0,0,48,306,48,68,5.0,1.0,0.597087,0,0,29,FBL,0.205882,Americas,116,23,0,0,0,3,2,5,1
Mexico,2020,country,1900,2024,0.0,3.0,2.0,5.0,1.0,1.0,3.0,3.0,7.0,1.0,2.0,0.0,1.0,3.0,1.0,196,111,85,87,0.410072,0,0,0,0,52,316,48,68,33.0,23.0,0.504897,0,0,34,FBL,0.204545,Americas,120,24,0,0,0,0,4,4,1
Mexico,2024,country,1900,2024,0.0,0.0,4.0,4.0,1.0,0.0,3.0,2.0,5.0,1.0,1.0,3.0,3.0,7.0,1.0,155,58,97,83,-0.209184,0,0,0,0,56,297,48,68,6.0,25.0,0.223286,0,0,28,DIV,0.089773,Americas,124,25,0,0,0,3,2,5,1
Moldova,1996,country,1996,2024,,,,,,,,,,,,,,,,50,45,5,41,,0,0,0,0,-1,278,48,68,15.0,1.0,0.09,0,0,11,CSP,0.05,Europe,0,1,0,0,0,1,1,2,1
Moldova,2000,country,1996,2024,0.0,1.0,1.0,2.0,1.0,,,,,,,,,,,35,30,5,34,-0.3,0,0,0,0,-1,299,48,68,24.0,4.0,0.030565000000000002,0,0,7,SHO,0.020761,Europe,4,2,0,0,0,1,1,2,1
Moldova,2004,country,1996,2024,0.0,1.0,1.0,2.0,1.0,0.0,1.0,1.0,2.0,1.0,,,,,,33,26,7,31,-0.057143,0,0,0,0,-1,301,48,68,4.0,2.0,0.016533,0,0,8,SHO,0.01123,Europe,8,3,0,0,0,0,0,0,0
Moldova,2008,country,1996,2024,0.0,0.0,0.0,0.0,0.0,0.0,1.0,1.0,2.0,1.0,0.0,1.0,1.0,2.0,1.0,30,22,8,28,-0.090909,0,0,0,0,-1,302,48,68,5.0,4.0,0.020073,0,0,9,BOX,0.012052,Europe,12,4,0,0,0,0,1,1,1
Moldova,2012,country,1996,2024,0.0,0.0,1.0,1.0,1.0,0.0,0.0,0.0,0.0,0.0,0.0,1.0,1.0,2.0,1.0,20,12,8,19,-0.333333,0,0,0,0,-1,302,48,68,2.0,2.0,0.030026999999999998,0,0,9,WLF,0.024242,Europe,16,5,0,0,0,0,2,2,1
Moldova,2016,country,1996,2024,0.0,0.0,2.0,2.0,1.0,0.0,0.0,1.0,1.0,1.0,0.0,0.0,0.0,0.0,0.0,23,14,9,22,0.15,0,0,0,0,-1,306,48,68,5.0,1.0,0.01697,0,0,9,WLF,0.01697,Europe,20,6,0,0,0,0,0,0,0
Moldova,2020,country,1996,2024,0.0,0.0,0.0,0.0,0.0,0.0,0.0,2.0,2.0,1.0,0.0,0.0,1.0,1.0,1.0,26,11,15,23,0.130435,0,0,0,0,-1,316,48,68,33.0,23.0,0.031729,0,0,9,CSP,0.019608,Europe,24,7,0,0,0,0,1,1,1
Moldova,2024,country,1996,2024,0.0,0.0,1.0,1.0,1.0,0.0,0.0,0.0,0.0,0.0,0.0,0.0,2.0,2.0,1.0,30,15,15,27,0.153846,0,0,0,0,-1,297,48,68,6.0,25.0,0.061982999999999996,0,0,11,CSP,0.027135,Europe,28,8,0,0,0,1,3,4,1
Monaco,1920,country,1920,2024,,,,,,,,,,,,,,,,7,7,0,6,,0,0,0,0,-1,156,48,67,58.0,4.0,0.0,0,0,2,ATH,0.0,Europe,0,1,0,0,0,0,0,0,0
Monaco,1924,country,1920,2024,0.0,0.0,0.0,0.0,0.0,,,,,,,,,,,9,9,0,6,0.285714,0,0,0,0,-1,126,45,62,12.0,42.0,0.0,0,0,3,ATH,0.0,Europe,4,2,0,0,0,0,1,1,1
Monaco,1928,country,1920,2024,0.0,0.0,1.0,1.0,1.0,0.0,0.0,0.0,0.0,0.0,,,,,,12,12,0,8,0.333333,0,0,0,0,-1,110,48,68,3.0,19.0,0.0,0,0,3,ATH,0.0,Europe,8,3,0,0,0,0,0,0,0
Monaco,1932,country,1920,2024,0.0,0.0,0.0,0.0,0.0,0.0,0.0,1.0,1.0,1.0,0.0,0.0,0.0,0.0,0.0,1,1,0,1,-0.916667,0,0,0,0,-1,127,48,67,18.0,1.0,,0,0,0,,,Europe,12,4,0,0,0,0,0,0,0
Monaco,1936,country,1920,2024,0.0,0.0,0.0,0.0,0.0,0.0,0.0,0.0,0.0,0.0,0.0,0.0,1.0,1.0,1.0,11,11,0,5,10.0,0,0,0,0,-1,129,48,67,4.0,2.0,0.0,0,0,1,SHO,0.0,Europe,16,5,0,0,0,0,0,0,0
Monaco,1948,country,1920,2024,0.0,0.0,0.0,0.0,0.0,0.0,0.0,0.0,0.0,0.0,0.0,0.0,0.0,0.0,0.0,4,4,0,2,-0.636364,0,0,0,0,-1,136,48,68,9.0,2.0,0.0,0,0,1,SHO,0.0,Europe,28,6,0,0,0,0,0,0,0
Monaco,1952,country,1920,2024,0.0,0.0,0.0,0.0,0.0,0.0,0.0,0.0,0.0,0.0,0.0,0.0,0.0,0.0,0.0,10,10,0,6,1.5,0,0,0,0,-1,149,48,68,12.0,0.0,0.0,0,0,2,SAL,0.0,Europe,32,7,0,0,0,0,0,0,0
Monaco,1956,country,1920,2024,0.0,0.0,0.0,0.0,0.0,0.0,0.0,0.0,0.0,0.0,0.0,0.0,0.0,0.0,0.0,0,0,0,0,,0,0,0,0,-1,149,48,68,2.0,2.0,,0,0,0,,,Europe,36,7,0,0,0,0,0,0,0
Monaco,1960,country,1920,2024,0.0,0.0,0.0,0.0,0.0,0.0,0.0,0.0,0.0,0.0,0.0,0.0,0.0,0.0,0.0,13,13,0,6,0.3,0,0,0,0,-1,152,48,67,6.0,3.0,0.0,0,0,3,FEN,0.0,Europe,40,8,0,0,0,0,0,0,0
Monaco,1964,country,1920,2024,0.0,0.0,0.0,0.0,0.0,0.0,0.0,0.0,0.0,0.0,0.0,0.0,0.0,0.0,0.0,1,1,0,1,-0.923077,0,0,0,0,-1,164,47,67,12.0,0.0,0.0,0,0,1,WLF,0.0,Europe,44,9,0,0,0,0,0,0,0
Monaco,1968,country,1920,2024,0.0,0.0,0.0,0.0,0.0,0.0,0.0,0.0,0.0,0.0,0.0,0.0,0.0,0.0,0.0,2,2,0,1,1.0,0,0,0,0,-1,174,47,67,14.0,4.0,0.0,0,0,1,SHO,0.0,Europe,48,10,0,0,0,0,0,0,0
Monaco,1972,country,1920,2024,0.0,0.0,0.0,0.0,0.0,0.0,0.0,0.0,0.0,0.0,0.0,0.0,0.0,0.0,0.0,5,5,0,4,1.5,0,0,0,0,-1,201,47,67,27.0,0.0,0.0,0,0,2,FEN,0.0,Europe,52,11,0,0,0,0,0,0,0
Monaco,1976,country,1920,2024,0.0,0.0,0.0,0.0,0.0,0.0,0.0,0.0,0.0,0.0,0.0,0.0,0.0,0.0,0.0,10,10,0,6,1.0,0,0,0,0,-1,199,48,68,8.0,10.0,0.0,0,0,3,SAL,0.0,Europe,56,12,0,0,0,0,0,0,0
Monaco,1980,country,1920,2024,0.0,0.0,0.0,0.0,0.0,0.0,0.0,0.0,0.0,0.0,0.0,0.0,0.0,0.0,0.0,0,0,0,0,,0,0,0,0,-1,204,47,67,6.0,1.0,,0,0,0,,,Europe,60,12,0,0,0,0,0,0,0
Monaco,1984,country,1920,2024,0.0,0.0,0.0,0.0,0.0,0.0,0.0,0.0,0.0,0.0,0.0,0.0,0.0,0.0,0.0,8,8,0,7,-0.2,0,0,0,0,-1,225,46,66,21.0,0.0,0.0,0,0,5,ARC,0.0,Europe,64,13,0,0,0,0,0,0,0
Monaco,1988,country,1920,2024,0.0,0.0,0.0,0.0,0.0,0.0,0.0,0.0,0.0,0.0,0.0,0.0,0.0,0.0,0.0,9,8,1,9,0.125,0,0,0,0,-1,243,47,67,19.0,1.0,0.0,0,0,7,ARC,0.0,Europe,68,14,0,0,0,0,0,0,0
Monaco,1992,country,1920,2024,0.0,0.0,0.0,0.0,0.0,0.0,0.0,0.0,0.0,0.0,0.0,0.0,0.0,0.0,0.0,4,3,1,4,-0.555556,0,0,0,0,-1,265,48,68,23.0,1.0,0.0,0,0,2,SHO,0.0,Europe,72,15,0,0,0,0,0,0,0
Monaco,1996,country,1920,2024,0.0,0.0,0.0,0.0,0.0,0.0,0.0,0.0,0.0,0.0,0.0,0.0,0.0,0.0,0.0,4,3,1,4,0.0,0,0,0,0,-1,278,48,68,15.0,1.0,0.0,0,0,3,JUD,0.0,Europe,76,16,0,0,0,0,0,0,0
Monaco,2000,country,1920,2024,0.0,0.0,0.0,0.0,0.0,0.0,0.0,0.0,0.0,0.0,0.0,0.0,0.0,0.0,0.0,4,3,1,4,0.0,0,0,0,0,-1,299,48,68,24.0,4.0,0.0,0,0,4,JUD,0.0,Europe,80,17,0,0,0,0,0,0,0
Monaco,2004,country,1920,2024,0.0,0.0,0.0,0.0,0.0,0.0,0.0,0.0,0.0,0.0,0.0,0.0,0.0,0.0,0.0,3,2,1,3,-0.25,0,0,0,0,-1,301,48,68,4.0,2.0,0.0,0,0,3,ATH,0.0,Europe,84,18,0,0,0,0,0,0,0
Monaco,2008,country,1920,2024,0.0,0.0,0.0,0.0,0.0,0.0,0.0,0.0,0.0,0.0,0.0,0.0,0.0,0.0,0.0,5,4,1,5,0.666667,0,0,0,0,-1,302,48,68,5.0,4.0,0.0,0,0,5,ATH,0.0,Europe,88,19,0,0,0,0,0,0,0
Monaco,2012,country,1920,2024,0.0,0.0,0.0,0.0,0.0,0.0,0.0,0.0,0.0,0.0,0.0,0.0,0.0,0.0,0.0,6,5,1,6,0.2,0,0,0,0,-1,302,48,68,2.0,2.0,0.0,0,0,6,ATH,0.0,Europe,92,20,0,0,0,0,0,0,0
Monaco,2016,country,1920,2024,0.0,0.0,0.0,0.0,0.0,0.0,0.0,0.0,0.0,0.0,0.0,0.0,0.0,0.0,0.0,8,8,0,8,0.333333,0,0,0,0,-1,306,48,68,5.0,1.0,0.0,0,0,3,ATH,0.0,Europe,96,21,0,0,0,0,0,0,0
Monaco,2020,country,1920,2024,0.0,0.0,0.0,0.0,0.0,0.0,0.0,0.0,0.0,0.0,0.0,0.0,0.0,0.0,0.0,6,3,3,6,-0.25,0,0,0,0,-1,316,48,68,33.0,23.0,0.0,0,0,5,ATH,0.0,Europe,100,22,0,0,0,0,0,0,0
Monaco,2024,country,1920,2024,0.0,0.0,0.0,0.0,0.0,0.0,0.0,0.0,0.0,0.0,0.0,0.0,0.0,0.0,0.0,6,3,3,6,0.0,0,0,0,0,-1,297,48,68,6.0,25.0,0.0,0,0,6,ATH,0.0,Europe,104,23,0,0,0,0,0,0,0
Mongolia,1964,country,1964,2024,,,,,,,,,,,,,,,,40,27,13,29,,0,0,0,0,-1,164,47,67,12.0,0.0,0.0,0,0,5,ATH,0.0,Asia,0,1,0,0,0,0,0,0,0
Mongolia,1968,country,1964,2024,0.0,0.0,0.0,0.0,0.0,,,,,,,,,,,38,22,16,26,-0.05,0,0,0,0,-1,174,47,67,14.0,4.0,0.132353,0,0,4,WRF,0.132353,Asia,4,2,0,0,0,1,3,4,1
Mongolia,1972,country,1964,2024,0.0,1.0,3.0,4.0,1.0,0.0,0.0,0.0,0.0,0.0,,,,,,44,42,2,39,0.157895,0,0,0,0,-1,201,47,67,27.0,0.0,0.098864,0,0,8,WRF,0.098864,Asia,8,3,0,0,0,1,0,1,1
Mongolia,1976,country,1964,2024,0.0,1.0,0.0,1.0,1.0,0.0,1.0,3.0,4.0,1.0,0.0,0.0,0.0,0.0,0.0,33,31,2,29,-0.25,0,0,0,0,-1,199,48,68,8.0,10.0,0.0975,0,0,6,WRF,0.0975,Asia,12,4,0,0,0,1,0,1,1
Mongolia,1980,country,1964,2024,0.0,1.0,0.0,1.0,1.0,0.0,1.0,0.0,1.0,1.0,0.0,1.0,3.0,4.0,1.0,57,45,12,41,0.727273,0,0,0,0,-1,204,47,67,6.0,1.0,0.123637,0,0,9,WRF,0.078182,Asia,16,5,0,0,0,2,2,4,1
Mongolia,1984,country,1964,2024,0.0,2.0,2.0,4.0,1.0,0.0,1.0,0.0,1.0,1.0,0.0,1.0,0.0,1.0,1.0,0,0,0,0,,0,0,0,0,-1,225,46,66,21.0,0.0,,0,0,0,,,Asia,20,5,0,0,0,0,0,0,0
Mongolia,1988,country,1964,2024,0.0,2.0,2.0,4.0,1.0,0.0,1.0,0.0,1.0,1.0,0.0,1.0,0.0,1.0,1.0,32,25,7,28,-0.438596,0,0,0,0,-1,243,47,67,19.0,1.0,0.077777,0,0,5,JUD,0.033333,Asia,24,6,0,0,0,0,1,1,1
Mongolia,1992,country,1964,2024,0.0,0.0,1.0,1.0,1.0,0.0,2.0,2.0,4.0,1.0,0.0,1.0,0.0,1.0,1.0,38,30,8,31,0.1875,0,0,0,0,-1,265,48,68,23.0,1.0,0.034767000000000006,0,0,8,SHO,0.0181,Asia,28,7,0,0,0,0,2,2,1
Mongolia,1996,country,1964,2024,0.0,0.0,2.0,2.0,1.0,0.0,0.0,1.0,1.0,1.0,0.0,2.0,2.0,4.0,1.0,18,12,6,16,-0.526316,0,0,0,0,-1,278,48,68,15.0,1.0,0.025375,0,0,7,SHO,0.00979,Asia,32,8,0,0,0,0,1,1,1
Mongolia,2000,country,1964,2024,0.0,0.0,1.0,1.0,1.0,0.0,0.0,2.0,2.0,1.0,0.0,0.0,1.0,1.0,1.0,23,12,11,21,0.277778,0,0,0,0,-1,299,48,68,24.0,4.0,0.015326,0,0,6,SHO,0.006993,Asia,36,9,0,0,0,0,0,0,0
Mongolia,2004,country,1964,2024,0.0,0.0,0.0,0.0,0.0,0.0,0.0,1.0,1.0,1.0,0.0,0.0,2.0,2.0,1.0,21,13,8,21,-0.086957,0,0,0,0,-1,301,48,68,4.0,2.0,0.00974,0,0,7,JUD,0.00974,Asia,40,10,0,0,0,0,1,1,1
Mongolia,2008,country,1964,2024,0.0,0.0,1.0,1.0,1.0,0.0,0.0,0.0,0.0,0.0,0.0,0.0,1.0,1.0,1.0,31,14,17,29,0.47619,0,0,0,0,-1,302,48,68,5.0,4.0,0.12131099999999999,0,0,7,BOX,0.066116,Asia,44,11,0,0,2,2,0,4,1
Mongolia,2012,country,1964,2024,2.0,2.0,0.0,4.0,1.0,0.0,0.0,1.0,1.0,1.0,0.0,0.0,0.0,0.0,0.0,32,18,14,32,0.032258,0,0,0,0,-1,302,48,68,2.0,2.0,0.147192,0,0,7,BOX,0.074253,Asia,48,12,0,0,0,2,3,5,1
Mongolia,2016,country,1964,2024,0.0,2.0,3.0,5.0,1.0,2.0,2.0,0.0,4.0,1.0,0.0,0.0,1.0,1.0,1.0,46,26,20,41,0.4375,0,0,0,0,-1,306,48,68,5.0,1.0,0.128403,0,0,9,BOX,0.059631,Asia,52,13,0,0,0,1,1,2,1
Mongolia,2020,country,1964,2024,0.0,1.0,1.0,2.0,1.0,0.0,2.0,3.0,5.0,1.0,2.0,2.0,0.0,4.0,1.0,61,27,34,43,0.326087,0,0,0,0,-1,316,48,68,33.0,23.0,0.087515,0,0,10,JUD,0.056926,Asia,56,14,0,0,0,1,3,4,1
Mongolia,2024,country,1964,2024,0.0,1.0,3.0,4.0,1.0,0.0,1.0,1.0,2.0,1.0,0.0,2.0,3.0,5.0,1.0,48,23,25,37,-0.213115,0,0,0,0,-1,297,48,68,6.0,25.0,0.057934,0,0,9,JUD,0.049134,Asia,60,15,0,0,0,1,0,1,1
Montenegro,2008,country,2008,2024,,,,,,,,,,,,,,,,20,18,2,8,,0,0,0,0,-1,302,48,68,5.0,4.0,0.0,0,0,6,ATH,0.0,Europe,0,1,0,0,0,0,0,0,0
Montenegro,2012,country,2008,2024,0.0,0.0,0.0,0.0,0.0,,,,,,,,,,,34,19,15,9,0.7,0,0,0,0,-1,302,48,68,2.0,2.0,0.3,0,0,7,HBL,0.3,Europe,4,2,0,0,0,1,0,1,1
Montenegro,2016,country,2008,2024,0.0,1.0,0.0,1.0,1.0,0.0,0.0,0.0,0.0,0.0,,,,,,35,17,18,9,0.029412,0,0,0,0,-1,306,48,68,5.0,1.0,0.123529,0,0,7,HBL,0.123529,Europe,8,3,0,0,0,0,0,0,0
Montenegro,2020,country,2008,2024,0.0,0.0,0.0,0.0,0.0,0.0,1.0,0.0,1.0,1.0,0.0,0.0,0.0,0.0,0.0,35,16,19,9,0.0,0,0,0,0,-1,316,48,68,33.0,23.0,0.068182,0,0,7,HBL,0.068182,Europe,12,4,0,0,0,0,0,0,0
Montenegro,2024,country,2008,2024,0.0,0.0,0.0,0.0,0.0,0.0,0.0,0.0,0.0,0.0,0.0,1.0,0.0,1.0,1.0,19,16,3,7,-0.457143,0,0,0,0,-1,297,48,68,6.0,25.0,0.0,0,0,6,ATH,0.0,Europe,16,5,0,0,0,0,0,0,0
Morocco,1960,country,1960,2024,,,,,,,,,,,,,,,,111,111,0,45,,0,0,0,0,-1,152,48,67,6.0,3.0,0.017143,0,0,10,ATH,0.017143,Africa,0,1,0,0,0,1,0,1,1
Morocco,1964,country,1960,2024,0.0,1.0,0.0,1.0,1.0,,,,,,,,,,,21,21,0,10,-0.810811,0,0,0,0,-1,164,47,67,12.0,0.0,0.007059,0,0,4,ATH,0.007059,Africa,4,2,0,0,0,0,0,0,0
Morocco,1968,country,1960,2024,0.0,0.0,0.0,0.0,0.0,0.0,1.0,0.0,1.0,1.0,,,,,,25,25,0,14,0.190476,0,0,0,0,-1,174,47,67,14.0,4.0,0.003896,0,0,4,ATH,0.003896,Africa,8,3,0,0,0,0,0,0,0
Morocco,1972,country,1960,2024,0.0,0.0,0.0,0.0,0.0,0.0,0.0,0.0,0.0,0.0,0.0,1.0,0.0,1.0,1.0,39,36,3,19,0.56,0,0,0,0,-1,201,47,67,27.0,0.0,0.0,0,0,5,ATH,0.0,Africa,12,4,0,0,0,0,0,0,0
Morocco,1976,country,1960,2024,0.0,0.0,0.0,0.0,0.0,0.0,0.0,0.0,0.0,0.0,0.0,0.0,0.0,0.0,0.0,9,9,0,9,-0.769231,0,0,0,0,-1,199,48,68,8.0,10.0,0.0,0,0,2,BOX,0.0,Africa,16,5,0,0,0,0,0,0,0
Morocco,1980,country,1960,2024,0.0,0.0,0.0,0.0,0.0,0.0,0.0,0.0,0.0,0.0,0.0,0.0,0.0,0.0,0.0,0,0,0,0,,0,0,0,0,-1,204,47,67,6.0,1.0,,0,0,0,,,Africa,20,5,0,0,0,0,0,0,0
Morocco,1984,country,1960,2024,0.0,0.0,0.0,0.0,0.0,0.0,0.0,0.0,0.0,0.0,0.0,0.0,0.0,0.0,0.0,35,34,1,18,2.888889,0,0,0,0,-1,225,46,66,21.0,0.0,0.04878,0,0,6,ATH,0.04878,Africa,24,6,0,0,2,0,0,2,1
Morocco,1988,country,1960,2024,2.0,0.0,0.0,2.0,1.0,0.0,0.0,0.0,0.0,0.0,0.0,0.0,0.0,0.0,0.0,29,25,4,25,-0.171429,0,0,0,0,-1,243,47,67,19.0,1.0,0.049368,0,0,4,ATH,0.039564,Africa,28,7,0,0,1,0,2,3,1
Morocco,1992,country,1960,2024,1.0,0.0,2.0,3.0,1.0,2.0,0.0,0.0,2.0,1.0,0.0,0.0,0.0,0.0,0.0,45,44,1,24,0.551724,0,0,0,0,-1,265,48,68,23.0,1.0,0.051414,0,0,7,ATH,0.038535,Africa,32,8,0,0,1,1,1,3,1
Morocco,1996,country,1960,2024,1.0,1.0,1.0,3.0,1.0,1.0,0.0,2.0,3.0,1.0,2.0,0.0,0.0,2.0,1.0,38,32,6,28,-0.155556,0,0,0,0,-1,278,48,68,15.0,1.0,0.03672,0,0,7,ATH,0.027629,Africa,36,9,0,0,0,0,2,2,1
Morocco,2000,country,1960,2024,0.0,0.0,2.0,2.0,1.0,1.0,1.0,1.0,3.0,1.0,1.0,0.0,2.0,3.0,1.0,55,46,9,28,0.447368,0,0,0,0,-1,299,48,68,24.0,4.0,0.043014,0,0,9,ATH,0.03165,Africa,40,10,0,0,0,1,4,5,1
Morocco,2004,country,1960,2024,0.0,1.0,4.0,5.0,1.0,0.0,0.0,2.0,2.0,1.0,1.0,1.0,1.0,3.0,1.0,57,48,9,28,0.036364,0,0,0,0,-1,301,48,68,4.0,2.0,0.047444,0,0,9,ATH,0.042141,Africa,44,11,0,0,2,1,0,3,1
Morocco,2008,country,1960,2024,2.0,1.0,0.0,3.0,1.0,0.0,1.0,4.0,5.0,1.0,0.0,0.0,2.0,2.0,1.0,49,37,12,35,-0.140351,0,0,0,0,-1,302,48,68,5.0,4.0,0.040324,0,0,7,ATH,0.036536,Africa,48,12,0,0,0,1,1,2,1
Morocco,2012,country,1960,2024,0.0,1.0,1.0,2.0,1.0,2.0,1.0,0.0,3.0,1.0,0.0,1.0,4.0,5.0,1.0,67,48,19,40,0.367347,0,0,0,0,-1,302,48,68,2.0,2.0,0.023451,0,0,12,ATH,0.023451,Africa,52,13,0,0,0,0,1,1,1
Morocco,2016,country,1960,2024,0.0,0.0,1.0,1.0,1.0,0.0,1.0,1.0,2.0,1.0,2.0,1.0,0.0,3.0,1.0,52,31,21,39,-0.223881,0,0,0,0,-1,306,48,68,5.0,1.0,0.014468,0,0,14,ATH,0.007475,Africa,56,14,0,0,0,0,1,1,1
Morocco,2020,country,1960,2024,0.0,0.0,1.0,1.0,1.0,0.0,0.0,1.0,1.0,1.0,0.0,1.0,1.0,2.0,1.0,51,36,15,37,-0.019231,0,0,0,0,-1,316,48,68,33.0,23.0,0.016027,0,0,19,ATH,0.011132,Africa,60,15,0,0,1,0,0,1,1
Morocco,2024,country,1960,2024,1.0,0.0,0.0,1.0,1.0,0.0,0.0,1.0,1.0,1.0,0.0,0.0,1.0,1.0,1.0,63,45,18,35,0.235294,0,0,0,0,-1,297,48,68,6.0,25.0,0.21946000000000002,0,0,20,FBL,0.2,Africa,64,16,0,0,1,0,1,2,1
Mozambique,1980,country,1980,2024,,,,,,,,,,,,,,,,16,13,3,16,,0,0,0,0,-1,204,47,67,6.0,1.0,0.0,0,0,2,ATH,0.0,Africa,0,1,0,0,0,0,0,0,0
Mozambique,1984,country,1980,2024,0.0,0.0,0.0,0.0,0.0,,,,,,,,,,,14,12,2,11,-0.125,0,0,0,0,-1,225,46,66,21.0,0.0,0.0,0,0,2,ATH,0.0,Africa,4,2,0,0,0,0,0,0,0
Mozambique,1988,country,1980,2024,0.0,0.0,0.0,0.0,0.0,0.0,0.0,0.0,0.0,0.0,,,,,,12,8,4,12,-0.142857,0,0,0,0,-1,243,47,67,19.0,1.0,0.0,0,0,3,ATH,0.0,Africa,8,3,0,0,0,0,0,0,0
Mozambique,1992,country,1980,2024,0.0,0.0,0.0,0.0,0.0,0.0,0.0,0.0,0.0,0.0,0.0,0.0,0.0,0.0,0.0,7,3,4,7,-0.416667,0,0,0,0,-1,265,48,68,23.0,1.0,0.0,0,0,2,ATH,0.0,Africa,12,4,0,0,0,0,0,0,0
Mozambique,1996,country,1980,2024,0.0,0.0,0.0,0.0,0.0,0.0,0.0,0.0,0.0,0.0,0.0,0.0,0.0,0.0,0.0,3,2,1,3,-0.571429,0,0,0,0,-1,278,48,68,15.0,1.0,0.004132,0,0,3,ATH,0.004132,Africa,16,5,0,0,0,0,1,1,1
Mozambique,2000,country,1980,2024,0.0,0.0,1.0,1.0,1.0,0.0,0.0,0.0,0.0,0.0,0.0,0.0,0.0,0.0,0.0,4,2,2,4,0.333333,0,0,0,0,-1,299,48,68,24.0,4.0,0.012994,0,0,2,ATH,0.012994,Africa,20,6,0,0,1,0,0,1,1
Mozambique,2004,country,1980,2024,1.0,0.0,0.0,1.0,1.0,0.0,0.0,1.0,1.0,1.0,0.0,0.0,0.0,0.0,0.0,4,2,2,4,0.0,0,0,0,0,-1,301,48,68,4.0,2.0,0.009137,0,0,2,ATH,0.009137,Africa,24,7,0,0,0,0,0,0,0
Mozambique,2008,country,1980,2024,0.0,0.0,0.0,0.0,0.0,1.0,0.0,0.0,1.0,1.0,0.0,0.0,1.0,1.0,1.0,4,2,2,4,0.0,0,0,0,0,-1,302,48,68,5.0,4.0,0.005051,0,0,3,ATH,0.005051,Africa,28,8,0,0,0,0,0,0,0
Mozambique,2012,country,1980,2024,0.0,0.0,0.0,0.0,0.0,0.0,0.0,0.0,0.0,0.0,1.0,0.0,0.0,1.0,1.0,6,4,2,6,0.5,0,0,0,0,-1,302,48,68,2.0,2.0,0.0,0,0,4,ATH,0.0,Africa,32,9,0,0,0,0,0,0,0
Mozambique,2016,country,1980,2024,0.0,0.0,0.0,0.0,0.0,0.0,0.0,0.0,0.0,0.0,0.0,0.0,0.0,0.0,0.0,8,7,1,7,0.333333,0,0,0,0,-1,306,48,68,5.0,1.0,0.0,0,0,4,ATH,0.0,Africa,36,10,0,0,0,0,0,0,0
Mozambique,2020,country,1980,2024,0.0,0.0,0.0,0.0,0.0,0.0,0.0,0.0,0.0,0.0,0.0,0.0,0.0,0.0,0.0,10,4,6,9,0.25,0,0,0,0,-1,316,48,68,33.0,23.0,0.0,0,0,6,ATH,0.0,Africa,40,11,0,0,0,0,0,0,0
Mozambique,2024,country,1980,2024,0.0,0.0,0.0,0.0,0.0,0.0,0.0,0.0,0.0,0.0,0.0,0.0,0.0,0.0,0.0,7,3,4,7,-0.3,0,0,0,0,-1,297,48,68,6.0,25.0,0.0,0,0,5,ATH,0.0,Africa,44,12,0,0,0,0,0,0,0
Myanmar,1948,country,1948,2024,,,,,,,,,,,,,,,,5,5,0,5,,0,0,0,0,-1,136,48,68,9.0,2.0,0.0,0,0,3,ATH,0.0,Asia,0,1,0,0,0,0,0,0,0
Myanmar,1952,country,1948,2024,0.0,0.0,0.0,0.0,0.0,,,,,,,,,,,5,5,0,5,0.0,0,0,0,0,-1,149,48,68,12.0,0.0,0.0,0,0,2,BOX,0.0,Asia,4,2,0,0,0,0,0,0,0
Myanmar,1956,country,1948,2024,0.0,0.0,0.0,0.0,0.0,0.0,0.0,0.0,0.0,0.0,,,,,,12,12,0,11,1.4,0,0,0,0,-1,149,48,68,2.0,2.0,0.0,0,0,4,ATH,0.0,Asia,8,3,0,0,0,0,0,0,0
Myanmar,1960,country,1948,2024,0.0,0.0,0.0,0.0,0.0,0.0,0.0,0.0,0.0,0.0,0.0,0.0,0.0,0.0,0.0,10,10,0,9,-0.166667,0,0,0,0,-1,152,48,67,6.0,3.0,0.0,0,0,5,ATH,0.0,Asia,12,4,0,0,0,0,0,0,0
Myanmar,1964,country,1948,2024,0.0,0.0,0.0,0.0,0.0,0.0,0.0,0.0,0.0,0.0,0.0,0.0,0.0,0.0,0.0,12,12,0,11,0.2,0,0,0,0,-1,164,47,67,12.0,0.0,0.0,0,0,5,ATH,0.0,Asia,16,5,0,0,0,0,0,0,0
Myanmar,1968,country,1948,2024,0.0,0.0,0.0,0.0,0.0,0.0,0.0,0.0,0.0,0.0,0.0,0.0,0.0,0.0,0.0,4,4,0,3,-0.666667,0,0,0,0,-1,174,47,67,14.0,4.0,0.0,0,0,2,ATH,0.0,Asia,20,6,0,0,0,0,0,0,0
Myanmar,1972,country,1948,2024,0.0,0.0,0.0,0.0,0.0,0.0,0.0,0.0,0.0,0.0,0.0,0.0,0.0,0.0,0.0,19,19,0,7,3.75,0,0,0,0,-1,201,47,67,27.0,0.0,0.0,0,0,4,ATH,0.0,Asia,24,7,0,0,0,0,0,0,0
Myanmar,1976,country,1948,2024,0.0,0.0,0.0,0.0,0.0,0.0,0.0,0.0,0.0,0.0,0.0,0.0,0.0,0.0,0.0,0,0,0,0,,0,0,0,0,-1,199,48,68,8.0,10.0,,0,0,0,,,Asia,28,7,0,0,0,0,0,0,0
Myanmar,1980,country,1948,2024,0.0,0.0,0.0,0.0,0.0,0.0,0.0,0.0,0.0,0.0,0.0,0.0,0.0,0.0,0.0,2,2,0,2,-0.894737,0,0,0,0,-1,204,47,67,6.0,1.0,0.0,0,0,2,ATH,0.0,Asia,32,8,0,0,0,0,0,0,0
Myanmar,1984,country,1948,2024,0.0,0.0,0.0,0.0,0.0,0.0,0.0,0.0,0.0,0.0,0.0,0.0,0.0,0.0,0.0,1,1,0,1,-0.5,0,0,0,0,-1,225,46,66,21.0,0.0,0.0,0,0,1,BOX,0.0,Asia,36,9,0,0,0,0,0,0,0
Myanmar,1988,country,1948,2024,0.0,0.0,0.0,0.0,0.0,0.0,0.0,0.0,0.0,0.0,0.0,0.0,0.0,0.0,0.0,3,0,3,3,2.0,0,0,0,0,-1,243,47,67,19.0,1.0,0.0,0,0,1,ATH,0.0,Asia,40,10,0,0,0,0,0,0,0
Myanmar,1992,country,1948,2024,0.0,0.0,0.0,0.0,0.0,0.0,0.0,0.0,0.0,0.0,0.0,0.0,0.0,0.0,0.0,5,1,4,5,0.666667,0,0,0,0,-1,265,48,68,23.0,1.0,0.0,0,0,2,ATH,0.0,Asia,44,11,0,0,0,0,0,0,0
Myanmar,1996,country,1948,2024,0.0,0.0,0.0,0.0,0.0,0.0,0.0,0.0,0.0,0.0,0.0,0.0,0.0,0.0,0.0,3,2,1,3,-0.4,0,0,0,0,-1,278,48,68,15.0,1.0,0.0,0,0,2,ATH,0.0,Asia,48,12,0,0,0,0,0,0,0
Myanmar,2000,country,1948,2024,0.0,0.0,0.0,0.0,0.0,0.0,0.0,0.0,0.0,0.0,0.0,0.0,0.0,0.0,0.0,7,1,6,7,1.333333,0,0,0,0,-1,299,48,68,24.0,4.0,0.0,0,0,4,ARC,0.0,Asia,52,13,0,0,0,0,0,0,0
Myanmar,2004,country,1948,2024,0.0,0.0,0.0,0.0,0.0,0.0,0.0,0.0,0.0,0.0,0.0,0.0,0.0,0.0,0.0,2,0,2,2,-0.714286,0,0,0,0,-1,301,48,68,4.0,2.0,0.0,0,0,2,ARC,0.0,Asia,56,14,0,0,0,0,0,0,0
Myanmar,2008,country,1948,2024,0.0,0.0,0.0,0.0,0.0,0.0,0.0,0.0,0.0,0.0,0.0,0.0,0.0,0.0,0.0,7,5,2,7,2.5,0,0,0,0,-1,302,48,68,5.0,4.0,0.0,0,0,5,ARC,0.0,Asia,60,15,0,0,0,0,0,0,0
Myanmar,2012,country,1948,2024,0.0,0.0,0.0,0.0,0.0,0.0,0.0,0.0,0.0,0.0,0.0,0.0,0.0,0.0,0.0,6,3,3,6,-0.142857,0,0,0,0,-1,302,48,68,2.0,2.0,0.0,0,0,5,ARC,0.0,Asia,64,16,0,0,0,0,0,0,0
Myanmar,2016,country,1948,2024,0.0,0.0,0.0,0.0,0.0,0.0,0.0,0.0,0.0,0.0,0.0,0.0,0.0,0.0,0.0,8,5,3,8,0.333333,0,0,0,0,-1,306,48,68,5.0,1.0,0.0,0,0,5,ARC,0.0,Asia,68,17,0,0,0,0,0,0,0
Myanmar,2020,country,1948,2024,0.0,0.0,0.0,0.0,0.0,0.0,0.0,0.0,0.0,0.0,0.0,0.0,0.0,0.0,0.0,2,1,1,2,-0.75,0,0,0,0,-1,316,48,68,33.0,23.0,0.0,0,0,2,BDM,0.0,Asia,72,18,0,0,0,0,0,0,0
Myanmar,2024,country,1948,2024,0.0,0.0,0.0,0.0,0.0,0.0,0.0,0.0,0.0,0.0,0.0,0.0,0.0,0.0,0.0,2,1,1,2,0.0,0,0,0,0,-1,297,48,68,6.0,25.0,0.0,0,0,2,BDM,0.0,Asia,76,19,0,0,0,0,0,0,0
Namibia,1992,country,1992,2024,,,,,,,,,,,,,,,,10,7,3,9,,0,0,0,0,-1,265,48,68,23.0,1.0,0.027907,0,0,3,ATH,0.027907,Africa,0,1,0,0,0,2,0,2,1
Namibia,1996,country,1992,2024,0.0,2.0,0.0,2.0,1.0,,,,,,,,,,,10,7,3,10,0.0,0,0,0,0,-1,278,48,68,15.0,1.0,0.027534,0,0,4,ATH,0.027534,Africa,4,2,0,0,0,2,0,2,1
Namibia,2000,country,1992,2024,0.0,2.0,0.0,2.0,1.0,0.0,2.0,0.0,2.0,1.0,,,,,,16,10,6,16,0.6,0,0,0,0,-1,299,48,68,24.0,4.0,0.01502,0,0,6,ATH,0.01502,Africa,8,3,0,0,0,0,0,0,0
Namibia,2004,country,1992,2024,0.0,0.0,0.0,0.0,0.0,0.0,2.0,0.0,2.0,1.0,0.0,2.0,0.0,2.0,1.0,10,9,1,9,-0.375,0,0,0,0,-1,301,48,68,4.0,2.0,0.006198,0,0,5,ATH,0.006198,Africa,12,4,0,0,0,0,0,0,0
Namibia,2008,country,1992,2024,0.0,0.0,0.0,0.0,0.0,0.0,0.0,0.0,0.0,0.0,0.0,2.0,0.0,2.0,1.0,11,6,5,10,0.1,0,0,0,0,-1,302,48,68,5.0,4.0,0.0,0,0,5,ATH,0.0,Africa,16,5,0,0,0,0,0,0,0
Namibia,2012,country,1992,2024,0.0,0.0,0.0,0.0,0.0,0.0,0.0,0.0,0.0,0.0,0.0,0.0,0.0,0.0,0.0,9,5,4,8,-0.181818,0,0,0,0,-1,302,48,68,2.0,2.0,0.0,0,0,6,ATH,0.0,Africa,20,6,0,0,0,0,0,0,0
Namibia,2016,country,1992,2024,0.0,0.0,0.0,0.0,0.0,0.0,0.0,0.0,0.0,0.0,0.0,0.0,0.0,0.0,0.0,11,5,6,9,0.222222,0,0,0,0,-1,306,48,68,5.0,1.0,0.0,0,0,5,ATH,0.0,Africa,24,7,0,0,0,0,0,0,0
Namibia,2020,country,1992,2024,0.0,0.0,0.0,0.0,0.0,0.0,0.0,0.0,0.0,0.0,0.0,0.0,0.0,0.0,0.0,11,5,6,10,0.0,0,0,0,0,-1,316,48,68,33.0,23.0,0.005803,0,0,6,ATH,0.005803,Africa,28,8,0,0,0,1,0,1,1
Namibia,2024,country,1992,2024,0.0,1.0,0.0,1.0,1.0,0.0,0.0,0.0,0.0,0.0,0.0,0.0,0.0,0.0,0.0,4,2,2,4,-0.636364,0,0,0,0,-1,297,48,68,6.0,25.0,0.004062,0,0,4,ATH,0.004062,Africa,32,9,0,0,0,0,0,0,0
Nauru,1996,country,1996,2024,,,,,,,,,,,,,,,,3,3,0,3,,0,0,0,0,-1,278,48,68,15.0,1.0,0.0,0,0,1,WLF,0.0,Oceania,0,1,0,0,0,0,0,0,0
Nauru,2000,country,1996,2024,0.0,0.0,0.0,0.0,0.0,,,,,,,,,,,2,1,1,2,-0.333333,0,0,0,0,-1,299,48,68,24.0,4.0,0.0,0,0,1,WLF,0.0,Oceania,4,2,0,0,0,0,0,0,0
Nauru,2004,country,1996,2024,0.0,0.0,0.0,0.0,0.0,0.0,0.0,0.0,0.0,0.0,,,,,,3,2,1,3,0.5,0,0,0,0,-1,301,48,68,4.0,2.0,0.0,0,0,1,WLF,0.0,Oceania,8,3,0,0,0,0,0,0,0
Nauru,2008,country,1996,2024,0.0,0.0,0.0,0.0,0.0,0.0,0.0,0.0,0.0,0.0,0.0,0.0,0.0,0.0,0.0,1,1,0,1,-0.666667,0,0,0,0,-1,302,48,68,5.0,4.0,0.0,0,0,1,WLF,0.0,Oceania,12,4,0,0,0,0,0,0,0
Nauru,2012,country,1996,2024,0.0,0.0,0.0,0.0,0.0,0.0,0.0,0.0,0.0,0.0,0.0,0.0,0.0,0.0,0.0,2,2,0,2,1.0,0,0,0,0,-1,302,48,68,2.0,2.0,0.0,0,0,2,JUD,0.0,Oceania,16,5,0,0,0,0,0,0,0
Nauru,2016,country,1996,2024,0.0,0.0,0.0,0.0,0.0,0.0,0.0,0.0,0.0,0.0,0.0,0.0,0.0,0.0,0.0,2,2,0,2,0.0,0,0,0,0,-1,306,48,68,5.0,1.0,0.0,0,0,2,JUD,0.0,Oceania,20,6,0,0,0,0,0,0,0
Nauru,2020,country,1996,2024,0.0,0.0,0.0,0.0,0.0,0.0,0.0,0.0,0.0,0.0,0.0,0.0,0.0,0.0,0.0,2,1,1,2,0.0,0,0,0,0,-1,316,48,68,33.0,23.0,0.0,0,0,2,ATH,0.0,Oceania,24,7,0,0,0,0,0,0,0
Nauru,2024,country,1996,2024,0.0,0.0,0.0,0.0,0.0,0.0,0.0,0.0,0.0,0.0,0.0,0.0,0.0,0.0,0.0,1,1,0,1,-0.5,0,0,0,0,-1,297,48,68,6.0,25.0,0.0,0,0,1,ATH,0.0,Oceania,28,8,0,0,0,0,0,0,0
Nepal,1964,country,1964,2024,,,,,,,,,,,,,,,,6,6,0,5,,0,0,0,0,-1,164,47,67,12.0,0.0,0.0,0,0,2,ATH,0.0,Asia,0,1,0,0,0,0,0,0,0
Nepal,1968,country,1964,2024,0.0,0.0,0.0,0.0,0.0,,,,,,,,,,,0,0,0,0,,0,0,0,0,-1,174,47,67,14.0,4.0,,0,0,0,,,Asia,4,1,0,0,0,0,0,0,0
Nepal,1972,country,1964,2024,0.0,0.0,0.0,0.0,0.0,,,,,,,,,,,2,2,0,1,-0.666667,0,0,0,0,-1,201,47,67,27.0,0.0,0.0,0,0,1,ATH,0.0,Asia,8,2,0,0,0,0,0,0,0
Nepal,1976,country,1964,2024,0.0,0.0,0.0,0.0,0.0,0.0,0.0,0.0,0.0,0.0,,,,,,1,1,0,1,-0.5,0,0,0,0,-1,199,48,68,8.0,10.0,0.0,0,0,1,ATH,0.0,Asia,12,3,0,0,0,0,0,0,0
Nepal,1980,country,1964,2024,0.0,0.0,0.0,0.0,0.0,0.0,0.0,0.0,0.0,0.0,0.0,0.0,0.0,0.0,0.0,10,10,0,9,9.0,0,0,0,0,-1,204,47,67,6.0,1.0,0.0,0,0,3,ATH,0.0,Asia,16,4,0,0,0,0,0,0,0
Nepal,1984,country,1964,2024,0.0,0.0,0.0,0.0,0.0,0.0,0.0,0.0,0.0,0.0,0.0,0.0,0.0,0.0,0.0,10,10,0,8,0.0,0,0,0,0,-1,225,46,66,21.0,0.0,0.0,0,0,3,ATH,0.0,Asia,20,5,0,0,0,0,0,0,0
Nepal,1988,country,1964,2024,0.0,0.0,0.0,0.0,0.0,0.0,0.0,0.0,0.0,0.0,0.0,0.0,0.0,0.0,0.0,20,17,3,17,1.0,0,0,0,0,-1,243,47,67,19.0,1.0,0.0,0,0,5,ATH,0.0,Asia,24,6,0,0,0,0,0,0,0
Nepal,1992,country,1964,2024,0.0,0.0,0.0,0.0,0.0,0.0,0.0,0.0,0.0,0.0,0.0,0.0,0.0,0.0,0.0,2,1,1,2,-0.9,0,0,0,0,-1,265,48,68,23.0,1.0,0.0,0,0,2,ATH,0.0,Asia,28,7,0,0,0,0,0,0,0
Nepal,1996,country,1964,2024,0.0,0.0,0.0,0.0,0.0,0.0,0.0,0.0,0.0,0.0,0.0,0.0,0.0,0.0,0.0,6,3,3,6,2.0,0,0,0,0,-1,278,48,68,15.0,1.0,0.0,0,0,4,ATH,0.0,Asia,32,8,0,0,0,0,0,0,0
Nepal,2000,country,1964,2024,0.0,0.0,0.0,0.0,0.0,0.0,0.0,0.0,0.0,0.0,0.0,0.0,0.0,0.0,0.0,5,2,3,5,-0.166667,0,0,0,0,-1,299,48,68,24.0,4.0,0.0,0,0,3,ATH,0.0,Asia,36,9,0,0,0,0,0,0,0
Nepal,2004,country,1964,2024,0.0,0.0,0.0,0.0,0.0,0.0,0.0,0.0,0.0,0.0,0.0,0.0,0.0,0.0,0.0,6,3,3,6,0.2,0,0,0,0,-1,301,48,68,4.0,2.0,0.0,0,0,4,ATH,0.0,Asia,40,10,0,0,0,0,0,0,0
Nepal,2008,country,1964,2024,0.0,0.0,0.0,0.0,0.0,0.0,0.0,0.0,0.0,0.0,0.0,0.0,0.0,0.0,0.0,8,4,4,8,0.333333,0,0,0,0,-1,302,48,68,5.0,4.0,0.0,0,0,6,ATH,0.0,Asia,44,11,0,0,0,0,0,0,0
Nepal,2012,country,1964,2024,0.0,0.0,0.0,0.0,0.0,0.0,0.0,0.0,0.0,0.0,0.0,0.0,0.0,0.0,0.0,5,2,3,5,-0.375,0,0,0,0,-1,302,48,68,2.0,2.0,0.0,0,0,3,ATH,0.0,Asia,48,12,0,0,0,0,0,0,0
Nepal,2016,country,1964,2024,0.0,0.0,0.0,0.0,0.0,0.0,0.0,0.0,0.0,0.0,0.0,0.0,0.0,0.0,0.0,7,3,4,7,0.4,0,0,0,0,-1,306,48,68,5.0,1.0,0.0,0,0,5,ARC,0.0,Asia,52,13,0,0,0,0,0,0,0
Nepal,2020,country,1964,2024,0.0,0.0,0.0,0.0,0.0,0.0,0.0,0.0,0.0,0.0,0.0,0.0,0.0,0.0,0.0,5,1,4,5,-0.285714,0,0,0,0,-1,316,48,68,33.0,23.0,0.0,0,0,4,ATH,0.0,Asia,56,14,0,0,0,0,0,0,0
Nepal,2024,country,1964,2024,0.0,0.0,0.0,0.0,0.0,0.0,0.0,0.0,0.0,0.0,0.0,0.0,0.0,0.0,0.0,7,3,4,6,0.4,0,0,0,0,-1,297,48,68,6.0,25.0,0.0,0,0,5,ATH,0.0,Asia,60,15,0,0,0,0,0,0,0
Netherlands,1900,country,1900,2024,,,,,,,,,,,,,,,,70,70,0,18,,0,0,0,0,-1,97,47,66,65.0,12.0,0.74619,0,0,7,ROW,0.42,Europe,0,1,0,0,1,2,4,7,1
Netherlands,1904,country,1900,2024,1.0,2.0,4.0,7.0,1.0,,,,,,,,,,,0,0,0,0,,0,0,0,0,-1,95,48,67,36.0,38.0,,0,0,0,,,Europe,4,1,0,0,0,0,0,0,0
Netherlands,1908,country,1900,2024,1.0,2.0,4.0,7.0,1.0,,,,,,,,,,,214,214,0,45,2.057143,0,0,0,0,-1,104,48,67,35.0,26.0,0.520159,0,0,11,FBL,0.311111,Europe,8,2,0,0,0,0,2,2,1
Netherlands,1912,country,1900,2024,0.0,0.0,2.0,2.0,1.0,1.0,2.0,4.0,7.0,1.0,,,,,,45,45,0,14,-0.78972,0,0,0,0,-1,102,48,67,25.0,28.0,0.494118,0,0,7,FBL,0.4,Europe,12,3,0,0,0,0,3,3,1
Netherlands,1920,country,1900,2024,0.0,0.0,3.0,3.0,1.0,0.0,0.0,2.0,2.0,1.0,1.0,2.0,4.0,7.0,1.0,213,212,1,58,3.733333,0,0,0,0,-1,156,48,67,58.0,4.0,1.813896,0,0,16,TOW,0.6,Europe,20,4,1,1,4,2,5,11,1
Netherlands,1924,country,1900,2024,4.0,2.0,5.0,11.0,1.0,0.0,0.0,3.0,3.0,1.0,0.0,0.0,2.0,2.0,1.0,238,223,15,81,0.117371,0,1,0,1,-1,126,45,62,12.0,42.0,1.73077,0,0,18,EVE,0.588235,Europe,24,5,0,0,4,1,6,11,1
Netherlands,1928,country,1900,2024,4.0,1.0,6.0,11.0,1.0,4.0,2.0,5.0,11.0,1.0,0.0,0.0,3.0,3.0,1.0,367,312,55,103,0.542017,1,0,0,2,-1,110,48,68,3.0,19.0,2.972396,0,0,19,EVE,0.909091,Europe,28,6,0,0,8,10,5,23,1
Netherlands,1932,country,1900,2024,8.0,10.0,5.0,23.0,1.0,4.0,1.0,6.0,11.0,1.0,4.0,2.0,5.0,11.0,1.0,67,43,24,29,-0.817439,0,0,1,3,4,127,48,67,18.0,1.0,1.8539640000000002,0,1,7,EVE,1.004545,Europe,32,7,0,0,2,5,1,8,1
Netherlands,1936,country,1900,2024,2.0,5.0,1.0,8.0,1.0,8.0,10.0,5.0,23.0,1.0,4.0,1.0,6.0,11.0,1.0,209,177,32,75,2.119403,0,0,0,0,8,129,48,67,4.0,2.0,2.551475,0,0,17,EVE,0.55,Europe,36,8,0,0,6,4,7,17,1
Netherlands,1948,country,1900,2024,6.0,4.0,7.0,17.0,1.0,2.0,5.0,1.0,8.0,1.0,8.0,10.0,5.0,23.0,1.0,187,141,46,74,-0.105263,0,0,0,0,20,136,48,68,9.0,2.0,2.069112,0,0,19,HOC,0.4,Europe,48,9,0,0,5,2,9,16,1
Netherlands,1952,country,1900,2024,5.0,2.0,9.0,16.0,1.0,6.0,4.0,7.0,17.0,1.0,2.0,5.0,1.0,8.0,1.0,180,93,87,57,-0.037433,0,0,0,0,24,149,48,68,12.0,0.0,1.330361,0,0,15,HOC,0.490909,Europe,52,10,0,0,0,5,0,5,1
Netherlands,1956,country,1900,2024,0.0,5.0,0.0,5.0,1.0,5.0,2.0,9.0,16.0,1.0,6.0,4.0,7.0,17.0,1.0,1,1,0,1,-0.994444,0,0,0,0,28,149,48,68,2.0,2.0,0.0,0,0,1,EDR,0.0,Europe,56,11,0,0,0,0,0,0,0
Netherlands,1960,country,1900,2024,0.0,0.0,0.0,0.0,0.0,0.0,5.0,0.0,5.0,1.0,5.0,2.0,9.0,16.0,1.0,160,91,69,54,159.0,0,0,0,0,32,152,48,67,6.0,3.0,0.32282900000000003,0,0,14,HOC,0.2,Europe,60,12,0,0,0,1,2,3,1
Netherlands,1964,country,1900,2024,0.0,1.0,2.0,3.0,1.0,0.0,0.0,0.0,0.0,0.0,0.0,5.0,0.0,5.0,1.0,158,127,31,57,-0.0125,0,0,0,0,36,164,47,67,12.0,0.0,0.849963,0,0,13,CRD,0.294118,Europe,64,13,0,0,2,4,4,10,1
Netherlands,1968,country,1900,2024,2.0,4.0,4.0,10.0,1.0,0.0,1.0,2.0,3.0,1.0,0.0,0.0,0.0,0.0,0.0,140,97,43,52,-0.113924,0,0,0,0,40,174,47,67,14.0,4.0,0.770351,0,0,12,CRD,0.386364,Europe,68,14,0,0,3,3,1,7,1
Netherlands,1972,country,1900,2024,3.0,3.0,1.0,7.0,1.0,2.0,4.0,4.0,10.0,1.0,0.0,1.0,2.0,3.0,1.0,199,114,85,72,0.421429,0,0,0,0,44,201,47,67,27.0,0.0,1.1265,0,0,18,CRD,0.5,Europe,72,15,0,0,3,1,1,5,1
Netherlands,1976,country,1900,2024,3.0,1.0,1.0,5.0,1.0,3.0,3.0,1.0,7.0,1.0,2.0,4.0,4.0,10.0,1.0,175,89,86,58,-0.120603,0,0,0,0,48,199,48,68,8.0,10.0,0.7416510000000001,0,0,13,CRD,0.272727,Europe,76,16,0,0,0,2,3,5,1
Netherlands,1980,country,1900,2024,0.0,2.0,3.0,5.0,1.0,3.0,1.0,1.0,5.0,1.0,3.0,3.0,1.0,7.0,1.0,112,83,29,56,-0.36,0,0,0,0,52,204,47,67,6.0,1.0,0.499931,0,0,11,JUD,0.127778,Europe,80,17,0,0,0,1,2,3,1
Netherlands,1984,country,1900,2024,0.0,1.0,2.0,3.0,1.0,0.0,2.0,3.0,5.0,1.0,3.0,1.0,1.0,5.0,1.0,185,100,85,74,0.651786,0,0,0,0,56,225,46,66,21.0,0.0,0.705097,0,0,16,HOC,0.333333,Europe,84,18,0,0,5,2,6,13,1
Netherlands,1988,country,1900,2024,5.0,2.0,6.0,13.0,1.0,0.0,1.0,2.0,3.0,1.0,0.0,2.0,3.0,5.0,1.0,202,117,85,86,0.091892,0,0,0,0,60,243,47,67,19.0,1.0,0.865369,0,0,19,HOC,0.441176,Europe,88,19,0,0,2,2,5,9,1
Netherlands,1992,country,1900,2024,2.0,2.0,5.0,9.0,1.0,5.0,2.0,6.0,13.0,1.0,0.0,1.0,2.0,3.0,1.0,257,135,122,105,0.272277,0,0,0,0,64,265,48,68,23.0,1.0,1.6131330000000002,0,0,24,EJP,0.470588,Europe,92,20,0,0,2,6,7,15,1
Netherlands,1996,country,1900,2024,2.0,6.0,7.0,15.0,1.0,2.0,2.0,5.0,9.0,1.0,5.0,2.0,6.0,13.0,1.0,290,162,128,94,0.128405,0,0,0,0,68,278,48,68,15.0,1.0,2.4589410000000003,0,0,22,MTB,0.5,Europe,96,21,1,1,4,5,10,19,1
Netherlands,2000,country,1900,2024,4.0,5.0,10.0,19.0,1.0,2.0,6.0,7.0,15.0,1.0,2.0,2.0,5.0,9.0,1.0,285,176,109,95,-0.017241,0,0,0,0,72,299,48,68,24.0,4.0,3.088509,0,0,24,EDR,0.686364,Europe,100,22,0,0,12,9,4,25,1
Netherlands,2004,country,1900,2024,12.0,9.0,4.0,25.0,1.0,4.0,5.0,10.0,19.0,1.0,2.0,6.0,7.0,15.0,1.0,264,159,105,99,-0.073684,0,0,0,0,76,301,48,68,4.0,2.0,2.723559,0,0,25,EDR,0.663636,Europe,104,23,0,0,4,9,9,22,1
Netherlands,2008,country,1900,2024,4.0,9.0,9.0,22.0,1.0,12.0,9.0,4.0,25.0,1.0,4.0,5.0,10.0,19.0,1.0,283,160,123,98,0.07197,0,0,0,0,80,302,48,68,5.0,4.0,2.537819,0,0,25,EDR,0.704545,Europe,108,24,1,1,7,5,4,16,1
Netherlands,2012,country,1900,2024,7.0,5.0,4.0,16.0,1.0,4.0,9.0,9.0,22.0,1.0,12.0,9.0,4.0,25.0,1.0,222,117,105,95,-0.215548,0,0,0,0,84,302,48,68,2.0,2.0,2.353779,0,0,24,HOC,0.659091,Europe,112,25,1,1,6,6,8,20,1
Netherlands,2016,country,1900,2024,6.0,6.0,8.0,20.0,1.0,7.0,5.0,4.0,16.0,1.0,4.0,9.0,9.0,22.0,1.0,329,153,176,122,0.481982,0,0,0,0,88,306,48,68,5.0,1.0,2.237104,0,0,28,HOC,0.504545,Europe,116,26,1,1,8,7,4,19,1
Netherlands,2020,country,1900,2024,8.0,7.0,4.0,19.0,1.0,6.0,6.0,8.0,20.0,1.0,7.0,5.0,4.0,16.0,1.0,391,157,234,123,0.18845,0,0,0,0,92,316,48,68,33.0,23.0,2.927404,0,0,28,CRD,0.511364,Europe,120,27,0,0,10,12,14,36,1
Netherlands,2024,country,1900,2024,10.0,12.0,14.0,36.0,1.0,8.0,7.0,4.0,19.0,1.0,6.0,6.0,8.0,20.0,1.0,449,190,259,132,0.148338,0,0,0,0,96,297,48,68,6.0,25.0,4.096841,0,0,31,HOC,0.681818,Europe,124,28,0,0,14,7,12,33,1
Netherlands Antilles,1952,historical_different,1952,2008,,,,,,,,,,,,,,,,11,11,0,1,,0,0,0,0,-1,149,48,68,12.0,0.0,0.0,0,0,1,FBL,0.0,Americas,0,1,0,0,0,0,0,0,0
Netherlands Antilles,1956,historical_different,1952,2008,0.0,0.0,0.0,0.0,0.0,,,,,,,,,,,0,0,0,0,,0,0,0,0,-1,149,48,68,2.0,2.0,,0,0,0,,,Americas,4,1,0,0,0,0,0,0,0
Netherlands Antilles,1960,historical_different,1952,2008,0.0,0.0,0.0,0.0,0.0,,,,,,,,,,,5,5,0,4,-0.545455,0,0,0,0,-1,152,48,67,6.0,3.0,0.0,0,0,1,WLF,0.0,Americas,8,2,0,0,0,0,0,0,0
Netherlands Antilles,1964,historical_different,1952,2008,0.0,0.0,0.0,0.0,0.0,0.0,0.0,0.0,0.0,0.0,,,,,,4,4,0,4,-0.2,0,0,0,0,-1,164,47,67,12.0,0.0,0.0,0,0,2,FEN,0.0,Americas,12,3,0,0,0,0,0,0,0
Netherlands Antilles,1968,historical_different,1952,2008,0.0,0.0,0.0,0.0,0.0,0.0,0.0,0.0,0.0,0.0,0.0,0.0,0.0,0.0,0.0,5,3,2,4,0.25,0,0,0,0,-1,174,47,67,14.0,4.0,0.0,0,0,2,FEN,0.0,Americas,16,4,0,0,0,0,0,0,0
Netherlands Antilles,1972,historical_different,1952,2008,0.0,0.0,0.0,0.0,0.0,0.0,0.0,0.0,0.0,0.0,0.0,0.0,0.0,0.0,0.0,2,2,0,2,-0.6,0,0,0,0,-1,201,47,67,27.0,0.0,0.0,0,0,2,SHO,0.0,Americas,20,5,0,0,0,0,0,0,0
Netherlands Antilles,1976,historical_different,1952,2008,0.0,0.0,0.0,0.0,0.0,0.0,0.0,0.0,0.0,0.0,0.0,0.0,0.0,0.0,0.0,4,4,0,4,1.0,0,0,0,0,-1,199,48,68,8.0,10.0,0.0,0,0,2,ATH,0.0,Americas,24,6,0,0,0,0,0,0,0
Netherlands Antilles,1980,historical_different,1952,2008,0.0,0.0,0.0,0.0,0.0,0.0,0.0,0.0,0.0,0.0,0.0,0.0,0.0,0.0,0.0,0,0,0,0,,0,0,0,0,-1,204,47,67,6.0,1.0,,0,0,0,,,Americas,28,6,0,0,0,0,0,0,0
Netherlands Antilles,1984,historical_different,1952,2008,0.0,0.0,0.0,0.0,0.0,0.0,0.0,0.0,0.0,0.0,0.0,0.0,0.0,0.0,0.0,13,6,7,10,2.25,0,0,0,0,-1,225,46,66,21.0,0.0,0.0,0,0,3,ATH,0.0,Americas,32,7,0,0,0,0,0,0,0
Netherlands Antilles,1988,historical_different,1952,2008,0.0,0.0,0.0,0.0,0.0,0.0,0.0,0.0,0.0,0.0,0.0,0.0,0.0,0.0,0.0,4,3,1,4,-0.692308,0,0,0,0,-1,243,47,67,19.0,1.0,0.075,0,0,3,SAL,0.075,Americas,36,8,0,0,0,1,0,1,1
Netherlands Antilles,1992,historical_different,1952,2008,0.0,1.0,0.0,1.0,1.0,0.0,0.0,0.0,0.0,0.0,0.0,0.0,0.0,0.0,0.0,4,3,1,4,0.0,0,0,0,0,-1,265,48,68,23.0,1.0,0.030882,0,0,3,SAL,0.030882,Americas,40,9,0,0,0,0,0,0,0
Netherlands Antilles,1996,historical_different,1952,2008,0.0,0.0,0.0,0.0,0.0,0.0,1.0,0.0,1.0,1.0,0.0,0.0,0.0,0.0,0.0,7,7,0,7,0.75,0,0,0,0,-1,278,48,68,15.0,1.0,0.017045,0,0,5,SAL,0.017045,Americas,44,10,0,0,0,0,0,0,0
Netherlands Antilles,2000,historical_different,1952,2008,0.0,0.0,0.0,0.0,0.0,0.0,0.0,0.0,0.0,0.0,0.0,1.0,0.0,1.0,1.0,8,7,1,8,0.142857,0,0,0,0,-1,299,48,68,24.0,4.0,0.0,0,0,6,ATH,0.0,Americas,48,11,0,0,0,0,0,0,0
Netherlands Antilles,2004,historical_different,1952,2008,0.0,0.0,0.0,0.0,0.0,0.0,0.0,0.0,0.0,0.0,0.0,0.0,0.0,0.0,0.0,3,3,0,3,-0.625,0,0,0,0,-1,301,48,68,4.0,2.0,0.0,0,0,2,ATH,0.0,Americas,52,12,0,0,0,0,0,0,0
Netherlands Antilles,2008,historical_different,1952,2008,0.0,0.0,0.0,0.0,0.0,0.0,0.0,0.0,0.0,0.0,0.0,0.0,0.0,0.0,0.0,4,4,0,4,0.333333,0,0,0,0,-1,302,48,68,5.0,4.0,0.0,0,0,3,ATH,0.0,Americas,56,13,0,0,0,0,0,0,0
New Zealand,1900,country,1900,2024,,,,,,,,,,,,,,,,1,1,0,1,,0,0,0,0,-1,97,47,66,65.0,12.0,0.5,0,0,1,WPO,0.5,Oceania,0,1,0,0,1,0,0,1,1
New Zealand,1904,country,1900,2024,1.0,0.0,0.0,1.0,1.0,,,,,,,,,,,0,0,0,0,,0,0,0,0,-1,95,48,67,36.0,38.0,,0,0,0,,,Oceania,4,1,0,0,0,0,0,0,0
New Zealand,1908,country,1900,2024,1.0,0.0,0.0,1.0,1.0,,,,,,,,,,,0,0,0,0,,0,0,0,0,-1,104,48,67,35.0,26.0,,0,0,0,,,Oceania,8,1,0,0,0,0,0,0,0
New Zealand,1912,country,1900,2024,1.0,0.0,0.0,1.0,1.0,,,,,,,,,,,0,0,0,0,,0,0,0,0,-1,102,48,67,25.0,28.0,,0,0,0,,,Oceania,12,1,0,0,0,0,0,0,0
New Zealand,1920,country,1900,2024,1.0,0.0,0.0,1.0,1.0,,,,,,,,,,,6,4,2,6,5.0,0,0,0,0,-1,156,48,67,58.0,4.0,0.08,0,0,3,ROW,0.08,Oceania,20,2,0,0,0,0,1,1,1
New Zealand,1924,country,1900,2024,0.0,0.0,1.0,1.0,1.0,1.0,0.0,0.0,1.0,1.0,,,,,,6,4,2,6,0.0,0,0,0,0,-1,126,45,62,12.0,42.0,0.008715,0,0,3,ATH,0.008715,Oceania,24,3,0,0,0,0,1,1,1
New Zealand,1928,country,1900,2024,0.0,0.0,1.0,1.0,1.0,0.0,0.0,1.0,1.0,1.0,1.0,0.0,0.0,1.0,1.0,13,8,5,12,1.166667,0,0,0,0,-1,110,48,68,3.0,19.0,0.078243,0,0,3,BOX,0.073529,Oceania,28,4,0,0,1,0,0,1,1
New Zealand,1932,country,1900,2024,1.0,0.0,0.0,1.0,1.0,0.0,0.0,1.0,1.0,1.0,0.0,0.0,1.0,1.0,1.0,29,28,1,15,1.230769,0,0,0,0,-1,127,48,67,18.0,1.0,0.128854,0,0,4,ROW,0.085714,Oceania,32,5,0,0,0,1,0,1,1
New Zealand,1936,country,1900,2024,0.0,1.0,0.0,1.0,1.0,1.0,0.0,0.0,1.0,1.0,0.0,0.0,1.0,1.0,1.0,9,9,0,9,-0.689655,0,0,0,0,-1,129,48,67,4.0,2.0,0.044083,0,0,4,BOX,0.028409,Oceania,36,6,0,0,1,0,0,1,1
New Zealand,1948,country,1900,2024,1.0,0.0,0.0,1.0,1.0,0.0,1.0,0.0,1.0,1.0,1.0,0.0,0.0,1.0,1.0,8,7,1,8,-0.111111,0,0,0,0,-1,136,48,68,9.0,2.0,0.010972,0,0,5,ATH,0.010972,Oceania,48,7,0,0,0,0,0,0,0
New Zealand,1952,country,1900,2024,0.0,0.0,0.0,0.0,0.0,1.0,0.0,0.0,1.0,1.0,0.0,1.0,0.0,1.0,1.0,20,16,4,14,1.5,0,0,0,0,-1,149,48,68,12.0,0.0,0.048511,0,0,5,ATH,0.027121,Oceania,52,8,0,0,1,0,2,3,1
New Zealand,1956,country,1900,2024,1.0,0.0,2.0,3.0,1.0,0.0,0.0,0.0,0.0,0.0,1.0,0.0,0.0,1.0,1.0,57,46,11,28,1.85,0,0,0,0,-1,149,48,68,2.0,2.0,0.238843,0,0,9,SAL,0.2,Oceania,56,9,0,0,2,0,0,2,1
New Zealand,1960,country,1900,2024,2.0,0.0,0.0,2.0,1.0,1.0,0.0,2.0,3.0,1.0,0.0,0.0,0.0,0.0,0.0,47,41,6,28,-0.175439,0,0,0,0,-1,152,48,67,6.0,3.0,0.133884,0,0,9,SAL,0.082353,Oceania,60,10,0,0,2,0,1,3,1
New Zealand,1964,country,1900,2024,2.0,0.0,1.0,3.0,1.0,2.0,0.0,0.0,2.0,1.0,1.0,0.0,2.0,3.0,1.0,88,65,23,35,0.87234,0,0,0,0,-1,164,47,67,12.0,0.0,0.201178,0,0,11,SAL,0.136364,Oceania,64,11,0,0,3,0,2,5,1
New Zealand,1968,country,1900,2024,3.0,0.0,2.0,5.0,1.0,2.0,0.0,1.0,3.0,1.0,2.0,0.0,0.0,2.0,1.0,65,51,14,26,-0.261364,0,0,0,0,-1,174,47,67,14.0,4.0,0.231636,0,0,8,ROW,0.064935,Oceania,68,12,0,0,1,0,2,3,1
New Zealand,1972,country,1900,2024,1.0,0.0,2.0,3.0,1.0,3.0,0.0,2.0,5.0,1.0,2.0,0.0,1.0,3.0,1.0,112,95,17,63,0.723077,0,0,0,0,-1,201,47,67,27.0,0.0,0.244332,0,0,15,ROW,0.149351,Oceania,72,13,0,0,1,1,1,3,1
New Zealand,1976,country,1900,2024,1.0,1.0,1.0,3.0,1.0,1.0,0.0,2.0,3.0,1.0,3.0,0.0,2.0,5.0,1.0,98,79,19,52,-0.125,0,0,0,0,-1,199,48,68,8.0,10.0,0.611245,0,0,14,HOC,0.454545,Oceania,76,14,0,0,2,1,1,4,1
New Zealand,1980,country,1900,2024,2.0,1.0,1.0,4.0,1.0,1.0,1.0,1.0,3.0,1.0,1.0,0.0,2.0,3.0,1.0,7,7,0,5,-0.928571,0,0,0,0,-1,204,47,67,6.0,1.0,0.0,0,0,2,CSP,0.0,Oceania,80,15,0,0,0,0,0,0,0
New Zealand,1984,country,1900,2024,0.0,0.0,0.0,0.0,0.0,2.0,1.0,1.0,4.0,1.0,1.0,1.0,1.0,3.0,1.0,162,121,41,76,22.142857,0,0,0,0,-1,225,46,66,21.0,0.0,1.337356,0,0,20,EVE,0.5,Oceania,84,16,0,0,8,1,2,11,1
New Zealand,1988,country,1900,2024,8.0,1.0,2.0,11.0,1.0,0.0,0.0,0.0,0.0,0.0,2.0,1.0,1.0,4.0,1.0,112,92,20,58,-0.308642,0,0,0,0,-1,243,47,67,19.0,1.0,1.194003,0,0,18,EVE,0.617647,Oceania,88,17,0,0,3,2,8,13,1
New Zealand,1992,country,1900,2024,3.0,2.0,8.0,13.0,1.0,8.0,1.0,2.0,11.0,1.0,0.0,0.0,0.0,0.0,0.0,175,127,48,87,0.5625,0,0,0,0,-1,265,48,68,23.0,1.0,1.092617,0,0,20,EVE,0.563636,Oceania,92,18,0,0,1,4,5,10,1
New Zealand,1996,country,1900,2024,1.0,4.0,5.0,10.0,1.0,3.0,2.0,8.0,13.0,1.0,8.0,1.0,2.0,11.0,1.0,129,84,45,81,-0.262857,0,0,0,0,-1,278,48,68,15.0,1.0,1.0271480000000002,0,0,18,EVE,0.772727,Oceania,96,19,0,0,3,2,1,6,1
New Zealand,2000,country,1900,2024,3.0,2.0,1.0,6.0,1.0,1.0,4.0,5.0,10.0,1.0,3.0,2.0,8.0,13.0,1.0,177,93,84,95,0.372093,0,0,0,0,-1,299,48,68,24.0,4.0,0.7095150000000001,0,0,23,EVE,0.522727,Oceania,100,20,0,0,1,0,3,4,1
New Zealand,2004,country,1900,2024,1.0,0.0,3.0,4.0,1.0,3.0,2.0,1.0,6.0,1.0,1.0,4.0,5.0,10.0,1.0,184,102,82,84,0.039548,0,0,0,0,-1,301,48,68,4.0,2.0,0.9555530000000001,0,0,22,TRI,0.470588,Oceania,104,21,0,0,3,2,0,5,1
New Zealand,2008,country,1900,2024,3.0,2.0,0.0,5.0,1.0,1.0,0.0,3.0,4.0,1.0,3.0,2.0,1.0,6.0,1.0,201,112,89,78,0.092391,0,0,0,0,-1,302,48,68,5.0,4.0,0.654196,0,0,22,TRI,0.345455,Oceania,108,22,0,0,3,2,4,9,1
New Zealand,2012,country,1900,2024,3.0,2.0,4.0,9.0,1.0,3.0,2.0,0.0,5.0,1.0,1.0,0.0,3.0,4.0,1.0,204,110,94,87,0.014925,0,0,0,0,-1,302,48,68,2.0,2.0,0.948567,0,0,21,TRI,0.245455,Oceania,112,23,0,0,6,2,5,13,1
New Zealand,2016,country,1900,2024,6.0,2.0,5.0,13.0,1.0,3.0,2.0,4.0,9.0,1.0,3.0,2.0,0.0,5.0,1.0,232,118,114,100,0.137255,0,0,0,0,-1,306,48,68,5.0,1.0,1.464097,0,0,25,GLF,0.3,Oceania,116,24,0,0,4,9,5,18,1
New Zealand,2020,country,1900,2024,4.0,9.0,5.0,18.0,1.0,6.0,2.0,5.0,13.0,1.0,3.0,2.0,4.0,9.0,1.0,279,143,136,90,0.202586,0,0,0,0,-1,316,48,68,33.0,23.0,1.844135,0,0,25,RU7,0.594118,Oceania,120,25,0,0,7,6,7,20,1
New Zealand,2024,country,1900,2024,7.0,6.0,7.0,20.0,1.0,4.0,9.0,5.0,18.0,1.0,6.0,2.0,5.0,13.0,1.0,253,123,130,100,-0.09319,0,0,0,0,-1,297,48,68,6.0,25.0,2.321714,0,0,24,RU7,0.777273,Oceania,124,26,0,0,10,7,3,20,1
Newfoundland,1904,historical_different,1904,1904,,,,,,,,,,,,,,,,1,1,0,1,,0,0,0,0,-1,95,48,67,36.0,38.0,0.0,0,0,1,ATH,0.0,Americas,0,1,0,0,0,0,0,0,0
Nicaragua,1968,country,1968,2024,,,,,,,,,,,,,,,,16,16,0,15,,0,0,0,0,-1,174,47,67,14.0,4.0,0.0,0,0,3,ATH,0.0,Americas,0,1,0,0,0,0,0,0,0
Nicaragua,1972,country,1968,2024,0.0,0.0,0.0,0.0,0.0,,,,,,,,,,,10,8,2,10,-0.375,0,0,0,0,-1,201,47,67,27.0,0.0,0.0,0,0,3,ATH,0.0,Americas,4,2,0,0,0,0,0,0,0
Nicaragua,1976,country,1968,2024,0.0,0.0,0.0,0.0,0.0,0.0,0.0,0.0,0.0,0.0,,,,,,25,25,0,19,1.5,0,0,0,0,-1,199,48,68,8.0,10.0,0.0,0,0,6,ATH,0.0,Americas,8,3,0,0,0,0,0,0,0
Nicaragua,1980,country,1968,2024,0.0,0.0,0.0,0.0,0.0,0.0,0.0,0.0,0.0,0.0,0.0,0.0,0.0,0.0,0.0,6,3,3,6,-0.76,0,0,0,0,-1,204,47,67,6.0,1.0,0.0,0,0,3,ATH,0.0,Americas,12,4,0,0,0,0,0,0,0
Nicaragua,1984,country,1968,2024,0.0,0.0,0.0,0.0,0.0,0.0,0.0,0.0,0.0,0.0,0.0,0.0,0.0,0.0,0.0,5,5,0,5,-0.166667,0,0,0,0,-1,225,46,66,21.0,0.0,0.0,0,0,2,BOX,0.0,Americas,16,5,0,0,0,0,0,0,0
Nicaragua,1988,country,1968,2024,0.0,0.0,0.0,0.0,0.0,0.0,0.0,0.0,0.0,0.0,0.0,0.0,0.0,0.0,0.0,0,0,0,0,,0,0,0,0,-1,243,47,67,19.0,1.0,,0,0,0,,,Americas,20,5,0,0,0,0,0,0,0
Nicaragua,1992,country,1968,2024,0.0,0.0,0.0,0.0,0.0,0.0,0.0,0.0,0.0,0.0,0.0,0.0,0.0,0.0,0.0,9,7,2,9,0.8,0,0,0,0,-1,265,48,68,23.0,1.0,0.0,0,0,6,ATH,0.0,Americas,24,6,0,0,0,0,0,0,0
Nicaragua,1996,country,1968,2024,0.0,0.0,0.0,0.0,0.0,0.0,0.0,0.0,0.0,0.0,0.0,0.0,0.0,0.0,0.0,27,26,1,9,2.0,0,0,0,0,-1,278,48,68,15.0,1.0,0.0,0,0,5,ATH,0.0,Americas,28,7,0,0,0,0,0,0,0
Nicaragua,2000,country,1968,2024,0.0,0.0,0.0,0.0,0.0,0.0,0.0,0.0,0.0,0.0,0.0,0.0,0.0,0.0,0.0,6,4,2,6,-0.777778,0,0,0,0,-1,299,48,68,24.0,4.0,0.0,0,0,5,ATH,0.0,Americas,32,8,0,0,0,0,0,0,0
Nicaragua,2004,country,1968,2024,0.0,0.0,0.0,0.0,0.0,0.0,0.0,0.0,0.0,0.0,0.0,0.0,0.0,0.0,0.0,6,2,4,6,0.0,0,0,0,0,-1,301,48,68,4.0,2.0,0.0,0,0,3,ATH,0.0,Americas,36,9,0,0,0,0,0,0,0
Nicaragua,2008,country,1968,2024,0.0,0.0,0.0,0.0,0.0,0.0,0.0,0.0,0.0,0.0,0.0,0.0,0.0,0.0,0.0,7,4,3,7,0.166667,0,0,0,0,-1,302,48,68,5.0,4.0,0.0,0,0,4,ATH,0.0,Americas,40,10,0,0,0,0,0,0,0
Nicaragua,2012,country,1968,2024,0.0,0.0,0.0,0.0,0.0,0.0,0.0,0.0,0.0,0.0,0.0,0.0,0.0,0.0,0.0,6,3,3,6,-0.142857,0,0,0,0,-1,302,48,68,2.0,2.0,0.0,0,0,4,ATH,0.0,Americas,44,11,0,0,0,0,0,0,0
Nicaragua,2016,country,1968,2024,0.0,0.0,0.0,0.0,0.0,0.0,0.0,0.0,0.0,0.0,0.0,0.0,0.0,0.0,0.0,5,3,2,5,-0.166667,0,0,0,0,-1,306,48,68,5.0,1.0,0.0,0,0,4,ATH,0.0,Americas,48,12,0,0,0,0,0,0,0
Nicaragua,2020,country,1968,2024,0.0,0.0,0.0,0.0,0.0,0.0,0.0,0.0,0.0,0.0,0.0,0.0,0.0,0.0,0.0,8,4,4,8,0.6,0,0,0,0,-1,316,48,68,33.0,23.0,0.0,0,0,6,ATH,0.0,Americas,52,13,0,0,0,0,0,0,0
Nicaragua,2024,country,1968,2024,0.0,0.0,0.0,0.0,0.0,0.0,0.0,0.0,0.0,0.0,0.0,0.0,0.0,0.0,0.0,7,1,6,7,-0.125,0,0,0,0,-1,297,48,68,6.0,25.0,0.0,0,0,6,ATH,0.0,Americas,56,14,0,0,0,0,0,0,0
Niger,1964,country,1964,2024,,,,,,,,,,,,,,,,1,1,0,1,,0,0,0,0,-1,164,47,67,12.0,0.0,0.0,0,0,1,BOX,0.0,Africa,0,1,0,0,0,0,0,0,0
Niger,1968,country,1964,2024,0.0,0.0,0.0,0.0,0.0,,,,,,,,,,,2,2,0,2,1.0,0,0,0,0,-1,174,47,67,14.0,4.0,0.0,0,0,1,BOX,0.0,Africa,4,2,0,0,0,0,0,0,0
Niger,1972,country,1964,2024,0.0,0.0,0.0,0.0,0.0,0.0,0.0,0.0,0.0,0.0,,,,,,4,4,0,4,1.0,0,0,0,0,-1,201,47,67,27.0,0.0,0.008264,0,0,1,BOX,0.008264,Africa,8,3,0,0,0,0,1,1,1
Niger,1976,country,1964,2024,0.0,0.0,1.0,1.0,1.0,0.0,0.0,0.0,0.0,0.0,0.0,0.0,0.0,0.0,0.0,0,0,0,0,,0,0,0,0,-1,199,48,68,8.0,10.0,,0,0,0,,,Africa,12,3,0,0,0,0,0,0,0
Niger,1980,country,1964,2024,0.0,0.0,1.0,1.0,1.0,0.0,0.0,0.0,0.0,0.0,0.0,0.0,0.0,0.0,0.0,0,0,0,0,,0,0,0,0,-1,204,47,67,6.0,1.0,,0,0,0,,,Africa,16,3,0,0,0,0,0,0,0
Niger,1984,country,1964,2024,0.0,0.0,1.0,1.0,1.0,0.0,0.0,0.0,0.0,0.0,0.0,0.0,0.0,0.0,0.0,4,4,0,4,0.0,0,0,0,0,-1,225,46,66,21.0,0.0,0.0,0,0,2,ATH,0.0,Africa,20,4,0,0,0,0,0,0,0
Niger,1988,country,1964,2024,0.0,0.0,0.0,0.0,0.0,0.0,0.0,1.0,1.0,1.0,0.0,0.0,0.0,0.0,0.0,6,6,0,4,0.5,0,0,0,0,-1,243,47,67,19.0,1.0,0.0,0,0,2,ATH,0.0,Africa,24,5,0,0,0,0,0,0,0
Niger,1992,country,1964,2024,0.0,0.0,0.0,0.0,0.0,0.0,0.0,0.0,0.0,0.0,0.0,0.0,1.0,1.0,1.0,3,3,0,3,-0.5,0,0,0,0,-1,265,48,68,23.0,1.0,0.0,0,0,1,ATH,0.0,Africa,28,6,0,0,0,0,0,0,0
Niger,1996,country,1964,2024,0.0,0.0,0.0,0.0,0.0,0.0,0.0,0.0,0.0,0.0,0.0,0.0,0.0,0.0,0.0,3,2,1,3,0.0,0,0,0,0,-1,278,48,68,15.0,1.0,0.0,0,0,1,ATH,0.0,Africa,32,7,0,0,0,0,0,0,0
Niger,2000,country,1964,2024,0.0,0.0,0.0,0.0,0.0,0.0,0.0,0.0,0.0,0.0,0.0,0.0,0.0,0.0,0.0,4,2,2,4,0.333333,0,0,0,0,-1,299,48,68,24.0,4.0,0.0,0,0,2,ATH,0.0,Africa,36,8,0,0,0,0,0,0,0
Niger,2004,country,1964,2024,0.0,0.0,0.0,0.0,0.0,0.0,0.0,0.0,0.0,0.0,0.0,0.0,0.0,0.0,0.0,4,3,1,4,0.0,0,0,0,0,-1,301,48,68,4.0,2.0,0.0,0,0,3,ATH,0.0,Africa,40,9,0,0,0,0,0,0,0
Niger,2008,country,1964,2024,0.0,0.0,0.0,0.0,0.0,0.0,0.0,0.0,0.0,0.0,0.0,0.0,0.0,0.0,0.0,4,2,2,4,0.0,0,0,0,0,-1,302,48,68,5.0,4.0,0.0,0,0,2,ATH,0.0,Africa,44,10,0,0,0,0,0,0,0
Niger,2012,country,1964,2024,0.0,0.0,0.0,0.0,0.0,0.0,0.0,0.0,0.0,0.0,0.0,0.0,0.0,0.0,0.0,6,4,2,6,0.5,0,0,0,0,-1,302,48,68,2.0,2.0,0.0,0,0,5,ATH,0.0,Africa,48,11,0,0,0,0,0,0,0
Niger,2016,country,1964,2024,0.0,0.0,0.0,0.0,0.0,0.0,0.0,0.0,0.0,0.0,0.0,0.0,0.0,0.0,0.0,6,4,2,6,0.0,0,0,0,0,-1,306,48,68,5.0,1.0,0.075,0,0,4,TKW,0.075,Africa,52,12,0,0,0,1,0,1,1
Niger,2020,country,1964,2024,0.0,1.0,0.0,1.0,1.0,0.0,0.0,0.0,0.0,0.0,0.0,0.0,0.0,0.0,0.0,7,4,3,7,0.166667,0,0,0,0,-1,316,48,68,33.0,23.0,0.030882,0,0,4,TKW,0.030882,Africa,56,13,0,0,0,0,0,0,0
Niger,2024,country,1964,2024,0.0,0.0,0.0,0.0,0.0,0.0,1.0,0.0,1.0,1.0,0.0,0.0,0.0,0.0,0.0,7,5,2,7,0.0,0,0,0,0,-1,297,48,68,6.0,25.0,0.017045,0,0,5,TKW,0.017045,Africa,60,14,0,0,0,0,0,0,0
Nigeria,1952,country,1952,2024,,,,,,,,,,,,,,,,15,15,0,5,,0,0,0,0,-1,149,48,68,12.0,0.0,0.0,0,0,1,ATH,0.0,Africa,0,1,0,0,0,0,0,0,0
Nigeria,1956,country,1952,2024,0.0,0.0,0.0,0.0,0.0,,,,,,,,,,,14,14,0,6,-0.066667,0,0,0,0,-1,149,48,68,2.0,2.0,0.0,0,0,1,ATH,0.0,Africa,4,2,0,0,0,0,0,0,0
Nigeria,1960,country,1952,2024,0.0,0.0,0.0,0.0,0.0,0.0,0.0,0.0,0.0,0.0,,,,,,15,15,0,12,0.071429,0,0,0,0,-1,152,48,67,6.0,3.0,0.0,0,0,2,ATH,0.0,Africa,8,3,0,0,0,0,0,0,0
Nigeria,1964,country,1952,2024,0.0,0.0,0.0,0.0,0.0,0.0,0.0,0.0,0.0,0.0,0.0,0.0,0.0,0.0,0.0,19,17,2,12,0.266667,0,0,0,0,-1,164,47,67,12.0,0.0,0.011765,0,0,2,BOX,0.011765,Africa,12,4,0,0,0,0,1,1,1
Nigeria,1968,country,1952,2024,0.0,0.0,1.0,1.0,1.0,0.0,0.0,0.0,0.0,0.0,0.0,0.0,0.0,0.0,0.0,46,37,9,18,1.421053,0,0,0,0,-1,174,47,67,14.0,4.0,0.006364,0,0,3,BOX,0.006364,Africa,16,5,0,0,0,0,0,0,0
Nigeria,1972,country,1952,2024,0.0,0.0,0.0,0.0,0.0,0.0,0.0,1.0,1.0,1.0,0.0,0.0,0.0,0.0,0.0,36,25,11,24,-0.217391,0,0,0,0,-1,201,47,67,27.0,0.0,0.01281,0,0,2,BOX,0.01281,Africa,20,6,0,0,0,0,1,1,1
Nigeria,1976,country,1952,2024,0.0,0.0,1.0,1.0,1.0,0.0,0.0,0.0,0.0,0.0,0.0,0.0,1.0,1.0,1.0,0,0,0,0,,0,0,0,0,-1,199,48,68,8.0,10.0,,0,0,0,,,Africa,24,6,0,0,0,0,0,0,0
Nigeria,1980,country,1952,2024,0.0,0.0,1.0,1.0,1.0,0.0,0.0,0.0,0.0,0.0,0.0,0.0,1.0,1.0,1.0,56,46,10,22,0.555556,0,0,0,0,-1,204,47,67,6.0,1.0,0.006061,0,0,5,BOX,0.006061,Africa,28,7,0,0,0,0,0,0,0
Nigeria,1984,country,1952,2024,0.0,0.0,0.0,0.0,0.0,0.0,0.0,1.0,1.0,1.0,0.0,0.0,0.0,0.0,0.0,36,33,3,24,-0.357143,0,0,0,0,-1,225,46,66,21.0,0.0,0.034884,0,0,4,BOX,0.029412,Africa,32,8,0,0,0,1,1,2,1
Nigeria,1988,country,1952,2024,0.0,1.0,1.0,2.0,1.0,0.0,0.0,0.0,0.0,0.0,0.0,0.0,1.0,1.0,1.0,86,71,15,44,1.388889,0,0,0,0,-1,243,47,67,19.0,1.0,0.018869,0,0,8,BOX,0.015909,Africa,36,9,1,1,0,0,0,0,0
Nigeria,1992,country,1952,2024,0.0,0.0,0.0,0.0,0.0,0.0,1.0,1.0,2.0,1.0,0.0,0.0,0.0,0.0,0.0,72,42,30,34,-0.162791,0,0,0,0,-1,265,48,68,23.0,1.0,0.069315,0,0,8,BOX,0.056818,Africa,40,10,1,1,0,3,1,4,1
Nigeria,1996,country,1952,2024,0.0,3.0,1.0,4.0,1.0,0.0,0.0,0.0,0.0,0.0,0.0,1.0,1.0,2.0,1.0,84,57,27,38,0.166667,0,0,0,0,-1,278,48,68,15.0,1.0,0.404788,0,0,10,FBL,0.333333,Africa,44,11,0,0,2,1,3,6,1
Nigeria,2000,country,1952,2024,2.0,1.0,3.0,6.0,1.0,0.0,3.0,1.0,4.0,1.0,0.0,0.0,0.0,0.0,0.0,100,51,49,37,0.190476,0,0,0,0,-1,299,48,68,24.0,4.0,0.290545,0,0,8,FBL,0.205882,Africa,48,12,1,1,1,2,0,3,1
Nigeria,2004,country,1952,2024,1.0,2.0,0.0,3.0,1.0,2.0,1.0,3.0,6.0,1.0,0.0,3.0,1.0,4.0,1.0,79,29,50,31,-0.21,0,0,0,0,-1,301,48,68,4.0,2.0,0.161761,0,0,10,FBL,0.113636,Africa,52,13,1,1,0,0,2,2,1
Nigeria,2008,country,1952,2024,0.0,0.0,2.0,2.0,1.0,1.0,2.0,0.0,3.0,1.0,2.0,1.0,3.0,6.0,1.0,89,42,47,36,0.126582,0,0,0,0,-1,302,48,68,5.0,4.0,0.18167500000000003,0,0,10,FBL,0.136364,Africa,56,14,0,0,0,1,3,4,1
Nigeria,2012,country,1952,2024,0.0,1.0,3.0,4.0,1.0,0.0,0.0,2.0,2.0,1.0,1.0,2.0,0.0,3.0,1.0,58,30,28,31,-0.348315,0,0,0,0,-1,302,48,68,2.0,2.0,0.017529,0,0,8,ATH,0.009574,Africa,60,15,0,0,0,0,0,0,0
Nigeria,2016,country,1952,2024,0.0,0.0,0.0,0.0,0.0,0.0,1.0,3.0,4.0,1.0,0.0,0.0,2.0,2.0,1.0,77,49,28,36,0.327586,0,0,0,0,-1,306,48,68,5.0,1.0,0.23728600000000002,0,0,10,FBL,0.233333,Africa,64,16,0,0,0,0,1,1,1
Nigeria,2020,country,1952,2024,0.0,0.0,1.0,1.0,1.0,0.0,0.0,0.0,0.0,0.0,0.0,1.0,3.0,4.0,1.0,68,31,37,31,-0.116883,0,0,0,0,-1,316,48,68,33.0,23.0,0.026515,0,0,10,WRF,0.022727,Africa,68,17,0,0,0,1,1,2,1
Nigeria,2024,country,1952,2024,0.0,1.0,1.0,2.0,1.0,0.0,0.0,1.0,1.0,1.0,0.0,0.0,0.0,0.0,0.0,103,31,72,40,0.514706,0,0,0,0,-1,297,48,68,6.0,25.0,0.018561,0,0,11,WRF,0.015909,Africa,72,18,0,0,0,0,0,0,0
North Borneo,1956,historical_different,1956,1956,,,,,,,,,,,,,,,,2,2,0,1,,0,0,0,0,-1,149,48,68,2.0,2.0,0.0,0,0,1,ATH,0.0,Asia,0,1,0,0,0,0,0,0,0
North Korea,1972,country,1972,2024,,,,,,,,,,,,,,,,83,69,14,23,,0,0,0,0,-1,201,47,67,27.0,0.0,0.452878,0,0,10,VVO,0.2,Asia,0,1,0,0,1,1,3,5,1
North Korea,1976,country,1972,2024,1.0,1.0,3.0,5.0,1.0,,,,,,,,,,,40,38,2,21,-0.518072,0,0,0,0,-1,199,48,68,8.0,10.0,0.18968800000000002,0,0,8,BOX,0.108021,Asia,4,2,0,0,1,1,0,2,1
North Korea,1980,country,1972,2024,1.0,1.0,0.0,2.0,1.0,1.0,1.0,3.0,5.0,1.0,,,,,,121,83,38,40,2.025,0,0,0,0,-1,204,47,67,6.0,1.0,0.21201799999999998,0,0,8,BOX,0.066942,Asia,8,3,0,0,0,3,2,5,1
North Korea,1984,country,1972,2024,0.0,3.0,2.0,5.0,1.0,1.0,1.0,0.0,2.0,1.0,1.0,1.0,3.0,5.0,1.0,0,0,0,0,,0,0,0,0,-1,225,46,66,21.0,0.0,,0,0,0,,,Asia,12,3,0,0,0,0,0,0,0
North Korea,1988,country,1972,2024,0.0,3.0,2.0,5.0,1.0,1.0,1.0,0.0,2.0,1.0,1.0,1.0,3.0,5.0,1.0,0,0,0,0,,0,0,0,0,-1,243,47,67,19.0,1.0,,0,0,0,,,Asia,16,3,0,0,0,0,0,0,0
North Korea,1992,country,1972,2024,0.0,3.0,2.0,5.0,1.0,1.0,1.0,0.0,2.0,1.0,1.0,1.0,3.0,5.0,1.0,123,59,64,53,0.016529,0,0,0,0,-1,265,48,68,23.0,1.0,0.56123,0,0,12,WRF,0.24,Asia,20,4,1,1,4,0,5,9,1
North Korea,1996,country,1972,2024,4.0,0.0,5.0,9.0,1.0,0.0,3.0,2.0,5.0,1.0,1.0,1.0,0.0,2.0,1.0,36,23,13,25,-0.707317,0,0,0,0,-1,278,48,68,15.0,1.0,0.41428699999999996,0,0,10,WRF,0.181176,Asia,24,5,1,1,2,1,2,5,1
North Korea,2000,country,1972,2024,2.0,1.0,2.0,5.0,1.0,4.0,0.0,5.0,9.0,1.0,0.0,3.0,2.0,5.0,1.0,47,21,26,34,0.305556,0,0,0,0,-1,299,48,68,24.0,4.0,0.262333,0,0,11,WRF,0.099091,Asia,28,6,0,0,0,1,3,4,1
North Korea,2004,country,1972,2024,0.0,1.0,3.0,4.0,1.0,2.0,1.0,2.0,5.0,1.0,4.0,0.0,5.0,9.0,1.0,71,20,51,34,0.510638,0,0,0,0,-1,301,48,68,4.0,2.0,0.266505,0,0,9,TTE,0.1,Asia,32,7,0,0,0,4,1,5,1
North Korea,2008,country,1972,2024,0.0,4.0,1.0,5.0,1.0,0.0,1.0,3.0,4.0,1.0,2.0,1.0,2.0,5.0,1.0,66,22,44,38,-0.070423,0,0,0,0,-1,302,48,68,5.0,4.0,0.253123,0,0,13,WLF,0.064242,Asia,36,8,0,0,2,1,3,6,1
North Korea,2012,country,1972,2024,2.0,1.0,3.0,6.0,1.0,0.0,4.0,1.0,5.0,1.0,0.0,1.0,3.0,4.0,1.0,57,17,40,27,-0.136364,0,0,0,0,-1,302,48,68,2.0,2.0,0.266853,0,0,12,WLF,0.141818,Asia,40,9,0,0,4,0,2,6,1
North Korea,2016,country,1972,2024,4.0,0.0,2.0,6.0,1.0,2.0,1.0,3.0,6.0,1.0,0.0,4.0,1.0,5.0,1.0,38,13,25,28,-0.333333,0,0,0,0,-1,306,48,68,5.0,1.0,0.351933,0,0,10,WLF,0.178182,Asia,44,10,0,0,2,3,2,7,1
North Korea,2020,country,1972,2024,2.0,3.0,2.0,7.0,1.0,4.0,0.0,2.0,6.0,1.0,2.0,1.0,3.0,6.0,1.0,0,0,0,0,,0,0,0,0,-1,316,48,68,33.0,23.0,,0,0,0,,,Asia,48,10,0,0,0,0,0,0,0
North Korea,2024,country,1972,2024,2.0,3.0,2.0,7.0,1.0,4.0,0.0,2.0,6.0,1.0,2.0,1.0,3.0,6.0,1.0,18,4,14,16,-0.526316,0,0,0,0,-1,297,48,68,6.0,25.0,0.269194,0,0,8,TTE,0.113333,Asia,52,11,0,0,0,2,4,6,1
North Yemen,1984,historical_different,1984,1988,,,,,,,,,,,,,,,,3,3,0,3,,0,0,0,0,-1,225,46,66,21.0,0.0,0.0,0,0,1,ATH,0.0,Asia,0,1,0,0,0,0,0,0,0
North Yemen,1988,historical_different,1984,1988,0.0,0.0,0.0,0.0,0.0,,,,,,,,,,,8,8,0,8,1.666667,0,0,0,0,-1,243,47,67,19.0,1.0,0.0,0,0,4,ATH,0.0,Asia,4,2,0,0,0,0,0,0,0
Norway,1900,country,1900,2024,,,,,,,,,,,,,,,,29,29,0,9,,0,0,0,0,-1,97,47,66,65.0,12.0,0.251515,0,0,2,SHO,0.233333,Europe,0,1,0,0,0,2,3,5,1
Norway,1904,country,1900,2024,0.0,2.0,3.0,5.0,1.0,,,,,,,,,,,6,6,0,6,-0.793103,0,0,0,0,-1,95,48,67,36.0,38.0,0.285714,0,0,2,WRF,0.285714,Europe,4,2,0,0,2,0,0,2,1
Norway,1908,country,1900,2024,2.0,0.0,0.0,2.0,1.0,0.0,2.0,3.0,5.0,1.0,,,,,,103,103,0,23,16.166667,0,0,0,0,-1,104,48,67,35.0,26.0,0.591359,0,0,7,WRF,0.188235,Europe,8,3,0,0,2,3,3,8,1
Norway,1912,country,1900,2024,2.0,3.0,3.0,8.0,1.0,2.0,0.0,0.0,2.0,1.0,0.0,2.0,3.0,5.0,1.0,263,260,3,58,1.553398,0,0,0,0,-1,102,48,67,25.0,28.0,0.816365,0,0,15,SAL,0.294118,Europe,12,4,1,2,4,1,5,10,1
Norway,1920,country,1900,2024,4.0,1.0,5.0,10.0,1.0,2.0,3.0,3.0,8.0,1.0,2.0,0.0,0.0,2.0,1.0,267,261,6,72,0.015209,0,0,0,0,-1,156,48,67,58.0,4.0,1.3550389999999999,0,0,17,SAL,0.548701,Europe,20,5,1,1,10,10,9,29,1
Norway,1924,country,1900,2024,10.0,10.0,9.0,29.0,1.0,4.0,1.0,5.0,10.0,1.0,2.0,3.0,3.0,8.0,1.0,104,100,4,43,-0.610487,0,0,0,0,-1,126,45,62,12.0,42.0,1.242926,0,0,9,SAL,0.780303,Europe,24,6,1,1,5,2,3,10,1
Norway,1928,country,1900,2024,5.0,2.0,3.0,10.0,1.0,10.0,10.0,9.0,29.0,1.0,4.0,1.0,5.0,10.0,1.0,74,74,0,42,-0.288462,0,0,0,0,-1,110,48,68,3.0,19.0,1.023181,0,0,11,SAL,0.712987,Europe,28,7,0,0,1,2,1,4,1
Norway,1932,country,1900,2024,1.0,2.0,1.0,4.0,1.0,5.0,2.0,3.0,10.0,1.0,10.0,10.0,9.0,29.0,1.0,8,7,1,8,-0.891892,0,0,0,0,-1,127,48,67,18.0,1.0,0.008081,0,0,3,ATH,0.008081,Europe,32,8,0,0,0,0,0,0,0
Norway,1936,country,1900,2024,0.0,0.0,0.0,0.0,0.0,1.0,2.0,1.0,4.0,1.0,5.0,2.0,3.0,10.0,1.0,84,81,3,43,9.5,0,0,0,0,-1,129,48,67,4.0,2.0,1.297811,0,0,14,FBL,0.4,Europe,36,9,0,0,1,3,2,6,1
Norway,1948,country,1900,2024,1.0,3.0,2.0,6.0,1.0,0.0,0.0,0.0,0.0,0.0,1.0,2.0,1.0,4.0,1.0,97,91,6,50,0.154762,0,0,0,0,-1,136,48,68,9.0,2.0,0.6300520000000001,0,0,11,SAL,0.241176,Europe,48,10,0,0,1,3,3,7,1
Norway,1952,country,1900,2024,1.0,3.0,3.0,7.0,1.0,1.0,3.0,2.0,6.0,1.0,0.0,0.0,0.0,0.0,0.0,190,171,19,72,0.958763,0,0,0,0,-1,149,48,68,12.0,0.0,0.814191,0,0,16,SAL,0.331818,Europe,52,11,0,0,3,2,0,5,1
Norway,1956,country,1900,2024,3.0,2.0,0.0,5.0,1.0,1.0,3.0,3.0,7.0,1.0,1.0,3.0,2.0,6.0,1.0,29,23,6,18,-0.847368,0,0,0,0,-1,149,48,68,2.0,2.0,0.370315,0,0,7,SAL,0.185455,Europe,56,12,0,0,1,0,2,3,1
Norway,1960,country,1900,2024,1.0,0.0,2.0,3.0,1.0,3.0,2.0,0.0,5.0,1.0,1.0,3.0,3.0,7.0,1.0,50,49,1,39,0.724138,0,0,0,0,-1,152,48,67,6.0,3.0,0.273199,0,0,11,SAL,0.190909,Europe,60,13,0,0,1,0,0,1,1
Norway,1964,country,1900,2024,1.0,0.0,0.0,1.0,1.0,1.0,0.0,2.0,3.0,1.0,3.0,2.0,0.0,5.0,1.0,43,40,3,23,-0.14,0,0,0,0,-1,164,47,67,12.0,0.0,0.076033,0,0,7,SAL,0.063636,Europe,64,14,0,0,0,0,0,0,0
Norway,1968,country,1900,2024,0.0,0.0,0.0,0.0,0.0,1.0,0.0,0.0,1.0,1.0,1.0,0.0,2.0,3.0,1.0,86,47,39,36,1.0,0,0,0,0,-1,174,47,67,14.0,4.0,0.19523800000000002,0,0,12,SAL,0.1,Europe,68,15,0,0,1,1,0,2,1
Norway,1972,country,1900,2024,1.0,1.0,0.0,2.0,1.0,0.0,0.0,0.0,0.0,0.0,1.0,0.0,0.0,1.0,1.0,161,119,42,70,0.872093,0,0,0,0,-1,201,47,67,27.0,0.0,0.370768,0,0,16,CTR,0.117647,Europe,72,16,0,0,2,1,1,4,1
Norway,1976,country,1900,2024,2.0,1.0,1.0,4.0,1.0,1.0,1.0,0.0,2.0,1.0,0.0,0.0,0.0,0.0,0.0,79,73,6,44,-0.509317,0,0,0,0,-1,199,48,68,8.0,10.0,0.279433,0,0,13,ROW,0.102521,Europe,76,17,0,0,1,1,0,2,1
Norway,1980,country,1900,2024,1.0,1.0,0.0,2.0,1.0,2.0,1.0,1.0,4.0,1.0,1.0,1.0,0.0,2.0,1.0,0,0,0,0,,0,0,0,0,-1,204,47,67,6.0,1.0,,0,0,0,,,Europe,80,17,0,0,0,0,0,0,0
Norway,1984,country,1900,2024,1.0,1.0,0.0,2.0,1.0,2.0,1.0,1.0,4.0,1.0,1.0,1.0,0.0,2.0,1.0,132,105,27,76,0.670886,0,0,0,0,-1,225,46,66,21.0,0.0,0.15578799999999998,0,0,18,CRD,0.088889,Europe,84,18,0,0,0,1,2,3,1
Norway,1988,country,1900,2024,0.0,1.0,2.0,3.0,1.0,1.0,1.0,0.0,2.0,1.0,2.0,1.0,1.0,4.0,1.0,79,50,29,42,-0.401515,0,0,0,0,-1,243,47,67,19.0,1.0,0.546094,0,0,11,HBL,0.3,Europe,88,19,0,0,2,3,0,5,1
Norway,1992,country,1900,2024,2.0,3.0,0.0,5.0,1.0,0.0,1.0,2.0,3.0,1.0,1.0,1.0,0.0,2.0,1.0,114,72,42,64,0.443038,0,0,0,0,-1,265,48,68,23.0,1.0,0.603164,0,0,18,HBL,0.3,Europe,92,20,0,0,2,4,1,7,1
Norway,1996,country,1900,2024,2.0,4.0,1.0,7.0,1.0,2.0,3.0,0.0,5.0,1.0,0.0,1.0,2.0,3.0,1.0,116,54,62,65,0.017544,0,0,0,0,-1,278,48,68,15.0,1.0,0.6618350000000001,0,0,18,FBL,0.2,Europe,96,21,0,0,2,2,3,7,1
Norway,2000,country,1900,2024,2.0,2.0,3.0,7.0,1.0,2.0,4.0,1.0,7.0,1.0,2.0,3.0,0.0,5.0,1.0,115,61,54,54,-0.008621,0,0,0,0,-1,299,48,68,24.0,4.0,0.912463,0,0,16,FBL,0.376471,Europe,100,22,1,1,4,3,3,10,1
Norway,2004,country,1900,2024,4.0,3.0,3.0,10.0,1.0,2.0,2.0,3.0,7.0,1.0,2.0,4.0,1.0,7.0,1.0,60,42,18,35,-0.478261,0,0,0,0,-1,301,48,68,4.0,2.0,0.5480780000000001,0,0,13,MTB,0.227273,Europe,104,23,1,1,5,0,1,6,1
Norway,2008,country,1900,2024,5.0,0.0,1.0,6.0,1.0,4.0,3.0,3.0,10.0,1.0,2.0,2.0,3.0,7.0,1.0,102,43,59,49,0.7,0,0,0,0,-1,302,48,68,5.0,4.0,1.047535,0,0,17,HBL,0.4,Europe,108,24,1,1,3,5,1,9,1
Norway,2012,country,1900,2024,3.0,5.0,1.0,9.0,1.0,5.0,0.0,1.0,6.0,1.0,4.0,3.0,3.0,10.0,1.0,69,37,32,46,-0.323529,0,0,0,0,-1,302,48,68,2.0,2.0,0.8719589999999999,0,0,16,HBL,0.5,Europe,112,25,0,0,2,1,1,4,1
Norway,2016,country,1900,2024,2.0,1.0,1.0,4.0,1.0,3.0,5.0,1.0,9.0,1.0,5.0,0.0,1.0,6.0,1.0,77,40,37,53,0.115942,0,0,0,0,-1,306,48,68,5.0,1.0,0.501178,0,0,16,HBL,0.363636,Europe,116,26,0,0,0,0,4,4,1
Norway,2020,country,1900,2024,0.0,0.0,4.0,4.0,1.0,2.0,1.0,1.0,4.0,1.0,3.0,5.0,1.0,9.0,1.0,112,71,41,60,0.454545,0,0,0,0,-1,316,48,68,33.0,23.0,1.261632,0,0,18,VBV,0.666667,Europe,120,27,0,0,4,2,2,8,1
Norway,2024,country,1900,2024,4.0,2.0,2.0,8.0,1.0,0.0,0.0,4.0,4.0,1.0,2.0,1.0,1.0,4.0,1.0,128,66,62,58,0.142857,0,0,0,0,-1,297,48,68,6.0,25.0,1.18215,0,0,22,VBV,0.529412,Europe,124,28,0,0,4,1,3,8,1
Oman,1984,country,1984,2024,,,,,,,,,,,,,,,,22,22,0,14,,0,0,0,0,-1,225,46,66,21.0,0.0,0.0,0,0,3,ATH,0.0,Asia,0,1,0,0,0,0,0,0,0
Oman,1988,country,1984,2024,0.0,0.0,0.0,0.0,0.0,,,,,,,,,,,13,13,0,9,-0.409091,0,0,0,0,-1,243,47,67,19.0,1.0,0.0,0,0,3,ATH,0.0,Asia,4,2,0,0,0,0,0,0,0
Oman,1992,country,1984,2024,0.0,0.0,0.0,0.0,0.0,0.0,0.0,0.0,0.0,0.0,,,,,,5,5,0,5,-0.615385,0,0,0,0,-1,265,48,68,23.0,1.0,0.0,0,0,2,ATH,0.0,Asia,8,3,0,0,0,0,0,0,0
Oman,1996,country,1984,2024,0.0,0.0,0.0,0.0,0.0,0.0,0.0,0.0,0.0,0.0,0.0,0.0,0.0,0.0,0.0,5,5,0,5,0.0,0,0,0,0,-1,278,48,68,15.0,1.0,0.0,0,0,4,ATH,0.0,Asia,12,4,0,0,0,0,0,0,0
Oman,2000,country,1984,2024,0.0,0.0,0.0,0.0,0.0,0.0,0.0,0.0,0.0,0.0,0.0,0.0,0.0,0.0,0.0,8,8,0,5,0.6,0,0,0,0,-1,299,48,68,24.0,4.0,0.0,0,0,3,ATH,0.0,Asia,16,5,0,0,0,0,0,0,0
Oman,2004,country,1984,2024,0.0,0.0,0.0,0.0,0.0,0.0,0.0,0.0,0.0,0.0,0.0,0.0,0.0,0.0,0.0,2,2,0,2,-0.75,0,0,0,0,-1,301,48,68,4.0,2.0,0.0,0,0,2,ATH,0.0,Asia,20,6,0,0,0,0,0,0,0
Oman,2008,country,1984,2024,0.0,0.0,0.0,0.0,0.0,0.0,0.0,0.0,0.0,0.0,0.0,0.0,0.0,0.0,0.0,4,3,1,4,1.0,0,0,0,0,-1,302,48,68,5.0,4.0,0.0,0,0,3,ATH,0.0,Asia,24,7,0,0,0,0,0,0,0
Oman,2012,country,1984,2024,0.0,0.0,0.0,0.0,0.0,0.0,0.0,0.0,0.0,0.0,0.0,0.0,0.0,0.0,0.0,3,2,1,3,-0.25,0,0,0,0,-1,302,48,68,2.0,2.0,0.0,0,0,2,ATH,0.0,Asia,28,8,0,0,0,0,0,0,0
Oman,2016,country,1984,2024,0.0,0.0,0.0,0.0,0.0,0.0,0.0,0.0,0.0,0.0,0.0,0.0,0.0,0.0,0.0,4,2,2,4,0.333333,0,0,0,0,-1,306,48,68,5.0,1.0,0.0,0,0,2,ATH,0.0,Asia,32,9,0,0,0,0,0,0,0
Oman,2020,country,1984,2024,0.0,0.0,0.0,0.0,0.0,0.0,0.0,0.0,0.0,0.0,0.0,0.0,0.0,0.0,0.0,5,4,1,5,0.25,0,0,0,0,-1,316,48,68,33.0,23.0,0.0,0,0,4,ATH,0.0,Asia,36,10,0,0,0,0,0,0,0
Oman,2024,country,1984,2024,0.0,0.0,0.0,0.0,0.0,0.0,0.0,0.0,0.0,0.0,0.0,0.0,0.0,0.0,0.0,4,3,1,4,-0.2,0,0,0,0,-1,297,48,68,6.0,25.0,0.0,0,0,3,ATH,0.0,Asia,40,11,0,0,0,0,0,0,0
Pakistan,1948,country,1948,2024,,,,,,,,,,,,,,,,43,43,0,20,,0,0,0,0,-1,136,48,68,9.0,2.0,0.0,0,0,7,ATH,0.0,Asia,0,1,0,0,0,0,0,0,0
Pakistan,1952,country,1948,2024,0.0,0.0,0.0,0.0,0.0,,,,,,,,,,,51,51,0,25,0.186047,0,0,0,0,-1,149,48,68,12.0,0.0,0.0,0,0,8,ATH,0.0,Asia,4,2,0,0,0,0,0,0,0
Pakistan,1956,country,1948,2024,0.0,0.0,0.0,0.0,0.0,0.0,0.0,0.0,0.0,0.0,,,,,,79,79,0,43,0.54902,0,0,0,0,-1,149,48,68,2.0,2.0,0.272727,0,0,9,HOC,0.272727,Asia,8,3,0,0,0,1,0,1,1
Pakistan,1960,country,1948,2024,0.0,1.0,0.0,1.0,1.0,0.0,0.0,0.0,0.0,0.0,0.0,0.0,0.0,0.0,0.0,53,53,0,35,-0.329114,0,0,0,0,-1,152,48,67,6.0,3.0,0.674867,0,0,7,HOC,0.645455,Asia,12,4,0,0,1,0,1,2,1
Pakistan,1964,country,1948,2024,1.0,0.0,1.0,2.0,1.0,0.0,1.0,0.0,1.0,1.0,0.0,0.0,0.0,0.0,0.0,47,47,0,29,-0.113208,0,0,0,0,-1,164,47,67,12.0,0.0,0.7431819999999999,0,0,7,HOC,0.727273,Asia,16,5,0,0,0,1,0,1,1
Pakistan,1968,country,1948,2024,0.0,1.0,0.0,1.0,1.0,1.0,0.0,1.0,2.0,1.0,0.0,1.0,0.0,1.0,1.0,15,15,0,3,-0.680851,0,0,0,0,-1,174,47,67,14.0,4.0,0.8840910000000001,0,0,2,HOC,0.872727,Asia,20,6,0,0,1,0,0,1,1
Pakistan,1972,country,1948,2024,1.0,0.0,0.0,1.0,1.0,0.0,1.0,0.0,1.0,1.0,1.0,0.0,1.0,2.0,1.0,25,25,0,12,0.666667,0,0,0,0,-1,201,47,67,27.0,0.0,0.727273,0,0,5,HOC,0.727273,Asia,24,7,0,0,0,1,0,1,1
Pakistan,1976,country,1948,2024,0.0,1.0,0.0,1.0,1.0,1.0,0.0,0.0,1.0,1.0,0.0,1.0,0.0,1.0,1.0,24,24,0,9,-0.04,0,0,0,0,-1,199,48,68,8.0,10.0,0.6,0,0,5,HOC,0.6,Asia,28,8,0,0,0,0,1,1,1
Pakistan,1980,country,1948,2024,0.0,0.0,1.0,1.0,1.0,0.0,1.0,0.0,1.0,1.0,1.0,0.0,0.0,1.0,1.0,0,0,0,0,,0,0,0,0,-1,204,47,67,6.0,1.0,,0,0,0,,,Asia,32,8,0,0,0,0,0,0,0
Pakistan,1984,country,1948,2024,0.0,0.0,1.0,1.0,1.0,0.0,1.0,0.0,1.0,1.0,1.0,0.0,0.0,1.0,1.0,33,33,0,15,0.375,0,0,0,0,-1,225,46,66,21.0,0.0,0.466667,0,0,5,HOC,0.466667,Asia,36,9,0,0,1,0,0,1,1
Pakistan,1988,country,1948,2024,1.0,0.0,0.0,1.0,1.0,0.0,0.0,1.0,1.0,1.0,0.0,1.0,0.0,1.0,1.0,33,33,0,15,0.0,0,0,0,0,-1,243,47,67,19.0,1.0,0.21568600000000002,0,0,6,HOC,0.205882,Asia,40,10,0,0,0,0,1,1,1
Pakistan,1992,country,1948,2024,0.0,0.0,1.0,1.0,1.0,1.0,0.0,0.0,1.0,1.0,0.0,0.0,1.0,1.0,1.0,28,28,0,12,-0.151515,0,0,0,0,-1,265,48,68,23.0,1.0,0.209848,0,0,5,HOC,0.204545,Asia,44,11,0,0,0,0,1,1,1
Pakistan,1996,country,1948,2024,0.0,0.0,1.0,1.0,1.0,0.0,0.0,1.0,1.0,1.0,1.0,0.0,0.0,1.0,1.0,24,23,1,9,-0.142857,0,0,0,0,-1,278,48,68,15.0,1.0,0.067424,0,0,5,HOC,0.063636,Asia,48,12,0,0,0,0,0,0,0
Pakistan,2000,country,1948,2024,0.0,0.0,0.0,0.0,0.0,0.0,0.0,1.0,1.0,1.0,0.0,0.0,1.0,1.0,1.0,26,25,1,11,0.083333,0,0,0,0,-1,299,48,68,24.0,4.0,0.045455,0,0,6,HOC,0.045455,Asia,52,13,0,0,0,0,0,0,0
Pakistan,2004,country,1948,2024,0.0,0.0,0.0,0.0,0.0,0.0,0.0,0.0,0.0,0.0,0.0,0.0,1.0,1.0,1.0,26,24,2,11,0.0,0,0,0,0,-1,301,48,68,4.0,2.0,0.0,0,0,5,ATH,0.0,Asia,56,14,0,0,0,0,0,0,0
Pakistan,2008,country,1948,2024,0.0,0.0,0.0,0.0,0.0,0.0,0.0,0.0,0.0,0.0,0.0,0.0,0.0,0.0,0.0,22,20,2,7,-0.153846,0,0,0,0,-1,302,48,68,5.0,4.0,0.0,0,0,4,ATH,0.0,Asia,60,15,0,0,0,0,0,0,0
Pakistan,2012,country,1948,2024,0.0,0.0,0.0,0.0,0.0,0.0,0.0,0.0,0.0,0.0,0.0,0.0,0.0,0.0,0.0,20,18,2,6,-0.090909,0,0,0,0,-1,302,48,68,2.0,2.0,0.0,0,0,4,ATH,0.0,Asia,64,16,0,0,0,0,0,0,0
Pakistan,2016,country,1948,2024,0.0,0.0,0.0,0.0,0.0,0.0,0.0,0.0,0.0,0.0,0.0,0.0,0.0,0.0,0.0,7,4,3,7,-0.65,0,0,0,0,-1,306,48,68,5.0,1.0,0.0,0,0,4,ATH,0.0,Asia,68,17,0,0,0,0,0,0,0
Pakistan,2020,country,1948,2024,0.0,0.0,0.0,0.0,0.0,0.0,0.0,0.0,0.0,0.0,0.0,0.0,0.0,0.0,0.0,10,7,3,9,0.428571,0,0,0,0,-1,316,48,68,33.0,23.0,0.0,0,0,6,ATH,0.0,Asia,72,18,0,0,0,0,0,0,0
Pakistan,2024,country,1948,2024,0.0,0.0,0.0,0.0,0.0,0.0,0.0,0.0,0.0,0.0,0.0,0.0,0.0,0.0,0.0,10,5,5,9,0.0,0,0,0,0,-1,297,48,68,6.0,25.0,0.00947,0,0,3,ATH,0.00947,Asia,76,19,0,0,1,0,0,1,1
Palau,2000,country,2000,2024,,,,,,,,,,,,,,,,5,2,3,5,,0,0,0,0,-1,299,48,68,24.0,4.0,0.0,0,0,3,ATH,0.0,Oceania,0,1,0,0,0,0,0,0,0
Palau,2004,country,2000,2024,0.0,0.0,0.0,0.0,0.0,,,,,,,,,,,4,2,2,4,-0.2,0,0,0,0,-1,301,48,68,4.0,2.0,0.0,0,0,3,ATH,0.0,Oceania,4,2,0,0,0,0,0,0,0
Palau,2008,country,2000,2024,0.0,0.0,0.0,0.0,0.0,0.0,0.0,0.0,0.0,0.0,,,,,,5,3,2,5,0.25,0,0,0,0,-1,302,48,68,5.0,4.0,0.0,0,0,4,ATH,0.0,Oceania,8,3,0,0,0,0,0,0,0
Palau,2012,country,2000,2024,0.0,0.0,0.0,0.0,0.0,0.0,0.0,0.0,0.0,0.0,0.0,0.0,0.0,0.0,0.0,5,2,3,5,0.0,0,0,0,0,-1,302,48,68,2.0,2.0,0.0,0,0,4,ATH,0.0,Oceania,12,4,0,0,0,0,0,0,0
Palau,2016,country,2000,2024,0.0,0.0,0.0,0.0,0.0,0.0,0.0,0.0,0.0,0.0,0.0,0.0,0.0,0.0,0.0,6,3,3,6,0.2,0,0,0,0,-1,306,48,68,5.0,1.0,0.0,0,0,4,ATH,0.0,Oceania,16,5,0,0,0,0,0,0,0
Palau,2020,country,2000,2024,0.0,0.0,0.0,0.0,0.0,0.0,0.0,0.0,0.0,0.0,0.0,0.0,0.0,0.0,0.0,3,2,1,3,-0.5,0,0,0,0,-1,316,48,68,33.0,23.0,0.0,0,0,2,ATH,0.0,Oceania,20,6,0,0,0,0,0,0,0
Palau,2024,country,2000,2024,0.0,0.0,0.0,0.0,0.0,0.0,0.0,0.0,0.0,0.0,0.0,0.0,0.0,0.0,0.0,3,1,2,3,0.0,0,0,0,0,-1,297,48,68,6.0,25.0,0.0,0,0,2,ATH,0.0,Oceania,24,7,0,0,0,0,0,0,0
Palestine,1996,country,1996,2024,,,,,,,,,,,,,,,,1,1,0,1,,0,0,0,0,-1,278,48,68,15.0,1.0,0.0,0,0,1,ATH,0.0,Asia,0,1,0,0,0,0,0,0,0
Palestine,2000,country,1996,2024,0.0,0.0,0.0,0.0,0.0,,,,,,,,,,,2,1,1,2,1.0,0,0,0,0,-1,299,48,68,24.0,4.0,0.0,0,0,2,ATH,0.0,Asia,4,2,0,0,0,0,0,0,0
Palestine,2004,country,1996,2024,0.0,0.0,0.0,0.0,0.0,0.0,0.0,0.0,0.0,0.0,,,,,,3,2,1,3,0.5,0,0,0,0,-1,301,48,68,4.0,2.0,0.0,0,0,2,ATH,0.0,Asia,8,3,0,0,0,0,0,0,0
Palestine,2008,country,1996,2024,0.0,0.0,0.0,0.0,0.0,0.0,0.0,0.0,0.0,0.0,0.0,0.0,0.0,0.0,0.0,4,2,2,4,0.333333,0,0,0,0,-1,302,48,68,5.0,4.0,0.0,0,0,2,ATH,0.0,Asia,12,4,0,0,0,0,0,0,0
Palestine,2012,country,1996,2024,0.0,0.0,0.0,0.0,0.0,0.0,0.0,0.0,0.0,0.0,0.0,0.0,0.0,0.0,0.0,5,3,2,5,0.25,0,0,0,0,-1,302,48,68,2.0,2.0,0.0,0,0,3,ATH,0.0,Asia,16,5,0,0,0,0,0,0,0
Palestine,2016,country,1996,2024,0.0,0.0,0.0,0.0,0.0,0.0,0.0,0.0,0.0,0.0,0.0,0.0,0.0,0.0,0.0,6,4,2,6,0.2,0,0,0,0,-1,306,48,68,5.0,1.0,0.0,0,0,4,ATH,0.0,Asia,20,6,0,0,0,0,0,0,0
Palestine,2020,country,1996,2024,0.0,0.0,0.0,0.0,0.0,0.0,0.0,0.0,0.0,0.0,0.0,0.0,0.0,0.0,0.0,5,3,2,5,-0.166667,0,0,0,0,-1,316,48,68,33.0,23.0,0.0,0,0,4,ATH,0.0,Asia,24,7,0,0,0,0,0,0,0
Palestine,2024,country,1996,2024,0.0,0.0,0.0,0.0,0.0,0.0,0.0,0.0,0.0,0.0,0.0,0.0,0.0,0.0,0.0,8,6,2,8,0.6,0,0,0,0,-1,297,48,68,6.0,25.0,0.0,0,0,6,ATH,0.0,Asia,28,8,0,0,0,0,0,0,0
Panama,1928,country,1928,2024,,,,,,,,,,,,,,,,2,2,0,2,,0,0,0,0,-1,110,48,68,3.0,19.0,0.0,0,0,1,SWM,0.0,Americas,0,1,0,0,0,0,0,0,0
Panama,1932,country,1928,2024,0.0,0.0,0.0,0.0,0.0,,,,,,,,,,,0,0,0,0,,0,0,0,0,-1,127,48,67,18.0,1.0,,0,0,0,,,Americas,4,1,0,0,0,0,0,0,0
Panama,1936,country,1928,2024,0.0,0.0,0.0,0.0,0.0,,,,,,,,,,,0,0,0,0,,0,0,0,0,-1,129,48,67,4.0,2.0,,0,0,0,,,Americas,8,1,0,0,0,0,0,0,0
Panama,1948,country,1928,2024,0.0,0.0,0.0,0.0,0.0,,,,,,,,,,,2,2,0,2,0.0,0,0,0,0,-1,136,48,68,9.0,2.0,0.024242,0,0,1,ATH,0.024242,Americas,20,2,0,0,0,0,2,2,1
Panama,1952,country,1928,2024,0.0,0.0,2.0,2.0,1.0,0.0,0.0,0.0,0.0,0.0,,,,,,1,1,0,1,-0.5,0,0,0,0,-1,149,48,68,12.0,0.0,0.0,0,0,1,WLF,0.0,Americas,24,3,0,0,0,0,0,0,0
Panama,1956,country,1928,2024,0.0,0.0,0.0,0.0,0.0,0.0,0.0,2.0,2.0,1.0,0.0,0.0,0.0,0.0,0.0,0,0,0,0,,0,0,0,0,-1,149,48,68,2.0,2.0,,0,0,0,,,Americas,28,3,0,0,0,0,0,0,0
Panama,1960,country,1928,2024,0.0,0.0,0.0,0.0,0.0,0.0,0.0,2.0,2.0,1.0,0.0,0.0,0.0,0.0,0.0,8,2,6,4,7.0,0,0,0,0,-1,152,48,67,6.0,3.0,0.0,0,0,3,ATH,0.0,Americas,32,4,0,0,0,0,0,0,0
Panama,1964,country,1928,2024,0.0,0.0,0.0,0.0,0.0,0.0,0.0,0.0,0.0,0.0,0.0,0.0,2.0,2.0,1.0,15,6,9,10,0.875,0,0,0,0,-1,164,47,67,12.0,0.0,0.0,0,0,5,ATH,0.0,Americas,36,5,0,0,0,0,0,0,0
Panama,1968,country,1928,2024,0.0,0.0,0.0,0.0,0.0,0.0,0.0,0.0,0.0,0.0,0.0,0.0,0.0,0.0,0.0,16,16,0,5,0.066667,0,0,0,0,-1,174,47,67,14.0,4.0,0.0,0,0,3,BKB,0.0,Americas,40,6,0,0,0,0,0,0,0
Panama,1972,country,1928,2024,0.0,0.0,0.0,0.0,0.0,0.0,0.0,0.0,0.0,0.0,0.0,0.0,0.0,0.0,0.0,8,8,0,8,-0.5,0,0,0,0,-1,201,47,67,27.0,0.0,0.0,0,0,4,ATH,0.0,Americas,44,7,0,0,0,0,0,0,0
Panama,1976,country,1928,2024,0.0,0.0,0.0,0.0,0.0,0.0,0.0,0.0,0.0,0.0,0.0,0.0,0.0,0.0,0.0,13,10,3,13,0.625,0,0,0,0,-1,199,48,68,8.0,10.0,0.0,0,0,5,ATH,0.0,Americas,48,8,0,0,0,0,0,0,0
Panama,1980,country,1928,2024,0.0,0.0,0.0,0.0,0.0,0.0,0.0,0.0,0.0,0.0,0.0,0.0,0.0,0.0,0.0,0,0,0,0,,0,0,0,0,-1,204,47,67,6.0,1.0,,0,0,0,,,Americas,52,8,0,0,0,0,0,0,0
Panama,1984,country,1928,2024,0.0,0.0,0.0,0.0,0.0,0.0,0.0,0.0,0.0,0.0,0.0,0.0,0.0,0.0,0.0,10,9,1,10,-0.230769,0,0,0,0,-1,225,46,66,21.0,0.0,0.0,0,0,5,ATH,0.0,Americas,56,9,0,0,0,0,0,0,0
Panama,1988,country,1928,2024,0.0,0.0,0.0,0.0,0.0,0.0,0.0,0.0,0.0,0.0,0.0,0.0,0.0,0.0,0.0,9,9,0,9,-0.1,0,0,0,0,-1,243,47,67,19.0,1.0,0.0,0,0,4,SWM,0.0,Americas,60,10,0,0,0,0,0,0,0
Panama,1992,country,1928,2024,0.0,0.0,0.0,0.0,0.0,0.0,0.0,0.0,0.0,0.0,0.0,0.0,0.0,0.0,0.0,7,7,0,7,-0.222222,0,0,0,0,-1,265,48,68,23.0,1.0,0.0,0,0,4,ATH,0.0,Americas,64,11,0,0,0,0,0,0,0
Panama,1996,country,1928,2024,0.0,0.0,0.0,0.0,0.0,0.0,0.0,0.0,0.0,0.0,0.0,0.0,0.0,0.0,0.0,9,7,2,9,0.285714,0,0,0,0,-1,278,48,68,15.0,1.0,0.0,0,0,6,ATH,0.0,Americas,68,12,0,0,0,0,0,0,0
Panama,2000,country,1928,2024,0.0,0.0,0.0,0.0,0.0,0.0,0.0,0.0,0.0,0.0,0.0,0.0,0.0,0.0,0.0,7,4,3,7,-0.222222,0,0,0,0,-1,299,48,68,24.0,4.0,0.0,0,0,5,ATH,0.0,Americas,72,13,0,0,0,0,0,0,0
Panama,2004,country,1928,2024,0.0,0.0,0.0,0.0,0.0,0.0,0.0,0.0,0.0,0.0,0.0,0.0,0.0,0.0,0.0,5,3,2,5,-0.285714,0,0,0,0,-1,301,48,68,4.0,2.0,0.0,0,0,2,ATH,0.0,Americas,76,14,0,0,0,0,0,0,0
Panama,2008,country,1928,2024,0.0,0.0,0.0,0.0,0.0,0.0,0.0,0.0,0.0,0.0,0.0,0.0,0.0,0.0,0.0,5,3,2,5,0.0,0,0,0,0,-1,302,48,68,5.0,4.0,0.009671,0,0,3,ATH,0.009671,Americas,80,15,0,0,1,0,0,1,1
Panama,2012,country,1928,2024,1.0,0.0,0.0,1.0,1.0,0.0,0.0,0.0,0.0,0.0,0.0,0.0,0.0,0.0,0.0,8,6,2,8,0.6,0,0,0,0,-1,302,48,68,2.0,2.0,0.00677,0,0,5,ATH,0.00677,Americas,84,16,0,0,0,0,0,0,0
Panama,2016,country,1928,2024,0.0,0.0,0.0,0.0,0.0,1.0,0.0,0.0,1.0,1.0,0.0,0.0,0.0,0.0,0.0,14,5,9,14,0.75,0,0,0,0,-1,306,48,68,5.0,1.0,0.004836,0,0,7,ATH,0.004836,Americas,88,17,0,0,0,0,0,0,0
Panama,2020,country,1928,2024,0.0,0.0,0.0,0.0,0.0,0.0,0.0,0.0,0.0,0.0,1.0,0.0,0.0,1.0,1.0,11,5,6,11,-0.214286,0,0,0,0,-1,316,48,68,33.0,23.0,0.0,0,0,5,ATH,0.0,Americas,92,18,0,0,0,0,0,0,0
Panama,2024,country,1928,2024,0.0,0.0,0.0,0.0,0.0,0.0,0.0,0.0,0.0,0.0,0.0,0.0,0.0,0.0,0.0,13,3,10,13,0.181818,0,0,0,0,-1,297,48,68,6.0,25.0,0.020979,0,0,6,BOX,0.020979,Americas,96,19,0,0,0,1,0,1,1
Papua New Guinea,1976,country,1976,2024,,,,,,,,,,,,,,,,9,9,0,8,,0,0,0,0,-1,199,48,68,8.0,10.0,0.0,0,0,3,ATH,0.0,Oceania,0,1,0,0,0,0,0,0,0
Papua New Guinea,1980,country,1976,2024,0.0,0.0,0.0,0.0,0.0,,,,,,,,,,,0,0,0,0,,0,0,0,0,-1,204,47,67,6.0,1.0,,0,0,0,,,Oceania,4,1,0,0,0,0,0,0,0
Papua New Guinea,1984,country,1976,2024,0.0,0.0,0.0,0.0,0.0,,,,,,,,,,,12,7,5,12,0.333333,0,0,0,0,-1,225,46,66,21.0,0.0,0.0,0,0,2,ATH,0.0,Oceania,8,2,0,0,0,0,0,0,0
Papua New Guinea,1988,country,1976,2024,0.0,0.0,0.0,0.0,0.0,0.0,0.0,0.0,0.0,0.0,,,,,,15,12,3,15,0.25,0,0,0,0,-1,243,47,67,19.0,1.0,0.0,0,0,4,ATH,0.0,Oceania,12,3,0,0,0,0,0,0,0
Papua New Guinea,1992,country,1976,2024,0.0,0.0,0.0,0.0,0.0,0.0,0.0,0.0,0.0,0.0,0.0,0.0,0.0,0.0,0.0,19,16,3,16,0.266667,0,0,0,0,-1,265,48,68,23.0,1.0,0.0,0,0,4,ATH,0.0,Oceania,16,4,0,0,0,0,0,0,0
Papua New Guinea,1996,country,1976,2024,0.0,0.0,0.0,0.0,0.0,0.0,0.0,0.0,0.0,0.0,0.0,0.0,0.0,0.0,0.0,17,17,0,11,-0.105263,0,0,0,0,-1,278,48,68,15.0,1.0,0.0,0,0,3,ATH,0.0,Oceania,20,5,0,0,0,0,0,0,0
Papua New Guinea,2000,country,1976,2024,0.0,0.0,0.0,0.0,0.0,0.0,0.0,0.0,0.0,0.0,0.0,0.0,0.0,0.0,0.0,5,2,3,5,-0.705882,0,0,0,0,-1,299,48,68,24.0,4.0,0.0,0,0,3,ATH,0.0,Oceania,24,6,0,0,0,0,0,0,0
Papua New Guinea,2004,country,1976,2024,0.0,0.0,0.0,0.0,0.0,0.0,0.0,0.0,0.0,0.0,0.0,0.0,0.0,0.0,0.0,6,4,2,6,0.2,0,0,0,0,-1,301,48,68,4.0,2.0,0.0,0,0,3,ATH,0.0,Oceania,28,7,0,0,0,0,0,0,0
Papua New Guinea,2008,country,1976,2024,0.0,0.0,0.0,0.0,0.0,0.0,0.0,0.0,0.0,0.0,0.0,0.0,0.0,0.0,0.0,9,5,4,9,0.5,0,0,0,0,-1,302,48,68,5.0,4.0,0.0,0,0,5,ATH,0.0,Oceania,32,8,0,0,0,0,0,0,0
Papua New Guinea,2012,country,1976,2024,0.0,0.0,0.0,0.0,0.0,0.0,0.0,0.0,0.0,0.0,0.0,0.0,0.0,0.0,0.0,8,4,4,8,-0.111111,0,0,0,0,-1,302,48,68,2.0,2.0,0.0,0,0,5,ATH,0.0,Oceania,36,9,0,0,0,0,0,0,0
Papua New Guinea,2016,country,1976,2024,0.0,0.0,0.0,0.0,0.0,0.0,0.0,0.0,0.0,0.0,0.0,0.0,0.0,0.0,0.0,8,6,2,8,0.0,0,0,0,0,-1,306,48,68,5.0,1.0,0.0,0,0,6,ATH,0.0,Oceania,40,10,0,0,0,0,0,0,0
Papua New Guinea,2020,country,1976,2024,0.0,0.0,0.0,0.0,0.0,0.0,0.0,0.0,0.0,0.0,0.0,0.0,0.0,0.0,0.0,8,4,4,8,0.0,0,0,0,0,-1,316,48,68,33.0,23.0,0.0,0,0,5,ATH,0.0,Oceania,44,11,0,0,0,0,0,0,0
Papua New Guinea,2024,country,1976,2024,0.0,0.0,0.0,0.0,0.0,0.0,0.0,0.0,0.0,0.0,0.0,0.0,0.0,0.0,0.0,7,5,2,7,-0.125,0,0,0,0,-1,297,48,68,6.0,25.0,0.0,0,0,5,ATH,0.0,Oceania,48,12,0,0,0,0,0,0,0
Paraguay,1968,country,1968,2024,,,,,,,,,,,,,,,,1,1,0,1,,0,0,0,0,-1,174,47,67,14.0,4.0,0.0,0,0,1,FEN,0.0,Americas,0,1,0,0,0,0,0,0,0
Paraguay,1972,country,1968,2024,0.0,0.0,0.0,0.0,0.0,,,,,,,,,,,3,3,0,3,2.0,0,0,0,0,-1,201,47,67,27.0,0.0,0.0,0,0,2,ATH,0.0,Americas,4,2,0,0,0,0,0,0,0
Paraguay,1976,country,1968,2024,0.0,0.0,0.0,0.0,0.0,0.0,0.0,0.0,0.0,0.0,,,,,,6,6,0,6,1.0,0,0,0,0,-1,199,48,68,8.0,10.0,0.0,0,0,4,ATH,0.0,Americas,8,3,0,0,0,0,0,0,0
Paraguay,1980,country,1968,2024,0.0,0.0,0.0,0.0,0.0,0.0,0.0,0.0,0.0,0.0,0.0,0.0,0.0,0.0,0.0,0,0,0,0,,0,0,0,0,-1,204,47,67,6.0,1.0,,0,0,0,,,Americas,12,3,0,0,0,0,0,0,0
Paraguay,1984,country,1968,2024,0.0,0.0,0.0,0.0,0.0,0.0,0.0,0.0,0.0,0.0,0.0,0.0,0.0,0.0,0.0,18,18,0,15,2.0,0,0,0,0,-1,225,46,66,21.0,0.0,0.0,0,0,4,ATH,0.0,Americas,16,4,0,0,0,0,0,0,0
Paraguay,1988,country,1968,2024,0.0,0.0,0.0,0.0,0.0,0.0,0.0,0.0,0.0,0.0,0.0,0.0,0.0,0.0,0.0,13,13,0,11,-0.277778,0,0,0,0,-1,243,47,67,19.0,1.0,0.0,0,0,5,ATH,0.0,Americas,20,5,0,0,0,0,0,0,0
Paraguay,1992,country,1968,2024,0.0,0.0,0.0,0.0,0.0,0.0,0.0,0.0,0.0,0.0,0.0,0.0,0.0,0.0,0.0,31,28,3,12,1.384615,0,0,0,0,-1,265,48,68,23.0,1.0,0.0,0,0,6,ATH,0.0,Americas,24,6,0,0,0,0,0,0,0
Paraguay,1996,country,1968,2024,0.0,0.0,0.0,0.0,0.0,0.0,0.0,0.0,0.0,0.0,0.0,0.0,0.0,0.0,0.0,7,6,1,7,-0.774194,0,0,0,0,-1,278,48,68,15.0,1.0,0.0,0,0,5,ATH,0.0,Americas,28,7,0,0,0,0,0,0,0
Paraguay,2000,country,1968,2024,0.0,0.0,0.0,0.0,0.0,0.0,0.0,0.0,0.0,0.0,0.0,0.0,0.0,0.0,0.0,5,2,3,5,-0.285714,0,0,0,0,-1,299,48,68,24.0,4.0,0.0,0,0,3,ATH,0.0,Americas,32,8,0,0,0,0,0,0,0
Paraguay,2004,country,1968,2024,0.0,0.0,0.0,0.0,0.0,0.0,0.0,0.0,0.0,0.0,0.0,0.0,0.0,0.0,0.0,21,19,2,6,3.2,0,0,0,0,-1,301,48,68,4.0,2.0,0.3,0,0,4,FBL,0.3,Americas,36,9,0,0,0,1,0,1,1
Paraguay,2008,country,1968,2024,0.0,1.0,0.0,1.0,1.0,0.0,0.0,0.0,0.0,0.0,0.0,0.0,0.0,0.0,0.0,7,3,4,7,-0.666667,0,0,0,0,-1,302,48,68,5.0,4.0,0.0,0,0,5,ATH,0.0,Americas,40,10,0,0,0,0,0,0,0
Paraguay,2012,country,1968,2024,0.0,0.0,0.0,0.0,0.0,0.0,1.0,0.0,1.0,1.0,0.0,0.0,0.0,0.0,0.0,10,6,4,10,0.428571,0,0,0,0,-1,302,48,68,2.0,2.0,0.0,0,0,6,ATH,0.0,Americas,44,11,0,0,0,0,0,0,0
Paraguay,2016,country,1968,2024,0.0,0.0,0.0,0.0,0.0,0.0,0.0,0.0,0.0,0.0,0.0,1.0,0.0,1.0,1.0,11,6,5,11,0.1,0,0,0,0,-1,306,48,68,5.0,1.0,0.0,0,0,7,ATH,0.0,Americas,48,12,0,0,0,0,0,0,0
Paraguay,2020,country,1968,2024,0.0,0.0,0.0,0.0,0.0,0.0,0.0,0.0,0.0,0.0,0.0,0.0,0.0,0.0,0.0,9,4,5,9,-0.181818,0,0,0,0,-1,316,48,68,33.0,23.0,0.0,0,0,6,ATH,0.0,Americas,52,13,0,0,0,0,0,0,0
Paraguay,2024,country,1968,2024,0.0,0.0,0.0,0.0,0.0,0.0,0.0,0.0,0.0,0.0,0.0,0.0,0.0,0.0,0.0,29,23,6,10,2.222222,0,0,0,0,-1,297,48,68,6.0,25.0,0.0,0,0,7,ATH,0.0,Americas,56,14,0,0,0,0,0,0,0
Peru,1900,country,1900,2024,,,,,,,,,,,,,,,,2,2,0,2,,0,0,0,0,-1,97,47,66,65.0,12.0,0.0,0,0,1,FEN,0.0,Americas,0,1,0,0,0,0,0,0,0
Peru,1904,country,1900,2024,0.0,0.0,0.0,0.0,0.0,,,,,,,,,,,0,0,0,0,,0,0,0,0,-1,95,48,67,36.0,38.0,,0,0,0,,,Americas,4,1,0,0,0,0,0,0,0
Peru,1908,country,1900,2024,0.0,0.0,0.0,0.0,0.0,,,,,,,,,,,0,0,0,0,,0,0,0,0,-1,104,48,67,35.0,26.0,,0,0,0,,,Americas,8,1,0,0,0,0,0,0,0
Peru,1912,country,1900,2024,0.0,0.0,0.0,0.0,0.0,,,,,,,,,,,0,0,0,0,,0,0,0,0,-1,102,48,67,25.0,28.0,,0,0,0,,,Americas,12,1,0,0,0,0,0,0,0
Peru,1920,country,1900,2024,0.0,0.0,0.0,0.0,0.0,,,,,,,,,,,0,0,0,0,,0,0,0,0,-1,156,48,67,58.0,4.0,,0,0,0,,,Americas,20,1,0,0,0,0,0,0,0
Peru,1924,country,1900,2024,0.0,0.0,0.0,0.0,0.0,,,,,,,,,,,0,0,0,0,,0,0,0,0,-1,126,45,62,12.0,42.0,,0,0,0,,,Americas,24,1,0,0,0,0,0,0,0
Peru,1928,country,1900,2024,0.0,0.0,0.0,0.0,0.0,,,,,,,,,,,0,0,0,0,,0,0,0,0,-1,110,48,68,3.0,19.0,,0,0,0,,,Americas,28,1,0,0,0,0,0,0,0
Peru,1932,country,1900,2024,0.0,0.0,0.0,0.0,0.0,,,,,,,,,,,2,2,0,1,0.0,0,0,0,0,-1,127,48,67,18.0,1.0,,0,0,0,,,Americas,32,2,0,0,0,0,0,0,0
Peru,1936,country,1900,2024,0.0,0.0,0.0,0.0,0.0,0.0,0.0,0.0,0.0,0.0,,,,,,46,46,0,16,22.0,0,0,0,0,-1,129,48,67,4.0,2.0,0.0,0,0,9,ATH,0.0,Americas,36,3,0,0,0,0,0,0,0
Peru,1948,country,1900,2024,0.0,0.0,0.0,0.0,0.0,0.0,0.0,0.0,0.0,0.0,0.0,0.0,0.0,0.0,0.0,49,49,0,26,0.065217,0,0,0,0,-1,136,48,68,9.0,2.0,0.147059,0,0,7,SHO,0.147059,Americas,48,4,0,0,1,0,0,1,1
Peru,1952,country,1900,2024,1.0,0.0,0.0,1.0,1.0,0.0,0.0,0.0,0.0,0.0,0.0,0.0,0.0,0.0,0.0,0,0,0,0,,0,0,0,0,-1,149,48,68,12.0,0.0,,0,0,0,,,Americas,52,4,0,0,0,0,0,0,0
Peru,1956,country,1900,2024,1.0,0.0,0.0,1.0,1.0,0.0,0.0,0.0,0.0,0.0,0.0,0.0,0.0,0.0,0.0,10,10,0,5,-0.795918,0,0,0,0,-1,149,48,68,2.0,2.0,0.083333,0,0,1,SHO,0.083333,Americas,56,5,0,0,0,0,0,0,0
Peru,1960,country,1900,2024,0.0,0.0,0.0,0.0,0.0,1.0,0.0,0.0,1.0,1.0,0.0,0.0,0.0,0.0,0.0,33,33,0,8,2.3,0,0,0,0,-1,152,48,67,6.0,3.0,0.0,0,0,3,FBL,0.0,Americas,60,6,0,0,0,0,0,0,0
Peru,1964,country,1900,2024,0.0,0.0,0.0,0.0,0.0,0.0,0.0,0.0,0.0,0.0,1.0,0.0,0.0,1.0,1.0,40,39,1,19,0.212121,0,0,0,0,-1,164,47,67,12.0,0.0,0.0,0,0,5,ATH,0.0,Americas,64,7,0,0,0,0,0,0,0
Peru,1968,country,1900,2024,0.0,0.0,0.0,0.0,0.0,0.0,0.0,0.0,0.0,0.0,0.0,0.0,0.0,0.0,0.0,33,17,16,21,-0.175,0,0,0,0,-1,174,47,67,14.0,4.0,0.0,0,0,8,ATH,0.0,Americas,68,8,0,0,0,0,0,0,0
Peru,1972,country,1900,2024,0.0,0.0,0.0,0.0,0.0,0.0,0.0,0.0,0.0,0.0,0.0,0.0,0.0,0.0,0.0,31,27,4,25,-0.060606,0,0,0,0,-1,201,47,67,27.0,0.0,0.0,0,0,8,ATH,0.0,Americas,72,9,0,0,0,0,0,0,0
Peru,1976,country,1900,2024,0.0,0.0,0.0,0.0,0.0,0.0,0.0,0.0,0.0,0.0,0.0,0.0,0.0,0.0,0.0,14,0,14,3,-0.548387,0,0,0,0,-1,199,48,68,8.0,10.0,0.0,0,0,2,ATH,0.0,Americas,76,10,0,0,0,0,0,0,0
Peru,1980,country,1900,2024,0.0,0.0,0.0,0.0,0.0,0.0,0.0,0.0,0.0,0.0,0.0,0.0,0.0,0.0,0.0,38,18,20,26,1.714286,0,0,0,0,-1,204,47,67,6.0,1.0,0.0,0,0,5,ATH,0.0,Americas,80,11,0,0,0,0,0,0,0
Peru,1984,country,1900,2024,0.0,0.0,0.0,0.0,0.0,0.0,0.0,0.0,0.0,0.0,0.0,0.0,0.0,0.0,0.0,44,25,19,29,0.157895,0,0,0,0,-1,225,46,66,21.0,0.0,0.032086,0,0,10,SHO,0.032086,Americas,84,12,0,0,0,1,0,1,1
Peru,1988,country,1900,2024,0.0,1.0,0.0,1.0,1.0,0.0,0.0,0.0,0.0,0.0,0.0,0.0,0.0,0.0,0.0,26,11,15,15,-0.409091,0,0,0,0,-1,243,47,67,19.0,1.0,0.15371900000000002,0,0,8,VVO,0.136364,Americas,88,13,0,0,0,1,0,1,1
Peru,1992,country,1900,2024,0.0,1.0,0.0,1.0,1.0,0.0,1.0,0.0,1.0,1.0,0.0,0.0,0.0,0.0,0.0,21,15,6,18,-0.192308,0,0,0,0,-1,265,48,68,23.0,1.0,0.033376,0,0,9,SHO,0.033376,Americas,92,14,0,0,0,1,0,1,1
Peru,1996,country,1900,2024,0.0,1.0,0.0,1.0,1.0,0.0,1.0,0.0,1.0,1.0,0.0,1.0,0.0,1.0,1.0,33,16,17,22,0.571429,0,0,0,0,-1,278,48,68,15.0,1.0,0.11468500000000001,0,0,9,VVO,0.1,Americas,96,15,0,0,0,0,0,0,0
Peru,2000,country,1900,2024,0.0,0.0,0.0,0.0,0.0,0.0,1.0,0.0,1.0,1.0,0.0,1.0,0.0,1.0,1.0,22,9,13,12,-0.333333,0,0,0,0,-1,299,48,68,24.0,4.0,0.01049,0,0,7,SHO,0.01049,Americas,100,16,0,0,0,0,0,0,0
Peru,2004,country,1900,2024,0.0,0.0,0.0,0.0,0.0,0.0,0.0,0.0,0.0,0.0,0.0,1.0,0.0,1.0,1.0,14,9,5,14,-0.363636,0,0,0,0,-1,301,48,68,4.0,2.0,0.0,0,0,10,ATH,0.0,Americas,104,17,0,0,0,0,0,0,0
Peru,2008,country,1900,2024,0.0,0.0,0.0,0.0,0.0,0.0,0.0,0.0,0.0,0.0,0.0,0.0,0.0,0.0,0.0,13,7,6,13,-0.071429,0,0,0,0,-1,302,48,68,5.0,4.0,0.0,0,0,10,ATH,0.0,Americas,108,18,0,0,0,0,0,0,0
Peru,2012,country,1900,2024,0.0,0.0,0.0,0.0,0.0,0.0,0.0,0.0,0.0,0.0,0.0,0.0,0.0,0.0,0.0,16,9,7,14,0.230769,0,0,0,0,-1,302,48,68,2.0,2.0,0.0,0,0,9,ATH,0.0,Americas,112,19,0,0,0,0,0,0,0
Peru,2016,country,1900,2024,0.0,0.0,0.0,0.0,0.0,0.0,0.0,0.0,0.0,0.0,0.0,0.0,0.0,0.0,0.0,34,19,15,28,1.125,0,0,0,0,-1,306,48,68,5.0,1.0,0.0,0,0,11,ATH,0.0,Americas,116,20,0,0,0,0,0,0,0
Peru,2020,country,1900,2024,0.0,0.0,0.0,0.0,0.0,0.0,0.0,0.0,0.0,0.0,0.0,0.0,0.0,0.0,0.0,42,21,21,35,0.235294,0,0,0,0,-1,316,48,68,33.0,23.0,0.0,0,0,17,ATH,0.0,Americas,120,21,0,0,0,0,0,0,0
Peru,2024,country,1900,2024,0.0,0.0,0.0,0.0,0.0,0.0,0.0,0.0,0.0,0.0,0.0,0.0,0.0,0.0,0.0,32,12,20,21,-0.238095,0,0,0,0,-1,297,48,68,6.0,25.0,0.018182,0,0,10,SAL,0.018182,Americas,124,22,0,0,0,0,1,1,1
Philippines,1924,country,1924,2024,,,,,,,,,,,,,,,,2,2,0,2,,0,0,0,0,-1,126,45,62,12.0,42.0,0.0,0,0,1,ATH,0.0,Asia,0,1,0,0,0,0,0,0,0
Philippines,1928,country,1924,2024,0.0,0.0,0.0,0.0,0.0,,,,,,,,,,,6,6,0,6,2.0,0,0,0,0,-1,110,48,68,3.0,19.0,0.036364,0,0,2,SWM,0.036364,Asia,4,2,0,0,0,0,1,1,1
Philippines,1932,country,1924,2024,0.0,0.0,1.0,1.0,1.0,0.0,0.0,0.0,0.0,0.0,,,,,,8,8,0,7,0.333333,0,0,0,0,-1,127,48,67,18.0,1.0,0.092634,0,0,3,BOX,0.05,Asia,8,3,0,0,0,0,3,3,1
Philippines,1936,country,1924,2024,0.0,0.0,3.0,3.0,1.0,0.0,0.0,1.0,1.0,1.0,0.0,0.0,0.0,0.0,0.0,40,40,0,20,4.0,0,0,0,0,-1,129,48,67,4.0,2.0,0.051081,0,0,6,BOX,0.020588,Asia,12,4,0,0,0,0,1,1,1
Philippines,1948,country,1924,2024,0.0,0.0,1.0,1.0,1.0,0.0,0.0,3.0,3.0,1.0,0.0,0.0,1.0,1.0,1.0,31,31,0,18,-0.225,0,0,0,0,-1,136,48,68,9.0,2.0,0.027152000000000003,0,0,7,BOX,0.011364,Asia,24,5,0,0,0,0,0,0,0
Philippines,1952,country,1924,2024,0.0,0.0,0.0,0.0,0.0,0.0,0.0,1.0,1.0,1.0,0.0,0.0,3.0,3.0,1.0,28,28,0,14,-0.096774,0,0,0,0,-1,149,48,68,12.0,0.0,0.003135,0,0,7,ATH,0.003135,Asia,28,6,0,0,0,0,0,0,0
Philippines,1956,country,1924,2024,0.0,0.0,0.0,0.0,0.0,0.0,0.0,0.0,0.0,0.0,0.0,0.0,1.0,1.0,1.0,48,43,5,30,0.714286,0,0,0,0,-1,149,48,68,2.0,2.0,0.0,0,0,7,ATH,0.0,Asia,32,7,0,0,0,0,0,0,0
Philippines,1960,country,1924,2024,0.0,0.0,0.0,0.0,0.0,0.0,0.0,0.0,0.0,0.0,0.0,0.0,0.0,0.0,0.0,49,44,5,27,0.020833,0,0,0,0,-1,152,48,67,6.0,3.0,0.0,0,0,7,ATH,0.0,Asia,36,8,0,0,0,0,0,0,0
Philippines,1964,country,1924,2024,0.0,0.0,0.0,0.0,0.0,0.0,0.0,0.0,0.0,0.0,0.0,0.0,0.0,0.0,0.0,70,56,14,45,0.428571,0,0,0,0,-1,164,47,67,12.0,0.0,0.027273,0,0,11,BOX,0.027273,Asia,40,9,0,0,0,1,0,1,1
Philippines,1968,country,1924,2024,0.0,1.0,0.0,1.0,1.0,0.0,0.0,0.0,0.0,0.0,0.0,0.0,0.0,0.0,0.0,89,79,10,53,0.271429,0,0,0,0,-1,174,47,67,14.0,4.0,0.019091,0,0,11,BOX,0.019091,Asia,44,10,0,0,0,0,0,0,0
Philippines,1972,country,1924,2024,0.0,0.0,0.0,0.0,0.0,0.0,1.0,0.0,1.0,1.0,0.0,0.0,0.0,0.0,0.0,79,70,9,47,-0.11236,0,0,0,0,-1,201,47,67,27.0,0.0,0.013636,0,0,13,BOX,0.013636,Asia,48,11,0,0,0,0,0,0,0
Philippines,1976,country,1924,2024,0.0,0.0,0.0,0.0,0.0,0.0,0.0,0.0,0.0,0.0,0.0,1.0,0.0,1.0,1.0,22,19,3,21,-0.721519,0,0,0,0,-1,199,48,68,8.0,10.0,0.0,0,0,6,ATH,0.0,Asia,52,12,0,0,0,0,0,0,0
Philippines,1980,country,1924,2024,0.0,0.0,0.0,0.0,0.0,0.0,0.0,0.0,0.0,0.0,0.0,0.0,0.0,0.0,0.0,0,0,0,0,,0,0,0,0,-1,204,47,67,6.0,1.0,,0,0,0,,,Asia,56,12,0,0,0,0,0,0,0
Philippines,1984,country,1924,2024,0.0,0.0,0.0,0.0,0.0,0.0,0.0,0.0,0.0,0.0,0.0,0.0,0.0,0.0,0.0,32,24,8,28,0.454545,0,0,0,0,-1,225,46,66,21.0,0.0,0.0,0,0,6,ATH,0.0,Asia,60,13,0,0,0,0,0,0,0
Philippines,1988,country,1924,2024,0.0,0.0,0.0,0.0,0.0,0.0,0.0,0.0,0.0,0.0,0.0,0.0,0.0,0.0,0.0,42,35,7,40,0.3125,0,0,0,0,-1,243,47,67,19.0,1.0,0.009804,0,0,13,BOX,0.009804,Asia,64,14,0,0,0,0,1,1,1
Philippines,1992,country,1924,2024,0.0,0.0,1.0,1.0,1.0,0.0,0.0,0.0,0.0,0.0,0.0,0.0,0.0,0.0,0.0,38,33,5,29,-0.095238,0,0,0,0,-1,265,48,68,23.0,1.0,0.012879,0,0,9,BOX,0.012879,Asia,68,15,0,0,0,0,1,1,1
Philippines,1996,country,1924,2024,0.0,0.0,1.0,1.0,1.0,0.0,0.0,1.0,1.0,1.0,0.0,0.0,0.0,0.0,0.0,18,11,7,18,-0.526316,0,0,0,0,-1,278,48,68,15.0,1.0,0.031818,0,0,6,BOX,0.031818,Asia,72,16,0,0,0,1,0,1,1
Philippines,2000,country,1924,2024,0.0,1.0,0.0,1.0,1.0,0.0,0.0,1.0,1.0,1.0,0.0,0.0,1.0,1.0,1.0,22,12,10,22,0.222222,0,0,0,0,-1,299,48,68,24.0,4.0,0.019697,0,0,9,BOX,0.019697,Asia,76,17,0,0,0,0,0,0,0
Philippines,2004,country,1924,2024,0.0,0.0,0.0,0.0,0.0,0.0,1.0,0.0,1.0,1.0,0.0,0.0,1.0,1.0,1.0,21,16,5,21,-0.045455,0,0,0,0,-1,301,48,68,4.0,2.0,0.011364,0,0,6,BOX,0.011364,Asia,80,18,0,0,0,0,0,0,0
Philippines,2008,country,1924,2024,0.0,0.0,0.0,0.0,0.0,0.0,0.0,0.0,0.0,0.0,0.0,1.0,0.0,1.0,1.0,17,11,6,17,-0.190476,0,0,0,0,-1,302,48,68,5.0,4.0,0.0,0,0,8,ARC,0.0,Asia,84,19,0,0,0,0,0,0,0
Philippines,2012,country,1924,2024,0.0,0.0,0.0,0.0,0.0,0.0,0.0,0.0,0.0,0.0,0.0,0.0,0.0,0.0,0.0,11,7,4,11,-0.352941,0,0,0,0,-1,302,48,68,2.0,2.0,0.0,0,0,8,ARC,0.0,Asia,88,20,0,0,0,0,0,0,0
Philippines,2016,country,1924,2024,0.0,0.0,0.0,0.0,0.0,0.0,0.0,0.0,0.0,0.0,0.0,0.0,0.0,0.0,0.0,13,7,6,13,0.181818,0,0,0,0,-1,306,48,68,5.0,1.0,0.018182,0,0,8,WLF,0.018182,Asia,92,21,0,0,0,1,0,1,1
Philippines,2020,country,1924,2024,0.0,1.0,0.0,1.0,1.0,0.0,0.0,0.0,0.0,0.0,0.0,0.0,0.0,0.0,0.0,27,16,11,26,1.076923,0,0,0,0,-1,316,48,68,33.0,23.0,0.09414600000000001,0,0,11,BOX,0.048951,Asia,96,22,0,0,1,2,1,4,1
Philippines,2024,country,1924,2024,1.0,2.0,1.0,4.0,1.0,0.0,1.0,0.0,1.0,1.0,0.0,0.0,0.0,0.0,0.0,44,14,30,31,0.62963,0,0,0,0,-1,297,48,68,6.0,25.0,0.164104,0,0,9,GAR,0.084034,Asia,100,23,0,0,2,0,2,4,1
Poland,1912,country,1912,2024,,,,,,,,,,,,,,,,1,1,0,1,,0,0,0,0,-1,102,48,67,25.0,28.0,,0,0,0,,,Europe,0,1,0,0,0,0,0,0,0
Poland,1920,country,1912,2024,0.0,0.0,0.0,0.0,0.0,,,,,,,,,,,0,0,0,0,,0,0,0,0,-1,156,48,67,58.0,4.0,,0,0,0,,,Europe,8,1,0,0,0,0,0,0,0
Poland,1924,country,1912,2024,0.0,0.0,0.0,0.0,0.0,,,,,,,,,,,100,99,1,38,99.0,0,0,0,0,-1,126,45,62,12.0,42.0,0.35,0,0,12,EJP,0.2,Europe,12,2,0,0,0,1,1,2,1
Poland,1928,country,1912,2024,0.0,1.0,1.0,2.0,1.0,0.0,0.0,0.0,0.0,0.0,,,,,,114,103,11,44,0.14,0,0,0,0,-1,110,48,68,3.0,19.0,0.5272479999999999,0,0,12,EJP,0.258824,Europe,16,3,0,0,2,1,4,7,1
Poland,1932,country,1912,2024,2.0,1.0,4.0,7.0,1.0,0.0,1.0,1.0,2.0,1.0,0.0,0.0,0.0,0.0,0.0,63,52,11,21,-0.447368,0,0,0,0,-1,127,48,67,18.0,1.0,0.202649,0,0,3,ROW,0.109091,Europe,20,4,0,0,3,2,4,9,1
Poland,1936,country,1912,2024,3.0,2.0,4.0,9.0,1.0,2.0,1.0,4.0,7.0,1.0,0.0,1.0,1.0,2.0,1.0,167,150,17,55,1.650794,0,0,0,0,-1,129,48,67,4.0,2.0,0.6935939999999999,0,0,15,EVE,0.266667,Europe,24,5,0,0,0,4,5,9,1
Poland,1948,country,1912,2024,0.0,4.0,5.0,9.0,1.0,3.0,2.0,4.0,9.0,1.0,2.0,1.0,4.0,7.0,1.0,52,45,7,28,-0.688623,0,0,0,0,-1,136,48,68,9.0,2.0,0.078763,0,0,4,ATH,0.036364,Europe,36,6,0,0,1,0,1,2,1
Poland,1952,country,1912,2024,1.0,0.0,1.0,2.0,1.0,0.0,4.0,5.0,9.0,1.0,3.0,2.0,4.0,9.0,1.0,248,174,74,74,3.769231,0,0,0,0,-1,149,48,68,12.0,0.0,0.226291,0,0,11,BOX,0.088636,Europe,40,7,0,0,1,2,1,4,1
Poland,1956,country,1912,2024,1.0,2.0,1.0,4.0,1.0,1.0,0.0,1.0,2.0,1.0,0.0,4.0,5.0,9.0,1.0,118,60,58,48,-0.524194,0,0,0,0,-1,149,48,68,2.0,2.0,0.317953,0,0,9,BOX,0.080455,Europe,44,8,0,0,1,4,4,9,1
Poland,1960,country,1912,2024,1.0,4.0,4.0,9.0,1.0,1.0,2.0,1.0,4.0,1.0,1.0,0.0,1.0,2.0,1.0,307,238,69,108,1.601695,0,0,0,0,-1,152,48,67,6.0,3.0,0.675438,0,0,18,BOX,0.203636,Europe,48,9,0,0,4,6,11,21,1
Poland,1964,country,1912,2024,4.0,6.0,11.0,21.0,1.0,1.0,4.0,4.0,9.0,1.0,1.0,2.0,1.0,4.0,1.0,240,178,62,87,-0.218241,0,0,0,0,-1,164,47,67,12.0,0.0,1.101962,0,0,13,BOX,0.308182,Europe,52,10,0,0,7,6,10,23,1
Poland,1968,country,1912,2024,7.0,6.0,10.0,23.0,1.0,4.0,6.0,11.0,21.0,1.0,1.0,4.0,4.0,9.0,1.0,296,219,77,112,0.233333,0,0,0,0,-1,174,47,67,14.0,4.0,1.292181,0,0,18,BOX,0.318347,Europe,56,11,0,0,5,2,11,18,1
Poland,1972,country,1912,2024,5.0,2.0,11.0,18.0,1.0,7.0,6.0,10.0,23.0,1.0,4.0,6.0,11.0,21.0,1.0,418,340,78,150,0.412162,0,0,0,0,-1,201,47,67,27.0,0.0,2.744588,0,1,25,FBL,1.0,Europe,60,12,1,1,7,5,9,21,1
Poland,1976,country,1912,2024,7.0,5.0,9.0,21.0,1.0,5.0,2.0,11.0,18.0,1.0,7.0,6.0,10.0,23.0,1.0,286,255,31,116,-0.315789,0,0,0,0,-1,199,48,68,8.0,10.0,2.900515,0,0,20,FBL,0.764706,Europe,64,13,0,0,7,6,13,26,1
Poland,1980,country,1912,2024,7.0,6.0,13.0,26.0,1.0,7.0,5.0,9.0,21.0,1.0,5.0,2.0,11.0,18.0,1.0,418,295,123,162,0.461538,0,0,0,0,-1,204,47,67,6.0,1.0,2.3429919999999997,0,0,25,EJP,0.533333,Europe,68,14,0,0,3,14,15,32,1
Poland,1984,country,1912,2024,3.0,14.0,15.0,32.0,1.0,7.0,6.0,13.0,26.0,1.0,7.0,5.0,9.0,21.0,1.0,0,0,0,0,,0,0,0,0,-1,225,46,66,21.0,0.0,,0,0,0,,,Europe,72,14,0,0,0,0,0,0,0
Poland,1988,country,1912,2024,3.0,14.0,15.0,32.0,1.0,7.0,6.0,13.0,26.0,1.0,7.0,5.0,9.0,21.0,1.0,192,144,48,105,-0.54067,0,0,0,0,-1,243,47,67,19.0,1.0,1.072626,0,0,21,CRD,0.233333,Europe,76,15,0,0,2,5,9,16,1
Poland,1992,country,1912,2024,2.0,5.0,9.0,16.0,1.0,3.0,14.0,15.0,32.0,1.0,7.0,6.0,13.0,26.0,1.0,263,191,72,136,0.369792,0,0,0,0,-1,265,48,68,23.0,1.0,1.9514049999999998,0,0,24,FBL,0.6,Europe,80,16,1,1,3,6,10,19,1
Poland,1996,country,1912,2024,3.0,6.0,10.0,19.0,1.0,2.0,5.0,9.0,16.0,1.0,3.0,14.0,15.0,32.0,1.0,207,154,53,126,-0.212928,0,0,0,0,-1,278,48,68,15.0,1.0,1.197675,0,0,24,MPN,0.318182,Europe,84,17,1,1,7,5,5,17,1
Poland,2000,country,1912,2024,7.0,5.0,5.0,17.0,1.0,3.0,6.0,10.0,19.0,1.0,2.0,5.0,9.0,16.0,1.0,240,161,79,133,0.15942,0,0,0,0,-1,299,48,68,24.0,4.0,1.009403,0,0,24,MPN,0.227273,Europe,88,18,1,1,6,5,3,14,1
Poland,2004,country,1912,2024,6.0,5.0,3.0,14.0,1.0,7.0,5.0,5.0,17.0,1.0,3.0,6.0,10.0,19.0,1.0,224,152,72,124,-0.066667,0,0,0,0,-1,301,48,68,4.0,2.0,0.569951,0,0,26,WRG,0.090909,Europe,92,19,0,0,3,2,5,10,1
Poland,2008,country,1912,2024,3.0,2.0,5.0,10.0,1.0,6.0,5.0,3.0,14.0,1.0,7.0,5.0,5.0,17.0,1.0,316,181,135,165,0.410714,0,0,0,0,-1,302,48,68,5.0,4.0,0.577338,0,0,28,MTB,0.136364,Europe,96,20,1,1,3,6,1,10,1
Poland,2012,country,1912,2024,3.0,6.0,1.0,10.0,1.0,3.0,2.0,5.0,10.0,1.0,6.0,5.0,3.0,14.0,1.0,256,145,111,148,-0.189873,0,0,0,0,-1,302,48,68,2.0,2.0,0.448955,0,0,29,MTB,0.095455,Europe,100,21,1,1,2,2,6,10,1
Poland,2016,country,1912,2024,2.0,2.0,6.0,10.0,1.0,3.0,6.0,1.0,10.0,1.0,3.0,2.0,5.0,10.0,1.0,289,164,125,144,0.128906,0,0,0,0,-1,306,48,68,5.0,1.0,0.63657,0,0,27,MTB,0.204545,Europe,104,22,1,1,2,3,6,11,1
Poland,2020,country,1912,2024,2.0,3.0,6.0,11.0,1.0,2.0,2.0,6.0,10.0,1.0,3.0,6.0,1.0,10.0,1.0,282,142,140,137,-0.024221,0,0,0,0,-1,316,48,68,33.0,23.0,0.514013,0,0,27,MTB,0.095455,Europe,108,23,0,0,4,5,5,14,1
Poland,2024,country,1912,2024,4.0,5.0,5.0,14.0,1.0,2.0,3.0,6.0,11.0,1.0,2.0,2.0,6.0,10.0,1.0,312,134,178,134,0.106383,0,0,0,0,-1,297,48,68,6.0,25.0,0.805548,0,0,29,CLB,0.205882,Europe,112,24,0,0,1,4,5,10,1
Portugal,1912,country,1912,2024,,,,,,,,,,,,,,,,8,8,0,8,,0,0,0,0,-1,102,48,67,25.0,28.0,0.0,0,0,3,ATH,0.0,Europe,0,1,0,0,0,0,0,0,0
Portugal,1920,country,1912,2024,0.0,0.0,0.0,0.0,0.0,,,,,,,,,,,40,40,0,7,4.0,0,0,0,0,-1,156,48,67,58.0,4.0,0.0,0,0,2,FEN,0.0,Europe,8,2,0,0,0,0,0,0,0
Portugal,1924,country,1912,2024,0.0,0.0,0.0,0.0,0.0,0.0,0.0,0.0,0.0,0.0,,,,,,47,47,0,16,0.175,0,0,0,0,-1,126,45,62,12.0,42.0,0.2,0,0,8,EJP,0.2,Europe,12,3,0,0,0,0,1,1,1
Portugal,1928,country,1912,2024,0.0,0.0,1.0,1.0,1.0,0.0,0.0,0.0,0.0,0.0,0.0,0.0,0.0,0.0,0.0,39,39,0,14,-0.170213,0,0,0,0,-1,110,48,68,3.0,19.0,0.10832699999999999,0,0,8,EJP,0.082353,Europe,16,4,0,0,0,0,1,1,1
Portugal,1932,country,1912,2024,0.0,0.0,1.0,1.0,1.0,0.0,0.0,1.0,1.0,1.0,0.0,0.0,0.0,0.0,0.0,8,8,0,4,-0.794872,0,0,0,0,-1,127,48,67,18.0,1.0,0.0,0,0,3,ATH,0.0,Europe,20,5,0,0,0,0,0,0,0
Portugal,1936,country,1912,2024,0.0,0.0,0.0,0.0,0.0,0.0,0.0,1.0,1.0,1.0,0.0,0.0,1.0,1.0,1.0,26,26,0,10,2.25,0,0,0,0,-1,129,48,67,4.0,2.0,0.15238100000000002,0,0,5,EJP,0.133333,Europe,24,6,0,0,0,0,1,1,1
Portugal,1948,country,1912,2024,0.0,0.0,1.0,1.0,1.0,0.0,0.0,0.0,0.0,0.0,0.0,0.0,1.0,1.0,1.0,65,65,0,22,1.5,0,0,0,0,-1,136,48,68,9.0,2.0,0.352941,0,0,9,EDR,0.2,Europe,36,7,0,0,0,1,1,2,1
Portugal,1952,country,1912,2024,0.0,1.0,1.0,2.0,1.0,0.0,0.0,1.0,1.0,1.0,0.0,0.0,0.0,0.0,0.0,155,140,15,45,1.384615,0,0,0,0,-1,149,48,68,12.0,0.0,0.202353,0,0,12,EDR,0.082353,Europe,40,8,0,0,0,0,1,1,1
Portugal,1956,country,1912,2024,0.0,0.0,1.0,1.0,1.0,0.0,1.0,1.0,2.0,1.0,0.0,0.0,1.0,1.0,1.0,18,18,0,7,-0.883871,0,0,0,0,-1,149,48,68,2.0,2.0,0.098182,0,0,4,SAL,0.052727,Europe,44,9,0,0,0,0,0,0,0
Portugal,1960,country,1912,2024,0.0,0.0,0.0,0.0,0.0,0.0,0.0,1.0,1.0,1.0,0.0,1.0,1.0,2.0,1.0,109,92,17,52,5.055556,0,0,0,0,-1,152,48,67,6.0,3.0,0.072727,0,0,13,SAL,0.072727,Europe,48,10,0,0,0,1,0,1,1
Portugal,1964,country,1912,2024,0.0,1.0,0.0,1.0,1.0,0.0,0.0,0.0,0.0,0.0,0.0,0.0,1.0,1.0,1.0,25,20,5,20,-0.770642,0,0,0,0,-1,164,47,67,12.0,0.0,0.038182,0,0,7,SAL,0.038182,Europe,52,11,0,0,0,0,0,0,0
Portugal,1968,country,1912,2024,0.0,0.0,0.0,0.0,0.0,0.0,1.0,0.0,1.0,1.0,0.0,0.0,0.0,0.0,0.0,33,28,5,24,0.32,0,0,0,0,-1,174,47,67,14.0,4.0,0.027273,0,0,6,SAL,0.027273,Europe,56,12,0,0,0,0,0,0,0
Portugal,1972,country,1912,2024,0.0,0.0,0.0,0.0,0.0,0.0,0.0,0.0,0.0,0.0,0.0,1.0,0.0,1.0,1.0,41,41,0,28,0.242424,0,0,0,0,-1,201,47,67,27.0,0.0,0.0,0,0,9,ATH,0.0,Europe,60,13,0,0,0,0,0,0,0
Portugal,1976,country,1912,2024,0.0,0.0,0.0,0.0,0.0,0.0,0.0,0.0,0.0,0.0,0.0,0.0,0.0,0.0,0.0,36,36,0,27,-0.121951,0,0,0,0,-1,199,48,68,8.0,10.0,0.057791,0,0,6,SHO,0.05042,Europe,64,14,0,0,0,2,0,2,1
Portugal,1980,country,1912,2024,0.0,2.0,0.0,2.0,1.0,0.0,0.0,0.0,0.0,0.0,0.0,0.0,0.0,0.0,0.0,18,13,5,17,-0.5,0,0,0,0,-1,204,47,67,6.0,1.0,0.00516,0,0,6,ATH,0.00516,Europe,68,15,0,0,0,0,0,0,0
Portugal,1984,country,1912,2024,0.0,0.0,0.0,0.0,0.0,0.0,2.0,0.0,2.0,1.0,0.0,0.0,0.0,0.0,0.0,48,37,11,32,1.666667,0,0,0,0,-1,225,46,66,21.0,0.0,0.0518,0,0,11,SHO,0.028571,Europe,72,16,0,0,1,0,2,3,1
Portugal,1988,country,1912,2024,1.0,0.0,2.0,3.0,1.0,0.0,0.0,0.0,0.0,0.0,0.0,2.0,0.0,2.0,1.0,91,76,15,59,0.895833,0,0,0,0,-1,243,47,67,19.0,1.0,0.024503,0,0,14,ATH,0.024503,Europe,76,17,0,0,1,0,0,1,1
Portugal,1992,country,1912,2024,1.0,0.0,0.0,1.0,1.0,1.0,0.0,2.0,3.0,1.0,0.0,0.0,0.0,0.0,0.0,115,86,29,71,0.263736,0,0,0,0,-1,265,48,68,23.0,1.0,0.017347,0,0,15,ATH,0.017347,Europe,80,18,0,0,0,0,0,0,0
Portugal,1996,country,1912,2024,0.0,0.0,0.0,0.0,0.0,1.0,0.0,0.0,1.0,1.0,1.0,0.0,2.0,3.0,1.0,130,92,38,79,0.130435,0,0,0,0,-1,278,48,68,15.0,1.0,0.033923999999999996,0,0,19,SAL,0.018182,Europe,84,19,0,0,1,0,1,2,1
Portugal,2000,country,1912,2024,1.0,0.0,1.0,2.0,1.0,0.0,0.0,0.0,0.0,0.0,1.0,0.0,0.0,1.0,1.0,64,51,13,50,-0.507692,0,0,0,0,-1,299,48,68,24.0,4.0,0.030321,0,0,13,SAL,0.012727,Europe,88,20,0,0,0,0,2,2,1
Portugal,2004,country,1912,2024,0.0,0.0,2.0,2.0,1.0,1.0,0.0,1.0,2.0,1.0,0.0,0.0,0.0,0.0,0.0,93,75,18,63,0.453125,0,0,0,0,-1,301,48,68,4.0,2.0,0.099792,0,0,16,CRD,0.068182,Europe,92,21,0,0,0,2,1,3,1
Portugal,2008,country,1912,2024,0.0,2.0,1.0,3.0,1.0,0.0,0.0,2.0,2.0,1.0,1.0,0.0,1.0,2.0,1.0,87,58,29,65,-0.064516,0,0,0,0,-1,302,48,68,5.0,4.0,0.24612099999999998,0,0,16,TRI,0.176471,Europe,96,22,0,0,1,1,0,2,1
Portugal,2012,country,1912,2024,1.0,1.0,0.0,2.0,1.0,0.0,2.0,1.0,3.0,1.0,0.0,0.0,2.0,2.0,1.0,98,56,42,75,0.126437,0,0,0,0,-1,302,48,68,2.0,2.0,0.164093,0,0,16,TRI,0.095455,Europe,100,23,0,0,0,1,0,1,1
Portugal,2016,country,1912,2024,0.0,1.0,0.0,1.0,1.0,1.0,1.0,0.0,2.0,1.0,0.0,2.0,1.0,3.0,1.0,106,72,34,61,0.081633,0,0,0,0,-1,306,48,68,5.0,1.0,0.095421,0,0,19,TRI,0.068182,Europe,104,24,0,0,0,0,1,1,1
Portugal,2020,country,1912,2024,0.0,0.0,1.0,1.0,1.0,0.0,1.0,0.0,1.0,1.0,1.0,1.0,0.0,2.0,1.0,113,68,45,65,0.066038,0,0,0,0,-1,316,48,68,33.0,23.0,0.0522,0,0,23,CSP,0.026515,Europe,108,25,0,0,1,1,2,4,1
Portugal,2024,country,1912,2024,1.0,1.0,2.0,4.0,1.0,0.0,0.0,1.0,1.0,1.0,0.0,1.0,0.0,1.0,1.0,95,50,45,65,-0.159292,0,0,0,0,-1,297,48,68,6.0,25.0,0.11882400000000001,0,0,21,CTR,0.078431,Europe,112,26,0,0,1,2,1,4,1
Puerto Rico,1948,country,1948,2024,,,,,,,,,,,,,,,,9,9,0,8,,0,0,0,0,-1,136,48,68,9.0,2.0,0.05,0,0,3,BOX,0.05,Americas,0,1,0,0,0,0,1,1,1
Puerto Rico,1952,country,1948,2024,0.0,0.0,1.0,1.0,1.0,,,,,,,,,,,23,23,0,19,1.555556,0,0,0,0,-1,149,48,68,12.0,0.0,0.020588,0,0,4,BOX,0.020588,Americas,4,2,0,0,0,0,0,0,0
Puerto Rico,1956,country,1948,2024,0.0,0.0,0.0,0.0,0.0,0.0,0.0,1.0,1.0,1.0,,,,,,14,14,0,9,-0.391304,0,0,0,0,-1,149,48,68,2.0,2.0,0.0,0,0,2,ATH,0.0,Americas,8,3,0,0,0,0,0,0,0
Puerto Rico,1960,country,1948,2024,0.0,0.0,0.0,0.0,0.0,0.0,0.0,0.0,0.0,0.0,0.0,0.0,1.0,1.0,1.0,29,28,1,13,1.071429,0,0,0,0,-1,152,48,67,6.0,3.0,0.0,0,0,6,ATH,0.0,Americas,12,4,0,0,0,0,0,0,0
Puerto Rico,1964,country,1948,2024,0.0,0.0,0.0,0.0,0.0,0.0,0.0,0.0,0.0,0.0,0.0,0.0,0.0,0.0,0.0,45,37,8,29,0.551724,0,0,0,0,-1,164,47,67,12.0,0.0,0.0,0,0,8,ATH,0.0,Americas,16,5,0,0,0,0,0,0,0
Puerto Rico,1968,country,1948,2024,0.0,0.0,0.0,0.0,0.0,0.0,0.0,0.0,0.0,0.0,0.0,0.0,0.0,0.0,0.0,99,81,18,54,1.2,0,0,0,0,-1,174,47,67,14.0,4.0,0.0,0,0,10,ATH,0.0,Americas,20,6,0,0,0,0,0,0,0
Puerto Rico,1972,country,1948,2024,0.0,0.0,0.0,0.0,0.0,0.0,0.0,0.0,0.0,0.0,0.0,0.0,0.0,0.0,0.0,60,60,0,37,-0.393939,0,0,0,0,-1,201,47,67,27.0,0.0,0.0,0,0,10,ARC,0.0,Americas,24,7,0,0,0,0,0,0,0
Puerto Rico,1976,country,1948,2024,0.0,0.0,0.0,0.0,0.0,0.0,0.0,0.0,0.0,0.0,0.0,0.0,0.0,0.0,0.0,112,92,20,74,0.866667,0,0,0,0,-1,199,48,68,8.0,10.0,0.008264,0,0,12,BOX,0.008264,Americas,28,8,0,0,0,0,1,1,1
Puerto Rico,1980,country,1948,2024,0.0,0.0,1.0,1.0,1.0,0.0,0.0,0.0,0.0,0.0,0.0,0.0,0.0,0.0,0.0,3,3,0,3,-0.973214,0,0,0,0,-1,204,47,67,6.0,1.0,0.005785,0,0,1,BOX,0.005785,Americas,32,9,0,0,0,0,0,0,0
Puerto Rico,1984,country,1948,2024,0.0,0.0,0.0,0.0,0.0,0.0,0.0,1.0,1.0,1.0,0.0,0.0,0.0,0.0,0.0,58,48,10,45,18.333333,0,0,0,0,-1,225,46,66,21.0,0.0,0.034435,0,0,14,BOX,0.034435,Americas,36,10,0,0,0,1,1,2,1
Puerto Rico,1988,country,1948,2024,0.0,1.0,1.0,2.0,1.0,0.0,0.0,0.0,0.0,0.0,0.0,0.0,1.0,1.0,1.0,56,49,7,44,-0.034483,0,0,0,0,-1,243,47,67,19.0,1.0,0.021212,0,0,13,BOX,0.021212,Americas,40,11,0,0,0,0,0,0,0
Puerto Rico,1992,country,1948,2024,0.0,0.0,0.0,0.0,0.0,0.0,1.0,1.0,2.0,1.0,0.0,0.0,0.0,0.0,0.0,101,92,9,57,0.803571,0,0,0,0,-1,265,48,68,23.0,1.0,0.022727,0,0,12,BOX,0.022727,Americas,44,12,0,0,0,0,1,1,1
Puerto Rico,1996,country,1948,2024,0.0,0.0,1.0,1.0,1.0,0.0,0.0,0.0,0.0,0.0,0.0,1.0,1.0,2.0,1.0,91,63,28,60,-0.09901,0,0,0,0,-1,278,48,68,15.0,1.0,0.012879,0,0,17,BOX,0.012879,Americas,48,13,0,0,0,0,1,1,1
Puerto Rico,2000,country,1948,2024,0.0,0.0,1.0,1.0,1.0,0.0,0.0,1.0,1.0,1.0,0.0,0.0,0.0,0.0,0.0,38,31,7,31,-0.582418,0,0,0,0,-1,299,48,68,24.0,4.0,0.009091,0,0,10,BOX,0.009091,Americas,52,14,0,0,0,0,0,0,0
Puerto Rico,2004,country,1948,2024,0.0,0.0,0.0,0.0,0.0,0.0,0.0,1.0,1.0,1.0,0.0,0.0,1.0,1.0,1.0,52,39,13,38,0.368421,0,0,0,0,-1,301,48,68,4.0,2.0,0.003788,0,0,15,BOX,0.003788,Americas,56,15,0,0,0,0,0,0,0
Puerto Rico,2008,country,1948,2024,0.0,0.0,0.0,0.0,0.0,0.0,0.0,0.0,0.0,0.0,0.0,0.0,1.0,1.0,1.0,31,24,7,31,-0.403846,0,0,0,0,-1,302,48,68,5.0,4.0,0.0,0,0,8,ATH,0.0,Americas,60,16,0,0,0,0,0,0,0
Puerto Rico,2012,country,1948,2024,0.0,0.0,0.0,0.0,0.0,0.0,0.0,0.0,0.0,0.0,0.0,0.0,0.0,0.0,0.0,28,19,9,25,-0.096774,0,0,0,0,-1,302,48,68,2.0,2.0,0.040075,0,0,8,WRF,0.036364,Americas,64,17,0,0,0,1,1,2,1
Puerto Rico,2016,country,1948,2024,0.0,1.0,1.0,2.0,1.0,0.0,0.0,0.0,0.0,0.0,0.0,0.0,0.0,0.0,0.0,41,13,28,27,0.464286,0,0,0,0,-1,306,48,68,5.0,1.0,0.225057,0,0,15,TEN,0.2,Americas,68,18,0,0,1,0,0,1,1
Puerto Rico,2020,country,1948,2024,1.0,0.0,0.0,1.0,1.0,0.0,1.0,1.0,2.0,1.0,0.0,0.0,0.0,0.0,0.0,39,14,25,24,-0.04878,0,0,0,0,-1,316,48,68,33.0,23.0,0.023529,0,0,15,WRF,0.012397,Americas,72,19,0,0,1,0,0,1,1
Puerto Rico,2024,country,1948,2024,1.0,0.0,0.0,1.0,1.0,1.0,0.0,0.0,1.0,1.0,0.0,1.0,1.0,2.0,1.0,53,28,25,30,0.358974,0,0,0,0,-1,297,48,68,6.0,25.0,0.01778,0,0,13,ATH,0.010204,Americas,76,20,0,0,0,0,2,2,1
Qatar,1984,country,1984,2024,,,,,,,,,,,,,,,,26,26,0,8,,0,0,0,0,-1,225,46,66,21.0,0.0,0.0,0,0,3,ATH,0.0,Asia,0,1,0,0,0,0,0,0,0
Qatar,1988,country,1984,2024,0.0,0.0,0.0,0.0,0.0,,,,,,,,,,,13,13,0,10,-0.5,0,0,0,0,-1,243,47,67,19.0,1.0,0.0,0,0,3,ATH,0.0,Asia,4,2,0,0,0,0,0,0,0
Qatar,1992,country,1984,2024,0.0,0.0,0.0,0.0,0.0,0.0,0.0,0.0,0.0,0.0,,,,,,30,30,0,11,1.307692,0,0,0,0,-1,265,48,68,23.0,1.0,0.00404,0,0,2,ATH,0.00404,Asia,8,3,0,0,0,0,1,1,1
Qatar,1996,country,1984,2024,0.0,0.0,1.0,1.0,1.0,0.0,0.0,0.0,0.0,0.0,0.0,0.0,0.0,0.0,0.0,13,13,0,10,-0.566667,0,0,0,0,-1,278,48,68,15.0,1.0,0.002828,0,0,4,ATH,0.002828,Asia,12,4,0,0,0,0,0,0,0
Qatar,2000,country,1984,2024,0.0,0.0,0.0,0.0,0.0,0.0,0.0,1.0,1.0,1.0,0.0,0.0,0.0,0.0,0.0,19,19,0,14,0.461538,0,0,0,0,-1,299,48,68,24.0,4.0,0.028687,0,0,5,WLF,0.026667,Asia,16,5,0,0,0,0,1,1,1
Qatar,2004,country,1984,2024,0.0,0.0,1.0,1.0,1.0,0.0,0.0,0.0,0.0,0.0,0.0,0.0,1.0,1.0,1.0,15,15,0,14,-0.210526,0,0,0,0,-1,301,48,68,4.0,2.0,0.01098,0,0,4,WLF,0.01098,Asia,20,6,0,0,0,0,0,0,0
Qatar,2008,country,1984,2024,0.0,0.0,0.0,0.0,0.0,0.0,0.0,1.0,1.0,1.0,0.0,0.0,0.0,0.0,0.0,20,20,0,14,0.333333,0,0,0,0,-1,302,48,68,5.0,4.0,0.0,0,0,6,ARC,0.0,Asia,24,7,0,0,0,0,0,0,0
Qatar,2012,country,1984,2024,0.0,0.0,0.0,0.0,0.0,0.0,0.0,0.0,0.0,0.0,0.0,0.0,1.0,1.0,1.0,14,9,5,13,-0.3,0,0,0,0,-1,302,48,68,2.0,2.0,0.015832,0,0,4,SHO,0.012121,Asia,28,8,0,0,0,0,2,2,1
Qatar,2016,country,1984,2024,0.0,0.0,2.0,2.0,1.0,0.0,0.0,0.0,0.0,0.0,0.0,0.0,0.0,0.0,0.0,42,40,2,20,2.0,0,0,0,0,-1,306,48,68,5.0,1.0,0.016884999999999997,0,0,10,SHO,0.008485,Asia,32,9,0,0,0,1,0,1,1
Qatar,2020,country,1984,2024,0.0,1.0,0.0,1.0,1.0,0.0,0.0,2.0,2.0,1.0,0.0,0.0,0.0,0.0,0.0,17,14,3,15,-0.595238,0,0,0,0,-1,316,48,68,33.0,23.0,0.180919,0,0,7,VBV,0.117647,Asia,36,10,0,0,2,0,1,3,1
Qatar,2024,country,1984,2024,2.0,0.0,1.0,3.0,1.0,0.0,1.0,0.0,1.0,1.0,0.0,0.0,2.0,2.0,1.0,13,12,1,10,-0.235294,0,0,0,0,-1,297,48,68,6.0,25.0,0.099468,0,0,5,VBV,0.063636,Asia,40,11,0,0,0,0,1,1,1
Refugee Olympic Team,2016,special,2016,2024,,,,,,,,,,,,,,,,12,7,5,12,,0,0,0,0,-1,306,48,68,5.0,1.0,0.0,0,0,3,ATH,0.0,Asia,0,1,0,0,0,0,0,0,0
Refugee Olympic Team,2020,special,2016,2024,0.0,0.0,0.0,0.0,0.0,,,,,,,,,,,35,22,13,30,1.916667,0,0,0,0,-1,316,48,68,33.0,23.0,0.0,0,0,12,ATH,0.0,Asia,4,2,0,0,0,0,0,0,0
Refugee Olympic Team,2024,special,2016,2024,0.0,0.0,0.0,0.0,0.0,0.0,0.0,0.0,0.0,0.0,,,,,,44,28,16,39,0.257143,0,0,0,0,-1,297,48,68,6.0,25.0,0.00905,0,0,14,BOX,0.00905,Asia,8,3,0,0,0,0,1,1,1
Republic of the Congo,1964,country,1964,2024,,,,,,,,,,,,,,,,2,2,0,2,,0,0,0,0,-1,164,47,67,12.0,0.0,0.0,0,0,1,ATH,0.0,Africa,0,1,0,0,0,0,0,0,0
Republic of the Congo,1968,country,1964,2024,0.0,0.0,0.0,0.0,0.0,,,,,,,,,,,0,0,0,0,,0,0,0,0,-1,174,47,67,14.0,4.0,,0,0,0,,,Africa,4,1,0,0,0,0,0,0,0
Republic of the Congo,1972,country,1964,2024,0.0,0.0,0.0,0.0,0.0,,,,,,,,,,,8,8,0,5,3.0,0,0,0,0,-1,201,47,67,27.0,0.0,0.0,0,0,1,ATH,0.0,Africa,8,2,0,0,0,0,0,0,0
Republic of the Congo,1976,country,1964,2024,0.0,0.0,0.0,0.0,0.0,0.0,0.0,0.0,0.0,0.0,,,,,,0,0,0,0,,0,0,0,0,-1,199,48,68,8.0,10.0,,0,0,0,,,Africa,12,2,0,0,0,0,0,0,0
Republic of the Congo,1980,country,1964,2024,0.0,0.0,0.0,0.0,0.0,0.0,0.0,0.0,0.0,0.0,,,,,,25,11,14,8,2.125,0,0,0,0,-1,204,47,67,6.0,1.0,0.0,0,0,3,ATH,0.0,Africa,16,3,0,0,0,0,0,0,0
Republic of the Congo,1984,country,1964,2024,0.0,0.0,0.0,0.0,0.0,0.0,0.0,0.0,0.0,0.0,0.0,0.0,0.0,0.0,0.0,13,11,2,10,-0.48,0,0,0,0,-1,225,46,66,21.0,0.0,0.0,0,0,2,ATH,0.0,Africa,20,4,0,0,0,0,0,0,0
Republic of the Congo,1988,country,1964,2024,0.0,0.0,0.0,0.0,0.0,0.0,0.0,0.0,0.0,0.0,0.0,0.0,0.0,0.0,0.0,10,7,3,7,-0.230769,0,0,0,0,-1,243,47,67,19.0,1.0,0.0,0,0,1,ATH,0.0,Africa,24,5,0,0,0,0,0,0,0
Republic of the Congo,1992,country,1964,2024,0.0,0.0,0.0,0.0,0.0,0.0,0.0,0.0,0.0,0.0,0.0,0.0,0.0,0.0,0.0,10,9,1,7,0.0,0,0,0,0,-1,265,48,68,23.0,1.0,0.0,0,0,2,ATH,0.0,Africa,28,6,0,0,0,0,0,0,0
Republic of the Congo,1996,country,1964,2024,0.0,0.0,0.0,0.0,0.0,0.0,0.0,0.0,0.0,0.0,0.0,0.0,0.0,0.0,0.0,5,3,2,5,-0.5,0,0,0,0,-1,278,48,68,15.0,1.0,0.0,0,0,3,ATH,0.0,Africa,32,7,0,0,0,0,0,0,0
Republic of the Congo,2000,country,1964,2024,0.0,0.0,0.0,0.0,0.0,0.0,0.0,0.0,0.0,0.0,0.0,0.0,0.0,0.0,0.0,5,3,2,5,0.0,0,0,0,0,-1,299,48,68,24.0,4.0,0.0,0,0,3,ATH,0.0,Africa,36,8,0,0,0,0,0,0,0
Republic of the Congo,2004,country,1964,2024,0.0,0.0,0.0,0.0,0.0,0.0,0.0,0.0,0.0,0.0,0.0,0.0,0.0,0.0,0.0,5,2,3,5,0.0,0,0,0,0,-1,301,48,68,4.0,2.0,0.0,0,0,4,ATH,0.0,Africa,40,9,0,0,0,0,0,0,0
Republic of the Congo,2008,country,1964,2024,0.0,0.0,0.0,0.0,0.0,0.0,0.0,0.0,0.0,0.0,0.0,0.0,0.0,0.0,0.0,5,3,2,5,0.0,0,0,0,0,-1,302,48,68,5.0,4.0,0.0,0,0,3,ATH,0.0,Africa,44,10,0,0,0,0,0,0,0
Republic of the Congo,2012,country,1964,2024,0.0,0.0,0.0,0.0,0.0,0.0,0.0,0.0,0.0,0.0,0.0,0.0,0.0,0.0,0.0,7,4,3,6,0.4,0,0,0,0,-1,302,48,68,2.0,2.0,0.0,0,0,3,ATH,0.0,Africa,48,11,0,0,0,0,0,0,0
Republic of the Congo,2016,country,1964,2024,0.0,0.0,0.0,0.0,0.0,0.0,0.0,0.0,0.0,0.0,0.0,0.0,0.0,0.0,0.0,10,7,3,9,0.428571,0,0,0,0,-1,306,48,68,5.0,1.0,0.0,0,0,5,ATH,0.0,Africa,52,12,0,0,0,0,0,0,0
Republic of the Congo,2020,country,1964,2024,0.0,0.0,0.0,0.0,0.0,0.0,0.0,0.0,0.0,0.0,0.0,0.0,0.0,0.0,0.0,3,1,2,3,-0.7,0,0,0,0,-1,316,48,68,33.0,23.0,0.0,0,0,2,ATH,0.0,Africa,56,13,0,0,0,0,0,0,0
Republic of the Congo,2024,country,1964,2024,0.0,0.0,0.0,0.0,0.0,0.0,0.0,0.0,0.0,0.0,0.0,0.0,0.0,0.0,0.0,4,2,2,4,0.333333,0,0,0,0,-1,297,48,68,6.0,25.0,0.0,0,0,3,ATH,0.0,Africa,60,14,0,0,0,0,0,0,0
Rhodesia,1960,historical_different,1960,1960,,,,,,,,,,,,,,,,12,11,1,11,,0,0,0,0,-1,152,48,67,6.0,3.0,0.0,0,0,5,ATH,0.0,Africa,0,1,0,0,0,0,0,0,0
Romania,1900,country,1900,2024,,,,,,,,,,,,,,,,1,1,0,1,,0,0,0,0,-1,97,47,66,65.0,12.0,0.0,0,0,1,SHO,0.0,Europe,0,1,0,0,0,0,0,0,0
Romania,1904,country,1900,2024,0.0,0.0,0.0,0.0,0.0,,,,,,,,,,,0,0,0,0,,0,0,0,0,-1,95,48,67,36.0,38.0,,0,0,0,,,Europe,4,1,0,0,0,0,0,0,0
Romania,1908,country,1900,2024,0.0,0.0,0.0,0.0,0.0,,,,,,,,,,,0,0,0,0,,0,0,0,0,-1,104,48,67,35.0,26.0,,0,0,0,,,Europe,8,1,0,0,0,0,0,0,0
Romania,1912,country,1900,2024,0.0,0.0,0.0,0.0,0.0,,,,,,,,,,,0,0,0,0,,0,0,0,0,-1,102,48,67,25.0,28.0,,0,0,0,,,Europe,12,1,0,0,0,0,0,0,0
Romania,1920,country,1900,2024,0.0,0.0,0.0,0.0,0.0,,,,,,,,,,,0,0,0,0,,0,0,0,0,-1,156,48,67,58.0,4.0,,0,0,0,,,Europe,20,1,0,0,0,0,0,0,0
Romania,1924,country,1900,2024,0.0,0.0,0.0,0.0,0.0,,,,,,,,,,,45,45,0,7,44.0,0,0,0,0,-1,126,45,62,12.0,42.0,0.4,0,0,4,RUG,0.4,Europe,24,2,0,0,0,0,1,1,1
Romania,1928,country,1900,2024,0.0,0.0,1.0,1.0,1.0,0.0,0.0,0.0,0.0,0.0,,,,,,33,31,2,16,-0.266667,0,0,0,0,-1,110,48,68,3.0,19.0,0.0,0,0,2,ATH,0.0,Europe,28,3,0,0,0,0,0,0,0
Romania,1932,country,1900,2024,0.0,0.0,0.0,0.0,0.0,0.0,0.0,1.0,1.0,1.0,0.0,0.0,0.0,0.0,0.0,1,1,0,1,-0.969697,0,0,0,0,-1,127,48,67,18.0,1.0,,0,0,0,,,Europe,32,4,0,0,0,0,0,0,0
Romania,1936,country,1900,2024,0.0,0.0,0.0,0.0,0.0,0.0,0.0,0.0,0.0,0.0,0.0,0.0,1.0,1.0,1.0,118,116,2,33,117.0,0,0,0,0,-1,129,48,67,4.0,2.0,0.3,0,0,9,EJP,0.3,Europe,36,5,0,0,0,1,0,1,1
Romania,1948,country,1900,2024,0.0,1.0,0.0,1.0,1.0,0.0,0.0,0.0,0.0,0.0,0.0,0.0,0.0,0.0,0.0,0,0,0,0,,0,0,0,0,-1,136,48,68,9.0,2.0,,0,0,0,,,Europe,48,5,0,0,0,0,0,0,0
Romania,1952,country,1900,2024,0.0,1.0,0.0,1.0,1.0,0.0,0.0,0.0,0.0,0.0,0.0,0.0,0.0,0.0,0.0,241,180,61,67,1.042373,0,0,0,0,-1,149,48,68,12.0,0.0,0.286666,0,0,17,SHO,0.133333,Europe,52,6,0,0,1,1,2,4,1
Romania,1956,country,1900,2024,1.0,1.0,2.0,4.0,1.0,0.0,1.0,0.0,1.0,1.0,0.0,0.0,0.0,0.0,0.0,103,56,47,39,-0.572614,0,0,0,0,-1,149,48,68,2.0,2.0,0.681401,0,0,12,SHO,0.2,Europe,56,7,0,0,5,3,5,13,1
Romania,1960,country,1900,2024,5.0,3.0,5.0,13.0,1.0,1.0,1.0,2.0,4.0,1.0,0.0,1.0,0.0,1.0,1.0,156,107,49,65,0.514563,0,0,0,0,-1,152,48,67,6.0,3.0,0.648034,0,0,15,SHO,0.184848,Europe,60,8,0,0,3,1,6,10,1
Romania,1964,country,1900,2024,3.0,1.0,6.0,10.0,1.0,5.0,3.0,5.0,13.0,1.0,1.0,1.0,2.0,4.0,1.0,232,168,64,76,0.487179,0,0,0,0,-1,164,47,67,12.0,0.0,0.724601,0,0,14,CSP,0.249784,Europe,64,9,0,0,2,4,6,12,1
Romania,1968,country,1900,2024,2.0,4.0,6.0,12.0,1.0,3.0,1.0,6.0,10.0,1.0,5.0,3.0,5.0,13.0,1.0,100,79,21,64,-0.568966,0,0,0,0,-1,174,47,67,14.0,4.0,0.752218,0,0,11,CSP,0.251948,Europe,68,10,0,0,4,6,5,15,1
Romania,1972,country,1900,2024,4.0,6.0,5.0,15.0,1.0,2.0,4.0,6.0,12.0,1.0,3.0,1.0,6.0,10.0,1.0,258,194,64,102,1.58,0,0,0,0,-1,201,47,67,27.0,0.0,1.277312,0,0,17,HBL,0.4,Europe,72,11,0,0,3,6,7,16,1
Romania,1976,country,1900,2024,3.0,6.0,7.0,16.0,1.0,4.0,6.0,5.0,15.0,1.0,2.0,4.0,6.0,12.0,1.0,255,162,93,92,-0.011628,0,0,0,0,-1,199,48,68,8.0,10.0,1.42112,0,0,12,HBL,0.341176,Europe,76,12,0,0,4,9,14,27,1
Romania,1980,country,1900,2024,4.0,9.0,14.0,27.0,1.0,3.0,6.0,7.0,16.0,1.0,4.0,6.0,5.0,15.0,1.0,339,220,119,135,0.329412,0,0,0,0,-1,204,47,67,6.0,1.0,1.710202,0,0,22,CSP,0.277804,Europe,80,13,0,0,6,6,13,25,1
Romania,1984,country,1900,2024,6.0,6.0,13.0,25.0,1.0,4.0,9.0,14.0,27.0,1.0,3.0,6.0,7.0,16.0,1.0,193,96,97,86,-0.430678,0,0,0,0,-1,225,46,66,21.0,0.0,2.561462,0,0,14,GRY,0.6,Europe,84,14,0,0,19,16,17,52,1
Romania,1988,country,1900,2024,19.0,16.0,17.0,52.0,1.0,6.0,6.0,13.0,25.0,1.0,4.0,9.0,14.0,27.0,1.0,172,83,89,59,-0.108808,0,0,0,0,-1,243,47,67,19.0,1.0,1.50541,0,0,11,GAR,0.36853,Europe,88,15,0,0,7,11,6,24,1
Romania,1992,country,1900,2024,7.0,11.0,6.0,24.0,1.0,19.0,16.0,17.0,52.0,1.0,6.0,6.0,13.0,25.0,1.0,306,169,137,128,0.77907,0,0,0,0,-1,265,48,68,23.0,1.0,1.510416,0,0,19,ROW,0.368182,Europe,92,16,1,1,4,6,8,18,1
Romania,1996,country,1900,2024,4.0,6.0,8.0,18.0,1.0,7.0,11.0,6.0,24.0,1.0,19.0,16.0,17.0,52.0,1.0,284,161,123,122,-0.071895,0,0,0,0,-1,278,48,68,15.0,1.0,0.851113,0,0,19,GAR,0.315349,Europe,96,17,0,0,4,7,8,19,1
Romania,2000,country,1900,2024,4.0,7.0,8.0,19.0,1.0,4.0,6.0,8.0,18.0,1.0,7.0,11.0,6.0,24.0,1.0,252,124,128,116,-0.112676,0,0,0,0,-1,299,48,68,24.0,4.0,0.908875,0,0,17,GAR,0.305032,Europe,100,18,0,0,11,6,9,26,1
Romania,2004,country,1900,2024,11.0,6.0,9.0,26.0,1.0,4.0,7.0,8.0,19.0,1.0,4.0,6.0,8.0,18.0,1.0,193,95,98,88,-0.234127,0,0,0,0,-1,301,48,68,4.0,2.0,0.8888,0,0,17,GAR,0.408117,Europe,104,19,0,0,8,5,6,19,1
Romania,2008,country,1900,2024,8.0,5.0,6.0,19.0,1.0,11.0,6.0,9.0,26.0,1.0,4.0,7.0,8.0,19.0,1.0,172,84,88,80,-0.108808,0,0,0,0,-1,302,48,68,5.0,4.0,0.676781,0,0,17,GAR,0.279221,Europe,108,20,0,0,4,1,3,8,1
Romania,2012,country,1900,2024,4.0,1.0,3.0,8.0,1.0,8.0,5.0,6.0,19.0,1.0,11.0,6.0,9.0,26.0,1.0,155,82,73,75,-0.098837,0,0,0,0,-1,302,48,68,2.0,2.0,0.501134,0,0,16,GAR,0.21039,Europe,112,21,0,0,2,5,2,9,1
Romania,2016,country,1900,2024,2.0,5.0,2.0,9.0,1.0,4.0,1.0,3.0,8.0,1.0,8.0,5.0,6.0,19.0,1.0,121,46,75,62,-0.219355,0,0,0,0,-1,306,48,68,5.0,1.0,0.34405600000000003,0,0,16,FEN,0.087273,Europe,116,22,1,1,1,1,2,4,1
Romania,2020,country,1900,2024,1.0,1.0,2.0,4.0,1.0,2.0,5.0,2.0,9.0,1.0,4.0,1.0,3.0,8.0,1.0,119,66,53,57,-0.016529,0,0,0,0,-1,316,48,68,33.0,23.0,0.259287,0,0,19,ROW,0.080519,Europe,120,23,0,0,1,3,0,4,1
Romania,2024,country,1900,2024,1.0,3.0,0.0,4.0,1.0,1.0,1.0,2.0,4.0,1.0,2.0,5.0,2.0,9.0,1.0,144,55,89,57,0.210084,0,0,0,0,-1,297,48,68,6.0,25.0,0.320739,0,0,18,ROW,0.17987,Europe,124,24,0,0,3,4,2,9,1
Russia,1900,country,1900,2020,,,,,,,,,,,,,,,,5,5,0,3,,0,0,0,0,-1,97,47,66,65.0,12.0,0.0,0,0,2,EJP,0.0,Europe,0,1,1,1,0,0,0,0,0
Russia,1904,country,1900,2020,0.0,0.0,0.0,0.0,0.0,,,,,,,,,,,0,0,0,0,,0,0,0,0,-1,95,48,67,36.0,38.0,,0,0,0,,,Europe,4,1,0,0,0,0,0,0,0
Russia,1908,country,1900,2020,0.0,0.0,0.0,0.0,0.0,,,,,,,,,,,7,7,0,7,0.4,0,0,0,0,-1,104,48,67,35.0,26.0,0.3,0,0,2,WRG,0.3,Europe,8,2,0,0,1,2,0,3,1
Russia,1912,country,1900,2020,1.0,2.0,0.0,3.0,1.0,0.0,0.0,0.0,0.0,0.0,,,,,,266,266,0,62,37.0,0,0,0,0,-1,102,48,67,25.0,28.0,0.404576,0,0,15,WRG,0.182353,Europe,12,3,1,1,0,2,3,5,1
Russia,1920,country,1900,2020,0.0,2.0,3.0,5.0,1.0,1.0,2.0,0.0,3.0,1.0,0.0,0.0,0.0,0.0,0.0,0,0,0,0,,0,0,0,0,-1,156,48,67,58.0,4.0,,0,0,0,,,Europe,20,3,0,0,0,0,0,0,0
Russia,1924,country,1900,2020,0.0,2.0,3.0,5.0,1.0,1.0,2.0,0.0,3.0,1.0,0.0,0.0,0.0,0.0,0.0,3,2,1,2,-0.988722,0,0,0,0,-1,126,45,62,12.0,42.0,,0,0,0,,,Europe,24,4,0,0,0,0,0,0,0
Russia,1928,country,1900,2020,0.0,0.0,0.0,0.0,0.0,0.0,2.0,3.0,5.0,1.0,1.0,2.0,0.0,3.0,1.0,0,0,0,0,,0,0,0,0,-1,110,48,68,3.0,19.0,,0,0,0,,,Europe,28,4,0,0,0,0,0,0,0
Russia,1932,country,1900,2020,0.0,0.0,0.0,0.0,0.0,0.0,2.0,3.0,5.0,1.0,1.0,2.0,0.0,3.0,1.0,0,0,0,0,,0,0,0,0,-1,127,48,67,18.0,1.0,,0,0,0,,,Europe,32,4,0,0,0,0,0,0,0
Russia,1936,country,1900,2020,0.0,0.0,0.0,0.0,0.0,0.0,2.0,3.0,5.0,1.0,1.0,2.0,0.0,3.0,1.0,0,0,0,0,,0,0,0,0,-1,129,48,67,4.0,2.0,,0,0,0,,,Europe,36,4,0,0,0,0,0,0,0
Russia,1948,country,1900,2020,0.0,0.0,0.0,0.0,0.0,0.0,2.0,3.0,5.0,1.0,1.0,2.0,0.0,3.0,1.0,0,0,0,0,,0,0,0,0,-1,136,48,68,9.0,2.0,,0,0,0,,,Europe,48,4,0,0,0,0,0,0,0
Russia,1952,country,1900,2020,0.0,0.0,0.0,0.0,0.0,0.0,2.0,3.0,5.0,1.0,1.0,2.0,0.0,3.0,1.0,0,0,0,0,,0,0,0,0,-1,149,48,68,12.0,0.0,,0,0,0,,,Europe,52,4,0,0,0,0,0,0,0
Russia,1956,country,1900,2020,0.0,0.0,0.0,0.0,0.0,0.0,2.0,3.0,5.0,1.0,1.0,2.0,0.0,3.0,1.0,0,0,0,0,,0,0,0,0,-1,149,48,68,2.0,2.0,,0,0,0,,,Europe,56,4,0,0,0,0,0,0,0
Russia,1960,country,1900,2020,0.0,0.0,0.0,0.0,0.0,0.0,2.0,3.0,5.0,1.0,1.0,2.0,0.0,3.0,1.0,0,0,0,0,,0,0,0,0,-1,152,48,67,6.0,3.0,,0,0,0,,,Europe,60,4,0,0,0,0,0,0,0
Russia,1964,country,1900,2020,0.0,0.0,0.0,0.0,0.0,0.0,2.0,3.0,5.0,1.0,1.0,2.0,0.0,3.0,1.0,0,0,0,0,,0,0,0,0,-1,164,47,67,12.0,0.0,,0,0,0,,,Europe,64,4,0,0,0,0,0,0,0
Russia,1968,country,1900,2020,0.0,0.0,0.0,0.0,0.0,0.0,2.0,3.0,5.0,1.0,1.0,2.0,0.0,3.0,1.0,0,0,0,0,,0,0,0,0,-1,174,47,67,14.0,4.0,,0,0,0,,,Europe,68,4,0,0,0,0,0,0,0
Russia,1972,country,1900,2020,0.0,0.0,0.0,0.0,0.0,0.0,2.0,3.0,5.0,1.0,1.0,2.0,0.0,3.0,1.0,0,0,0,0,,0,0,0,0,-1,201,47,67,27.0,0.0,,0,0,0,,,Europe,72,4,0,0,0,0,0,0,0
Russia,1976,country,1900,2020,0.0,0.0,0.0,0.0,0.0,0.0,2.0,3.0,5.0,1.0,1.0,2.0,0.0,3.0,1.0,0,0,0,0,,0,0,0,0,-1,199,48,68,8.0,10.0,,0,0,0,,,Europe,76,4,0,0,0,0,0,0,0
Russia,1980,country,1900,2020,0.0,0.0,0.0,0.0,0.0,0.0,2.0,3.0,5.0,1.0,1.0,2.0,0.0,3.0,1.0,0,0,0,0,,0,0,0,0,-1,204,47,67,6.0,1.0,,0,0,0,,,Europe,80,4,0,0,0,0,0,0,0
Russia,1984,country,1900,2020,0.0,0.0,0.0,0.0,0.0,0.0,2.0,3.0,5.0,1.0,1.0,2.0,0.0,3.0,1.0,0,0,0,0,,0,0,0,0,-1,225,46,66,21.0,0.0,,0,0,0,,,Europe,84,4,0,0,0,0,0,0,0
Russia,1988,country,1900,2020,0.0,0.0,0.0,0.0,0.0,0.0,2.0,3.0,5.0,1.0,1.0,2.0,0.0,3.0,1.0,0,0,0,0,,0,0,0,0,-1,243,47,67,19.0,1.0,,0,0,0,,,Europe,88,4,0,0,0,0,0,0,0
Russia,1992,country,1900,2020,0.0,0.0,0.0,0.0,0.0,0.0,2.0,3.0,5.0,1.0,1.0,2.0,0.0,3.0,1.0,0,0,0,0,,0,0,0,0,-1,265,48,68,23.0,1.0,,0,0,0,,,Europe,92,4,0,0,0,0,0,0,0
Russia,1996,country,1900,2020,0.0,0.0,0.0,0.0,0.0,0.0,2.0,3.0,5.0,1.0,1.0,2.0,0.0,3.0,1.0,552,319,233,212,183.0,0,0,0,0,-1,278,48,68,15.0,1.0,4.468495,0,0,29,MPN,0.6,Europe,96,5,0,0,26,21,16,63,1
Russia,2000,country,1900,2020,26.0,21.0,16.0,63.0,1.0,0.0,0.0,0.0,0.0,0.0,0.0,2.0,3.0,5.0,1.0,602,333,269,238,0.09058,0,0,0,0,-1,299,48,68,24.0,4.0,7.9159690000000005,0,1,32,GTR,1.0,Europe,100,6,0,0,32,28,29,89,1
Russia,2004,country,1900,2020,32.0,28.0,29.0,89.0,1.0,26.0,21.0,16.0,63.0,1.0,0.0,0.0,0.0,0.0,0.0,593,328,265,235,-0.01495,0,0,0,0,-1,301,48,68,4.0,2.0,7.724589000000001,0,1,32,GRY,1.086364,Europe,104,7,1,2,28,26,36,90,1
Russia,2008,country,1900,2020,28.0,26.0,36.0,90.0,1.0,32.0,28.0,29.0,89.0,1.0,26.0,21.0,16.0,63.0,1.0,600,315,285,242,0.011804,0,0,0,0,-1,302,48,68,5.0,4.0,7.712586,0,2,33,GRY,1.140909,Europe,108,8,1,1,23,21,28,72,1
Russia,2012,country,1900,2020,23.0,21.0,28.0,72.0,1.0,28.0,26.0,36.0,90.0,1.0,32.0,28.0,29.0,89.0,1.0,549,266,283,238,-0.085,0,0,0,0,-1,302,48,68,2.0,2.0,6.83467,0,2,33,GRY,1.204545,Europe,112,9,1,2,24,26,32,82,1
Russia,2016,country,1900,2020,24.0,26.0,32.0,82.0,1.0,23.0,21.0,28.0,72.0,1.0,28.0,26.0,36.0,90.0,1.0,406,203,203,181,-0.260474,0,0,0,0,-1,306,48,68,5.0,1.0,6.218294,0,2,33,GRY,1.231818,Europe,116,10,1,2,19,17,20,56,1
Russia,2020,country,1900,2020,19.0,17.0,20.0,56.0,1.0,24.0,26.0,32.0,82.0,1.0,23.0,21.0,28.0,72.0,1.0,561,266,295,202,0.381773,0,0,0,0,-1,316,48,68,33.0,23.0,5.810414,0,1,35,SWA,1.0,Europe,120,11,0,0,20,25,23,68,1
Russia,2024,country,1900,2020,20.0,25.0,23.0,68.0,1.0,19.0,17.0,20.0,56.0,1.0,24.0,26.0,32.0,82.0,1.0,0,0,0,0,,0,0,0,0,-1,297,48,68,6.0,25.0,,0,0,0,,,Europe,124,11,0,0,0,0,0,0,0
Rwanda,1984,country,1984,2024,,,,,,,,,,,,,,,,6,4,2,6,,0,0,0,0,-1,225,46,66,21.0,0.0,0.0,0,0,1,ATH,0.0,Africa,0,1,0,0,0,0,0,0,0
Rwanda,1988,country,1984,2024,0.0,0.0,0.0,0.0,0.0,,,,,,,,,,,8,4,4,7,0.333333,0,0,0,0,-1,243,47,67,19.0,1.0,0.0,0,0,1,ATH,0.0,Africa,4,2,0,0,0,0,0,0,0
Rwanda,1992,country,1984,2024,0.0,0.0,0.0,0.0,0.0,0.0,0.0,0.0,0.0,0.0,,,,,,10,7,3,8,0.25,0,0,0,0,-1,265,48,68,23.0,1.0,0.0,0,0,2,ATH,0.0,Africa,8,3,0,0,0,0,0,0,0
Rwanda,1996,country,1984,2024,0.0,0.0,0.0,0.0,0.0,0.0,0.0,0.0,0.0,0.0,0.0,0.0,0.0,0.0,0.0,4,4,0,4,-0.6,0,0,0,0,-1,278,48,68,15.0,1.0,0.0,0,0,1,ATH,0.0,Africa,12,4,0,0,0,0,0,0,0
Rwanda,2000,country,1984,2024,0.0,0.0,0.0,0.0,0.0,0.0,0.0,0.0,0.0,0.0,0.0,0.0,0.0,0.0,0.0,5,3,2,5,0.25,0,0,0,0,-1,299,48,68,24.0,4.0,0.0,0,0,2,ATH,0.0,Africa,16,5,0,0,0,0,0,0,0
Rwanda,2004,country,1984,2024,0.0,0.0,0.0,0.0,0.0,0.0,0.0,0.0,0.0,0.0,0.0,0.0,0.0,0.0,0.0,5,3,2,5,0.0,0,0,0,0,-1,301,48,68,4.0,2.0,0.0,0,0,2,ATH,0.0,Africa,20,6,0,0,0,0,0,0,0
Rwanda,2008,country,1984,2024,0.0,0.0,0.0,0.0,0.0,0.0,0.0,0.0,0.0,0.0,0.0,0.0,0.0,0.0,0.0,4,2,2,4,-0.2,0,0,0,0,-1,302,48,68,5.0,4.0,0.0,0,0,2,ATH,0.0,Africa,24,7,0,0,0,0,0,0,0
Rwanda,2012,country,1984,2024,0.0,0.0,0.0,0.0,0.0,0.0,0.0,0.0,0.0,0.0,0.0,0.0,0.0,0.0,0.0,7,5,2,7,0.75,0,0,0,0,-1,302,48,68,2.0,2.0,0.0,0,0,4,ATH,0.0,Africa,28,8,0,0,0,0,0,0,0
Rwanda,2016,country,1984,2024,0.0,0.0,0.0,0.0,0.0,0.0,0.0,0.0,0.0,0.0,0.0,0.0,0.0,0.0,0.0,7,4,3,7,0.0,0,0,0,0,-1,306,48,68,5.0,1.0,0.0,0,0,4,ATH,0.0,Africa,32,9,0,0,0,0,0,0,0
Rwanda,2020,country,1984,2024,0.0,0.0,0.0,0.0,0.0,0.0,0.0,0.0,0.0,0.0,0.0,0.0,0.0,0.0,0.0,5,3,2,5,-0.285714,0,0,0,0,-1,316,48,68,33.0,23.0,0.0,0,0,3,ATH,0.0,Africa,36,10,0,0,0,0,0,0,0
Rwanda,2024,country,1984,2024,0.0,0.0,0.0,0.0,0.0,0.0,0.0,0.0,0.0,0.0,0.0,0.0,0.0,0.0,0.0,8,3,5,8,0.6,0,0,0,0,-1,297,48,68,6.0,25.0,0.0,0,0,4,ATH,0.0,Africa,40,11,0,0,0,0,0,0,0
Saar,1952,historical_different,1952,1952,,,,,,,,,,,,,,,,93,86,7,32,,0,0,0,0,-1,149,48,68,12.0,0.0,0.0,0,0,9,ATH,0.0,Europe,0,1,0,0,0,0,0,0,0
Saint Kitts and Nevis,1996,country,1996,2024,,,,,,,,,,,,,,,,14,5,9,5,,0,0,0,0,-1,278,48,68,15.0,1.0,0.0,0,0,1,ATH,0.0,Americas,0,1,0,0,0,0,0,0,0
Saint Kitts and Nevis,2000,country,1996,2024,0.0,0.0,0.0,0.0,0.0,,,,,,,,,,,4,2,2,4,-0.714286,0,0,0,0,-1,299,48,68,24.0,4.0,0.0,0,0,1,ATH,0.0,Americas,4,2,0,0,0,0,0,0,0
Saint Kitts and Nevis,2004,country,1996,2024,0.0,0.0,0.0,0.0,0.0,0.0,0.0,0.0,0.0,0.0,,,,,,2,1,1,2,-0.5,0,0,0,0,-1,301,48,68,4.0,2.0,0.0,0,0,1,ATH,0.0,Americas,8,3,0,0,0,0,0,0,0
Saint Kitts and Nevis,2008,country,1996,2024,0.0,0.0,0.0,0.0,0.0,0.0,0.0,0.0,0.0,0.0,0.0,0.0,0.0,0.0,0.0,6,2,4,5,2.0,0,0,0,0,-1,302,48,68,5.0,4.0,0.0,0,0,1,ATH,0.0,Americas,12,4,0,0,0,0,0,0,0
Saint Kitts and Nevis,2012,country,1996,2024,0.0,0.0,0.0,0.0,0.0,0.0,0.0,0.0,0.0,0.0,0.0,0.0,0.0,0.0,0.0,7,7,0,3,0.166667,0,0,0,0,-1,302,48,68,2.0,2.0,0.0,0,0,1,ATH,0.0,Americas,16,5,0,0,0,0,0,0,0
Saint Kitts and Nevis,2016,country,1996,2024,0.0,0.0,0.0,0.0,0.0,0.0,0.0,0.0,0.0,0.0,0.0,0.0,0.0,0.0,0.0,9,8,1,4,0.285714,0,0,0,0,-1,306,48,68,5.0,1.0,0.0,0,0,1,ATH,0.0,Americas,20,6,0,0,0,0,0,0,0
Saint Kitts and Nevis,2020,country,1996,2024,0.0,0.0,0.0,0.0,0.0,0.0,0.0,0.0,0.0,0.0,0.0,0.0,0.0,0.0,0.0,2,1,1,2,-0.777778,0,0,0,0,-1,316,48,68,33.0,23.0,0.0,0,0,1,ATH,0.0,Americas,24,7,0,0,0,0,0,0,0
Saint Kitts and Nevis,2024,country,1996,2024,0.0,0.0,0.0,0.0,0.0,0.0,0.0,0.0,0.0,0.0,0.0,0.0,0.0,0.0,0.0,3,2,1,3,0.5,0,0,0,0,-1,297,48,68,6.0,25.0,0.0,0,0,2,ATH,0.0,Americas,28,8,0,0,0,0,0,0,0
Saint Lucia,1996,country,1996,2024,,,,,,,,,,,,,,,,8,7,1,5,,0,0,0,0,-1,278,48,68,15.0,1.0,0.0,0,0,2,ATH,0.0,Americas,0,1,0,0,0,0,0,0,0
Saint Lucia,2000,country,1996,2024,0.0,0.0,0.0,0.0,0.0,,,,,,,,,,,5,3,2,5,-0.375,0,0,0,0,-1,299,48,68,24.0,4.0,0.0,0,0,2,ATH,0.0,Americas,4,2,0,0,0,0,0,0,0
Saint Lucia,2004,country,1996,2024,0.0,0.0,0.0,0.0,0.0,0.0,0.0,0.0,0.0,0.0,,,,,,2,1,1,2,-0.6,0,0,0,0,-1,301,48,68,4.0,2.0,0.0,0,0,2,ATH,0.0,Americas,8,3,0,0,0,0,0,0,0
Saint Lucia,2008,country,1996,2024,0.0,0.0,0.0,0.0,0.0,0.0,0.0,0.0,0.0,0.0,0.0,0.0,0.0,0.0,0.0,4,1,3,4,1.0,0,0,0,0,-1,302,48,68,5.0,4.0,0.0,0,0,2,ATH,0.0,Americas,12,4,0,0,0,0,0,0,0
Saint Lucia,2012,country,1996,2024,0.0,0.0,0.0,0.0,0.0,0.0,0.0,0.0,0.0,0.0,0.0,0.0,0.0,0.0,0.0,4,1,3,4,0.0,0,0,0,0,-1,302,48,68,2.0,2.0,0.0,0,0,3,ATH,0.0,Americas,16,5,0,0,0,0,0,0,0
Saint Lucia,2016,country,1996,2024,0.0,0.0,0.0,0.0,0.0,0.0,0.0,0.0,0.0,0.0,0.0,0.0,0.0,0.0,0.0,5,2,3,4,0.25,0,0,0,0,-1,306,48,68,5.0,1.0,0.0,0,0,3,ATH,0.0,Americas,20,6,0,0,0,0,0,0,0
Saint Lucia,2020,country,1996,2024,0.0,0.0,0.0,0.0,0.0,0.0,0.0,0.0,0.0,0.0,0.0,0.0,0.0,0.0,0.0,5,2,3,5,0.0,0,0,0,0,-1,316,48,68,33.0,23.0,0.0,0,0,3,ATH,0.0,Americas,24,7,0,0,0,0,0,0,0
Saint Lucia,2024,country,1996,2024,0.0,0.0,0.0,0.0,0.0,0.0,0.0,0.0,0.0,0.0,0.0,0.0,0.0,0.0,0.0,5,3,2,5,0.0,0,0,0,0,-1,297,48,68,6.0,25.0,0.015152,0,0,3,ATH,0.015152,Americas,28,8,0,0,1,1,0,2,1
Saint Vincent and the Grenadines,1988,country,1988,2024,,,,,,,,,,,,,,,,6,5,1,6,,0,0,0,0,-1,243,47,67,19.0,1.0,0.0,0,0,1,ATH,0.0,Americas,0,1,0,0,0,0,0,0,0
Saint Vincent and the Grenadines,1992,country,1988,2024,0.0,0.0,0.0,0.0,0.0,,,,,,,,,,,8,6,2,5,0.333333,0,0,0,0,-1,265,48,68,23.0,1.0,0.0,0,0,1,ATH,0.0,Americas,4,2,0,0,0,0,0,0,0
Saint Vincent and the Grenadines,1996,country,1988,2024,0.0,0.0,0.0,0.0,0.0,0.0,0.0,0.0,0.0,0.0,,,,,,12,11,1,6,0.5,0,0,0,0,-1,278,48,68,15.0,1.0,0.0,0,0,1,ATH,0.0,Americas,8,3,0,0,0,0,0,0,0
Saint Vincent and the Grenadines,2000,country,1988,2024,0.0,0.0,0.0,0.0,0.0,0.0,0.0,0.0,0.0,0.0,0.0,0.0,0.0,0.0,0.0,4,2,2,4,-0.666667,0,0,0,0,-1,299,48,68,24.0,4.0,0.0,0,0,2,ATH,0.0,Americas,12,4,0,0,0,0,0,0,0
Saint Vincent and the Grenadines,2004,country,1988,2024,0.0,0.0,0.0,0.0,0.0,0.0,0.0,0.0,0.0,0.0,0.0,0.0,0.0,0.0,0.0,3,2,1,3,-0.25,0,0,0,0,-1,301,48,68,4.0,2.0,0.0,0,0,2,ATH,0.0,Americas,16,5,0,0,0,0,0,0,0
Saint Vincent and the Grenadines,2008,country,1988,2024,0.0,0.0,0.0,0.0,0.0,0.0,0.0,0.0,0.0,0.0,0.0,0.0,0.0,0.0,0.0,2,1,1,2,-0.333333,0,0,0,0,-1,302,48,68,5.0,4.0,0.0,0,0,1,ATH,0.0,Americas,20,6,0,0,0,0,0,0,0
Saint Vincent and the Grenadines,2012,country,1988,2024,0.0,0.0,0.0,0.0,0.0,0.0,0.0,0.0,0.0,0.0,0.0,0.0,0.0,0.0,0.0,3,2,1,3,0.5,0,0,0,0,-1,302,48,68,2.0,2.0,0.0,0,0,2,ATH,0.0,Americas,24,7,0,0,0,0,0,0,0
Saint Vincent and the Grenadines,2016,country,1988,2024,0.0,0.0,0.0,0.0,0.0,0.0,0.0,0.0,0.0,0.0,0.0,0.0,0.0,0.0,0.0,4,2,2,4,0.333333,0,0,0,0,-1,306,48,68,5.0,1.0,0.0,0,0,2,ATH,0.0,Americas,28,8,0,0,0,0,0,0,0
Saint Vincent and the Grenadines,2020,country,1988,2024,0.0,0.0,0.0,0.0,0.0,0.0,0.0,0.0,0.0,0.0,0.0,0.0,0.0,0.0,0.0,3,1,2,3,-0.25,0,0,0,0,-1,316,48,68,33.0,23.0,0.0,0,0,2,ATH,0.0,Americas,32,9,0,0,0,0,0,0,0
Saint Vincent and the Grenadines,2024,country,1988,2024,0.0,0.0,0.0,0.0,0.0,0.0,0.0,0.0,0.0,0.0,0.0,0.0,0.0,0.0,0.0,4,2,2,4,0.333333,0,0,0,0,-1,297,48,68,6.0,25.0,0.0,0,0,2,ATH,0.0,Americas,36,10,0,0,0,0,0,0,0
Samoa,1984,country,1984,2024,,,,,,,,,,,,,,,,9,9,0,9,,0,0,0,0,-1,225,46,66,21.0,0.0,0.0,0,0,3,ATH,0.0,Oceania,0,1,0,0,0,0,0,0,0
Samoa,1988,country,1984,2024,0.0,0.0,0.0,0.0,0.0,,,,,,,,,,,11,11,0,11,0.222222,0,0,0,0,-1,243,47,67,19.0,1.0,0.0,0,0,4,ATH,0.0,Oceania,4,2,0,0,0,0,0,0,0
Samoa,1992,country,1984,2024,0.0,0.0,0.0,0.0,0.0,0.0,0.0,0.0,0.0,0.0,,,,,,5,5,0,5,-0.545455,0,0,0,0,-1,265,48,68,23.0,1.0,0.0,0,0,2,BOX,0.0,Oceania,8,3,0,0,0,0,0,0,0
Samoa,1996,country,1984,2024,0.0,0.0,0.0,0.0,0.0,0.0,0.0,0.0,0.0,0.0,0.0,0.0,0.0,0.0,0.0,5,4,1,5,0.0,0,0,0,0,-1,278,48,68,15.0,1.0,0.0,0,0,3,ATH,0.0,Oceania,12,4,0,0,0,0,0,0,0
Samoa,2000,country,1984,2024,0.0,0.0,0.0,0.0,0.0,0.0,0.0,0.0,0.0,0.0,0.0,0.0,0.0,0.0,0.0,5,4,1,5,0.0,0,0,0,0,-1,299,48,68,24.0,4.0,0.0,0,0,5,BOX,0.0,Oceania,16,5,0,0,0,0,0,0,0
Samoa,2004,country,1984,2024,0.0,0.0,0.0,0.0,0.0,0.0,0.0,0.0,0.0,0.0,0.0,0.0,0.0,0.0,0.0,3,2,1,3,-0.4,0,0,0,0,-1,301,48,68,4.0,2.0,0.0,0,0,2,ATH,0.0,Oceania,20,6,0,0,0,0,0,0,0
Samoa,2008,country,1984,2024,0.0,0.0,0.0,0.0,0.0,0.0,0.0,0.0,0.0,0.0,0.0,0.0,0.0,0.0,0.0,7,5,2,7,1.333333,0,0,0,0,-1,302,48,68,5.0,4.0,0.0,0,0,5,ARC,0.0,Oceania,24,7,0,0,0,0,0,0,0
Samoa,2012,country,1984,2024,0.0,0.0,0.0,0.0,0.0,0.0,0.0,0.0,0.0,0.0,0.0,0.0,0.0,0.0,0.0,9,6,3,9,0.285714,0,0,0,0,-1,302,48,68,2.0,2.0,0.0,0,0,6,ARC,0.0,Oceania,28,8,0,0,0,0,0,0,0
Samoa,2016,country,1984,2024,0.0,0.0,0.0,0.0,0.0,0.0,0.0,0.0,0.0,0.0,0.0,0.0,0.0,0.0,0.0,9,5,4,9,0.0,0,0,0,0,-1,306,48,68,5.0,1.0,0.0,0,0,5,ATH,0.0,Oceania,32,9,0,0,0,0,0,0,0
Samoa,2020,country,1984,2024,0.0,0.0,0.0,0.0,0.0,0.0,0.0,0.0,0.0,0.0,0.0,0.0,0.0,0.0,0.0,13,11,2,11,0.444444,0,0,0,0,-1,316,48,68,33.0,23.0,0.0,0,0,5,ATH,0.0,Oceania,36,10,0,0,0,0,0,0,0
Samoa,2024,country,1984,2024,0.0,0.0,0.0,0.0,0.0,0.0,0.0,0.0,0.0,0.0,0.0,0.0,0.0,0.0,0.0,24,20,4,13,0.846154,0,0,0,0,-1,297,48,68,6.0,25.0,0.0,0,0,9,ATH,0.0,Oceania,40,11,0,0,0,0,0,0,0
San Marino,1960,country,1960,2024,,,,,,,,,,,,,,,,13,13,0,5,,0,0,0,0,-1,152,48,67,6.0,3.0,0.0,0,0,3,CRD,0.0,Europe,0,1,0,0,0,0,0,0,0
San Marino,1964,country,1960,2024,0.0,0.0,0.0,0.0,0.0,,,,,,,,,,,0,0,0,0,,0,0,0,0,-1,164,47,67,12.0,0.0,,0,0,0,,,Europe,4,1,0,0,0,0,0,0,0
San Marino,1968,country,1960,2024,0.0,0.0,0.0,0.0,0.0,,,,,,,,,,,4,4,0,2,-0.692308,0,0,0,0,-1,174,47,67,14.0,4.0,0.0,0,0,2,CRD,0.0,Europe,8,2,0,0,0,0,0,0,0
San Marino,1972,country,1960,2024,0.0,0.0,0.0,0.0,0.0,0.0,0.0,0.0,0.0,0.0,,,,,,7,7,0,4,0.75,0,0,0,0,-1,201,47,67,27.0,0.0,0.0,0,0,2,CRD,0.0,Europe,12,3,0,0,0,0,0,0,0
San Marino,1976,country,1960,2024,0.0,0.0,0.0,0.0,0.0,0.0,0.0,0.0,0.0,0.0,0.0,0.0,0.0,0.0,0.0,10,8,2,7,0.428571,0,0,0,0,-1,199,48,68,8.0,10.0,0.0,0,0,3,ATH,0.0,Europe,16,4,0,0,0,0,0,0,0
San Marino,1980,country,1960,2024,0.0,0.0,0.0,0.0,0.0,0.0,0.0,0.0,0.0,0.0,0.0,0.0,0.0,0.0,0.0,16,16,0,10,0.6,0,0,0,0,-1,204,47,67,6.0,1.0,0.0,0,0,5,ATH,0.0,Europe,20,5,0,0,0,0,0,0,0
San Marino,1984,country,1960,2024,0.0,0.0,0.0,0.0,0.0,0.0,0.0,0.0,0.0,0.0,0.0,0.0,0.0,0.0,0.0,31,28,3,26,0.9375,0,0,0,0,-1,225,46,66,21.0,0.0,0.0,0,0,7,ATH,0.0,Europe,24,6,0,0,0,0,0,0,0
San Marino,1988,country,1960,2024,0.0,0.0,0.0,0.0,0.0,0.0,0.0,0.0,0.0,0.0,0.0,0.0,0.0,0.0,0.0,15,15,0,12,-0.516129,0,0,0,0,-1,243,47,67,19.0,1.0,0.0,0,0,6,ATH,0.0,Europe,28,7,0,0,0,0,0,0,0
San Marino,1992,country,1960,2024,0.0,0.0,0.0,0.0,0.0,0.0,0.0,0.0,0.0,0.0,0.0,0.0,0.0,0.0,0.0,20,19,1,15,0.333333,0,0,0,0,-1,265,48,68,23.0,1.0,0.0,0,0,7,ARC,0.0,Europe,32,8,0,0,0,0,0,0,0
San Marino,1996,country,1960,2024,0.0,0.0,0.0,0.0,0.0,0.0,0.0,0.0,0.0,0.0,0.0,0.0,0.0,0.0,0.0,7,6,1,7,-0.65,0,0,0,0,-1,278,48,68,15.0,1.0,0.0,0,0,6,ARC,0.0,Europe,36,9,0,0,0,0,0,0,0
San Marino,2000,country,1960,2024,0.0,0.0,0.0,0.0,0.0,0.0,0.0,0.0,0.0,0.0,0.0,0.0,0.0,0.0,0.0,4,3,1,4,-0.428571,0,0,0,0,-1,299,48,68,24.0,4.0,0.0,0,0,3,ATH,0.0,Europe,40,10,0,0,0,0,0,0,0
San Marino,2004,country,1960,2024,0.0,0.0,0.0,0.0,0.0,0.0,0.0,0.0,0.0,0.0,0.0,0.0,0.0,0.0,0.0,5,4,1,5,0.25,0,0,0,0,-1,301,48,68,4.0,2.0,0.0,0,0,3,ATH,0.0,Europe,44,11,0,0,0,0,0,0,0
San Marino,2008,country,1960,2024,0.0,0.0,0.0,0.0,0.0,0.0,0.0,0.0,0.0,0.0,0.0,0.0,0.0,0.0,0.0,4,2,2,4,-0.2,0,0,0,0,-1,302,48,68,5.0,4.0,0.0,0,0,3,ATH,0.0,Europe,48,12,0,0,0,0,0,0,0
San Marino,2012,country,1960,2024,0.0,0.0,0.0,0.0,0.0,0.0,0.0,0.0,0.0,0.0,0.0,0.0,0.0,0.0,0.0,4,1,3,4,0.0,0,0,0,0,-1,302,48,68,2.0,2.0,0.0,0,0,4,ARC,0.0,Europe,52,13,0,0,0,0,0,0,0
San Marino,2016,country,1960,2024,0.0,0.0,0.0,0.0,0.0,0.0,0.0,0.0,0.0,0.0,0.0,0.0,0.0,0.0,0.0,4,2,2,3,0.0,0,0,0,0,-1,306,48,68,5.0,1.0,0.0,0,0,2,ATH,0.0,Europe,56,14,0,0,0,0,0,0,0
San Marino,2020,country,1960,2024,0.0,0.0,0.0,0.0,0.0,0.0,0.0,0.0,0.0,0.0,0.0,0.0,0.0,0.0,0.0,8,4,4,7,1.0,0,0,0,0,-1,316,48,68,33.0,23.0,0.04697,0,0,4,SHO,0.030303,Europe,60,15,0,0,0,1,2,3,1
San Marino,2024,country,1960,2024,0.0,1.0,2.0,3.0,1.0,0.0,0.0,0.0,0.0,0.0,0.0,0.0,0.0,0.0,0.0,5,2,3,5,-0.375,0,0,0,0,-1,297,48,68,6.0,25.0,0.028075000000000003,0,0,5,SHO,0.021212,Europe,64,16,0,0,0,0,0,0,0
Saudi Arabia,1972,country,1972,2024,,,,,,,,,,,,,,,,14,14,0,11,,0,0,0,0,-1,201,47,67,27.0,0.0,0.0,0,0,1,ATH,0.0,Asia,0,1,0,0,0,0,0,0,0
Saudi Arabia,1976,country,1972,2024,0.0,0.0,0.0,0.0,0.0,,,,,,,,,,,19,19,0,13,0.357143,0,0,0,0,-1,199,48,68,8.0,10.0,0.0,0,0,1,ATH,0.0,Asia,4,2,0,0,0,0,0,0,0
Saudi Arabia,1980,country,1972,2024,0.0,0.0,0.0,0.0,0.0,0.0,0.0,0.0,0.0,0.0,,,,,,0,0,0,0,,0,0,0,0,-1,204,47,67,6.0,1.0,,0,0,0,,,Asia,8,2,0,0,0,0,0,0,0
Saudi Arabia,1984,country,1972,2024,0.0,0.0,0.0,0.0,0.0,0.0,0.0,0.0,0.0,0.0,,,,,,42,42,0,11,1.210526,0,0,0,0,-1,225,46,66,21.0,0.0,0.0,0,0,5,ARC,0.0,Asia,12,3,0,0,0,0,0,0,0
Saudi Arabia,1988,country,1972,2024,0.0,0.0,0.0,0.0,0.0,0.0,0.0,0.0,0.0,0.0,0.0,0.0,0.0,0.0,0.0,13,13,0,12,-0.690476,0,0,0,0,-1,243,47,67,19.0,1.0,0.0,0,0,3,ARC,0.0,Asia,16,4,0,0,0,0,0,0,0
Saudi Arabia,1992,country,1972,2024,0.0,0.0,0.0,0.0,0.0,0.0,0.0,0.0,0.0,0.0,0.0,0.0,0.0,0.0,0.0,17,17,0,13,0.307692,0,0,0,0,-1,265,48,68,23.0,1.0,0.0,0,0,5,ATH,0.0,Asia,20,5,0,0,0,0,0,0,0
Saudi Arabia,1996,country,1972,2024,0.0,0.0,0.0,0.0,0.0,0.0,0.0,0.0,0.0,0.0,0.0,0.0,0.0,0.0,0.0,34,34,0,13,1.0,0,0,0,0,-1,278,48,68,15.0,1.0,0.0,0,0,5,ATH,0.0,Asia,24,6,0,0,0,0,0,0,0
Saudi Arabia,2000,country,1972,2024,0.0,0.0,0.0,0.0,0.0,0.0,0.0,0.0,0.0,0.0,0.0,0.0,0.0,0.0,0.0,23,23,0,14,-0.323529,0,0,0,0,-1,299,48,68,24.0,4.0,0.12345,0,0,5,EJP,0.117647,Asia,28,7,0,0,0,1,1,2,1
Saudi Arabia,2004,country,1972,2024,0.0,1.0,1.0,2.0,1.0,0.0,0.0,0.0,0.0,0.0,0.0,0.0,0.0,0.0,0.0,16,16,0,12,-0.304348,0,0,0,0,-1,301,48,68,4.0,2.0,0.067698,0,0,6,EJP,0.063636,Asia,32,8,0,0,0,0,0,0,0
Saudi Arabia,2008,country,1972,2024,0.0,0.0,0.0,0.0,0.0,0.0,1.0,1.0,2.0,1.0,0.0,0.0,0.0,0.0,0.0,18,18,0,11,0.125,0,0,0,0,-1,302,48,68,5.0,4.0,0.048356,0,0,4,EJP,0.045455,Asia,36,9,0,0,0,0,0,0,0
Saudi Arabia,2012,country,1972,2024,0.0,0.0,0.0,0.0,0.0,0.0,0.0,0.0,0.0,0.0,0.0,1.0,1.0,2.0,1.0,23,21,2,14,0.277778,0,0,0,0,-1,302,48,68,2.0,2.0,0.090909,0,0,5,EJP,0.090909,Asia,40,10,0,0,0,0,1,1,1
Saudi Arabia,2016,country,1972,2024,0.0,0.0,1.0,1.0,1.0,0.0,0.0,0.0,0.0,0.0,0.0,0.0,0.0,0.0,0.0,11,8,3,10,-0.521739,0,0,0,0,-1,306,48,68,5.0,1.0,0.0,0,0,5,ATH,0.0,Asia,44,11,0,0,0,0,0,0,0
Saudi Arabia,2020,country,1972,2024,0.0,0.0,0.0,0.0,0.0,0.0,0.0,1.0,1.0,1.0,0.0,0.0,0.0,0.0,0.0,33,31,2,12,2.0,0,0,0,0,-1,316,48,68,33.0,23.0,0.075,0,0,9,KTE,0.075,Asia,48,12,0,0,0,1,0,1,1
Saudi Arabia,2024,country,1972,2024,0.0,1.0,0.0,1.0,1.0,0.0,0.0,0.0,0.0,0.0,0.0,0.0,1.0,1.0,1.0,11,9,2,7,-0.666667,0,0,0,0,-1,297,48,68,6.0,25.0,0.0,0,0,4,ATH,0.0,Asia,52,13,0,0,0,0,0,0,0
Senegal,1964,country,1964,2024,,,,,,,,,,,,,,,,14,14,0,7,,0,0,0,0,-1,164,47,67,12.0,0.0,0.0,0,0,1,ATH,0.0,Africa,0,1,0,0,0,0,0,0,0
Senegal,1968,country,1964,2024,0.0,0.0,0.0,0.0,0.0,,,,,,,,,,,24,24,0,9,0.714286,0,0,0,0,-1,174,47,67,14.0,4.0,0.0,0,0,2,ATH,0.0,Africa,4,2,0,0,0,0,0,0,0
Senegal,1972,country,1964,2024,0.0,0.0,0.0,0.0,0.0,0.0,0.0,0.0,0.0,0.0,,,,,,40,40,0,23,0.666667,0,0,0,0,-1,201,47,67,27.0,0.0,0.0,0,0,5,ATH,0.0,Africa,8,3,0,0,0,0,0,0,0
Senegal,1976,country,1964,2024,0.0,0.0,0.0,0.0,0.0,0.0,0.0,0.0,0.0,0.0,0.0,0.0,0.0,0.0,0.0,33,30,3,27,-0.175,0,0,0,0,-1,199,48,68,8.0,10.0,0.0,0,0,5,ATH,0.0,Africa,12,4,0,0,0,0,0,0,0
Senegal,1980,country,1964,2024,0.0,0.0,0.0,0.0,0.0,0.0,0.0,0.0,0.0,0.0,0.0,0.0,0.0,0.0,0.0,39,35,4,22,0.181818,0,0,0,0,-1,204,47,67,6.0,1.0,0.0,0,0,4,ATH,0.0,Africa,16,5,0,0,0,0,0,0,0
Senegal,1984,country,1964,2024,0.0,0.0,0.0,0.0,0.0,0.0,0.0,0.0,0.0,0.0,0.0,0.0,0.0,0.0,0.0,29,28,1,21,-0.25641,0,0,0,0,-1,225,46,66,21.0,0.0,0.0,0,0,5,ATH,0.0,Africa,20,6,0,0,0,0,0,0,0
Senegal,1988,country,1964,2024,0.0,0.0,0.0,0.0,0.0,0.0,0.0,0.0,0.0,0.0,0.0,0.0,0.0,0.0,0.0,35,34,1,23,0.206897,0,0,0,0,-1,243,47,67,19.0,1.0,0.006494,0,0,5,ATH,0.006494,Africa,24,7,0,0,0,1,0,1,1
Senegal,1992,country,1964,2024,0.0,1.0,0.0,1.0,1.0,0.0,0.0,0.0,0.0,0.0,0.0,0.0,0.0,0.0,0.0,25,23,2,20,-0.285714,0,0,0,0,-1,265,48,68,23.0,1.0,0.004545,0,0,5,ATH,0.004545,Africa,28,8,0,0,0,0,0,0,0
Senegal,1996,country,1964,2024,0.0,0.0,0.0,0.0,0.0,0.0,1.0,0.0,1.0,1.0,0.0,0.0,0.0,0.0,0.0,12,12,0,8,-0.52,0,0,0,0,-1,278,48,68,15.0,1.0,0.003247,0,0,3,ATH,0.003247,Africa,32,9,0,0,0,0,0,0,0
Senegal,2000,country,1964,2024,0.0,0.0,0.0,0.0,0.0,0.0,0.0,0.0,0.0,0.0,0.0,1.0,0.0,1.0,1.0,32,9,23,15,1.666667,0,0,0,0,-1,299,48,68,24.0,4.0,0.0,0,0,6,ATH,0.0,Africa,36,10,0,0,0,0,0,0,0
Senegal,2004,country,1964,2024,0.0,0.0,0.0,0.0,0.0,0.0,0.0,0.0,0.0,0.0,0.0,0.0,0.0,0.0,0.0,21,8,13,17,-0.34375,0,0,0,0,-1,301,48,68,4.0,2.0,0.0,0,0,6,ATH,0.0,Africa,40,11,0,0,0,0,0,0,0
Senegal,2008,country,1964,2024,0.0,0.0,0.0,0.0,0.0,0.0,0.0,0.0,0.0,0.0,0.0,0.0,0.0,0.0,0.0,17,10,7,16,-0.190476,0,0,0,0,-1,302,48,68,5.0,4.0,0.0,0,0,7,ATH,0.0,Africa,44,12,0,0,0,0,0,0,0
Senegal,2012,country,1964,2024,0.0,0.0,0.0,0.0,0.0,0.0,0.0,0.0,0.0,0.0,0.0,0.0,0.0,0.0,0.0,32,25,7,16,0.882353,0,0,0,0,-1,302,48,68,2.0,2.0,0.0,0,0,8,ATH,0.0,Africa,48,13,0,0,0,0,0,0,0
Senegal,2016,country,1964,2024,0.0,0.0,0.0,0.0,0.0,0.0,0.0,0.0,0.0,0.0,0.0,0.0,0.0,0.0,0.0,22,6,16,11,-0.3125,0,0,0,0,-1,306,48,68,5.0,1.0,0.0,0,0,8,ATH,0.0,Africa,52,14,0,0,0,0,0,0,0
Senegal,2020,country,1964,2024,0.0,0.0,0.0,0.0,0.0,0.0,0.0,0.0,0.0,0.0,0.0,0.0,0.0,0.0,0.0,9,6,3,9,-0.590909,0,0,0,0,-1,316,48,68,33.0,23.0,0.0,0,0,8,ATH,0.0,Africa,56,15,0,0,0,0,0,0,0
Senegal,2024,country,1964,2024,0.0,0.0,0.0,0.0,0.0,0.0,0.0,0.0,0.0,0.0,0.0,0.0,0.0,0.0,0.0,13,9,4,13,0.444444,0,0,0,0,-1,297,48,68,6.0,25.0,0.0,0,0,8,ATH,0.0,Africa,60,16,0,0,0,0,0,0,0
Serbia,1912,country,1912,2024,,,,,,,,,,,,,,,,2,2,0,2,,0,0,0,0,-1,102,48,67,25.0,28.0,0.0,0,0,1,ATH,0.0,Europe,0,1,0,0,0,0,0,0,0
Serbia,1920,country,1912,2024,0.0,0.0,0.0,0.0,0.0,,,,,,,,,,,0,0,0,0,,0,0,0,0,-1,156,48,67,58.0,4.0,,0,0,0,,,Europe,8,1,0,0,0,0,0,0,0
Serbia,1924,country,1912,2024,0.0,0.0,0.0,0.0,0.0,,,,,,,,,,,0,0,0,0,,0,0,0,0,-1,126,45,62,12.0,42.0,,0,0,0,,,Europe,12,1,0,0,0,0,0,0,0
Serbia,1928,country,1912,2024,0.0,0.0,0.0,0.0,0.0,,,,,,,,,,,0,0,0,0,,0,0,0,0,-1,110,48,68,3.0,19.0,,0,0,0,,,Europe,16,1,0,0,0,0,0,0,0
Serbia,1932,country,1912,2024,0.0,0.0,0.0,0.0,0.0,,,,,,,,,,,0,0,0,0,,0,0,0,0,-1,127,48,67,18.0,1.0,,0,0,0,,,Europe,20,1,0,0,0,0,0,0,0
Serbia,1936,country,1912,2024,0.0,0.0,0.0,0.0,0.0,,,,,,,,,,,0,0,0,0,,0,0,0,0,-1,129,48,67,4.0,2.0,,0,0,0,,,Europe,24,1,0,0,0,0,0,0,0
Serbia,1948,country,1912,2024,0.0,0.0,0.0,0.0,0.0,,,,,,,,,,,0,0,0,0,,0,0,0,0,-1,136,48,68,9.0,2.0,,0,0,0,,,Europe,36,1,0,0,0,0,0,0,0
Serbia,1952,country,1912,2024,0.0,0.0,0.0,0.0,0.0,,,,,,,,,,,0,0,0,0,,0,0,0,0,-1,149,48,68,12.0,0.0,,0,0,0,,,Europe,40,1,0,0,0,0,0,0,0
Serbia,1956,country,1912,2024,0.0,0.0,0.0,0.0,0.0,,,,,,,,,,,0,0,0,0,,0,0,0,0,-1,149,48,68,2.0,2.0,,0,0,0,,,Europe,44,1,0,0,0,0,0,0,0
Serbia,1960,country,1912,2024,0.0,0.0,0.0,0.0,0.0,,,,,,,,,,,0,0,0,0,,0,0,0,0,-1,152,48,67,6.0,3.0,,0,0,0,,,Europe,48,1,0,0,0,0,0,0,0
Serbia,1964,country,1912,2024,0.0,0.0,0.0,0.0,0.0,,,,,,,,,,,0,0,0,0,,0,0,0,0,-1,164,47,67,12.0,0.0,,0,0,0,,,Europe,52,1,0,0,0,0,0,0,0
Serbia,1968,country,1912,2024,0.0,0.0,0.0,0.0,0.0,,,,,,,,,,,0,0,0,0,,0,0,0,0,-1,174,47,67,14.0,4.0,,0,0,0,,,Europe,56,1,0,0,0,0,0,0,0
Serbia,1972,country,1912,2024,0.0,0.0,0.0,0.0,0.0,,,,,,,,,,,0,0,0,0,,0,0,0,0,-1,201,47,67,27.0,0.0,,0,0,0,,,Europe,60,1,0,0,0,0,0,0,0
Serbia,1976,country,1912,2024,0.0,0.0,0.0,0.0,0.0,,,,,,,,,,,0,0,0,0,,0,0,0,0,-1,199,48,68,8.0,10.0,,0,0,0,,,Europe,64,1,0,0,0,0,0,0,0
Serbia,1980,country,1912,2024,0.0,0.0,0.0,0.0,0.0,,,,,,,,,,,0,0,0,0,,0,0,0,0,-1,204,47,67,6.0,1.0,,0,0,0,,,Europe,68,1,0,0,0,0,0,0,0
Serbia,1984,country,1912,2024,0.0,0.0,0.0,0.0,0.0,,,,,,,,,,,0,0,0,0,,0,0,0,0,-1,225,46,66,21.0,0.0,,0,0,0,,,Europe,72,1,0,0,0,0,0,0,0
Serbia,1988,country,1912,2024,0.0,0.0,0.0,0.0,0.0,,,,,,,,,,,0,0,0,0,,0,0,0,0,-1,243,47,67,19.0,1.0,,0,0,0,,,Europe,76,1,0,0,0,0,0,0,0
Serbia,1992,country,1912,2024,0.0,0.0,0.0,0.0,0.0,,,,,,,,,,,0,0,0,0,,0,0,0,0,-1,265,48,68,23.0,1.0,,0,0,0,,,Europe,80,1,0,0,0,0,0,0,0
Serbia,1996,country,1912,2024,0.0,0.0,0.0,0.0,0.0,,,,,,,,,,,0,0,0,0,,0,0,0,0,-1,278,48,68,15.0,1.0,,0,0,0,,,Europe,84,1,0,0,0,0,0,0,0
Serbia,2000,country,1912,2024,0.0,0.0,0.0,0.0,0.0,,,,,,,,,,,0,0,0,0,,0,0,0,0,-1,299,48,68,24.0,4.0,,0,0,0,,,Europe,88,1,0,0,0,0,0,0,0
Serbia,2004,country,1912,2024,0.0,0.0,0.0,0.0,0.0,,,,,,,,,,,0,0,0,0,,0,0,0,0,-1,301,48,68,4.0,2.0,,0,0,0,,,Europe,92,1,0,0,0,0,0,0,0
Serbia,2008,country,1912,2024,0.0,0.0,0.0,0.0,0.0,,,,,,,,,,,97,70,27,42,47.5,0,0,0,0,-1,302,48,68,5.0,4.0,0.317647,0,0,11,WPO,0.2,Europe,96,2,0,0,0,1,2,3,1
Serbia,2012,country,1912,2024,0.0,1.0,2.0,3.0,1.0,0.0,0.0,0.0,0.0,0.0,,,,,,134,92,42,55,0.381443,0,0,0,0,-1,302,48,68,2.0,2.0,0.412658,0,0,15,WPO,0.2,Europe,100,3,1,1,1,1,2,4,1
Serbia,2016,country,1912,2024,1.0,1.0,2.0,4.0,1.0,0.0,1.0,2.0,3.0,1.0,0.0,0.0,0.0,0.0,0.0,127,70,57,56,-0.052239,0,0,0,0,-1,306,48,68,5.0,1.0,1.225304,0,0,15,BKB,0.5,Europe,104,4,0,0,2,4,2,8,1
Serbia,2020,country,1912,2024,2.0,4.0,2.0,8.0,1.0,1.0,1.0,2.0,4.0,1.0,0.0,1.0,2.0,3.0,1.0,110,55,55,47,-0.133858,0,0,0,0,-1,316,48,68,33.0,23.0,1.719955,0,0,17,WPO,0.659091,Europe,108,5,0,0,3,1,5,9,1
Serbia,2024,country,1912,2024,3.0,1.0,5.0,9.0,1.0,2.0,4.0,2.0,8.0,1.0,1.0,1.0,2.0,4.0,1.0,135,85,50,47,0.227273,0,0,0,0,-1,297,48,68,6.0,25.0,1.271787,0,0,16,WPO,0.659091,Europe,112,6,0,0,3,1,1,5,1
Serbia and Montenegro,1996,historical_different,1996,2004,,,,,,,,,,,,,,,,79,65,14,35,,0,0,0,0,-1,278,48,68,15.0,1.0,0.593333,0,0,13,BKB,0.3,Europe,0,1,0,0,1,1,2,4,1
Serbia and Montenegro,2000,historical_different,1996,2004,1.0,1.0,2.0,4.0,1.0,,,,,,,,,,,125,99,26,50,0.582278,0,0,0,0,-1,299,48,68,24.0,4.0,0.67684,0,0,14,VVO,0.376471,Europe,4,2,0,0,1,1,1,3,1
Serbia and Montenegro,2004,historical_different,1996,2004,1.0,1.0,1.0,3.0,1.0,1.0,1.0,2.0,4.0,1.0,,,,,,96,87,9,39,-0.232,0,0,0,0,-1,301,48,68,4.0,2.0,0.521212,0,0,14,VVO,0.204545,Europe,8,3,0,0,0,2,0,2,1
Seychelles,1980,country,1980,2024,,,,,,,,,,,,,,,,21,17,4,15,,0,0,0,0,-1,204,47,67,6.0,1.0,0.0,0,0,2,ATH,0.0,Africa,0,1,0,0,0,0,0,0,0
Seychelles,1984,country,1980,2024,0.0,0.0,0.0,0.0,0.0,,,,,,,,,,,15,12,3,15,-0.285714,0,0,0,0,-1,225,46,66,21.0,0.0,0.0,0,0,2,ATH,0.0,Africa,4,2,0,0,0,0,0,0,0
Seychelles,1988,country,1980,2024,0.0,0.0,0.0,0.0,0.0,0.0,0.0,0.0,0.0,0.0,,,,,,0,0,0,0,,0,0,0,0,-1,243,47,67,19.0,1.0,,0,0,0,,,Africa,8,2,0,0,0,0,0,0,0
Seychelles,1992,country,1980,2024,0.0,0.0,0.0,0.0,0.0,0.0,0.0,0.0,0.0,0.0,,,,,,21,18,3,18,0.4,0,0,0,0,-1,265,48,68,23.0,1.0,0.0,0,0,4,ATH,0.0,Africa,12,3,0,0,0,0,0,0,0
Seychelles,1996,country,1980,2024,0.0,0.0,0.0,0.0,0.0,0.0,0.0,0.0,0.0,0.0,0.0,0.0,0.0,0.0,0.0,9,8,1,9,-0.571429,0,0,0,0,-1,278,48,68,15.0,1.0,0.0,0,0,5,ATH,0.0,Africa,16,4,0,0,0,0,0,0,0
Seychelles,2000,country,1980,2024,0.0,0.0,0.0,0.0,0.0,0.0,0.0,0.0,0.0,0.0,0.0,0.0,0.0,0.0,0.0,9,6,3,9,0.0,0,0,0,0,-1,299,48,68,24.0,4.0,0.0,0,0,5,ATH,0.0,Africa,20,5,0,0,0,0,0,0,0
Seychelles,2004,country,1980,2024,0.0,0.0,0.0,0.0,0.0,0.0,0.0,0.0,0.0,0.0,0.0,0.0,0.0,0.0,0.0,10,8,2,10,0.111111,0,0,0,0,-1,301,48,68,4.0,2.0,0.0,0,0,7,ATH,0.0,Africa,24,6,0,0,0,0,0,0,0
Seychelles,2008,country,1980,2024,0.0,0.0,0.0,0.0,0.0,0.0,0.0,0.0,0.0,0.0,0.0,0.0,0.0,0.0,0.0,10,7,3,9,0.0,0,0,0,0,-1,302,48,68,5.0,4.0,0.0,0,0,6,ATH,0.0,Africa,28,7,0,0,0,0,0,0,0
Seychelles,2012,country,1980,2024,0.0,0.0,0.0,0.0,0.0,0.0,0.0,0.0,0.0,0.0,0.0,0.0,0.0,0.0,0.0,6,4,2,6,-0.4,0,0,0,0,-1,302,48,68,2.0,2.0,0.0,0,0,4,ATH,0.0,Africa,32,8,0,0,0,0,0,0,0
Seychelles,2016,country,1980,2024,0.0,0.0,0.0,0.0,0.0,0.0,0.0,0.0,0.0,0.0,0.0,0.0,0.0,0.0,0.0,10,8,2,10,0.666667,0,0,0,0,-1,306,48,68,5.0,1.0,0.0,0,0,6,ATH,0.0,Africa,36,9,0,0,0,0,0,0,0
Seychelles,2020,country,1980,2024,0.0,0.0,0.0,0.0,0.0,0.0,0.0,0.0,0.0,0.0,0.0,0.0,0.0,0.0,0.0,6,4,2,6,-0.4,0,0,0,0,-1,316,48,68,33.0,23.0,0.0,0,0,4,ATH,0.0,Africa,40,10,0,0,0,0,0,0,0
Seychelles,2024,country,1980,2024,0.0,0.0,0.0,0.0,0.0,0.0,0.0,0.0,0.0,0.0,0.0,0.0,0.0,0.0,0.0,3,2,1,3,-0.5,0,0,0,0,-1,297,48,68,6.0,25.0,0.0,0,0,2,ATH,0.0,Africa,44,11,0,0,0,0,0,0,0
Sierra Leone,1968,country,1968,2024,,,,,,,,,,,,,,,,4,4,0,4,,0,0,0,0,-1,174,47,67,14.0,4.0,0.0,0,0,2,ATH,0.0,Africa,0,1,0,0,0,0,0,0,0
Sierra Leone,1972,country,1968,2024,0.0,0.0,0.0,0.0,0.0,,,,,,,,,,,0,0,0,0,,0,0,0,0,-1,201,47,67,27.0,0.0,,0,0,0,,,Africa,4,1,0,0,0,0,0,0,0
Sierra Leone,1976,country,1968,2024,0.0,0.0,0.0,0.0,0.0,,,,,,,,,,,0,0,0,0,,0,0,0,0,-1,199,48,68,8.0,10.0,,0,0,0,,,Africa,8,1,0,0,0,0,0,0,0
Sierra Leone,1980,country,1968,2024,0.0,0.0,0.0,0.0,0.0,,,,,,,,,,,32,25,7,16,7.0,0,0,0,0,-1,204,47,67,6.0,1.0,0.0,0,0,2,ATH,0.0,Africa,12,2,0,0,0,0,0,0,0
Sierra Leone,1984,country,1968,2024,0.0,0.0,0.0,0.0,0.0,0.0,0.0,0.0,0.0,0.0,,,,,,10,9,1,6,-0.6875,0,0,0,0,-1,225,46,66,21.0,0.0,0.0,0,0,2,ATH,0.0,Africa,16,3,0,0,0,0,0,0,0
Sierra Leone,1988,country,1968,2024,0.0,0.0,0.0,0.0,0.0,0.0,0.0,0.0,0.0,0.0,0.0,0.0,0.0,0.0,0.0,20,19,1,14,1.0,0,0,0,0,-1,243,47,67,19.0,1.0,0.0,0,0,4,ATH,0.0,Africa,20,4,0,0,0,0,0,0,0
Sierra Leone,1992,country,1968,2024,0.0,0.0,0.0,0.0,0.0,0.0,0.0,0.0,0.0,0.0,0.0,0.0,0.0,0.0,0.0,15,10,5,12,-0.25,0,0,0,0,-1,265,48,68,23.0,1.0,0.0,0,0,1,ATH,0.0,Africa,24,5,0,0,0,0,0,0,0
Sierra Leone,1996,country,1968,2024,0.0,0.0,0.0,0.0,0.0,0.0,0.0,0.0,0.0,0.0,0.0,0.0,0.0,0.0,0.0,19,12,7,10,0.266667,0,0,0,0,-1,278,48,68,15.0,1.0,0.0,0,0,3,ATH,0.0,Africa,28,6,0,0,0,0,0,0,0
Sierra Leone,2000,country,1968,2024,0.0,0.0,0.0,0.0,0.0,0.0,0.0,0.0,0.0,0.0,0.0,0.0,0.0,0.0,0.0,3,2,1,3,-0.842105,0,0,0,0,-1,299,48,68,24.0,4.0,0.0,0,0,2,ATH,0.0,Africa,32,7,0,0,0,0,0,0,0
Sierra Leone,2004,country,1968,2024,0.0,0.0,0.0,0.0,0.0,0.0,0.0,0.0,0.0,0.0,0.0,0.0,0.0,0.0,0.0,2,1,1,2,-0.333333,0,0,0,0,-1,301,48,68,4.0,2.0,0.0,0,0,1,ATH,0.0,Africa,36,8,0,0,0,0,0,0,0
Sierra Leone,2008,country,1968,2024,0.0,0.0,0.0,0.0,0.0,0.0,0.0,0.0,0.0,0.0,0.0,0.0,0.0,0.0,0.0,3,2,1,3,0.5,0,0,0,0,-1,302,48,68,5.0,4.0,0.0,0,0,2,ATH,0.0,Africa,40,9,0,0,0,0,0,0,0
Sierra Leone,2012,country,1968,2024,0.0,0.0,0.0,0.0,0.0,0.0,0.0,0.0,0.0,0.0,0.0,0.0,0.0,0.0,0.0,2,1,1,2,-0.333333,0,0,0,0,-1,302,48,68,2.0,2.0,0.0,0,0,1,ATH,0.0,Africa,44,10,0,0,0,0,0,0,0
Sierra Leone,2016,country,1968,2024,0.0,0.0,0.0,0.0,0.0,0.0,0.0,0.0,0.0,0.0,0.0,0.0,0.0,0.0,0.0,4,2,2,4,1.0,0,0,0,0,-1,306,48,68,5.0,1.0,0.0,0,0,2,ATH,0.0,Africa,48,11,0,0,0,0,0,0,0
Sierra Leone,2020,country,1968,2024,0.0,0.0,0.0,0.0,0.0,0.0,0.0,0.0,0.0,0.0,0.0,0.0,0.0,0.0,0.0,4,2,2,4,0.0,0,0,0,0,-1,316,48,68,33.0,23.0,0.0,0,0,3,ATH,0.0,Africa,52,12,0,0,0,0,0,0,0
Sierra Leone,2024,country,1968,2024,0.0,0.0,0.0,0.0,0.0,0.0,0.0,0.0,0.0,0.0,0.0,0.0,0.0,0.0,0.0,4,1,3,4,0.0,0,0,0,0,-1,297,48,68,6.0,25.0,0.0,0,0,3,ATH,0.0,Africa,56,13,0,0,0,0,0,0,0
Singapore,1948,country,1948,2024,,,,,,,,,,,,,,,,1,1,0,1,,0,0,0,0,-1,136,48,68,9.0,2.0,0.0,0,0,1,ATH,0.0,Asia,0,1,0,0,0,0,0,0,0
Singapore,1952,country,1948,2024,0.0,0.0,0.0,0.0,0.0,,,,,,,,,,,7,5,2,7,6.0,0,0,0,0,-1,149,48,68,12.0,0.0,0.0,0,0,3,ATH,0.0,Asia,4,2,0,0,0,0,0,0,0
Singapore,1956,country,1948,2024,0.0,0.0,0.0,0.0,0.0,0.0,0.0,0.0,0.0,0.0,,,,,,52,49,3,13,6.428571,0,0,0,0,-1,149,48,68,2.0,2.0,0.0,0,0,6,ATH,0.0,Asia,8,3,0,0,0,0,0,0,0
Singapore,1960,country,1948,2024,0.0,0.0,0.0,0.0,0.0,0.0,0.0,0.0,0.0,0.0,0.0,0.0,0.0,0.0,0.0,5,5,0,3,-0.903846,0,0,0,0,-1,152,48,67,6.0,3.0,0.038961,0,0,3,WLF,0.038961,Asia,12,4,0,0,0,1,0,1,1
Singapore,1964,country,1948,2024,0.0,1.0,0.0,1.0,1.0,0.0,0.0,0.0,0.0,0.0,0.0,0.0,0.0,0.0,0.0,0,0,0,0,,0,0,0,0,-1,164,47,67,12.0,0.0,,0,0,0,,,Asia,16,4,0,0,0,0,0,0,0
Singapore,1968,country,1948,2024,0.0,1.0,0.0,1.0,1.0,0.0,0.0,0.0,0.0,0.0,0.0,0.0,0.0,0.0,0.0,6,6,0,6,0.2,0,0,0,0,-1,174,47,67,14.0,4.0,0.028571,0,0,3,WLF,0.028571,Asia,20,5,0,0,0,0,0,0,0
Singapore,1972,country,1948,2024,0.0,0.0,0.0,0.0,0.0,0.0,1.0,0.0,1.0,1.0,0.0,0.0,0.0,0.0,0.0,12,9,3,12,1.0,0,0,0,0,-1,201,47,67,27.0,0.0,0.0,0,0,3,ATH,0.0,Asia,24,6,0,0,0,0,0,0,0
Singapore,1976,country,1948,2024,0.0,0.0,0.0,0.0,0.0,0.0,0.0,0.0,0.0,0.0,0.0,1.0,0.0,1.0,1.0,4,3,1,4,-0.666667,0,0,0,0,-1,199,48,68,8.0,10.0,0.0,0,0,4,ATH,0.0,Asia,28,7,0,0,0,0,0,0,0
Singapore,1980,country,1948,2024,0.0,0.0,0.0,0.0,0.0,0.0,0.0,0.0,0.0,0.0,0.0,0.0,0.0,0.0,0.0,0,0,0,0,,0,0,0,0,-1,204,47,67,6.0,1.0,,0,0,0,,,Asia,32,7,0,0,0,0,0,0,0
Singapore,1984,country,1948,2024,0.0,0.0,0.0,0.0,0.0,0.0,0.0,0.0,0.0,0.0,0.0,0.0,0.0,0.0,0.0,14,14,0,7,2.5,0,0,0,0,-1,225,46,66,21.0,0.0,0.0,0,0,2,SAL,0.0,Asia,36,8,0,0,0,0,0,0,0
Singapore,1988,country,1948,2024,0.0,0.0,0.0,0.0,0.0,0.0,0.0,0.0,0.0,0.0,0.0,0.0,0.0,0.0,0.0,27,26,1,16,0.928571,0,0,0,0,-1,243,47,67,19.0,1.0,0.0,0,0,3,SAL,0.0,Asia,40,9,0,0,0,0,0,0,0
Singapore,1992,country,1948,2024,0.0,0.0,0.0,0.0,0.0,0.0,0.0,0.0,0.0,0.0,0.0,0.0,0.0,0.0,0.0,37,23,14,26,0.37037,0,0,0,0,-1,265,48,68,23.0,1.0,0.0,0,0,6,BDM,0.0,Asia,44,10,0,0,0,0,0,0,0
Singapore,1996,country,1948,2024,0.0,0.0,0.0,0.0,0.0,0.0,0.0,0.0,0.0,0.0,0.0,0.0,0.0,0.0,0.0,32,22,10,27,-0.135135,0,0,0,0,-1,278,48,68,15.0,1.0,0.0,0,0,6,ATH,0.0,Asia,48,11,0,0,0,0,0,0,0
Singapore,2000,country,1948,2024,0.0,0.0,0.0,0.0,0.0,0.0,0.0,0.0,0.0,0.0,0.0,0.0,0.0,0.0,0.0,23,10,13,20,-0.28125,0,0,0,0,-1,299,48,68,24.0,4.0,0.0,0,0,4,SAL,0.0,Asia,52,12,0,0,0,0,0,0,0
Singapore,2004,country,1948,2024,0.0,0.0,0.0,0.0,0.0,0.0,0.0,0.0,0.0,0.0,0.0,0.0,0.0,0.0,0.0,22,7,15,16,-0.043478,0,0,0,0,-1,301,48,68,4.0,2.0,0.0,0,0,6,ATH,0.0,Asia,56,13,1,1,0,0,0,0,0
Singapore,2008,country,1948,2024,0.0,0.0,0.0,0.0,0.0,0.0,0.0,0.0,0.0,0.0,0.0,0.0,0.0,0.0,0.0,36,13,23,25,0.636364,0,0,0,0,-1,302,48,68,5.0,4.0,0.068182,0,0,6,TTE,0.068182,Asia,60,14,0,0,0,1,0,1,1
Singapore,2012,country,1948,2024,0.0,1.0,0.0,1.0,1.0,0.0,0.0,0.0,0.0,0.0,0.0,0.0,0.0,0.0,0.0,36,12,24,29,0.0,0,0,0,0,-1,302,48,68,2.0,2.0,0.138636,0,0,9,TTE,0.138636,Asia,64,15,0,0,0,0,2,2,1
Singapore,2016,country,1948,2024,0.0,0.0,2.0,2.0,1.0,0.0,1.0,0.0,1.0,1.0,0.0,0.0,0.0,0.0,0.0,32,12,20,24,-0.111111,0,0,0,0,-1,306,48,68,5.0,1.0,0.11071399999999999,0,0,7,TTE,0.097727,Asia,68,16,0,0,1,0,0,1,1
Singapore,2020,country,1948,2024,1.0,0.0,0.0,1.0,1.0,0.0,0.0,2.0,2.0,1.0,0.0,1.0,0.0,1.0,1.0,30,9,21,23,-0.0625,0,0,0,0,-1,316,48,68,33.0,23.0,0.054546000000000004,0,0,11,TTE,0.045455,Asia,72,17,0,0,0,0,0,0,0
Singapore,2024,country,1948,2024,0.0,0.0,0.0,0.0,0.0,1.0,0.0,0.0,1.0,1.0,0.0,0.0,2.0,2.0,1.0,32,8,24,24,0.066667,0,0,0,0,-1,297,48,68,6.0,25.0,0.024676,0,0,10,SAL,0.018182,Asia,76,18,0,0,0,0,1,1,1
Slovakia,1996,country,1996,2024,,,,,,,,,,,,,,,,98,71,27,69,,0,0,0,0,-1,278,48,68,15.0,1.0,0.326667,0,0,17,CSL,0.25,Europe,0,1,1,1,1,1,1,3,1
Slovakia,2000,country,1996,2024,1.0,1.0,1.0,3.0,1.0,,,,,,,,,,,132,96,36,63,0.346939,0,0,0,0,-1,299,48,68,24.0,4.0,0.451397,0,0,18,CSL,0.397059,Europe,4,2,0,0,1,3,1,5,1
Slovakia,2004,country,1996,2024,1.0,3.0,1.0,5.0,1.0,1.0,1.0,1.0,3.0,1.0,,,,,,84,58,26,59,-0.363636,0,0,0,0,-1,301,48,68,4.0,2.0,0.5864330000000001,0,0,18,CSL,0.511364,Europe,8,3,1,1,2,2,2,6,1
Slovakia,2008,country,1996,2024,2.0,2.0,2.0,6.0,1.0,1.0,3.0,1.0,5.0,1.0,1.0,1.0,1.0,3.0,1.0,67,39,28,54,-0.202381,0,0,0,0,-1,302,48,68,5.0,4.0,0.7510629999999999,0,0,17,CSL,0.661364,Europe,12,4,0,0,3,2,1,6,1
Slovakia,2012,country,1996,2024,3.0,2.0,1.0,6.0,1.0,2.0,2.0,2.0,6.0,1.0,1.0,3.0,1.0,5.0,1.0,65,35,30,52,-0.029851,0,0,0,0,-1,302,48,68,2.0,2.0,0.558876,0,0,13,CSL,0.477273,Europe,16,5,0,0,0,1,3,4,1
Slovakia,2016,country,1996,2024,0.0,1.0,3.0,4.0,1.0,3.0,2.0,1.0,6.0,1.0,2.0,2.0,2.0,6.0,1.0,63,39,24,49,-0.030769,0,0,0,0,-1,306,48,68,5.0,1.0,0.48997399999999997,0,0,14,CSL,0.415909,Europe,20,6,0,0,2,2,0,4,1
Slovakia,2020,country,1996,2024,2.0,2.0,0.0,4.0,1.0,0.0,1.0,3.0,4.0,1.0,3.0,2.0,1.0,6.0,1.0,56,35,21,42,-0.111111,0,0,0,0,-1,316,48,68,33.0,23.0,0.6241949999999999,0,0,13,GLF,0.3,Europe,24,7,0,0,1,2,1,4,1
Slovakia,2024,country,1996,2024,1.0,2.0,1.0,4.0,1.0,2.0,2.0,0.0,4.0,1.0,0.0,1.0,3.0,4.0,1.0,38,18,20,31,-0.321429,0,0,0,0,-1,297,48,68,6.0,25.0,0.19498700000000002,0,0,13,CSL,0.168939,Europe,28,8,0,0,0,0,1,1,1
Slovenia,1992,country,1992,2024,,,,,,,,,,,,,,,,47,40,7,34,,0,0,0,0,-1,265,48,68,23.0,1.0,0.057143,0,0,12,ROW,0.057143,Europe,0,1,0,0,0,0,2,2,1
Slovenia,1996,country,1992,2024,0.0,0.0,2.0,2.0,1.0,,,,,,,,,,,47,33,14,34,0.0,0,0,0,0,-1,278,48,68,15.0,1.0,0.119785,0,0,8,CSL,0.088235,Europe,4,2,0,0,0,2,0,2,1
Slovenia,2000,country,1992,2024,0.0,2.0,0.0,2.0,1.0,0.0,0.0,2.0,2.0,1.0,,,,,,90,64,26,53,0.914894,0,0,0,0,-1,299,48,68,24.0,4.0,0.12425900000000001,0,0,14,CSL,0.047727,Europe,8,3,0,0,2,0,0,2,1
Slovenia,2004,country,1992,2024,2.0,0.0,0.0,2.0,1.0,0.0,2.0,0.0,2.0,1.0,0.0,0.0,2.0,2.0,1.0,102,67,35,66,0.133333,0,0,0,0,-1,301,48,68,4.0,2.0,0.132971,0,0,11,ROW,0.042208,Europe,12,4,1,1,0,1,3,4,1
Slovenia,2008,country,1992,2024,0.0,1.0,3.0,4.0,1.0,2.0,0.0,0.0,2.0,1.0,0.0,2.0,0.0,2.0,1.0,73,46,27,60,-0.284314,0,0,0,0,-1,302,48,68,5.0,4.0,0.12653,0,0,13,SAL,0.036364,Europe,16,5,0,0,1,2,2,5,1
Slovenia,2012,country,1992,2024,1.0,2.0,2.0,5.0,1.0,0.0,1.0,3.0,4.0,1.0,2.0,0.0,0.0,2.0,1.0,78,30,48,68,0.068493,0,0,0,0,-1,302,48,68,2.0,2.0,0.129421,0,0,17,JUD,0.04026,Europe,20,6,0,0,1,1,2,4,1
Slovenia,2016,country,1992,2024,1.0,1.0,2.0,4.0,1.0,1.0,2.0,2.0,5.0,1.0,0.0,1.0,3.0,4.0,1.0,70,41,29,45,-0.102564,0,0,0,0,-1,306,48,68,5.0,1.0,0.20023900000000003,0,0,14,CSL,0.068182,Europe,24,7,0,0,1,2,1,4,1
Slovenia,2020,country,1992,2024,1.0,2.0,1.0,4.0,1.0,1.0,1.0,2.0,4.0,1.0,1.0,2.0,2.0,5.0,1.0,64,32,32,43,-0.085714,0,0,0,0,-1,316,48,68,33.0,23.0,0.910196,0,0,17,CLB,0.5,Europe,28,8,0,0,3,1,1,5,1
Slovenia,2024,country,1992,2024,3.0,1.0,1.0,5.0,1.0,1.0,2.0,1.0,4.0,1.0,1.0,1.0,2.0,4.0,1.0,117,54,63,54,0.828125,0,0,0,0,-1,297,48,68,6.0,25.0,0.681361,0,0,16,CLB,0.352941,Europe,32,9,0,0,2,1,0,3,1
Solomon Islands,1984,country,1984,2024,,,,,,,,,,,,,,,,3,3,0,3,,0,0,0,0,-1,225,46,66,21.0,0.0,0.0,0,0,2,ATH,0.0,Oceania,0,1,0,0,0,0,0,0,0
Solomon Islands,1988,country,1984,2024,0.0,0.0,0.0,0.0,0.0,,,,,,,,,,,5,5,0,5,0.666667,0,0,0,0,-1,243,47,67,19.0,1.0,0.0,0,0,4,ARC,0.0,Oceania,4,2,0,0,0,0,0,0,0
Solomon Islands,1992,country,1984,2024,0.0,0.0,0.0,0.0,0.0,0.0,0.0,0.0,0.0,0.0,,,,,,1,1,0,1,-0.8,0,0,0,0,-1,265,48,68,23.0,1.0,0.0,0,0,1,WLF,0.0,Oceania,8,3,0,0,0,0,0,0,0
Solomon Islands,1996,country,1984,2024,0.0,0.0,0.0,0.0,0.0,0.0,0.0,0.0,0.0,0.0,0.0,0.0,0.0,0.0,0.0,4,3,1,4,3.0,0,0,0,0,-1,278,48,68,15.0,1.0,0.0,0,0,2,ATH,0.0,Oceania,12,4,0,0,0,0,0,0,0
Solomon Islands,2000,country,1984,2024,0.0,0.0,0.0,0.0,0.0,0.0,0.0,0.0,0.0,0.0,0.0,0.0,0.0,0.0,0.0,2,1,1,2,-0.5,0,0,0,0,-1,299,48,68,24.0,4.0,0.0,0,0,1,ATH,0.0,Oceania,16,5,0,0,0,0,0,0,0
Solomon Islands,2004,country,1984,2024,0.0,0.0,0.0,0.0,0.0,0.0,0.0,0.0,0.0,0.0,0.0,0.0,0.0,0.0,0.0,2,1,1,2,0.0,0,0,0,0,-1,301,48,68,4.0,2.0,0.0,0,0,1,ATH,0.0,Oceania,20,6,0,0,0,0,0,0,0
Solomon Islands,2008,country,1984,2024,0.0,0.0,0.0,0.0,0.0,0.0,0.0,0.0,0.0,0.0,0.0,0.0,0.0,0.0,0.0,3,1,2,3,0.5,0,0,0,0,-1,302,48,68,5.0,4.0,0.0,0,0,2,ATH,0.0,Oceania,24,7,0,0,0,0,0,0,0
Solomon Islands,2012,country,1984,2024,0.0,0.0,0.0,0.0,0.0,0.0,0.0,0.0,0.0,0.0,0.0,0.0,0.0,0.0,0.0,4,2,2,4,0.333333,0,0,0,0,-1,302,48,68,2.0,2.0,0.0,0,0,3,ATH,0.0,Oceania,28,8,0,0,0,0,0,0,0
Solomon Islands,2016,country,1984,2024,0.0,0.0,0.0,0.0,0.0,0.0,0.0,0.0,0.0,0.0,0.0,0.0,0.0,0.0,0.0,3,1,2,3,-0.25,0,0,0,0,-1,306,48,68,5.0,1.0,0.0,0,0,2,ATH,0.0,Oceania,32,9,0,0,0,0,0,0,0
Solomon Islands,2020,country,1984,2024,0.0,0.0,0.0,0.0,0.0,0.0,0.0,0.0,0.0,0.0,0.0,0.0,0.0,0.0,0.0,3,1,2,3,0.0,0,0,0,0,-1,316,48,68,33.0,23.0,0.0,0,0,3,ATH,0.0,Oceania,36,10,0,0,0,0,0,0,0
Solomon Islands,2024,country,1984,2024,0.0,0.0,0.0,0.0,0.0,0.0,0.0,0.0,0.0,0.0,0.0,0.0,0.0,0.0,0.0,2,0,2,2,-0.333333,0,0,0,0,-1,297,48,68,6.0,25.0,0.0,0,0,2,ATH,0.0,Oceania,40,11,0,0,0,0,0,0,0
Somalia,1972,country,1972,2024,,,,,,,,,,,,,,,,4,4,0,4,,0,0,0,0,-1,201,47,67,27.0,0.0,0.0,0,0,1,ATH,0.0,Africa,0,1,0,0,0,0,0,0,0
Somalia,1976,country,1972,2024,0.0,0.0,0.0,0.0,0.0,,,,,,,,,,,0,0,0,0,,0,0,0,0,-1,199,48,68,8.0,10.0,,0,0,0,,,Africa,4,1,0,0,0,0,0,0,0
Somalia,1980,country,1972,2024,0.0,0.0,0.0,0.0,0.0,,,,,,,,,,,0,0,0,0,,0,0,0,0,-1,204,47,67,6.0,1.0,,0,0,0,,,Africa,8,1,0,0,0,0,0,0,0
Somalia,1984,country,1972,2024,0.0,0.0,0.0,0.0,0.0,,,,,,,,,,,9,9,0,6,1.25,0,0,0,0,-1,225,46,66,21.0,0.0,0.0,0,0,1,ATH,0.0,Africa,12,2,0,0,0,0,0,0,0
Somalia,1988,country,1972,2024,0.0,0.0,0.0,0.0,0.0,0.0,0.0,0.0,0.0,0.0,,,,,,5,5,0,4,-0.444444,0,0,0,0,-1,243,47,67,19.0,1.0,0.0,0,0,1,ATH,0.0,Africa,16,3,0,0,0,0,0,0,0
Somalia,1992,country,1972,2024,0.0,0.0,0.0,0.0,0.0,0.0,0.0,0.0,0.0,0.0,0.0,0.0,0.0,0.0,0.0,0,0,0,0,,0,0,0,0,-1,265,48,68,23.0,1.0,,0,0,0,,,Africa,20,3,0,0,0,0,0,0,0
Somalia,1996,country,1972,2024,0.0,0.0,0.0,0.0,0.0,0.0,0.0,0.0,0.0,0.0,0.0,0.0,0.0,0.0,0.0,4,4,0,4,-0.2,0,0,0,0,-1,278,48,68,15.0,1.0,0.0,0,0,1,ATH,0.0,Africa,24,4,0,0,0,0,0,0,0
Somalia,2000,country,1972,2024,0.0,0.0,0.0,0.0,0.0,0.0,0.0,0.0,0.0,0.0,0.0,0.0,0.0,0.0,0.0,2,1,1,2,-0.5,0,0,0,0,-1,299,48,68,24.0,4.0,0.0,0,0,1,ATH,0.0,Africa,28,5,0,0,0,0,0,0,0
Somalia,2004,country,1972,2024,0.0,0.0,0.0,0.0,0.0,0.0,0.0,0.0,0.0,0.0,0.0,0.0,0.0,0.0,0.0,2,1,1,2,0.0,0,0,0,0,-1,301,48,68,4.0,2.0,0.0,0,0,1,ATH,0.0,Africa,32,6,0,0,0,0,0,0,0
Somalia,2008,country,1972,2024,0.0,0.0,0.0,0.0,0.0,0.0,0.0,0.0,0.0,0.0,0.0,0.0,0.0,0.0,0.0,2,1,1,2,0.0,0,0,0,0,-1,302,48,68,5.0,4.0,0.0,0,0,1,ATH,0.0,Africa,36,7,0,0,0,0,0,0,0
Somalia,2012,country,1972,2024,0.0,0.0,0.0,0.0,0.0,0.0,0.0,0.0,0.0,0.0,0.0,0.0,0.0,0.0,0.0,2,1,1,2,0.0,0,0,0,0,-1,302,48,68,2.0,2.0,0.0,0,0,1,ATH,0.0,Africa,40,8,0,0,0,0,0,0,0
Somalia,2016,country,1972,2024,0.0,0.0,0.0,0.0,0.0,0.0,0.0,0.0,0.0,0.0,0.0,0.0,0.0,0.0,0.0,2,1,1,2,0.0,0,0,0,0,-1,306,48,68,5.0,1.0,0.0,0,0,1,ATH,0.0,Africa,44,9,0,0,0,0,0,0,0
Somalia,2020,country,1972,2024,0.0,0.0,0.0,0.0,0.0,0.0,0.0,0.0,0.0,0.0,0.0,0.0,0.0,0.0,0.0,2,1,1,2,0.0,0,0,0,0,-1,316,48,68,33.0,23.0,0.0,0,0,2,ATH,0.0,Africa,48,10,0,0,0,0,0,0,0
Somalia,2024,country,1972,2024,0.0,0.0,0.0,0.0,0.0,0.0,0.0,0.0,0.0,0.0,0.0,0.0,0.0,0.0,0.0,1,1,0,1,-0.5,0,0,0,0,-1,297,48,68,6.0,25.0,0.0,0,0,1,ATH,0.0,Africa,52,11,0,0,0,0,0,0,0
South Africa,1904,country,1904,2024,,,,,,,,,,,,,,,,8,8,0,2,,0,0,0,0,-1,95,48,67,36.0,38.0,0.0,0,0,2,ATH,0.0,Africa,0,1,0,0,0,0,0,0,0
South Africa,1908,country,1904,2024,0.0,0.0,0.0,0.0,0.0,,,,,,,,,,,30,30,0,15,2.75,0,0,0,0,-1,104,48,67,35.0,26.0,0.035696,0,0,4,ATH,0.035696,Africa,4,2,0,0,1,1,0,2,1
South Africa,1912,country,1904,2024,1.0,1.0,0.0,2.0,1.0,0.0,0.0,0.0,0.0,0.0,,,,,,56,56,0,21,0.866667,0,0,0,0,-1,102,48,67,25.0,28.0,0.73378,0,0,6,CRD,0.5,Africa,8,3,0,0,4,2,0,6,1
South Africa,1920,country,1904,2024,4.0,2.0,0.0,6.0,1.0,1.0,1.0,0.0,2.0,1.0,0.0,0.0,0.0,0.0,0.0,97,95,2,34,0.732143,0,0,0,0,-1,156,48,67,58.0,4.0,0.982956,0,0,8,CRD,0.382353,Africa,16,4,1,1,3,4,3,10,1
South Africa,1924,country,1904,2024,3.0,4.0,3.0,10.0,1.0,4.0,2.0,0.0,6.0,1.0,1.0,1.0,0.0,2.0,1.0,43,43,0,25,-0.556701,0,0,0,0,-1,126,45,62,12.0,42.0,0.659504,0,0,7,CRD,0.209091,Africa,20,5,0,0,1,1,1,3,1
South Africa,1928,country,1904,2024,1.0,1.0,1.0,3.0,1.0,3.0,4.0,3.0,10.0,1.0,4.0,2.0,0.0,6.0,1.0,40,28,12,25,-0.069767,0,0,0,0,-1,110,48,68,3.0,19.0,0.22762700000000002,0,0,7,BOX,0.090909,Africa,24,6,0,0,1,0,2,3,1
South Africa,1932,country,1904,2024,1.0,0.0,2.0,3.0,1.0,1.0,1.0,1.0,3.0,1.0,3.0,4.0,3.0,10.0,1.0,20,15,5,18,-0.5,0,0,0,0,-1,127,48,67,18.0,1.0,0.243518,0,0,4,BOX,0.180682,Africa,28,7,0,0,2,0,3,5,1
South Africa,1936,country,1904,2024,2.0,0.0,3.0,5.0,1.0,1.0,0.0,2.0,3.0,1.0,1.0,1.0,1.0,3.0,1.0,46,41,5,27,1.3,0,0,0,0,-1,129,48,67,4.0,2.0,0.15371500000000002,0,0,6,BOX,0.140909,Africa,32,8,0,0,0,1,0,1,1
South Africa,1948,country,1904,2024,0.0,1.0,0.0,1.0,1.0,2.0,0.0,3.0,5.0,1.0,1.0,0.0,2.0,3.0,1.0,43,41,2,34,-0.065217,0,0,0,0,-1,136,48,68,9.0,2.0,0.277756,0,0,9,BOX,0.2625,Africa,44,9,0,0,2,2,2,6,1
South Africa,1952,country,1904,2024,2.0,2.0,2.0,6.0,1.0,0.0,1.0,0.0,1.0,1.0,2.0,0.0,3.0,5.0,1.0,109,100,9,59,1.534884,0,0,0,0,-1,149,48,68,12.0,0.0,0.533091,0,0,14,CTR,0.266667,Africa,48,10,0,0,2,4,4,10,1
South Africa,1956,country,1904,2024,2.0,4.0,4.0,10.0,1.0,2.0,2.0,2.0,6.0,1.0,0.0,1.0,0.0,1.0,1.0,90,77,13,50,-0.174312,0,0,0,0,-1,149,48,68,2.0,2.0,0.423459,0,0,11,CTR,0.223529,Africa,52,11,0,0,0,0,4,4,1
South Africa,1960,country,1904,2024,0.0,0.0,4.0,4.0,1.0,2.0,4.0,4.0,10.0,1.0,2.0,2.0,2.0,6.0,1.0,72,66,6,46,-0.2,0,0,0,0,-1,152,48,67,6.0,3.0,0.246071,0,0,12,CTR,0.122727,Africa,56,12,0,0,0,1,2,3,1
South Africa,1964,country,1904,2024,0.0,1.0,2.0,3.0,1.0,0.0,0.0,4.0,4.0,1.0,2.0,4.0,4.0,10.0,1.0,0,0,0,0,,0,0,0,0,-1,164,47,67,12.0,0.0,,0,0,0,,,Africa,60,12,0,0,0,0,0,0,0
South Africa,1968,country,1904,2024,0.0,1.0,2.0,3.0,1.0,0.0,0.0,4.0,4.0,1.0,2.0,4.0,4.0,10.0,1.0,0,0,0,0,,0,0,0,0,-1,174,47,67,14.0,4.0,,0,0,0,,,Africa,64,12,0,0,0,0,0,0,0
South Africa,1972,country,1904,2024,0.0,1.0,2.0,3.0,1.0,0.0,0.0,4.0,4.0,1.0,2.0,4.0,4.0,10.0,1.0,0,0,0,0,,0,0,0,0,-1,201,47,67,27.0,0.0,,0,0,0,,,Africa,68,12,0,0,0,0,0,0,0
South Africa,1976,country,1904,2024,0.0,1.0,2.0,3.0,1.0,0.0,0.0,4.0,4.0,1.0,2.0,4.0,4.0,10.0,1.0,0,0,0,0,,0,0,0,0,-1,199,48,68,8.0,10.0,,0,0,0,,,Africa,72,12,0,0,0,0,0,0,0
South Africa,1980,country,1904,2024,0.0,1.0,2.0,3.0,1.0,0.0,0.0,4.0,4.0,1.0,2.0,4.0,4.0,10.0,1.0,0,0,0,0,,0,0,0,0,-1,204,47,67,6.0,1.0,,0,0,0,,,Africa,76,12,0,0,0,0,0,0,0
South Africa,1984,country,1904,2024,0.0,1.0,2.0,3.0,1.0,0.0,0.0,4.0,4.0,1.0,2.0,4.0,4.0,10.0,1.0,0,0,0,0,,0,0,0,0,-1,225,46,66,21.0,0.0,,0,0,0,,,Africa,80,12,0,0,0,0,0,0,0
South Africa,1988,country,1904,2024,0.0,1.0,2.0,3.0,1.0,0.0,0.0,4.0,4.0,1.0,2.0,4.0,4.0,10.0,1.0,0,0,0,0,,0,0,0,0,-1,243,47,67,19.0,1.0,,0,0,0,,,Africa,84,12,0,0,0,0,0,0,0
South Africa,1992,country,1904,2024,0.0,1.0,2.0,3.0,1.0,0.0,0.0,4.0,4.0,1.0,2.0,4.0,4.0,10.0,1.0,141,96,45,87,0.958333,0,0,0,0,-1,265,48,68,23.0,1.0,0.163953,0,0,22,TEN,0.15,Africa,88,13,0,0,0,2,0,2,1
South Africa,1996,country,1904,2024,0.0,2.0,0.0,2.0,1.0,0.0,1.0,2.0,3.0,1.0,0.0,0.0,4.0,4.0,1.0,111,74,37,62,-0.212766,0,0,0,0,-1,278,48,68,15.0,1.0,0.133019,0,0,16,TEN,0.061765,Africa,92,14,0,0,3,1,1,5,1
South Africa,2000,country,1904,2024,3.0,1.0,1.0,5.0,1.0,0.0,2.0,0.0,2.0,1.0,0.0,1.0,2.0,3.0,1.0,161,112,49,68,0.45045,0,0,0,0,-1,299,48,68,24.0,4.0,0.100715,0,0,19,SWM,0.038343,Africa,96,15,0,0,0,2,3,5,1
South Africa,2004,country,1904,2024,0.0,2.0,3.0,5.0,1.0,3.0,1.0,1.0,5.0,1.0,0.0,2.0,0.0,2.0,1.0,128,79,49,68,-0.204969,0,0,0,0,-1,301,48,68,4.0,2.0,0.098268,0,0,20,SWM,0.055418,Africa,100,16,0,0,1,3,2,6,1
South Africa,2008,country,1904,2024,1.0,3.0,2.0,6.0,1.0,0.0,2.0,3.0,5.0,1.0,3.0,1.0,1.0,5.0,1.0,179,99,80,89,0.398438,0,0,0,0,-1,302,48,68,5.0,4.0,0.057153999999999996,0,0,23,SWM,0.027006,Africa,104,17,0,0,0,1,0,1,1
South Africa,2012,country,1904,2024,0.0,1.0,0.0,1.0,1.0,1.0,3.0,2.0,6.0,1.0,0.0,2.0,3.0,5.0,1.0,145,84,61,65,-0.189944,0,0,0,0,-1,302,48,68,2.0,2.0,0.11847,0,0,20,SWM,0.048432,Africa,108,18,0,0,3,2,1,6,1
South Africa,2016,country,1904,2024,3.0,2.0,1.0,6.0,1.0,0.0,1.0,0.0,1.0,1.0,1.0,3.0,2.0,6.0,1.0,155,109,46,70,0.068966,0,0,0,0,-1,306,48,68,5.0,1.0,0.42903,0,0,17,RU7,0.2,Africa,112,19,0,0,2,6,2,10,1
South Africa,2020,country,1904,2024,2.0,6.0,2.0,10.0,1.0,3.0,2.0,1.0,6.0,1.0,0.0,1.0,0.0,1.0,1.0,211,131,80,73,0.36129,0,0,0,0,-1,316,48,68,33.0,23.0,0.472371,0,0,20,SRF,0.3,Africa,116,20,0,0,1,2,0,3,1
South Africa,2024,country,1904,2024,1.0,2.0,0.0,3.0,1.0,2.0,6.0,2.0,10.0,1.0,3.0,2.0,1.0,6.0,1.0,161,90,71,66,-0.236967,0,0,0,0,-1,297,48,68,6.0,25.0,0.544095,0,0,21,RU7,0.2,Africa,120,21,0,0,1,3,2,6,1
South Korea,1948,country,1948,2024,,,,,,,,,,,,,,,,48,47,1,24,,0,0,0,0,-1,136,48,68,9.0,2.0,0.116667,0,0,7,WLF,0.066667,Asia,0,1,0,0,0,0,2,2,1
South Korea,1952,country,1948,2024,0.0,0.0,2.0,2.0,1.0,,,,,,,,,,,22,21,1,16,-0.541667,0,0,0,0,-1,149,48,68,12.0,0.0,0.093417,0,0,6,WLF,0.061064,Asia,4,2,0,0,0,0,2,2,1
South Korea,1956,country,1948,2024,0.0,0.0,2.0,2.0,1.0,0.0,0.0,2.0,2.0,1.0,,,,,,36,36,0,23,0.636364,0,0,0,0,-1,149,48,68,2.0,2.0,0.104307,0,0,7,WLF,0.059307,Asia,8,3,0,0,0,1,1,2,1
South Korea,1960,country,1948,2024,0.0,1.0,1.0,2.0,1.0,0.0,0.0,2.0,2.0,1.0,0.0,0.0,2.0,2.0,1.0,49,43,6,38,0.361111,0,0,0,0,-1,152,48,67,6.0,3.0,0.054805,0,0,9,WLF,0.031169,Asia,12,4,0,0,0,0,0,0,0
South Korea,1964,country,1948,2024,0.0,0.0,0.0,0.0,0.0,0.0,1.0,1.0,2.0,1.0,0.0,0.0,2.0,2.0,1.0,240,196,44,93,3.897959,0,0,0,0,-1,164,47,67,12.0,0.0,0.154654,0,0,19,JUD,0.066667,Asia,16,5,0,0,0,2,1,3,1
South Korea,1968,country,1948,2024,0.0,2.0,1.0,3.0,1.0,0.0,0.0,0.0,0.0,0.0,0.0,1.0,1.0,2.0,1.0,66,51,15,43,-0.725,0,0,0,0,-1,174,47,67,14.0,4.0,0.076013,0,0,13,BOX,0.052149,Asia,20,6,0,0,0,1,1,2,1
South Korea,1972,country,1948,2024,0.0,1.0,1.0,2.0,1.0,0.0,2.0,1.0,3.0,1.0,0.0,0.0,0.0,0.0,0.0,43,33,10,24,-0.348485,0,0,0,0,-1,201,47,67,27.0,0.0,0.156044,0,0,9,JUD,0.102222,Asia,24,7,0,0,0,1,0,1,1
South Korea,1976,country,1948,2024,0.0,1.0,0.0,1.0,1.0,0.0,1.0,1.0,2.0,1.0,0.0,2.0,1.0,3.0,1.0,51,39,12,27,0.186047,0,0,0,0,-1,199,48,68,8.0,10.0,0.318525,0,0,6,JUD,0.147451,Asia,28,8,0,0,1,1,4,6,1
South Korea,1980,country,1948,2024,1.0,1.0,4.0,6.0,1.0,0.0,1.0,0.0,1.0,1.0,0.0,1.0,1.0,2.0,1.0,0,0,0,0,,0,0,0,0,-1,204,47,67,6.0,1.0,,0,0,0,,,Asia,32,8,0,0,0,0,0,0,0
South Korea,1984,country,1948,2024,1.0,1.0,4.0,6.0,1.0,0.0,1.0,0.0,1.0,1.0,0.0,1.0,1.0,2.0,1.0,240,171,69,96,3.705882,0,1,0,1,-1,225,46,66,21.0,0.0,2.132222,0,0,20,ARC,0.7,Asia,36,9,0,0,6,6,7,19,1
South Korea,1988,country,1948,2024,6.0,6.0,7.0,19.0,1.0,1.0,1.0,4.0,6.0,1.0,0.0,1.0,0.0,1.0,1.0,551,352,199,218,1.295833,1,0,0,2,-1,243,47,67,19.0,1.0,3.87075,0,0,31,ARC,0.964706,Asia,40,10,1,1,12,10,11,33,1
South Korea,1992,country,1948,2024,12.0,10.0,11.0,33.0,1.0,6.0,6.0,7.0,19.0,1.0,1.0,1.0,4.0,6.0,1.0,322,228,94,134,-0.415608,0,0,1,3,4,265,48,68,23.0,1.0,3.686645,0,0,26,ARC,0.888636,Asia,44,11,1,2,12,5,11,28,1
South Korea,1996,country,1948,2024,12.0,5.0,11.0,28.0,1.0,12.0,10.0,11.0,33.0,1.0,6.0,6.0,7.0,19.0,1.0,415,270,145,160,0.28882,0,0,0,0,8,278,48,68,15.0,1.0,3.39864,0,0,27,ARC,0.856818,Asia,48,12,1,2,7,15,5,27,1
South Korea,2000,country,1948,2024,7.0,15.0,5.0,27.0,1.0,12.0,5.0,11.0,28.0,1.0,12.0,10.0,11.0,33.0,1.0,359,232,127,144,-0.13494,0,0,0,0,12,299,48,68,24.0,4.0,3.343063,0,0,28,ARC,0.875,Asia,52,13,1,2,8,10,10,28,1
South Korea,2004,country,1948,2024,8.0,10.0,10.0,28.0,1.0,7.0,15.0,5.0,27.0,1.0,12.0,5.0,11.0,28.0,1.0,344,203,141,149,-0.041783,0,0,0,0,16,301,48,68,4.0,2.0,3.070761,0,0,27,ARC,0.897727,Asia,56,14,1,2,9,12,9,30,1
South Korea,2008,country,1948,2024,9.0,12.0,9.0,30.0,1.0,8.0,10.0,10.0,28.0,1.0,7.0,15.0,5.0,27.0,1.0,329,208,121,142,-0.043605,0,0,0,0,20,302,48,68,5.0,4.0,3.7318000000000002,0,0,29,ARC,0.922727,Asia,60,15,1,1,13,10,8,31,1
South Korea,2012,country,1948,2024,13.0,10.0,8.0,31.0,1.0,9.0,12.0,9.0,30.0,1.0,8.0,10.0,10.0,28.0,1.0,312,176,136,140,-0.051672,0,0,0,0,24,302,48,68,2.0,2.0,2.806848,0,0,27,ARC,0.877273,Asia,64,16,1,1,13,8,7,28,1
South Korea,2016,country,1948,2024,13.0,8.0,7.0,28.0,1.0,13.0,10.0,8.0,31.0,1.0,9.0,12.0,9.0,30.0,1.0,263,145,118,117,-0.157051,0,0,0,0,28,306,48,68,5.0,1.0,2.841117,0,0,28,ARC,0.975,Asia,68,17,1,1,9,3,9,21,1
South Korea,2020,country,1948,2024,9.0,3.0,9.0,21.0,1.0,13.0,8.0,7.0,28.0,1.0,13.0,10.0,8.0,31.0,1.0,338,194,144,120,0.285171,0,0,0,0,32,316,48,68,33.0,23.0,2.149848,0,0,27,ARC,0.906818,Asia,72,18,0,0,6,4,10,20,1
South Korea,2024,country,1948,2024,6.0,4.0,10.0,20.0,1.0,9.0,3.0,9.0,21.0,1.0,13.0,8.0,7.0,28.0,1.0,248,113,135,104,-0.266272,0,0,0,0,36,297,48,68,6.0,25.0,2.425249,0,1,23,ARC,1.05,Asia,76,19,0,0,13,9,10,32,1
South Sudan,2016,country,2016,2024,,,,,,,,,,,,,,,,3,2,1,3,,0,0,0,0,-1,306,48,68,5.0,1.0,0.0,0,0,1,ATH,0.0,Africa,0,1,0,0,0,0,0,0,0
South Sudan,2020,country,2016,2024,0.0,0.0,0.0,0.0,0.0,,,,,,,,,,,2,1,1,2,-0.333333,0,0,0,0,-1,316,48,68,33.0,23.0,0.0,0,0,1,ATH,0.0,Africa,4,2,0,0,0,0,0,0,0
South Sudan,2024,country,2016,2024,0.0,0.0,0.0,0.0,0.0,0.0,0.0,0.0,0.0,0.0,,,,,,14,13,1,3,6.0,0,0,0,0,-1,297,48,68,6.0,25.0,0.0,0,0,2,ATH,0.0,Africa,8,3,0,0,0,0,0,0,0
South Vietnam,1952,historical_different,1952,1972,,,,,,,,,,,,,,,,13,13,0,7,,0,0,0,0,-1,149,48,68,12.0,0.0,0.0,0,0,5,ATH,0.0,Asia,0,1,0,0,0,0,0,0,0
South Vietnam,1956,historical_different,1952,1972,0.0,0.0,0.0,0.0,0.0,,,,,,,,,,,10,10,0,4,-0.230769,0,0,0,0,-1,149,48,68,2.0,2.0,0.0,0,0,2,CRD,0.0,Asia,4,2,0,0,0,0,0,0,0
South Vietnam,1960,historical_different,1952,1972,0.0,0.0,0.0,0.0,0.0,0.0,0.0,0.0,0.0,0.0,,,,,,5,5,0,5,-0.5,0,0,0,0,-1,152,48,67,6.0,3.0,0.0,0,0,2,FEN,0.0,Asia,8,3,0,0,0,0,0,0,0
South Vietnam,1964,historical_different,1952,1972,0.0,0.0,0.0,0.0,0.0,0.0,0.0,0.0,0.0,0.0,0.0,0.0,0.0,0.0,0.0,23,23,0,14,3.6,0,0,0,0,-1,164,47,67,12.0,0.0,0.0,0,0,6,ATH,0.0,Asia,12,4,0,0,0,0,0,0,0
South Vietnam,1968,historical_different,1952,1972,0.0,0.0,0.0,0.0,0.0,0.0,0.0,0.0,0.0,0.0,0.0,0.0,0.0,0.0,0.0,9,7,2,7,-0.608696,0,0,0,0,-1,174,47,67,14.0,4.0,0.0,0,0,5,ATH,0.0,Asia,16,5,0,0,0,0,0,0,0
South Vietnam,1972,historical_different,1952,1972,0.0,0.0,0.0,0.0,0.0,0.0,0.0,0.0,0.0,0.0,0.0,0.0,0.0,0.0,0.0,2,2,0,1,-0.777778,0,0,0,0,-1,201,47,67,27.0,0.0,0.0,0,0,1,SHO,0.0,Asia,20,6,0,0,0,0,0,0,0
South Yemen,1988,historical_different,1988,1988,,,,,,,,,,,,,,,,5,5,0,5,,0,0,0,0,-1,243,47,67,19.0,1.0,0.0,0,0,2,ATH,0.0,Asia,0,1,0,0,0,0,0,0,0
Soviet Union,1952,historical_different,1952,1988,,,,,,,,,,,,,,,,451,354,97,141,,0,0,0,0,-1,149,48,68,12.0,0.0,4.5498330000000005,0,1,21,GAR,1.01448,Europe,0,1,0,0,22,29,19,70,1
Soviet Union,1956,historical_different,1952,1988,22.0,29.0,19.0,70.0,1.0,,,,,,,,,,,411,333,78,141,-0.088692,0,0,0,0,-1,149,48,68,2.0,2.0,6.693356,0,1,21,GAR,1.02482,Europe,4,2,0,0,37,29,32,98,1
Soviet Union,1960,historical_different,1952,1988,37.0,29.0,32.0,98.0,1.0,22.0,29.0,19.0,70.0,1.0,,,,,,414,315,99,145,0.007299,0,0,0,0,-1,152,48,67,6.0,3.0,7.800311,0,1,20,GAR,1.121825,Europe,8,3,0,0,43,29,31,103,1
Soviet Union,1964,historical_different,1952,1988,43.0,29.0,31.0,103.0,1.0,37.0,29.0,32.0,98.0,1.0,22.0,29.0,19.0,70.0,1.0,463,350,113,154,0.118357,0,0,0,0,-1,164,47,67,12.0,0.0,9.151482,0,0,23,GAR,0.985474,Europe,12,4,0,0,30,30,33,93,1
Soviet Union,1968,historical_different,1952,1988,30.0,30.0,33.0,93.0,1.0,43.0,29.0,31.0,103.0,1.0,37.0,29.0,32.0,98.0,1.0,471,348,123,164,0.017279,0,0,0,0,-1,174,47,67,14.0,4.0,9.081491,0,0,22,VVO,0.917647,Europe,16,5,0,0,29,32,30,91,1
Soviet Union,1972,historical_different,1952,1988,29.0,32.0,30.0,91.0,1.0,30.0,30.0,33.0,93.0,1.0,43.0,29.0,31.0,103.0,1.0,531,397,134,180,0.127389,0,0,0,0,-1,201,47,67,27.0,0.0,10.280195,0,0,27,MPN,0.840909,Europe,20,6,0,0,50,27,22,99,1
Soviet Union,1976,historical_different,1952,1988,50.0,27.0,22.0,99.0,1.0,29.0,32.0,30.0,91.0,1.0,30.0,30.0,33.0,93.0,1.0,574,385,189,189,0.080979,0,1,0,1,-1,199,48,68,8.0,10.0,11.153654,0,0,25,GAR,0.828647,Europe,24,7,0,0,49,41,35,125,1
Soviet Union,1980,historical_different,1952,1988,49.0,41.0,35.0,125.0,1.0,50.0,27.0,22.0,99.0,1.0,29.0,32.0,30.0,91.0,1.0,660,443,217,202,0.149826,1,0,0,2,-1,204,47,67,6.0,1.0,15.723549,0,0,27,GAR,0.943188,Europe,28,8,0,0,80,69,46,195,1
Soviet Union,1984,historical_different,1952,1988,80.0,69.0,46.0,195.0,1.0,49.0,41.0,35.0,125.0,1.0,50.0,27.0,22.0,99.0,1.0,0,0,0,0,,0,0,1,3,4,225,46,66,21.0,0.0,,0,0,0,,,Europe,32,8,0,0,0,0,0,0,0
Soviet Union,1988,historical_different,1952,1988,80.0,69.0,46.0,195.0,1.0,49.0,41.0,35.0,125.0,1.0,50.0,27.0,22.0,99.0,1.0,647,416,231,221,-0.019697,0,0,0,0,8,243,47,67,19.0,1.0,14.545028,0,1,29,GRY,1.4,Europe,36,9,0,0,54,31,46,131,1
Spain,1900,country,1900,2024,,,,,,,,,,,,,,,,12,12,0,7,,0,0,0,0,-1,97,47,66,65.0,12.0,1.0,0,1,3,PEL,1.0,Europe,0,1,1,1,1,0,0,1,1
Spain,1904,country,1900,2024,1.0,0.0,0.0,1.0,1.0,,,,,,,,,,,0,0,0,0,,0,0,0,0,-1,95,48,67,36.0,38.0,,0,0,0,,,Europe,4,1,0,0,0,0,0,0,0
Spain,1908,country,1900,2024,1.0,0.0,0.0,1.0,1.0,,,,,,,,,,,0,0,0,0,,0,0,0,0,-1,104,48,67,35.0,26.0,,0,0,0,,,Europe,8,1,0,0,0,0,0,0,0
Spain,1912,country,1900,2024,1.0,0.0,0.0,1.0,1.0,,,,,,,,,,,0,0,0,0,,0,0,0,0,-1,102,48,67,25.0,28.0,,0,0,0,,,Europe,12,1,0,0,0,0,0,0,0
Spain,1920,country,1900,2024,1.0,0.0,0.0,1.0,1.0,,,,,,,,,,,111,111,0,29,8.25,0,0,0,0,-1,156,48,67,58.0,4.0,1.2,0,0,7,FBL,0.6,Europe,20,2,1,1,0,2,0,2,1
Spain,1924,country,1900,2024,0.0,2.0,0.0,2.0,1.0,1.0,0.0,0.0,1.0,1.0,,,,,,151,145,6,44,0.36036,0,0,0,0,-1,126,45,62,12.0,42.0,0.494118,0,0,14,FBL,0.247059,Europe,24,3,1,1,0,0,0,0,0
Spain,1928,country,1900,2024,0.0,0.0,0.0,0.0,0.0,0.0,2.0,0.0,2.0,1.0,1.0,0.0,0.0,1.0,1.0,106,106,0,34,-0.298013,0,0,0,0,-1,110,48,68,3.0,19.0,0.43048200000000003,0,0,11,EJP,0.294118,Europe,28,4,0,0,1,0,0,1,1
Spain,1932,country,1900,2024,1.0,0.0,0.0,1.0,1.0,0.0,0.0,0.0,0.0,0.0,0.0,2.0,0.0,2.0,1.0,8,8,0,4,-0.924528,0,0,0,0,-1,127,48,67,18.0,1.0,0.060606,0,0,2,SAL,0.060606,Europe,32,5,0,0,0,0,1,1,1
Spain,1936,country,1900,2024,0.0,0.0,1.0,1.0,1.0,1.0,0.0,0.0,1.0,1.0,0.0,0.0,0.0,0.0,0.0,0,0,0,0,,0,0,0,0,-1,129,48,67,4.0,2.0,,0,0,0,,,Europe,36,5,0,0,0,0,0,0,0
Spain,1948,country,1900,2024,0.0,0.0,1.0,1.0,1.0,1.0,0.0,0.0,1.0,1.0,0.0,0.0,0.0,0.0,0.0,84,84,0,37,9.5,0,0,0,0,-1,136,48,68,9.0,2.0,0.344444,0,0,12,EJP,0.3,Europe,48,6,0,0,0,1,0,1,1
Spain,1952,country,1900,2024,0.0,1.0,0.0,1.0,1.0,0.0,0.0,1.0,1.0,1.0,1.0,0.0,0.0,1.0,1.0,42,42,0,21,-0.5,0,0,0,0,-1,149,48,68,12.0,0.0,0.173949,0,0,8,EJP,0.123529,Europe,52,7,0,0,0,1,0,1,1
Spain,1956,country,1900,2024,0.0,1.0,0.0,1.0,1.0,0.0,1.0,0.0,1.0,1.0,0.0,0.0,1.0,1.0,1.0,12,12,0,4,-0.714286,0,0,0,0,-1,149,48,68,2.0,2.0,0.068182,0,0,2,EJP,0.068182,Europe,56,8,0,0,0,0,0,0,0
Spain,1960,country,1900,2024,0.0,0.0,0.0,0.0,0.0,0.0,1.0,0.0,1.0,1.0,0.0,1.0,0.0,1.0,1.0,238,197,41,83,18.833333,0,0,0,0,-1,152,48,67,6.0,3.0,0.42857100000000004,0,0,18,HOC,0.4,Europe,60,9,0,0,0,0,1,1,1
Spain,1964,country,1900,2024,0.0,0.0,1.0,1.0,1.0,0.0,0.0,0.0,0.0,0.0,0.0,1.0,0.0,1.0,1.0,67,62,5,35,-0.718487,0,0,0,0,-1,164,47,67,12.0,0.0,0.164706,0,0,9,HOC,0.164706,Europe,64,10,0,0,0,0,0,0,0
Spain,1968,country,1900,2024,0.0,0.0,0.0,0.0,0.0,0.0,0.0,1.0,1.0,1.0,0.0,0.0,0.0,0.0,0.0,137,134,3,50,1.044776,0,0,0,0,-1,174,47,67,14.0,4.0,0.090909,0,0,13,HOC,0.090909,Europe,68,11,0,0,0,0,0,0,0
Spain,1972,country,1900,2024,0.0,0.0,0.0,0.0,0.0,0.0,0.0,0.0,0.0,0.0,0.0,0.0,1.0,1.0,1.0,161,152,9,59,0.175182,0,0,0,0,-1,201,47,67,27.0,0.0,0.008264,0,0,18,BOX,0.008264,Europe,72,12,0,0,0,0,1,1,1
Spain,1976,country,1900,2024,0.0,0.0,1.0,1.0,1.0,0.0,0.0,0.0,0.0,0.0,0.0,0.0,0.0,0.0,0.0,160,134,26,68,-0.006211,0,0,0,0,-1,199,48,68,8.0,10.0,0.07603299999999999,0,0,14,SAL,0.045455,Europe,76,13,0,0,0,2,0,2,1
Spain,1980,country,1900,2024,0.0,2.0,0.0,2.0,1.0,0.0,0.0,1.0,1.0,1.0,0.0,0.0,0.0,0.0,0.0,211,187,24,75,0.31875,0,0,0,0,-1,204,47,67,6.0,1.0,0.31660400000000005,0,0,19,HOC,0.136364,Europe,80,14,0,0,1,3,2,6,1
Spain,1984,country,1900,2024,1.0,3.0,2.0,6.0,1.0,0.0,2.0,0.0,2.0,1.0,0.0,0.0,1.0,1.0,1.0,257,208,49,104,0.218009,0,0,0,0,-1,225,46,66,21.0,0.0,0.508321,0,0,23,BKB,0.176471,Europe,84,15,0,0,1,2,2,5,1
Spain,1988,country,1900,2024,1.0,2.0,2.0,5.0,1.0,1.0,3.0,2.0,6.0,1.0,0.0,2.0,0.0,2.0,1.0,317,252,65,130,0.233463,0,1,0,1,-1,243,47,67,19.0,1.0,0.528312,0,0,28,TEN,0.15,Europe,88,16,0,0,1,1,2,4,1
Spain,1992,country,1900,2024,1.0,1.0,2.0,4.0,1.0,1.0,2.0,2.0,5.0,1.0,1.0,3.0,2.0,6.0,1.0,537,360,177,195,0.694006,1,0,0,2,-1,265,48,68,23.0,1.0,2.754604,0,1,33,FBL,1.0,Europe,92,17,0,0,13,7,2,22,1
Spain,1996,country,1900,2024,13.0,7.0,2.0,22.0,1.0,1.0,1.0,2.0,4.0,1.0,1.0,2.0,2.0,5.0,1.0,384,236,148,157,-0.284916,0,0,1,3,4,278,48,68,15.0,1.0,2.915442,0,0,27,WPO,0.645455,Europe,96,18,1,1,5,6,6,17,1
Spain,2000,country,1900,2024,5.0,6.0,6.0,17.0,1.0,13.0,7.0,2.0,22.0,1.0,1.0,1.0,2.0,4.0,1.0,431,283,148,165,0.122396,0,0,0,0,8,299,48,68,24.0,4.0,2.54421,0,0,32,WPO,0.454545,Europe,100,19,0,0,3,3,5,11,1
Spain,2004,country,1900,2024,3.0,3.0,5.0,11.0,1.0,5.0,6.0,6.0,17.0,1.0,13.0,7.0,2.0,22.0,1.0,423,239,184,155,-0.018561,0,0,0,0,12,301,48,68,4.0,2.0,1.84294,0,0,30,EDR,0.227273,Europe,104,20,1,1,3,11,6,20,1
Spain,2008,country,1900,2024,3.0,11.0,6.0,20.0,1.0,3.0,3.0,5.0,11.0,1.0,5.0,6.0,6.0,17.0,1.0,355,209,146,147,-0.160757,0,0,0,0,16,302,48,68,5.0,4.0,2.023136,0,0,32,SWA,0.272727,Europe,108,21,1,1,5,10,3,18,1
Spain,2012,country,1900,2024,5.0,10.0,3.0,18.0,1.0,3.0,11.0,6.0,20.0,1.0,3.0,3.0,5.0,11.0,1.0,339,203,136,135,-0.04507,0,0,0,0,20,302,48,68,2.0,2.0,2.329646,0,0,30,SWA,0.418182,Europe,112,22,1,1,3,10,4,17,1
Spain,2016,country,1900,2024,3.0,10.0,4.0,17.0,1.0,5.0,10.0,3.0,18.0,1.0,3.0,11.0,6.0,20.0,1.0,363,191,172,146,0.070796,0,0,0,0,24,306,48,68,5.0,1.0,2.267213,0,0,33,BKB,0.390909,Europe,116,23,1,1,7,4,6,17,1
Spain,2020,country,1900,2024,7.0,4.0,6.0,17.0,1.0,3.0,10.0,4.0,17.0,1.0,5.0,10.0,3.0,18.0,1.0,429,243,186,146,0.181818,0,0,0,0,28,316,48,68,33.0,23.0,2.5731640000000002,0,0,34,CLB,0.5,Europe,120,24,0,0,3,8,6,17,1
Spain,2024,country,1900,2024,3.0,8.0,6.0,17.0,1.0,7.0,4.0,6.0,17.0,1.0,3.0,10.0,4.0,17.0,1.0,526,279,247,150,0.226107,0,0,0,0,32,297,48,68,6.0,25.0,2.635601,0,0,33,FBL,0.711765,Europe,124,25,0,0,5,4,9,18,1
Sri Lanka,1948,country,1948,2024,,,,,,,,,,,,,,,,10,10,0,9,,0,0,0,0,-1,136,48,68,9.0,2.0,0.018182,0,0,2,ATH,0.018182,Asia,0,1,0,0,0,1,0,1,1
Sri Lanka,1952,country,1948,2024,0.0,1.0,0.0,1.0,1.0,,,,,,,,,,,7,7,0,7,-0.3,0,0,0,0,-1,149,48,68,12.0,0.0,0.007487,0,0,4,ATH,0.007487,Asia,4,2,0,0,0,0,0,0,0
Sri Lanka,1956,country,1948,2024,0.0,0.0,0.0,0.0,0.0,0.0,1.0,0.0,1.0,1.0,,,,,,3,3,0,3,-0.571429,0,0,0,0,-1,149,48,68,2.0,2.0,0.004132,0,0,2,ATH,0.004132,Asia,8,3,0,0,0,0,0,0,0
Sri Lanka,1960,country,1948,2024,0.0,0.0,0.0,0.0,0.0,0.0,0.0,0.0,0.0,0.0,0.0,1.0,0.0,1.0,1.0,5,5,0,5,0.666667,0,0,0,0,-1,152,48,67,6.0,3.0,0.0,0,0,4,ATH,0.0,Asia,12,4,0,0,0,0,0,0,0
Sri Lanka,1964,country,1948,2024,0.0,0.0,0.0,0.0,0.0,0.0,0.0,0.0,0.0,0.0,0.0,0.0,0.0,0.0,0.0,7,7,0,6,0.4,0,0,0,0,-1,164,47,67,12.0,0.0,0.0,0,0,4,ATH,0.0,Asia,16,5,0,0,0,0,0,0,0
Sri Lanka,1968,country,1948,2024,0.0,0.0,0.0,0.0,0.0,0.0,0.0,0.0,0.0,0.0,0.0,0.0,0.0,0.0,0.0,3,3,0,3,-0.571429,0,0,0,0,-1,174,47,67,14.0,4.0,0.0,0,0,3,ATH,0.0,Asia,20,6,0,0,0,0,0,0,0
Sri Lanka,1972,country,1948,2024,0.0,0.0,0.0,0.0,0.0,0.0,0.0,0.0,0.0,0.0,0.0,0.0,0.0,0.0,0.0,6,6,0,6,1.0,0,0,0,0,-1,201,47,67,27.0,0.0,0.0,0,0,2,ATH,0.0,Asia,24,7,0,0,0,0,0,0,0
Sri Lanka,1976,country,1948,2024,0.0,0.0,0.0,0.0,0.0,0.0,0.0,0.0,0.0,0.0,0.0,0.0,0.0,0.0,0.0,0,0,0,0,,0,0,0,0,-1,199,48,68,8.0,10.0,,0,0,0,,,Asia,28,7,0,0,0,0,0,0,0
Sri Lanka,1980,country,1948,2024,0.0,0.0,0.0,0.0,0.0,0.0,0.0,0.0,0.0,0.0,0.0,0.0,0.0,0.0,0.0,4,4,0,1,-0.333333,0,0,0,0,-1,204,47,67,6.0,1.0,0.0,0,0,1,ATH,0.0,Asia,32,8,0,0,0,0,0,0,0
Sri Lanka,1984,country,1948,2024,0.0,0.0,0.0,0.0,0.0,0.0,0.0,0.0,0.0,0.0,0.0,0.0,0.0,0.0,0.0,6,6,0,5,0.5,0,0,0,0,-1,225,46,66,21.0,0.0,0.0,0,0,3,SAL,0.0,Asia,36,9,0,0,0,0,0,0,0
Sri Lanka,1988,country,1948,2024,0.0,0.0,0.0,0.0,0.0,0.0,0.0,0.0,0.0,0.0,0.0,0.0,0.0,0.0,0.0,9,5,4,9,0.5,0,0,0,0,-1,243,47,67,19.0,1.0,0.0,0,0,3,ATH,0.0,Asia,40,10,0,0,0,0,0,0,0
Sri Lanka,1992,country,1948,2024,0.0,0.0,0.0,0.0,0.0,0.0,0.0,0.0,0.0,0.0,0.0,0.0,0.0,0.0,0.0,16,8,8,16,0.777778,0,0,0,0,-1,265,48,68,23.0,1.0,0.0,0,0,5,ATH,0.0,Asia,44,11,0,0,0,0,0,0,0
Sri Lanka,1996,country,1948,2024,0.0,0.0,0.0,0.0,0.0,0.0,0.0,0.0,0.0,0.0,0.0,0.0,0.0,0.0,0.0,11,5,6,9,-0.3125,0,0,0,0,-1,278,48,68,15.0,1.0,0.0,0,0,3,ATH,0.0,Asia,48,12,0,0,0,0,0,0,0
Sri Lanka,2000,country,1948,2024,0.0,0.0,0.0,0.0,0.0,0.0,0.0,0.0,0.0,0.0,0.0,0.0,0.0,0.0,0.0,24,11,13,16,1.181818,0,0,0,0,-1,299,48,68,24.0,4.0,0.005803,0,0,4,ATH,0.005803,Asia,52,13,0,0,0,1,0,1,1
Sri Lanka,2004,country,1948,2024,0.0,1.0,0.0,1.0,1.0,0.0,0.0,0.0,0.0,0.0,0.0,0.0,0.0,0.0,0.0,8,4,4,8,-0.666667,0,0,0,0,-1,301,48,68,4.0,2.0,0.004062,0,0,3,ATH,0.004062,Asia,56,14,0,0,0,0,0,0,0
Sri Lanka,2008,country,1948,2024,0.0,0.0,0.0,0.0,0.0,0.0,1.0,0.0,1.0,1.0,0.0,0.0,0.0,0.0,0.0,9,5,4,9,0.125,0,0,0,0,-1,302,48,68,5.0,4.0,0.002901,0,0,6,ATH,0.002901,Asia,60,15,0,0,0,0,0,0,0
Sri Lanka,2012,country,1948,2024,0.0,0.0,0.0,0.0,0.0,0.0,0.0,0.0,0.0,0.0,0.0,1.0,0.0,1.0,1.0,8,5,3,8,-0.111111,0,0,0,0,-1,302,48,68,2.0,2.0,0.0,0,0,4,ATH,0.0,Asia,64,16,0,0,0,0,0,0,0
Sri Lanka,2016,country,1948,2024,0.0,0.0,0.0,0.0,0.0,0.0,0.0,0.0,0.0,0.0,0.0,0.0,0.0,0.0,0.0,10,8,2,10,0.25,0,0,0,0,-1,306,48,68,5.0,1.0,0.0,0,0,6,ATH,0.0,Asia,68,17,0,0,0,0,0,0,0
Sri Lanka,2020,country,1948,2024,0.0,0.0,0.0,0.0,0.0,0.0,0.0,0.0,0.0,0.0,0.0,0.0,0.0,0.0,0.0,13,4,9,13,0.3,0,0,0,0,-1,316,48,68,33.0,23.0,0.0,0,0,7,ATH,0.0,Asia,72,18,0,0,0,0,0,0,0
Sri Lanka,2024,country,1948,2024,0.0,0.0,0.0,0.0,0.0,0.0,0.0,0.0,0.0,0.0,0.0,0.0,0.0,0.0,0.0,6,3,3,6,-0.538462,0,0,0,0,-1,297,48,68,6.0,25.0,0.0,0,0,3,ATH,0.0,Asia,76,19,0,0,0,0,0,0,0
Sudan,1960,country,1960,2024,,,,,,,,,,,,,,,,13,13,0,10,,0,0,0,0,-1,152,48,67,6.0,3.0,0.0,0,0,4,ATH,0.0,Africa,0,1,0,0,0,0,0,0,0
Sudan,1964,country,1960,2024,0.0,0.0,0.0,0.0,0.0,,,,,,,,,,,0,0,0,0,,0,0,0,0,-1,164,47,67,12.0,0.0,,0,0,0,,,Africa,4,1,0,0,0,0,0,0,0
Sudan,1968,country,1960,2024,0.0,0.0,0.0,0.0,0.0,,,,,,,,,,,7,7,0,7,-0.461538,0,0,0,0,-1,174,47,67,14.0,4.0,0.0,0,0,2,ATH,0.0,Africa,8,2,0,0,0,0,0,0,0
Sudan,1972,country,1960,2024,0.0,0.0,0.0,0.0,0.0,0.0,0.0,0.0,0.0,0.0,,,,,,31,31,0,15,3.428571,0,0,0,0,-1,201,47,67,27.0,0.0,0.0,0,0,4,ATH,0.0,Africa,12,3,0,0,0,0,0,0,0
Sudan,1976,country,1960,2024,0.0,0.0,0.0,0.0,0.0,0.0,0.0,0.0,0.0,0.0,0.0,0.0,0.0,0.0,0.0,0,0,0,0,,0,0,0,0,-1,199,48,68,8.0,10.0,,0,0,0,,,Africa,16,3,0,0,0,0,0,0,0
Sudan,1980,country,1960,2024,0.0,0.0,0.0,0.0,0.0,0.0,0.0,0.0,0.0,0.0,0.0,0.0,0.0,0.0,0.0,0,0,0,0,,0,0,0,0,-1,204,47,67,6.0,1.0,,0,0,0,,,Africa,20,3,0,0,0,0,0,0,0
Sudan,1984,country,1960,2024,0.0,0.0,0.0,0.0,0.0,0.0,0.0,0.0,0.0,0.0,0.0,0.0,0.0,0.0,0.0,9,9,0,9,-0.709677,0,0,0,0,-1,225,46,66,21.0,0.0,0.0,0,0,2,ATH,0.0,Africa,24,4,0,0,0,0,0,0,0
Sudan,1988,country,1960,2024,0.0,0.0,0.0,0.0,0.0,0.0,0.0,0.0,0.0,0.0,0.0,0.0,0.0,0.0,0.0,8,8,0,8,-0.111111,0,0,0,0,-1,243,47,67,19.0,1.0,0.0,0,0,2,ATH,0.0,Africa,28,5,0,0,0,0,0,0,0
Sudan,1992,country,1960,2024,0.0,0.0,0.0,0.0,0.0,0.0,0.0,0.0,0.0,0.0,0.0,0.0,0.0,0.0,0.0,7,7,0,7,-0.125,0,0,0,0,-1,265,48,68,23.0,1.0,0.0,0,0,3,ATH,0.0,Africa,32,6,0,0,0,0,0,0,0
Sudan,1996,country,1960,2024,0.0,0.0,0.0,0.0,0.0,0.0,0.0,0.0,0.0,0.0,0.0,0.0,0.0,0.0,0.0,4,4,0,4,-0.428571,0,0,0,0,-1,278,48,68,15.0,1.0,0.0,0,0,2,ATH,0.0,Africa,36,7,0,0,0,0,0,0,0
Sudan,2000,country,1960,2024,0.0,0.0,0.0,0.0,0.0,0.0,0.0,0.0,0.0,0.0,0.0,0.0,0.0,0.0,0.0,3,2,1,3,-0.25,0,0,0,0,-1,299,48,68,24.0,4.0,0.0,0,0,2,ATH,0.0,Africa,40,8,0,0,0,0,0,0,0
Sudan,2004,country,1960,2024,0.0,0.0,0.0,0.0,0.0,0.0,0.0,0.0,0.0,0.0,0.0,0.0,0.0,0.0,0.0,4,3,1,4,0.333333,0,0,0,0,-1,301,48,68,4.0,2.0,0.0,0,0,1,ATH,0.0,Africa,44,9,0,0,0,0,0,0,0
Sudan,2008,country,1960,2024,0.0,0.0,0.0,0.0,0.0,0.0,0.0,0.0,0.0,0.0,0.0,0.0,0.0,0.0,0.0,9,5,4,8,1.25,0,0,0,0,-1,302,48,68,5.0,4.0,0.005803,0,0,2,ATH,0.005803,Africa,48,10,0,0,0,1,0,1,1
Sudan,2012,country,1960,2024,0.0,1.0,0.0,1.0,1.0,0.0,0.0,0.0,0.0,0.0,0.0,0.0,0.0,0.0,0.0,6,4,2,5,-0.333333,0,0,0,0,-1,302,48,68,2.0,2.0,0.004062,0,0,2,ATH,0.004062,Africa,52,11,0,0,0,0,0,0,0
Sudan,2016,country,1960,2024,0.0,0.0,0.0,0.0,0.0,0.0,1.0,0.0,1.0,1.0,0.0,0.0,0.0,0.0,0.0,6,4,2,6,0.0,0,0,0,0,-1,306,48,68,5.0,1.0,0.002901,0,0,3,ATH,0.002901,Africa,56,12,0,0,0,0,0,0,0
Sudan,2020,country,1960,2024,0.0,0.0,0.0,0.0,0.0,0.0,0.0,0.0,0.0,0.0,0.0,1.0,0.0,1.0,1.0,5,3,2,5,-0.166667,0,0,0,0,-1,316,48,68,33.0,23.0,0.0,0,0,4,ATH,0.0,Africa,60,13,0,0,0,0,0,0,0
Sudan,2024,country,1960,2024,0.0,0.0,0.0,0.0,0.0,0.0,0.0,0.0,0.0,0.0,0.0,0.0,0.0,0.0,0.0,4,3,1,4,-0.2,0,0,0,0,-1,297,48,68,6.0,25.0,0.0,0,0,3,ATH,0.0,Africa,64,14,0,0,0,0,0,0,0
Suriname,1968,country,1968,2024,,,,,,,,,,,,,,,,1,1,0,1,,0,0,0,0,-1,174,47,67,14.0,4.0,0.0,0,0,1,ATH,0.0,Americas,0,1,0,0,0,0,0,0,0
Suriname,1972,country,1968,2024,0.0,0.0,0.0,0.0,0.0,,,,,,,,,,,3,3,0,3,2.0,0,0,0,0,-1,201,47,67,27.0,0.0,0.0,0,0,2,ATH,0.0,Americas,4,2,0,0,0,0,0,0,0
Suriname,1976,country,1968,2024,0.0,0.0,0.0,0.0,0.0,0.0,0.0,0.0,0.0,0.0,,,,,,4,4,0,4,0.333333,0,0,0,0,-1,199,48,68,8.0,10.0,0.0,0,0,2,ATH,0.0,Americas,8,3,0,0,0,0,0,0,0
Suriname,1980,country,1968,2024,0.0,0.0,0.0,0.0,0.0,0.0,0.0,0.0,0.0,0.0,0.0,0.0,0.0,0.0,0.0,0,0,0,0,,0,0,0,0,-1,204,47,67,6.0,1.0,,0,0,0,,,Americas,12,3,0,0,0,0,0,0,0
Suriname,1984,country,1968,2024,0.0,0.0,0.0,0.0,0.0,0.0,0.0,0.0,0.0,0.0,0.0,0.0,0.0,0.0,0.0,7,7,0,7,0.75,0,0,0,0,-1,225,46,66,21.0,0.0,0.0,0,0,3,ATH,0.0,Americas,16,4,0,0,0,0,0,0,0
Suriname,1988,country,1968,2024,0.0,0.0,0.0,0.0,0.0,0.0,0.0,0.0,0.0,0.0,0.0,0.0,0.0,0.0,0.0,10,6,4,10,0.428571,0,0,0,0,-1,243,47,67,19.0,1.0,0.018975,0,0,5,SWM,0.018975,Americas,20,5,0,0,1,0,0,1,1
Suriname,1992,country,1968,2024,1.0,0.0,0.0,1.0,1.0,0.0,0.0,0.0,0.0,0.0,0.0,0.0,0.0,0.0,0.0,9,7,2,7,-0.1,0,0,0,0,-1,265,48,68,23.0,1.0,0.016129,0,0,3,SWM,0.016129,Americas,24,6,0,0,0,0,1,1,1
Suriname,1996,country,1968,2024,0.0,0.0,1.0,1.0,1.0,1.0,0.0,0.0,1.0,1.0,0.0,0.0,0.0,0.0,0.0,11,6,5,11,0.222222,0,0,0,0,-1,278,48,68,15.0,1.0,0.011437,0,0,3,SWM,0.011437,Americas,28,7,0,0,0,0,0,0,0
Suriname,2000,country,1968,2024,0.0,0.0,0.0,0.0,0.0,0.0,0.0,1.0,1.0,1.0,1.0,0.0,0.0,1.0,1.0,5,2,3,5,-0.545455,0,0,0,0,-1,299,48,68,24.0,4.0,0.002933,0,0,2,SWM,0.002933,Americas,32,8,0,0,0,0,0,0,0
Suriname,2004,country,1968,2024,0.0,0.0,0.0,0.0,0.0,0.0,0.0,0.0,0.0,0.0,0.0,0.0,1.0,1.0,1.0,4,2,2,4,-0.2,0,0,0,0,-1,301,48,68,4.0,2.0,0.0,0,0,2,ATH,0.0,Americas,36,9,0,0,0,0,0,0,0
Suriname,2008,country,1968,2024,0.0,0.0,0.0,0.0,0.0,0.0,0.0,0.0,0.0,0.0,0.0,0.0,0.0,0.0,0.0,4,2,2,4,0.0,0,0,0,0,-1,302,48,68,5.0,4.0,0.0,0,0,2,ATH,0.0,Americas,40,10,0,0,0,0,0,0,0
Suriname,2012,country,1968,2024,0.0,0.0,0.0,0.0,0.0,0.0,0.0,0.0,0.0,0.0,0.0,0.0,0.0,0.0,0.0,5,3,2,5,0.25,0,0,0,0,-1,302,48,68,2.0,2.0,0.0,0,0,3,ATH,0.0,Americas,44,11,0,0,0,0,0,0,0
Suriname,2016,country,1968,2024,0.0,0.0,0.0,0.0,0.0,0.0,0.0,0.0,0.0,0.0,0.0,0.0,0.0,0.0,0.0,6,4,2,6,0.2,0,0,0,0,-1,306,48,68,5.0,1.0,0.0,0,0,4,ATH,0.0,Americas,48,12,0,0,0,0,0,0,0
Suriname,2020,country,1968,2024,0.0,0.0,0.0,0.0,0.0,0.0,0.0,0.0,0.0,0.0,0.0,0.0,0.0,0.0,0.0,5,5,0,5,-0.166667,0,0,0,0,-1,316,48,68,33.0,23.0,0.0,0,0,3,BDM,0.0,Americas,52,13,0,0,0,0,0,0,0
Suriname,2024,country,1968,2024,0.0,0.0,0.0,0.0,0.0,0.0,0.0,0.0,0.0,0.0,0.0,0.0,0.0,0.0,0.0,6,5,1,6,0.2,0,0,0,0,-1,297,48,68,6.0,25.0,0.0,0,0,4,ATH,0.0,Americas,56,14,0,0,0,0,0,0,0
Swaziland,1972,country,1972,2024,,,,,,,,,,,,,,,,4,4,0,4,,0,0,0,0,-1,201,47,67,27.0,0.0,0.0,0,0,2,ATH,0.0,Africa,0,1,0,0,0,0,0,0,0
Swaziland,1976,country,1972,2024,0.0,0.0,0.0,0.0,0.0,,,,,,,,,,,0,0,0,0,,0,0,0,0,-1,199,48,68,8.0,10.0,,0,0,0,,,Africa,4,1,0,0,0,0,0,0,0
Swaziland,1980,country,1972,2024,0.0,0.0,0.0,0.0,0.0,,,,,,,,,,,0,0,0,0,,0,0,0,0,-1,204,47,67,6.0,1.0,,0,0,0,,,Africa,8,1,0,0,0,0,0,0,0
Swaziland,1984,country,1972,2024,0.0,0.0,0.0,0.0,0.0,,,,,,,,,,,11,11,0,11,1.75,0,0,0,0,-1,225,46,66,21.0,0.0,0.0,0,0,4,ATH,0.0,Africa,12,2,0,0,0,0,0,0,0
Swaziland,1988,country,1972,2024,0.0,0.0,0.0,0.0,0.0,0.0,0.0,0.0,0.0,0.0,,,,,,15,15,0,11,0.363636,0,0,0,0,-1,243,47,67,19.0,1.0,0.0,0,0,4,ATH,0.0,Africa,16,3,0,0,0,0,0,0,0
Swaziland,1992,country,1972,2024,0.0,0.0,0.0,0.0,0.0,0.0,0.0,0.0,0.0,0.0,0.0,0.0,0.0,0.0,0.0,10,10,0,10,-0.333333,0,0,0,0,-1,265,48,68,23.0,1.0,0.0,0,0,2,ATH,0.0,Africa,20,4,0,0,0,0,0,0,0
Swaziland,1996,country,1972,2024,0.0,0.0,0.0,0.0,0.0,0.0,0.0,0.0,0.0,0.0,0.0,0.0,0.0,0.0,0.0,6,5,1,5,-0.4,0,0,0,0,-1,278,48,68,15.0,1.0,0.0,0,0,3,ATH,0.0,Africa,24,5,0,0,0,0,0,0,0
Swaziland,2000,country,1972,2024,0.0,0.0,0.0,0.0,0.0,0.0,0.0,0.0,0.0,0.0,0.0,0.0,0.0,0.0,0.0,6,4,2,6,0.0,0,0,0,0,-1,299,48,68,24.0,4.0,0.0,0,0,4,ATH,0.0,Africa,28,6,0,0,0,0,0,0,0
Swaziland,2004,country,1972,2024,0.0,0.0,0.0,0.0,0.0,0.0,0.0,0.0,0.0,0.0,0.0,0.0,0.0,0.0,0.0,3,2,1,3,-0.5,0,0,0,0,-1,301,48,68,4.0,2.0,0.0,0,0,2,ATH,0.0,Africa,32,7,0,0,0,0,0,0,0
Swaziland,2008,country,1972,2024,0.0,0.0,0.0,0.0,0.0,0.0,0.0,0.0,0.0,0.0,0.0,0.0,0.0,0.0,0.0,4,2,2,4,0.333333,0,0,0,0,-1,302,48,68,5.0,4.0,0.0,0,0,2,ATH,0.0,Africa,36,8,0,0,0,0,0,0,0
Swaziland,2012,country,1972,2024,0.0,0.0,0.0,0.0,0.0,0.0,0.0,0.0,0.0,0.0,0.0,0.0,0.0,0.0,0.0,3,2,1,3,-0.25,0,0,0,0,-1,302,48,68,2.0,2.0,0.0,0,0,2,ATH,0.0,Africa,40,9,0,0,0,0,0,0,0
Swaziland,2016,country,1972,2024,0.0,0.0,0.0,0.0,0.0,0.0,0.0,0.0,0.0,0.0,0.0,0.0,0.0,0.0,0.0,2,1,1,2,-0.333333,0,0,0,0,-1,306,48,68,5.0,1.0,0.0,0,0,1,ATH,0.0,Africa,44,10,0,0,0,0,0,0,0
Swaziland,2020,country,1972,2024,0.0,0.0,0.0,0.0,0.0,0.0,0.0,0.0,0.0,0.0,0.0,0.0,0.0,0.0,0.0,4,3,1,4,1.0,0,0,0,0,-1,316,48,68,33.0,23.0,0.0,0,0,3,ATH,0.0,Africa,48,11,0,0,0,0,0,0,0
Swaziland,2024,country,1972,2024,0.0,0.0,0.0,0.0,0.0,0.0,0.0,0.0,0.0,0.0,0.0,0.0,0.0,0.0,0.0,3,2,1,3,-0.25,0,0,0,0,-1,297,48,68,6.0,25.0,0.0,0,0,2,ATH,0.0,Africa,52,12,0,0,0,0,0,0,0
Sweden,1896,country,1896,2024,,,,,,,,,,,,,,,,5,5,0,5,,0,0,0,0,-1,44,47,66,,,0.0,0,0,2,ATH,0.0,Europe,0,1,0,0,0,0,0,0,0
Sweden,1900,country,1896,2024,0.0,0.0,0.0,0.0,0.0,,,,,,,,,,,27,27,0,16,4.4,0,0,0,0,-1,97,47,66,65.0,12.0,0.510695,0,0,4,TOW,0.5,Europe,4,2,0,0,1,0,1,2,1
Sweden,1904,country,1896,2024,1.0,0.0,1.0,2.0,1.0,0.0,0.0,0.0,0.0,0.0,,,,,,0,0,0,0,,0,0,0,0,-1,95,48,67,36.0,38.0,,0,0,0,,,Europe,8,2,0,0,0,0,0,0,0
Sweden,1908,country,1896,2024,1.0,0.0,1.0,2.0,1.0,0.0,0.0,0.0,0.0,0.0,,,,,,269,266,3,67,8.962963,0,1,0,1,-1,104,48,67,35.0,26.0,3.1515649999999997,0,0,14,DIV,0.933333,Europe,12,3,1,1,8,6,11,25,1
Sweden,1912,country,1896,2024,8.0,6.0,11.0,25.0,1.0,1.0,0.0,1.0,2.0,1.0,0.0,0.0,0.0,0.0,0.0,704,666,38,95,1.6171,1,0,0,2,-1,102,48,67,25.0,28.0,10.663124,2,2,14,EDR,2.0,Europe,16,4,1,3,24,24,17,65,1
Sweden,1920,country,1896,2024,24.0,24.0,17.0,65.0,1.0,8.0,6.0,11.0,25.0,1.0,1.0,0.0,1.0,2.0,1.0,404,381,23,100,-0.426136,0,0,1,3,8,156,48,67,58.0,4.0,10.599065,2,1,17,EDR,2.0,Europe,24,5,1,1,19,20,25,64,1
Sweden,1924,country,1896,2024,19.0,20.0,25.0,64.0,1.0,24.0,24.0,17.0,65.0,1.0,8.0,6.0,11.0,25.0,1.0,252,226,26,84,-0.376238,0,0,0,0,12,126,45,62,12.0,42.0,8.372106,1,1,16,MPN,2.0,Europe,28,6,1,1,4,13,12,29,1
Sweden,1928,country,1896,2024,4.0,13.0,12.0,29.0,1.0,19.0,20.0,25.0,64.0,1.0,24.0,24.0,17.0,65.0,1.0,139,121,18,66,-0.448413,0,0,0,0,16,110,48,68,3.0,19.0,5.8137609999999995,0,2,12,MPN,1.818182,Europe,32,7,0,0,7,6,12,25,1
Sweden,1932,country,1896,2024,7.0,6.0,12.0,25.0,1.0,4.0,13.0,12.0,29.0,1.0,19.0,20.0,25.0,64.0,1.0,106,103,3,51,-0.23741,0,0,0,0,20,127,48,67,18.0,1.0,5.158592,0,1,13,MPN,1.690909,Europe,36,8,0,0,10,5,9,24,1
Sweden,1936,country,1896,2024,10.0,5.0,9.0,24.0,1.0,7.0,6.0,12.0,25.0,1.0,4.0,13.0,12.0,29.0,1.0,206,198,8,84,0.943396,0,0,0,0,24,129,48,67,4.0,2.0,3.8098140000000003,0,0,20,MPN,0.872727,Europe,40,9,0,0,6,5,10,21,1
Sweden,1948,country,1896,2024,6.0,5.0,10.0,21.0,1.0,10.0,5.0,9.0,24.0,1.0,7.0,6.0,12.0,25.0,1.0,223,198,25,100,0.082524,0,0,0,0,36,136,48,68,9.0,2.0,4.674051,0,1,19,MPN,1.0,Europe,52,10,0,0,17,11,18,46,1
Sweden,1952,country,1896,2024,17.0,11.0,18.0,46.0,1.0,6.0,5.0,10.0,21.0,1.0,10.0,5.0,9.0,24.0,1.0,355,275,80,124,0.591928,0,0,0,0,40,149,48,68,12.0,0.0,4.664249,0,0,21,MPN,0.809091,Europe,56,11,0,0,12,13,10,35,1
Sweden,1956,country,1896,2024,12.0,13.0,10.0,35.0,1.0,17.0,11.0,18.0,46.0,1.0,6.0,5.0,10.0,21.0,1.0,186,130,56,80,-0.476056,0,0,0,0,44,149,48,68,2.0,2.0,4.026929,0,0,18,EDR,0.818182,Europe,60,12,0,0,8,5,6,19,1
Sweden,1960,country,1896,2024,8.0,5.0,6.0,19.0,1.0,12.0,13.0,10.0,35.0,1.0,17.0,11.0,18.0,46.0,1.0,258,203,55,100,0.387097,0,0,0,0,48,152,48,67,6.0,3.0,2.261526,0,0,18,EDR,0.545455,Europe,64,13,0,0,1,2,3,6,1
Sweden,1964,country,1896,2024,1.0,2.0,3.0,6.0,1.0,8.0,5.0,6.0,19.0,1.0,12.0,13.0,10.0,35.0,1.0,175,122,53,72,-0.321705,0,0,0,0,52,164,47,67,12.0,0.0,1.078982,0,0,14,CSP,0.244012,Europe,68,14,0,0,2,2,4,8,1
Sweden,1968,country,1896,2024,2.0,2.0,4.0,8.0,1.0,1.0,2.0,3.0,6.0,1.0,8.0,5.0,6.0,19.0,1.0,186,150,36,95,0.062857,0,0,0,0,56,174,47,67,14.0,4.0,0.888113,0,0,15,CRD,0.290909,Europe,72,15,0,0,2,1,1,4,1
Sweden,1972,country,1896,2024,2.0,1.0,1.0,4.0,1.0,2.0,2.0,4.0,8.0,1.0,1.0,2.0,3.0,6.0,1.0,186,136,50,90,0.0,0,0,0,0,60,201,47,67,27.0,0.0,1.68292,0,0,21,ARC,0.3,Europe,76,16,0,0,4,6,6,16,1
Sweden,1976,country,1896,2024,4.0,6.0,6.0,16.0,1.0,2.0,1.0,1.0,4.0,1.0,2.0,2.0,4.0,8.0,1.0,163,131,32,90,-0.123656,0,0,0,0,64,199,48,68,8.0,10.0,1.171563,0,0,17,CRD,0.340909,Europe,80,17,0,0,4,1,0,5,1
Sweden,1980,country,1896,2024,4.0,1.0,0.0,5.0,1.0,4.0,6.0,6.0,16.0,1.0,2.0,1.0,1.0,4.0,1.0,201,156,45,102,0.233129,0,0,0,0,68,204,47,67,6.0,1.0,0.957949,0,0,19,CRD,0.159091,Europe,84,18,0,0,3,3,6,12,1
Sweden,1984,country,1896,2024,3.0,3.0,6.0,12.0,1.0,4.0,1.0,0.0,5.0,1.0,4.0,6.0,6.0,16.0,1.0,254,185,69,138,0.263682,0,0,0,0,72,225,46,66,21.0,0.0,1.14264,0,0,22,EDR,0.2,Europe,88,19,0,0,2,11,6,19,1
Sweden,1988,country,1896,2024,2.0,11.0,6.0,19.0,1.0,3.0,3.0,6.0,12.0,1.0,4.0,1.0,0.0,5.0,1.0,251,193,58,113,-0.011811,0,0,0,0,76,243,47,67,19.0,1.0,0.9687,0,0,24,MPN,0.140909,Europe,92,20,1,1,0,4,7,11,1
Sweden,1992,country,1896,2024,0.0,4.0,7.0,11.0,1.0,2.0,11.0,6.0,19.0,1.0,3.0,3.0,6.0,12.0,1.0,252,184,68,121,0.003984,0,0,0,0,80,265,48,68,23.0,1.0,0.926556,0,0,25,TTE,0.188235,Europe,96,21,1,2,1,7,4,12,1
Sweden,1996,country,1896,2024,1.0,7.0,4.0,12.0,1.0,0.0,4.0,7.0,11.0,1.0,2.0,11.0,6.0,19.0,1.0,233,140,93,109,-0.075397,0,0,0,0,84,278,48,68,15.0,1.0,0.735827,0,0,26,HBL,0.231818,Europe,100,22,1,2,2,4,2,8,1
Sweden,2000,country,1896,2024,2.0,4.0,2.0,8.0,1.0,1.0,7.0,4.0,12.0,1.0,0.0,4.0,7.0,11.0,1.0,198,123,75,92,-0.150215,0,0,0,0,88,299,48,68,24.0,4.0,0.8206899999999999,0,0,24,HBL,0.3,Europe,104,23,1,1,4,5,3,12,1
Sweden,2004,country,1896,2024,4.0,5.0,3.0,12.0,1.0,2.0,4.0,2.0,8.0,1.0,1.0,7.0,4.0,12.0,1.0,157,82,75,79,-0.207071,0,0,0,0,92,301,48,68,4.0,2.0,0.533495,0,0,24,EJP,0.136364,Europe,108,24,1,1,4,2,1,7,1
Sweden,2008,country,1896,2024,4.0,2.0,1.0,7.0,1.0,4.0,5.0,3.0,12.0,1.0,2.0,4.0,2.0,8.0,1.0,169,72,97,81,0.076433,0,0,0,0,96,302,48,68,5.0,4.0,0.768544,0,0,24,EJP,0.231818,Europe,112,25,1,1,0,4,1,5,1
Sweden,2012,country,1896,2024,0.0,4.0,1.0,5.0,1.0,4.0,2.0,1.0,7.0,1.0,4.0,5.0,3.0,12.0,1.0,168,66,102,81,-0.005917,0,0,0,0,100,302,48,68,2.0,2.0,0.976993,0,0,25,HBL,0.176471,Europe,116,26,0,0,1,4,3,8,1
Sweden,2016,country,1896,2024,1.0,4.0,3.0,8.0,1.0,0.0,4.0,1.0,5.0,1.0,4.0,2.0,1.0,7.0,1.0,186,74,112,79,0.107143,0,0,0,0,104,306,48,68,5.0,1.0,1.468182,0,0,27,GLF,0.3,Europe,120,27,0,0,2,6,3,11,1
Sweden,2020,country,1896,2024,2.0,6.0,3.0,11.0,1.0,1.0,4.0,3.0,8.0,1.0,0.0,4.0,1.0,5.0,1.0,173,72,101,77,-0.069892,0,0,0,0,108,316,48,68,33.0,23.0,1.292105,0,0,25,EJP,0.459091,Europe,124,28,0,0,3,6,0,9,1
Sweden,2024,country,1896,2024,3.0,6.0,0.0,9.0,1.0,2.0,6.0,3.0,11.0,1.0,1.0,4.0,3.0,8.0,1.0,173,80,93,81,0.0,0,0,0,0,112,297,48,68,6.0,25.0,1.450866,0,0,22,VBV,0.5,Europe,128,29,0,0,4,4,3,11,1
Switzerland,1896,country,1896,2024,,,,,,,,,,,,,,,,8,8,0,5,,0,0,0,0,-1,44,47,66,,,0.325,0,0,2,GAR,0.325,Europe,0,1,0,0,1,2,0,3,1
Switzerland,1900,country,1896,2024,1.0,2.0,0.0,3.0,1.0,,,,,,,,,,,47,45,2,14,4.875,0,0,0,0,-1,97,47,66,65.0,12.0,0.655813,0,0,4,SHO,0.436275,Europe,4,2,0,0,5,2,1,8,1
Switzerland,1904,country,1896,2024,5.0,2.0,1.0,8.0,1.0,1.0,2.0,0.0,3.0,1.0,,,,,,7,7,0,4,-0.851064,0,0,0,0,-1,95,48,67,36.0,38.0,0.181123,0,0,2,GAR,0.12398,Europe,8,3,0,0,1,0,2,3,1
Switzerland,1908,country,1896,2024,1.0,0.0,2.0,3.0,1.0,5.0,2.0,1.0,8.0,1.0,1.0,2.0,0.0,3.0,1.0,1,1,0,1,-0.857143,0,0,0,0,-1,104,48,67,35.0,26.0,0.0,0,0,1,ATH,0.0,Europe,12,4,0,0,0,0,0,0,0
Switzerland,1912,country,1896,2024,0.0,0.0,0.0,0.0,0.0,1.0,0.0,2.0,3.0,1.0,5.0,2.0,1.0,8.0,1.0,7,7,0,3,6.0,0,0,0,0,-1,102,48,67,25.0,28.0,0.0,0,0,1,ATH,0.0,Europe,16,5,0,0,1,0,0,1,1
Switzerland,1920,country,1896,2024,1.0,0.0,0.0,1.0,1.0,0.0,0.0,0.0,0.0,0.0,1.0,0.0,2.0,3.0,1.0,126,126,0,45,17.0,0,0,0,0,-1,156,48,67,58.0,4.0,0.895238,0,0,11,WRF,0.32,Europe,24,6,0,0,2,2,7,11,1
Switzerland,1924,country,1896,2024,2.0,2.0,7.0,11.0,1.0,1.0,0.0,0.0,1.0,1.0,0.0,0.0,0.0,0.0,0.0,260,255,5,74,1.063492,0,0,0,0,-1,126,45,62,12.0,42.0,2.990323,0,0,20,EJP,0.8,Europe,28,7,1,1,7,8,10,25,1
Switzerland,1928,country,1896,2024,7.0,8.0,10.0,25.0,1.0,2.0,2.0,7.0,11.0,1.0,1.0,0.0,0.0,1.0,1.0,218,217,1,70,-0.161538,0,0,0,0,-1,110,48,68,3.0,19.0,2.212584,0,0,18,GAR,0.716013,Europe,32,8,0,0,7,6,4,17,1
Switzerland,1932,country,1896,2024,7.0,6.0,4.0,17.0,1.0,7.0,8.0,10.0,25.0,1.0,2.0,2.0,7.0,11.0,1.0,9,9,0,9,-0.958716,0,0,0,0,-1,127,48,67,18.0,1.0,0.42441500000000004,0,0,3,GAR,0.414314,Europe,36,9,0,0,0,1,0,1,1
Switzerland,1936,country,1896,2024,0.0,1.0,0.0,1.0,1.0,7.0,6.0,4.0,17.0,1.0,7.0,8.0,10.0,25.0,1.0,289,283,6,102,31.111111,0,0,0,0,-1,129,48,67,4.0,2.0,1.560977,0,0,22,GAR,0.484906,Europe,40,10,0,0,4,9,5,18,1
Switzerland,1948,country,1896,2024,4.0,9.0,5.0,18.0,1.0,0.0,1.0,0.0,1.0,1.0,7.0,6.0,4.0,17.0,1.0,275,266,9,98,-0.048443,0,0,0,0,-1,136,48,68,9.0,2.0,1.730481,0,0,21,GAR,0.508558,Europe,52,11,0,0,5,11,4,20,1
Switzerland,1952,country,1896,2024,5.0,11.0,4.0,20.0,1.0,4.0,9.0,5.0,18.0,1.0,0.0,1.0,0.0,1.0,1.0,251,239,12,96,-0.087273,0,0,0,0,-1,149,48,68,12.0,0.0,1.4183270000000001,0,0,20,GAR,0.48465,Europe,56,12,0,0,2,6,6,14,1
Switzerland,1956,country,1896,2024,2.0,6.0,6.0,14.0,1.0,5.0,11.0,4.0,20.0,1.0,4.0,9.0,5.0,18.0,1.0,18,18,0,6,-0.928287,0,0,0,0,-1,149,48,68,2.0,2.0,0.3,0,0,3,EDR,0.3,Europe,60,13,0,0,0,0,1,1,1
Switzerland,1960,country,1896,2024,0.0,0.0,1.0,1.0,1.0,2.0,6.0,6.0,14.0,1.0,5.0,11.0,4.0,20.0,1.0,221,219,2,90,11.277778,0,0,0,0,-1,152,48,67,6.0,3.0,1.009002,0,0,20,EDR,0.404545,Europe,64,14,0,0,0,3,3,6,1
Switzerland,1964,country,1896,2024,0.0,3.0,3.0,6.0,1.0,0.0,0.0,1.0,1.0,1.0,2.0,6.0,6.0,14.0,1.0,129,127,2,51,-0.41629,0,0,0,0,-1,164,47,67,12.0,0.0,0.8812599999999999,0,0,15,EDR,0.6,Europe,68,15,0,0,1,2,1,4,1
Switzerland,1968,country,1896,2024,1.0,2.0,1.0,4.0,1.0,0.0,3.0,3.0,6.0,1.0,0.0,0.0,1.0,1.0,1.0,155,147,8,68,0.20155,0,0,0,0,-1,174,47,67,14.0,4.0,0.7137220000000001,0,0,15,EDR,0.481818,Europe,72,16,0,0,0,1,4,5,1
Switzerland,1972,country,1896,2024,0.0,1.0,4.0,5.0,1.0,1.0,2.0,1.0,4.0,1.0,0.0,3.0,3.0,6.0,1.0,265,189,76,116,0.709677,0,0,0,0,-1,201,47,67,27.0,0.0,0.559569,0,0,21,EDR,0.245455,Europe,76,17,0,0,0,3,0,3,1
Switzerland,1976,country,1896,2024,0.0,3.0,0.0,3.0,1.0,0.0,1.0,4.0,5.0,1.0,1.0,2.0,1.0,4.0,1.0,101,96,5,41,-0.618868,0,0,0,0,-1,199,48,68,8.0,10.0,0.612174,0,0,14,EDR,0.409091,Europe,80,18,0,0,1,1,2,4,1
Switzerland,1980,country,1896,2024,1.0,1.0,2.0,4.0,1.0,0.0,3.0,0.0,3.0,1.0,0.0,1.0,4.0,5.0,1.0,86,77,9,45,-0.148515,0,0,0,0,-1,204,47,67,6.0,1.0,0.22781400000000002,0,0,11,CTR,0.140909,Europe,84,19,0,0,2,0,0,2,1
Switzerland,1984,country,1896,2024,2.0,0.0,0.0,2.0,1.0,1.0,1.0,2.0,4.0,1.0,0.0,3.0,0.0,3.0,1.0,245,176,69,91,1.848837,0,0,0,0,-1,225,46,66,21.0,0.0,1.057088,0,0,22,EDR,0.6,Europe,88,20,0,0,0,4,4,8,1
Switzerland,1988,country,1896,2024,0.0,4.0,4.0,8.0,1.0,2.0,0.0,0.0,2.0,1.0,1.0,1.0,2.0,4.0,1.0,151,114,37,83,-0.383673,0,0,0,0,-1,243,47,67,19.0,1.0,0.802902,0,0,20,EDR,0.5,Europe,92,21,0,0,0,2,2,4,1
Switzerland,1992,country,1896,2024,0.0,2.0,2.0,4.0,1.0,0.0,4.0,4.0,8.0,1.0,2.0,0.0,0.0,2.0,1.0,171,128,43,80,0.13245,0,0,0,0,-1,265,48,68,23.0,1.0,0.555241,0,0,21,EDR,0.272727,Europe,96,22,0,0,1,0,0,1,1
Switzerland,1996,country,1896,2024,1.0,0.0,0.0,1.0,1.0,0.0,2.0,2.0,4.0,1.0,0.0,4.0,4.0,8.0,1.0,172,102,70,83,0.005848,0,0,0,0,-1,278,48,68,15.0,1.0,0.875165,0,0,23,MTB,0.3,Europe,100,23,0,0,4,3,0,7,1
Switzerland,2000,country,1896,2024,4.0,3.0,0.0,7.0,1.0,1.0,0.0,0.0,1.0,1.0,0.0,2.0,2.0,4.0,1.0,138,83,55,82,-0.197674,0,0,0,0,-1,299,48,68,24.0,4.0,1.659987,0,0,24,TRI,0.7,Europe,104,24,0,0,1,6,2,9,1
Switzerland,2004,country,1896,2024,1.0,6.0,2.0,9.0,1.0,4.0,3.0,0.0,7.0,1.0,1.0,0.0,0.0,1.0,1.0,138,80,58,83,0.0,0,0,0,0,-1,301,48,68,4.0,2.0,1.2080060000000001,0,0,25,TRI,0.405882,Europe,108,25,1,1,1,1,3,5,1
Switzerland,2008,country,1896,2024,1.0,1.0,3.0,5.0,1.0,1.0,6.0,2.0,9.0,1.0,4.0,3.0,0.0,7.0,1.0,116,68,48,75,-0.15942,0,0,0,0,-1,302,48,68,5.0,4.0,1.1219810000000001,0,0,24,CRD,0.259091,Europe,112,26,1,1,2,1,4,7,1
Switzerland,2012,country,1896,2024,2.0,1.0,4.0,7.0,1.0,1.0,1.0,3.0,5.0,1.0,1.0,6.0,2.0,9.0,1.0,126,89,37,71,0.086207,0,0,0,0,-1,302,48,68,2.0,2.0,1.152272,0,0,21,EJP,0.290909,Europe,116,27,1,1,2,2,0,4,1
Switzerland,2016,country,1896,2024,2.0,2.0,0.0,4.0,1.0,2.0,1.0,4.0,7.0,1.0,1.0,1.0,3.0,5.0,1.0,152,91,61,80,0.206349,0,0,0,0,-1,306,48,68,5.0,1.0,1.3058230000000002,0,0,23,MTB,0.368182,Europe,120,28,1,1,3,2,2,7,1
Switzerland,2020,country,1896,2024,3.0,2.0,2.0,7.0,1.0,2.0,2.0,0.0,4.0,1.0,2.0,1.0,4.0,7.0,1.0,196,116,80,96,0.289474,0,0,0,0,-1,316,48,68,33.0,23.0,1.8835709999999999,0,0,25,MTB,0.818182,Europe,124,29,0,0,3,4,6,13,1
Switzerland,2024,country,1896,2024,3.0,4.0,6.0,13.0,1.0,3.0,2.0,2.0,7.0,1.0,2.0,2.0,0.0,4.0,1.0,218,130,88,94,0.112245,0,0,0,0,-1,297,48,68,6.0,25.0,1.465568,0,0,24,MTB,0.527273,Europe,128,30,0,0,1,2,4,7,1
Syria,1948,country,1948,2024,,,,,,,,,,,,,,,,1,1,0,1,,0,0,0,0,-1,136,48,68,9.0,2.0,0.0,0,0,1,DIV,0.0,Asia,0,1,0,0,0,0,0,0,0
Syria,1952,country,1948,2024,0.0,0.0,0.0,0.0,0.0,,,,,,,,,,,0,0,0,0,,0,0,0,0,-1,149,48,68,12.0,0.0,,0,0,0,,,Asia,4,1,0,0,0,0,0,0,0
Syria,1956,country,1948,2024,0.0,0.0,0.0,0.0,0.0,,,,,,,,,,,0,0,0,0,,0,0,0,0,-1,149,48,68,2.0,2.0,,0,0,0,,,Asia,8,1,0,0,0,0,0,0,0
Syria,1960,country,1948,2024,0.0,0.0,0.0,0.0,0.0,,,,,,,,,,,0,0,0,0,,0,0,0,0,-1,152,48,67,6.0,3.0,,0,0,0,,,Asia,12,1,0,0,0,0,0,0,0
Syria,1964,country,1948,2024,0.0,0.0,0.0,0.0,0.0,,,,,,,,,,,0,0,0,0,,0,0,0,0,-1,164,47,67,12.0,0.0,,0,0,0,,,Asia,16,1,0,0,0,0,0,0,0
Syria,1968,country,1948,2024,0.0,0.0,0.0,0.0,0.0,,,,,,,,,,,2,2,0,2,1.0,0,0,0,0,-1,174,47,67,14.0,4.0,0.0,0,0,1,WRG,0.0,Asia,20,2,0,0,0,0,0,0,0
Syria,1972,country,1948,2024,0.0,0.0,0.0,0.0,0.0,0.0,0.0,0.0,0.0,0.0,,,,,,5,4,1,4,1.5,0,0,0,0,-1,201,47,67,27.0,0.0,0.0,0,0,3,ATH,0.0,Asia,24,3,0,0,0,0,0,0,0
Syria,1976,country,1948,2024,0.0,0.0,0.0,0.0,0.0,0.0,0.0,0.0,0.0,0.0,0.0,0.0,0.0,0.0,0.0,0,0,0,0,,0,0,0,0,-1,199,48,68,8.0,10.0,,0,0,0,,,Asia,28,3,0,0,0,0,0,0,0
Syria,1980,country,1948,2024,0.0,0.0,0.0,0.0,0.0,0.0,0.0,0.0,0.0,0.0,0.0,0.0,0.0,0.0,0.0,71,68,3,55,13.2,0,0,0,0,-1,204,47,67,6.0,1.0,0.0,0,0,8,ATH,0.0,Asia,32,4,0,0,0,0,0,0,0
Syria,1984,country,1948,2024,0.0,0.0,0.0,0.0,0.0,0.0,0.0,0.0,0.0,0.0,0.0,0.0,0.0,0.0,0.0,9,9,0,9,-0.873239,0,0,0,0,-1,225,46,66,21.0,0.0,0.035294,0,0,6,WRF,0.035294,Asia,36,5,0,0,0,1,0,1,1
Syria,1988,country,1948,2024,0.0,1.0,0.0,1.0,1.0,0.0,0.0,0.0,0.0,0.0,0.0,0.0,0.0,0.0,0.0,13,13,0,13,0.444444,0,0,0,0,-1,243,47,67,19.0,1.0,0.019091,0,0,5,WRF,0.019091,Asia,40,6,0,0,0,0,0,0,0
Syria,1992,country,1948,2024,0.0,0.0,0.0,0.0,0.0,0.0,1.0,0.0,1.0,1.0,0.0,0.0,0.0,0.0,0.0,9,8,1,9,-0.307692,0,0,0,0,-1,265,48,68,23.0,1.0,0.013636,0,0,5,WRF,0.013636,Asia,44,7,0,0,0,0,0,0,0
Syria,1996,country,1948,2024,0.0,0.0,0.0,0.0,0.0,0.0,0.0,0.0,0.0,0.0,0.0,1.0,0.0,1.0,1.0,8,7,1,8,-0.111111,0,0,0,0,-1,278,48,68,15.0,1.0,0.010331,0,0,6,ATH,0.010331,Asia,48,8,0,0,1,0,0,1,1
Syria,2000,country,1948,2024,1.0,0.0,0.0,1.0,1.0,0.0,0.0,0.0,0.0,0.0,0.0,0.0,0.0,0.0,0.0,8,6,2,7,0.0,0,0,0,0,-1,299,48,68,24.0,4.0,0.007231,0,0,4,ATH,0.007231,Asia,52,9,0,0,0,0,0,0,0
Syria,2004,country,1948,2024,0.0,0.0,0.0,0.0,0.0,1.0,0.0,0.0,1.0,1.0,0.0,0.0,0.0,0.0,0.0,6,5,1,6,-0.25,0,0,0,0,-1,301,48,68,4.0,2.0,0.013429,0,0,5,BOX,0.008264,Asia,56,10,0,0,0,0,1,1,1
Syria,2008,country,1948,2024,0.0,0.0,1.0,1.0,1.0,0.0,0.0,0.0,0.0,0.0,1.0,0.0,0.0,1.0,1.0,7,6,1,7,0.166667,0,0,0,0,-1,302,48,68,5.0,4.0,0.0,0,0,5,ATH,0.0,Asia,60,11,0,0,0,0,0,0,0
Syria,2012,country,1948,2024,0.0,0.0,0.0,0.0,0.0,0.0,0.0,1.0,1.0,1.0,0.0,0.0,0.0,0.0,0.0,10,6,4,10,0.428571,0,0,0,0,-1,302,48,68,2.0,2.0,0.006061,0,0,7,BOX,0.006061,Asia,64,12,0,0,0,0,0,0,0
Syria,2016,country,1948,2024,0.0,0.0,0.0,0.0,0.0,0.0,0.0,0.0,0.0,0.0,0.0,0.0,1.0,1.0,1.0,7,4,3,7,-0.3,0,0,0,0,-1,306,48,68,5.0,1.0,0.0,0,0,5,ATH,0.0,Asia,68,13,0,0,0,0,0,0,0
Syria,2020,country,1948,2024,0.0,0.0,0.0,0.0,0.0,0.0,0.0,0.0,0.0,0.0,0.0,0.0,0.0,0.0,0.0,6,5,1,6,-0.142857,0,0,0,0,-1,316,48,68,33.0,23.0,0.012987,0,0,6,WLF,0.012987,Asia,72,14,0,0,0,0,1,1,1
Syria,2024,country,1948,2024,0.0,0.0,1.0,1.0,1.0,0.0,0.0,0.0,0.0,0.0,0.0,0.0,0.0,0.0,0.0,10,9,1,10,0.666667,0,0,0,0,-1,297,48,68,6.0,25.0,0.009091,0,0,6,WLF,0.009091,Asia,76,15,0,0,0,0,0,0,0
São Tomé and Príncipe,1996,country,1996,2024,,,,,,,,,,,,,,,,2,1,1,2,,0,0,0,0,-1,278,48,68,15.0,1.0,0.0,0,0,1,ATH,0.0,Africa,0,1,0,0,0,0,0,0,0
São Tomé and Príncipe,2000,country,1996,2024,0.0,0.0,0.0,0.0,0.0,,,,,,,,,,,2,1,1,2,0.0,0,0,0,0,-1,299,48,68,24.0,4.0,0.0,0,0,1,ATH,0.0,Africa,4,2,0,0,0,0,0,0,0
São Tomé and Príncipe,2004,country,1996,2024,0.0,0.0,0.0,0.0,0.0,0.0,0.0,0.0,0.0,0.0,,,,,,2,1,1,2,0.0,0,0,0,0,-1,301,48,68,4.0,2.0,0.0,0,0,1,ATH,0.0,Africa,8,3,0,0,0,0,0,0,0
São Tomé and Príncipe,2008,country,1996,2024,0.0,0.0,0.0,0.0,0.0,0.0,0.0,0.0,0.0,0.0,0.0,0.0,0.0,0.0,0.0,4,3,1,4,1.0,0,0,0,0,-1,302,48,68,5.0,4.0,0.0,0,0,2,ATH,0.0,Africa,12,4,0,0,0,0,0,0,0
São Tomé and Príncipe,2012,country,1996,2024,0.0,0.0,0.0,0.0,0.0,0.0,0.0,0.0,0.0,0.0,0.0,0.0,0.0,0.0,0.0,2,1,1,2,-0.5,0,0,0,0,-1,302,48,68,2.0,2.0,0.0,0,0,1,ATH,0.0,Africa,16,5,0,0,0,0,0,0,0
São Tomé and Príncipe,2016,country,1996,2024,0.0,0.0,0.0,0.0,0.0,0.0,0.0,0.0,0.0,0.0,0.0,0.0,0.0,0.0,0.0,3,2,1,3,0.5,0,0,0,0,-1,306,48,68,5.0,1.0,0.0,0,0,2,ATH,0.0,Africa,20,6,0,0,0,0,0,0,0
São Tomé and Príncipe,2020,country,1996,2024,0.0,0.0,0.0,0.0,0.0,0.0,0.0,0.0,0.0,0.0,0.0,0.0,0.0,0.0,0.0,5,4,1,3,0.666667,0,0,0,0,-1,316,48,68,33.0,23.0,0.0,0,0,2,ATH,0.0,Africa,24,7,0,0,0,0,0,0,0
São Tomé and Príncipe,2024,country,1996,2024,0.0,0.0,0.0,0.0,0.0,0.0,0.0,0.0,0.0,0.0,0.0,0.0,0.0,0.0,0.0,3,1,2,3,-0.4,0,0,0,0,-1,297,48,68,6.0,25.0,0.0,0,0,3,ATH,0.0,Africa,28,8,0,0,0,0,0,0,0
Tajikistan,1996,country,1996,2024,,,,,,,,,,,,,,,,8,6,2,8,,0,0,0,0,-1,278,48,68,15.0,1.0,0.0,0,0,5,ATH,0.0,Asia,0,1,0,0,0,0,0,0,0
Tajikistan,2000,country,1996,2024,0.0,0.0,0.0,0.0,0.0,,,,,,,,,,,4,2,2,4,-0.5,0,0,0,0,-1,299,48,68,24.0,4.0,0.0,0,0,2,ATH,0.0,Asia,4,2,0,0,0,0,0,0,0
Tajikistan,2004,country,1996,2024,0.0,0.0,0.0,0.0,0.0,0.0,0.0,0.0,0.0,0.0,,,,,,9,5,4,9,1.25,0,0,0,0,-1,301,48,68,4.0,2.0,0.0,0,0,5,ARC,0.0,Asia,8,3,0,0,0,0,0,0,0
Tajikistan,2008,country,1996,2024,0.0,0.0,0.0,0.0,0.0,0.0,0.0,0.0,0.0,0.0,0.0,0.0,0.0,0.0,0.0,16,13,3,16,0.777778,0,0,0,0,-1,302,48,68,5.0,4.0,0.046372000000000003,0,0,8,WRF,0.032086,Asia,12,4,0,0,0,1,1,2,1
Tajikistan,2012,country,1996,2024,0.0,1.0,1.0,2.0,1.0,0.0,0.0,0.0,0.0,0.0,0.0,0.0,0.0,0.0,0.0,16,13,3,16,0.0,0,0,0,0,-1,302,48,68,2.0,2.0,0.03023,0,0,7,WRF,0.017355,Asia,16,5,0,0,0,0,1,1,1
Tajikistan,2016,country,1996,2024,0.0,0.0,1.0,1.0,1.0,0.0,1.0,1.0,2.0,1.0,0.0,0.0,0.0,0.0,0.0,7,5,2,7,-0.5625,0,0,0,0,-1,306,48,68,5.0,1.0,0.017813000000000002,0,0,4,ATH,0.009671,Asia,20,6,0,0,1,0,0,1,1
Tajikistan,2020,country,1996,2024,1.0,0.0,0.0,1.0,1.0,0.0,0.0,1.0,1.0,1.0,0.0,1.0,1.0,2.0,1.0,10,9,1,10,0.428571,0,0,0,0,-1,316,48,68,33.0,23.0,0.010267,0,0,4,ATH,0.00677,Asia,24,7,0,0,0,0,0,0,0
Tajikistan,2024,country,1996,2024,0.0,0.0,0.0,0.0,0.0,1.0,0.0,0.0,1.0,1.0,0.0,0.0,1.0,1.0,1.0,14,11,3,14,0.4,0,0,0,0,-1,297,48,68,6.0,25.0,0.02395,0,0,6,JUD,0.012121,Asia,28,8,0,0,0,0,3,3,1
Tanzania,1964,country,1964,2024,,,,,,,,,,,,,,,,4,4,0,4,,0,0,0,0,-1,164,47,67,12.0,0.0,0.0,0,0,1,ATH,0.0,Africa,0,1,0,0,0,0,0,0,0
Tanzania,1968,country,1964,2024,0.0,0.0,0.0,0.0,0.0,,,,,,,,,,,5,5,0,5,0.25,0,0,0,0,-1,174,47,67,14.0,4.0,0.0,0,0,2,ATH,0.0,Africa,4,2,0,0,0,0,0,0,0
Tanzania,1972,country,1964,2024,0.0,0.0,0.0,0.0,0.0,0.0,0.0,0.0,0.0,0.0,,,,,,22,22,0,16,3.4,0,0,0,0,-1,201,47,67,27.0,0.0,0.0,0,0,2,ATH,0.0,Africa,8,3,0,0,0,0,0,0,0
Tanzania,1976,country,1964,2024,0.0,0.0,0.0,0.0,0.0,0.0,0.0,0.0,0.0,0.0,0.0,0.0,0.0,0.0,0.0,0,0,0,0,,0,0,0,0,-1,199,48,68,8.0,10.0,,0,0,0,,,Africa,12,3,0,0,0,0,0,0,0
Tanzania,1980,country,1964,2024,0.0,0.0,0.0,0.0,0.0,0.0,0.0,0.0,0.0,0.0,0.0,0.0,0.0,0.0,0.0,48,40,8,22,1.181818,0,0,0,0,-1,204,47,67,6.0,1.0,0.020513,0,0,3,ATH,0.020513,Africa,16,4,0,0,0,2,0,2,1
Tanzania,1984,country,1964,2024,0.0,2.0,0.0,2.0,1.0,0.0,0.0,0.0,0.0,0.0,0.0,0.0,0.0,0.0,0.0,21,18,3,14,-0.5625,0,0,0,0,-1,225,46,66,21.0,0.0,0.01267,0,0,2,ATH,0.01267,Africa,20,5,0,0,0,0,0,0,0
Tanzania,1988,country,1964,2024,0.0,0.0,0.0,0.0,0.0,0.0,2.0,0.0,2.0,1.0,0.0,0.0,0.0,0.0,0.0,10,10,0,9,-0.52381,0,0,0,0,-1,243,47,67,19.0,1.0,0.006993,0,0,2,ATH,0.006993,Africa,24,6,0,0,0,0,0,0,0
Tanzania,1992,country,1964,2024,0.0,0.0,0.0,0.0,0.0,0.0,0.0,0.0,0.0,0.0,0.0,2.0,0.0,2.0,1.0,9,9,0,7,-0.1,0,0,0,0,-1,265,48,68,23.0,1.0,0.0,0,0,2,ATH,0.0,Africa,28,7,0,0,0,0,0,0,0
Tanzania,1996,country,1964,2024,0.0,0.0,0.0,0.0,0.0,0.0,0.0,0.0,0.0,0.0,0.0,0.0,0.0,0.0,0.0,7,6,1,5,-0.222222,0,0,0,0,-1,278,48,68,15.0,1.0,0.0,0,0,2,ATH,0.0,Africa,32,8,0,0,0,0,0,0,0
Tanzania,2000,country,1964,2024,0.0,0.0,0.0,0.0,0.0,0.0,0.0,0.0,0.0,0.0,0.0,0.0,0.0,0.0,0.0,4,3,1,2,-0.428571,0,0,0,0,-1,299,48,68,24.0,4.0,0.0,0,0,1,ATH,0.0,Africa,36,9,0,0,0,0,0,0,0
Tanzania,2004,country,1964,2024,0.0,0.0,0.0,0.0,0.0,0.0,0.0,0.0,0.0,0.0,0.0,0.0,0.0,0.0,0.0,9,7,2,6,1.25,0,0,0,0,-1,301,48,68,4.0,2.0,0.0,0,0,1,ATH,0.0,Africa,40,10,0,0,0,0,0,0,0
Tanzania,2008,country,1964,2024,0.0,0.0,0.0,0.0,0.0,0.0,0.0,0.0,0.0,0.0,0.0,0.0,0.0,0.0,0.0,9,7,2,6,0.0,0,0,0,0,-1,302,48,68,5.0,4.0,0.0,0,0,2,ATH,0.0,Africa,44,11,0,0,0,0,0,0,0
Tanzania,2012,country,1964,2024,0.0,0.0,0.0,0.0,0.0,0.0,0.0,0.0,0.0,0.0,0.0,0.0,0.0,0.0,0.0,6,4,2,5,-0.333333,0,0,0,0,-1,302,48,68,2.0,2.0,0.0,0,0,3,ATH,0.0,Africa,48,12,0,0,0,0,0,0,0
Tanzania,2016,country,1964,2024,0.0,0.0,0.0,0.0,0.0,0.0,0.0,0.0,0.0,0.0,0.0,0.0,0.0,0.0,0.0,7,5,2,5,0.166667,0,0,0,0,-1,306,48,68,5.0,1.0,0.0,0,0,3,ATH,0.0,Africa,52,13,0,0,0,0,0,0,0
Tanzania,2020,country,1964,2024,0.0,0.0,0.0,0.0,0.0,0.0,0.0,0.0,0.0,0.0,0.0,0.0,0.0,0.0,0.0,3,2,1,2,-0.571429,0,0,0,0,-1,316,48,68,33.0,23.0,0.0,0,0,1,ATH,0.0,Africa,56,14,0,0,0,0,0,0,0
Tanzania,2024,country,1964,2024,0.0,0.0,0.0,0.0,0.0,0.0,0.0,0.0,0.0,0.0,0.0,0.0,0.0,0.0,0.0,7,4,3,5,1.333333,0,0,0,0,-1,297,48,68,6.0,25.0,0.0,0,0,3,ATH,0.0,Africa,60,15,0,0,0,0,0,0,0
Thailand,1952,country,1952,2024,,,,,,,,,,,,,,,,15,15,0,7,,0,0,0,0,-1,149,48,68,12.0,0.0,0.0,0,0,1,ATH,0.0,Asia,0,1,0,0,0,0,0,0,0
Thailand,1956,country,1952,2024,0.0,0.0,0.0,0.0,0.0,,,,,,,,,,,40,40,0,14,1.666667,0,0,0,0,-1,149,48,68,2.0,2.0,0.0,0,0,5,ATH,0.0,Asia,4,2,0,0,0,0,0,0,0
Thailand,1960,country,1952,2024,0.0,0.0,0.0,0.0,0.0,0.0,0.0,0.0,0.0,0.0,,,,,,24,24,0,16,-0.4,0,0,0,0,-1,152,48,67,6.0,3.0,0.0,0,0,4,ATH,0.0,Asia,8,3,0,0,0,0,0,0,0
Thailand,1964,country,1952,2024,0.0,0.0,0.0,0.0,0.0,0.0,0.0,0.0,0.0,0.0,0.0,0.0,0.0,0.0,0.0,67,57,10,41,1.791667,0,0,0,0,-1,164,47,67,12.0,0.0,0.0,0,0,9,ATH,0.0,Asia,12,4,0,0,0,0,0,0,0
Thailand,1968,country,1952,2024,0.0,0.0,0.0,0.0,0.0,0.0,0.0,0.0,0.0,0.0,0.0,0.0,0.0,0.0,0.0,46,46,0,18,-0.313433,0,0,0,0,-1,174,47,67,14.0,4.0,0.0,0,0,7,BOX,0.0,Asia,16,5,0,0,0,0,0,0,0
Thailand,1972,country,1952,2024,0.0,0.0,0.0,0.0,0.0,0.0,0.0,0.0,0.0,0.0,0.0,0.0,0.0,0.0,0.0,37,37,0,21,-0.195652,0,0,0,0,-1,201,47,67,27.0,0.0,0.0,0,0,8,ATH,0.0,Asia,20,6,0,0,0,0,0,0,0
Thailand,1976,country,1952,2024,0.0,0.0,0.0,0.0,0.0,0.0,0.0,0.0,0.0,0.0,0.0,0.0,0.0,0.0,0.0,62,55,7,33,0.675676,0,0,0,0,-1,199,48,68,8.0,10.0,0.008264,0,0,12,BOX,0.008264,Asia,24,7,0,0,0,0,1,1,1
Thailand,1980,country,1952,2024,0.0,0.0,1.0,1.0,1.0,0.0,0.0,0.0,0.0,0.0,0.0,0.0,0.0,0.0,0.0,0,0,0,0,,0,0,0,0,-1,204,47,67,6.0,1.0,,0,0,0,,,Asia,28,7,0,0,0,0,0,0,0
Thailand,1984,country,1952,2024,0.0,0.0,1.0,1.0,1.0,0.0,0.0,0.0,0.0,0.0,0.0,0.0,0.0,0.0,0.0,40,29,11,25,-0.354839,0,0,0,0,-1,225,46,66,21.0,0.0,0.039394,0,0,5,BOX,0.039394,Asia,32,8,0,0,0,1,0,1,1
Thailand,1988,country,1952,2024,0.0,1.0,0.0,1.0,1.0,0.0,0.0,1.0,1.0,1.0,0.0,0.0,0.0,0.0,0.0,15,13,2,12,-0.625,0,0,0,0,-1,243,47,67,19.0,1.0,0.030392,0,0,4,BOX,0.030392,Asia,36,9,0,0,0,0,1,1,1
Thailand,1992,country,1952,2024,0.0,0.0,1.0,1.0,1.0,0.0,1.0,0.0,1.0,1.0,0.0,0.0,1.0,1.0,1.0,64,29,35,47,3.266667,0,0,0,0,-1,265,48,68,23.0,1.0,0.024242,0,0,9,BOX,0.024242,Asia,40,10,0,0,0,0,1,1,1
Thailand,1996,country,1952,2024,0.0,0.0,1.0,1.0,1.0,0.0,0.0,1.0,1.0,1.0,0.0,1.0,0.0,1.0,1.0,58,38,20,42,-0.09375,0,0,0,0,-1,278,48,68,15.0,1.0,0.054545,0,0,10,BOX,0.054545,Asia,44,11,1,1,1,0,1,2,1
Thailand,2000,country,1952,2024,1.0,0.0,1.0,2.0,1.0,0.0,0.0,1.0,1.0,1.0,0.0,0.0,1.0,1.0,1.0,68,42,26,51,0.172414,0,0,0,0,-1,299,48,68,24.0,4.0,0.09318199999999999,0,0,11,BOX,0.081061,Asia,48,12,0,0,1,0,2,3,1
Thailand,2004,country,1952,2024,1.0,0.0,2.0,3.0,1.0,1.0,0.0,1.0,2.0,1.0,0.0,0.0,1.0,1.0,1.0,51,30,21,46,-0.25,0,0,0,0,-1,301,48,68,4.0,2.0,0.27225900000000003,0,0,13,BOX,0.128926,Asia,52,13,1,1,3,1,4,8,1
Thailand,2008,country,1952,2024,3.0,1.0,4.0,8.0,1.0,1.0,0.0,2.0,3.0,1.0,1.0,0.0,1.0,2.0,1.0,53,23,30,43,0.039216,0,0,0,0,-1,302,48,68,5.0,4.0,0.301373,0,0,12,BOX,0.140909,Asia,56,14,0,0,2,2,0,4,1
Thailand,2012,country,1952,2024,2.0,2.0,0.0,4.0,1.0,3.0,1.0,4.0,8.0,1.0,1.0,0.0,2.0,3.0,1.0,43,22,21,37,-0.188679,0,0,0,0,-1,302,48,68,2.0,2.0,0.232859,0,0,15,BOX,0.10445,Asia,60,15,0,0,0,2,1,3,1
Thailand,2016,country,1952,2024,0.0,2.0,1.0,3.0,1.0,2.0,2.0,0.0,4.0,1.0,3.0,1.0,4.0,8.0,1.0,58,28,30,45,0.348837,0,0,0,0,-1,306,48,68,5.0,1.0,0.23698600000000003,0,0,16,WLF,0.118788,Asia,64,16,0,0,2,2,2,6,1
Thailand,2020,country,1952,2024,2.0,2.0,2.0,6.0,1.0,0.0,2.0,1.0,3.0,1.0,2.0,2.0,0.0,4.0,1.0,48,18,30,33,-0.172414,0,0,0,0,-1,316,48,68,33.0,23.0,0.111801,0,0,14,TKW,0.094318,Asia,68,17,0,0,1,0,1,2,1
Thailand,2024,country,1952,2024,1.0,0.0,1.0,2.0,1.0,2.0,2.0,2.0,6.0,1.0,0.0,2.0,1.0,3.0,1.0,58,25,33,45,0.208333,0,0,0,0,-1,297,48,68,6.0,25.0,0.37272099999999997,0,0,18,WLF,0.173333,Asia,72,18,0,0,1,3,2,6,1
The Gambia,1984,country,1984,2024,,,,,,,,,,,,,,,,16,10,6,9,,0,0,0,0,-1,225,46,66,21.0,0.0,0.0,0,0,1,ATH,0.0,Africa,0,1,0,0,0,0,0,0,0
The Gambia,1988,country,1984,2024,0.0,0.0,0.0,0.0,0.0,,,,,,,,,,,6,5,1,6,-0.625,0,0,0,0,-1,243,47,67,19.0,1.0,0.0,0,0,2,ATH,0.0,Africa,4,2,0,0,0,0,0,0,0
The Gambia,1992,country,1984,2024,0.0,0.0,0.0,0.0,0.0,0.0,0.0,0.0,0.0,0.0,,,,,,8,8,0,5,0.333333,0,0,0,0,-1,265,48,68,23.0,1.0,0.0,0,0,1,ATH,0.0,Africa,8,3,0,0,0,0,0,0,0
The Gambia,1996,country,1984,2024,0.0,0.0,0.0,0.0,0.0,0.0,0.0,0.0,0.0,0.0,0.0,0.0,0.0,0.0,0.0,12,11,1,6,0.5,0,0,0,0,-1,278,48,68,15.0,1.0,0.0,0,0,1,ATH,0.0,Africa,12,4,0,0,0,0,0,0,0
The Gambia,2000,country,1984,2024,0.0,0.0,0.0,0.0,0.0,0.0,0.0,0.0,0.0,0.0,0.0,0.0,0.0,0.0,0.0,2,1,1,2,-0.833333,0,0,0,0,-1,299,48,68,24.0,4.0,0.0,0,0,1,ATH,0.0,Africa,16,5,0,0,0,0,0,0,0
The Gambia,2004,country,1984,2024,0.0,0.0,0.0,0.0,0.0,0.0,0.0,0.0,0.0,0.0,0.0,0.0,0.0,0.0,0.0,3,2,1,3,0.5,0,0,0,0,-1,301,48,68,4.0,2.0,0.0,0,0,1,ATH,0.0,Africa,20,6,0,0,0,0,0,0,0
The Gambia,2008,country,1984,2024,0.0,0.0,0.0,0.0,0.0,0.0,0.0,0.0,0.0,0.0,0.0,0.0,0.0,0.0,0.0,3,2,1,3,0.0,0,0,0,0,-1,302,48,68,5.0,4.0,0.0,0,0,2,ATH,0.0,Africa,24,7,0,0,0,0,0,0,0
The Gambia,2012,country,1984,2024,0.0,0.0,0.0,0.0,0.0,0.0,0.0,0.0,0.0,0.0,0.0,0.0,0.0,0.0,0.0,2,1,1,2,-0.333333,0,0,0,0,-1,302,48,68,2.0,2.0,0.0,0,0,1,ATH,0.0,Africa,28,8,0,0,0,0,0,0,0
The Gambia,2016,country,1984,2024,0.0,0.0,0.0,0.0,0.0,0.0,0.0,0.0,0.0,0.0,0.0,0.0,0.0,0.0,0.0,4,3,1,4,1.0,0,0,0,0,-1,306,48,68,5.0,1.0,0.0,0,0,3,ATH,0.0,Africa,32,9,0,0,0,0,0,0,0
The Gambia,2020,country,1984,2024,0.0,0.0,0.0,0.0,0.0,0.0,0.0,0.0,0.0,0.0,0.0,0.0,0.0,0.0,0.0,5,3,2,5,0.25,0,0,0,0,-1,316,48,68,33.0,23.0,0.0,0,0,3,ATH,0.0,Africa,36,10,0,0,0,0,0,0,0
The Gambia,2024,country,1984,2024,0.0,0.0,0.0,0.0,0.0,0.0,0.0,0.0,0.0,0.0,0.0,0.0,0.0,0.0,0.0,8,4,4,8,0.6,0,0,0,0,-1,297,48,68,6.0,25.0,0.0,0,0,4,ATH,0.0,Africa,40,11,0,0,0,0,0,0,0
Timor Leste,2004,country,2004,2024,,,,,,,,,,,,,,,,2,1,1,2,,0,0,0,0,-1,301,48,68,4.0,2.0,0.0,0,0,1,ATH,0.0,Asia,0,1,0,0,0,0,0,0,0
Timor Leste,2008,country,2004,2024,0.0,0.0,0.0,0.0,0.0,,,,,,,,,,,1,0,1,1,-0.5,0,0,0,0,-1,302,48,68,5.0,4.0,0.0,0,0,1,ATH,0.0,Asia,4,2,0,0,0,0,0,0,0
Timor Leste,2012,country,2004,2024,0.0,0.0,0.0,0.0,0.0,0.0,0.0,0.0,0.0,0.0,,,,,,2,1,1,2,1.0,0,0,0,0,-1,302,48,68,2.0,2.0,0.0,0,0,1,ATH,0.0,Asia,8,3,0,0,0,0,0,0,0
Timor Leste,2016,country,2004,2024,0.0,0.0,0.0,0.0,0.0,0.0,0.0,0.0,0.0,0.0,0.0,0.0,0.0,0.0,0.0,3,1,2,3,0.5,0,0,0,0,-1,306,48,68,5.0,1.0,0.0,0,0,2,ATH,0.0,Asia,12,4,0,0,0,0,0,0,0
Timor Leste,2020,country,2004,2024,0.0,0.0,0.0,0.0,0.0,0.0,0.0,0.0,0.0,0.0,0.0,0.0,0.0,0.0,0.0,3,2,1,3,0.0,0,0,0,0,-1,316,48,68,33.0,23.0,0.0,0,0,2,ATH,0.0,Asia,16,5,0,0,0,0,0,0,0
Timor Leste,2024,country,2004,2024,0.0,0.0,0.0,0.0,0.0,0.0,0.0,0.0,0.0,0.0,0.0,0.0,0.0,0.0,0.0,4,2,2,4,0.333333,0,0,0,0,-1,297,48,68,6.0,25.0,0.0,0,0,3,ATH,0.0,Asia,20,6,0,0,0,0,0,0,0
Togo,1972,country,1972,2024,,,,,,,,,,,,,,,,7,7,0,5,,0,0,0,0,-1,201,47,67,27.0,0.0,0.0,0,0,3,ATH,0.0,Africa,0,1,0,0,0,0,0,0,0
Togo,1976,country,1972,2024,0.0,0.0,0.0,0.0,0.0,,,,,,,,,,,0,0,0,0,,0,0,0,0,-1,199,48,68,8.0,10.0,,0,0,0,,,Africa,4,1,0,0,0,0,0,0,0
Togo,1980,country,1972,2024,0.0,0.0,0.0,0.0,0.0,,,,,,,,,,,0,0,0,0,,0,0,0,0,-1,204,47,67,6.0,1.0,,0,0,0,,,Africa,8,1,0,0,0,0,0,0,0
Togo,1984,country,1972,2024,0.0,0.0,0.0,0.0,0.0,,,,,,,,,,,6,6,0,6,-0.142857,0,0,0,0,-1,225,46,66,21.0,0.0,0.0,0,0,2,ATH,0.0,Africa,12,2,0,0,0,0,0,0,0
Togo,1988,country,1972,2024,0.0,0.0,0.0,0.0,0.0,0.0,0.0,0.0,0.0,0.0,,,,,,6,6,0,6,0.0,0,0,0,0,-1,243,47,67,19.0,1.0,0.0,0,0,2,ATH,0.0,Africa,16,3,0,0,0,0,0,0,0
Togo,1992,country,1972,2024,0.0,0.0,0.0,0.0,0.0,0.0,0.0,0.0,0.0,0.0,0.0,0.0,0.0,0.0,0.0,9,9,0,5,0.5,0,0,0,0,-1,265,48,68,23.0,1.0,0.0,0,0,2,ATH,0.0,Africa,20,4,0,0,0,0,0,0,0
Togo,1996,country,1972,2024,0.0,0.0,0.0,0.0,0.0,0.0,0.0,0.0,0.0,0.0,0.0,0.0,0.0,0.0,0.0,7,7,0,4,-0.222222,0,0,0,0,-1,278,48,68,15.0,1.0,0.0,0,0,1,ATH,0.0,Africa,24,5,0,0,0,0,0,0,0
Togo,2000,country,1972,2024,0.0,0.0,0.0,0.0,0.0,0.0,0.0,0.0,0.0,0.0,0.0,0.0,0.0,0.0,0.0,3,2,1,3,-0.571429,0,0,0,0,-1,299,48,68,24.0,4.0,0.0,0,0,2,ATH,0.0,Africa,28,6,0,0,0,0,0,0,0
Togo,2004,country,1972,2024,0.0,0.0,0.0,0.0,0.0,0.0,0.0,0.0,0.0,0.0,0.0,0.0,0.0,0.0,0.0,3,2,1,3,0.0,0,0,0,0,-1,301,48,68,4.0,2.0,0.0,0,0,2,ATH,0.0,Africa,32,7,0,0,0,0,0,0,0
Togo,2008,country,1972,2024,0.0,0.0,0.0,0.0,0.0,0.0,0.0,0.0,0.0,0.0,0.0,0.0,0.0,0.0,0.0,4,3,1,4,0.333333,0,0,0,0,-1,302,48,68,5.0,4.0,0.058824,0,0,4,CSL,0.058824,Africa,36,8,0,0,0,0,1,1,1
Togo,2012,country,1972,2024,0.0,0.0,1.0,1.0,1.0,0.0,0.0,0.0,0.0,0.0,0.0,0.0,0.0,0.0,0.0,6,4,2,6,0.5,0,0,0,0,-1,302,48,68,2.0,2.0,0.031818,0,0,5,CSL,0.031818,Africa,40,9,0,0,0,0,0,0,0
Togo,2016,country,1972,2024,0.0,0.0,0.0,0.0,0.0,0.0,0.0,1.0,1.0,1.0,0.0,0.0,0.0,0.0,0.0,5,2,3,5,-0.166667,0,0,0,0,-1,306,48,68,5.0,1.0,0.0,0,0,3,ATH,0.0,Africa,44,10,0,0,0,0,0,0,0
Togo,2020,country,1972,2024,0.0,0.0,0.0,0.0,0.0,0.0,0.0,0.0,0.0,0.0,0.0,0.0,1.0,1.0,1.0,4,3,1,4,-0.2,0,0,0,0,-1,316,48,68,33.0,23.0,0.0,0,0,4,ATH,0.0,Africa,48,11,0,0,0,0,0,0,0
Togo,2024,country,1972,2024,0.0,0.0,0.0,0.0,0.0,0.0,0.0,0.0,0.0,0.0,0.0,0.0,0.0,0.0,0.0,5,2,3,5,0.25,0,0,0,0,-1,297,48,68,6.0,25.0,0.0,0,0,4,ATH,0.0,Africa,52,12,0,0,0,0,0,0,0
Tonga,1984,country,1984,2024,,,,,,,,,,,,,,,,7,7,0,7,,0,0,0,0,-1,225,46,66,21.0,0.0,0.0,0,0,1,BOX,0.0,Oceania,0,1,0,0,0,0,0,0,0
Tonga,1988,country,1984,2024,0.0,0.0,0.0,0.0,0.0,,,,,,,,,,,7,5,2,7,0.0,0,0,0,0,-1,243,47,67,19.0,1.0,0.0,0,0,2,ATH,0.0,Oceania,4,2,0,0,0,0,0,0,0
Tonga,1992,country,1984,2024,0.0,0.0,0.0,0.0,0.0,0.0,0.0,0.0,0.0,0.0,,,,,,5,5,0,5,-0.285714,0,0,0,0,-1,265,48,68,23.0,1.0,0.0,0,0,2,ATH,0.0,Oceania,8,3,0,0,0,0,0,0,0
Tonga,1996,country,1984,2024,0.0,0.0,0.0,0.0,0.0,0.0,0.0,0.0,0.0,0.0,0.0,0.0,0.0,0.0,0.0,5,4,1,5,0.0,0,0,0,0,-1,278,48,68,15.0,1.0,0.033333,0,0,3,BOX,0.033333,Oceania,12,4,0,0,0,1,0,1,1
Tonga,2000,country,1984,2024,0.0,1.0,0.0,1.0,1.0,0.0,0.0,0.0,0.0,0.0,0.0,0.0,0.0,0.0,0.0,3,2,1,3,-0.4,0,0,0,0,-1,299,48,68,24.0,4.0,0.0,0,0,2,ATH,0.0,Oceania,16,5,0,0,0,0,0,0,0
Tonga,2004,country,1984,2024,0.0,0.0,0.0,0.0,0.0,0.0,1.0,0.0,1.0,1.0,0.0,0.0,0.0,0.0,0.0,5,4,1,5,0.666667,0,0,0,0,-1,301,48,68,4.0,2.0,0.016667,0,0,4,BOX,0.016667,Oceania,20,6,0,0,0,0,0,0,0
Tonga,2008,country,1984,2024,0.0,0.0,0.0,0.0,0.0,0.0,0.0,0.0,0.0,0.0,0.0,1.0,0.0,1.0,1.0,3,2,1,3,-0.4,0,0,0,0,-1,302,48,68,5.0,4.0,0.0,0,0,2,ATH,0.0,Oceania,24,7,0,0,0,0,0,0,0
Tonga,2012,country,1984,2024,0.0,0.0,0.0,0.0,0.0,0.0,0.0,0.0,0.0,0.0,0.0,0.0,0.0,0.0,0.0,3,2,1,3,0.0,0,0,0,0,-1,302,48,68,2.0,2.0,0.0,0,0,2,ATH,0.0,Oceania,28,8,0,0,0,0,0,0,0
Tonga,2016,country,1984,2024,0.0,0.0,0.0,0.0,0.0,0.0,0.0,0.0,0.0,0.0,0.0,0.0,0.0,0.0,0.0,7,4,3,7,1.333333,0,0,0,0,-1,306,48,68,5.0,1.0,0.0,0,0,4,ARC,0.0,Oceania,32,9,0,0,0,0,0,0,0
Tonga,2020,country,1984,2024,0.0,0.0,0.0,0.0,0.0,0.0,0.0,0.0,0.0,0.0,0.0,0.0,0.0,0.0,0.0,6,3,3,6,-0.142857,0,0,0,0,-1,316,48,68,33.0,23.0,0.0,0,0,4,ATH,0.0,Oceania,36,10,0,0,0,0,0,0,0
Tonga,2024,country,1984,2024,0.0,0.0,0.0,0.0,0.0,0.0,0.0,0.0,0.0,0.0,0.0,0.0,0.0,0.0,0.0,4,2,2,4,-0.333333,0,0,0,0,-1,297,48,68,6.0,25.0,0.0,0,0,3,ATH,0.0,Oceania,40,11,0,0,0,0,0,0,0
Trinidad and Tobago,1948,country,1948,2024,,,,,,,,,,,,,,,,9,9,0,9,,0,0,0,0,-1,136,48,68,9.0,2.0,0.1,0,0,3,WLF,0.1,Americas,0,1,0,0,0,1,0,1,1
Trinidad and Tobago,1952,country,1948,2024,0.0,1.0,0.0,1.0,1.0,,,,,,,,,,,2,2,0,2,-0.777778,0,0,0,0,-1,149,48,68,12.0,0.0,0.108403,0,0,1,WLF,0.108403,Americas,4,2,0,0,0,0,2,2,1
Trinidad and Tobago,1956,country,1948,2024,0.0,0.0,2.0,2.0,1.0,0.0,1.0,0.0,1.0,1.0,,,,,,10,10,0,7,4.0,0,0,0,0,-1,149,48,68,2.0,2.0,0.059091,0,0,4,WLF,0.059091,Americas,8,3,0,0,0,0,0,0,0
Trinidad and Tobago,1960,country,1948,2024,0.0,0.0,0.0,0.0,0.0,0.0,0.0,2.0,2.0,1.0,0.0,1.0,0.0,1.0,1.0,0,0,0,0,,0,0,0,0,-1,152,48,67,6.0,3.0,,0,0,0,,,Americas,12,3,0,0,0,0,0,0,0
Trinidad and Tobago,1964,country,1948,2024,0.0,0.0,0.0,0.0,0.0,0.0,0.0,2.0,2.0,1.0,0.0,1.0,0.0,1.0,1.0,18,18,0,10,0.8,0,0,0,0,-1,164,47,67,12.0,0.0,0.025926,0,0,4,ATH,0.025926,Americas,16,4,0,0,0,1,2,3,1
Trinidad and Tobago,1968,country,1948,2024,0.0,1.0,2.0,3.0,1.0,0.0,0.0,0.0,0.0,0.0,0.0,0.0,2.0,2.0,1.0,25,25,0,14,0.388889,0,0,0,0,-1,174,47,67,14.0,4.0,0.016013,0,0,5,ATH,0.016013,Americas,20,5,0,0,0,0,0,0,0
Trinidad and Tobago,1972,country,1948,2024,0.0,0.0,0.0,0.0,0.0,0.0,1.0,2.0,3.0,1.0,0.0,0.0,0.0,0.0,0.0,36,35,1,16,0.44,0,0,0,0,-1,201,47,67,27.0,0.0,0.008838,0,0,5,ATH,0.008838,Americas,24,6,0,0,0,0,0,0,0
Trinidad and Tobago,1976,country,1948,2024,0.0,0.0,0.0,0.0,0.0,0.0,0.0,0.0,0.0,0.0,0.0,1.0,2.0,3.0,1.0,20,20,0,10,-0.444444,0,0,0,0,-1,199,48,68,8.0,10.0,0.012285,0,0,3,ATH,0.012285,Americas,28,7,0,0,1,0,0,1,1
Trinidad and Tobago,1980,country,1948,2024,1.0,0.0,0.0,1.0,1.0,0.0,0.0,0.0,0.0,0.0,0.0,0.0,0.0,0.0,0.0,15,15,0,5,-0.25,0,0,0,0,-1,204,47,67,6.0,1.0,0.0086,0,0,1,ATH,0.0086,Americas,32,8,0,0,0,0,0,0,0
Trinidad and Tobago,1984,country,1948,2024,0.0,0.0,0.0,0.0,0.0,1.0,0.0,0.0,1.0,1.0,0.0,0.0,0.0,0.0,0.0,23,15,8,14,0.533333,0,0,0,0,-1,225,46,66,21.0,0.0,0.006143,0,0,5,ATH,0.006143,Americas,36,9,0,0,0,0,0,0,0
Trinidad and Tobago,1988,country,1948,2024,0.0,0.0,0.0,0.0,0.0,0.0,0.0,0.0,0.0,0.0,1.0,0.0,0.0,1.0,1.0,10,5,5,9,-0.565217,0,0,0,0,-1,243,47,67,19.0,1.0,0.0,0,0,3,ATH,0.0,Americas,40,10,0,0,0,0,0,0,0
Trinidad and Tobago,1992,country,1948,2024,0.0,0.0,0.0,0.0,0.0,0.0,0.0,0.0,0.0,0.0,0.0,0.0,0.0,0.0,0.0,13,13,0,7,0.3,0,0,0,0,-1,265,48,68,23.0,1.0,0.0,0,0,2,ATH,0.0,Americas,44,11,0,0,0,0,0,0,0
Trinidad and Tobago,1996,country,1948,2024,0.0,0.0,0.0,0.0,0.0,0.0,0.0,0.0,0.0,0.0,0.0,0.0,0.0,0.0,0.0,16,10,6,14,0.230769,0,0,0,0,-1,278,48,68,15.0,1.0,0.008264,0,0,6,ATH,0.008264,Americas,48,12,0,0,0,0,2,2,1
Trinidad and Tobago,2000,country,1948,2024,0.0,0.0,2.0,2.0,1.0,0.0,0.0,0.0,0.0,0.0,0.0,0.0,0.0,0.0,0.0,29,22,7,18,0.8125,0,0,0,0,-1,299,48,68,24.0,4.0,0.015456,0,0,3,ATH,0.015456,Americas,52,13,0,0,0,1,1,2,1
Trinidad and Tobago,2004,country,1948,2024,0.0,1.0,1.0,2.0,1.0,0.0,0.0,2.0,2.0,1.0,0.0,0.0,0.0,0.0,0.0,26,16,10,18,-0.103448,0,0,0,0,-1,301,48,68,4.0,2.0,0.016412,0,0,4,ATH,0.010902,Americas,56,14,0,0,0,0,1,1,1
Trinidad and Tobago,2008,country,1948,2024,0.0,0.0,1.0,1.0,1.0,0.0,1.0,1.0,2.0,1.0,0.0,0.0,2.0,2.0,1.0,35,22,13,19,0.346154,0,0,0,0,-1,302,48,68,5.0,4.0,0.024166,0,0,4,ATH,0.020309,Americas,60,15,0,0,1,1,0,2,1
Trinidad and Tobago,2012,country,1948,2024,1.0,1.0,0.0,2.0,1.0,0.0,0.0,1.0,1.0,1.0,0.0,1.0,1.0,2.0,1.0,38,26,12,22,0.085714,0,0,0,0,-1,302,48,68,2.0,2.0,0.036482,0,0,6,ATH,0.033727,Americas,64,16,0,0,1,1,2,4,1
Trinidad and Tobago,2016,country,1948,2024,1.0,1.0,2.0,4.0,1.0,1.0,1.0,0.0,2.0,1.0,0.0,0.0,1.0,1.0,1.0,43,25,18,24,0.131579,0,0,0,0,-1,306,48,68,5.0,1.0,0.027632,0,0,8,ATH,0.027632,Americas,68,17,0,0,0,0,1,1,1
Trinidad and Tobago,2020,country,1948,2024,0.0,0.0,1.0,1.0,1.0,1.0,1.0,2.0,4.0,1.0,1.0,1.0,0.0,2.0,1.0,44,29,15,25,0.023256,0,0,0,0,-1,316,48,68,33.0,23.0,0.014155,0,0,8,ATH,0.014155,Americas,72,18,0,0,0,0,0,0,0
Trinidad and Tobago,2024,country,1948,2024,0.0,0.0,0.0,0.0,0.0,0.0,0.0,1.0,1.0,1.0,1.0,1.0,2.0,4.0,1.0,23,14,9,12,-0.477273,0,0,0,0,-1,297,48,68,6.0,25.0,0.001934,0,0,3,ATH,0.001934,Americas,76,19,0,0,0,0,0,0,0
Tunisia,1960,country,1960,2024,,,,,,,,,,,,,,,,56,56,0,22,,0,0,0,0,-1,152,48,67,6.0,3.0,0.0,0,0,7,ATH,0.0,Africa,0,1,0,0,0,0,0,0,0
Tunisia,1964,country,1960,2024,0.0,0.0,0.0,0.0,0.0,,,,,,,,,,,12,12,0,9,-0.785714,0,0,0,0,-1,164,47,67,12.0,0.0,0.021568999999999998,0,0,3,BOX,0.011765,Africa,4,2,0,0,0,1,1,2,1
Tunisia,1968,country,1960,2024,0.0,1.0,1.0,2.0,1.0,0.0,0.0,0.0,0.0,0.0,,,,,,8,8,0,7,-0.333333,0,0,0,0,-1,174,47,67,14.0,4.0,0.029344000000000002,0,0,2,ATH,0.02298,Africa,8,3,0,0,1,0,1,2,1
Tunisia,1972,country,1960,2024,1.0,0.0,1.0,2.0,1.0,0.0,1.0,1.0,2.0,1.0,0.0,0.0,0.0,0.0,0.0,37,37,0,11,3.625,0,0,0,0,-1,201,47,67,27.0,0.0,0.027884,0,0,5,ATH,0.023339,Africa,12,4,0,0,0,1,0,1,1
Tunisia,1976,country,1960,2024,0.0,1.0,0.0,1.0,1.0,1.0,0.0,1.0,2.0,1.0,0.0,1.0,1.0,2.0,1.0,16,14,2,5,-0.567568,0,0,0,0,-1,199,48,68,8.0,10.0,0.0,0,0,3,BOX,0.0,Africa,16,5,0,0,0,0,0,0,0
Tunisia,1980,country,1960,2024,0.0,0.0,0.0,0.0,0.0,0.0,1.0,0.0,1.0,1.0,1.0,0.0,1.0,2.0,1.0,0,0,0,0,,0,0,0,0,-1,204,47,67,6.0,1.0,,0,0,0,,,Africa,20,5,0,0,0,0,0,0,0
Tunisia,1984,country,1960,2024,0.0,0.0,0.0,0.0,0.0,0.0,1.0,0.0,1.0,1.0,1.0,0.0,1.0,2.0,1.0,28,24,4,17,0.75,0,0,0,0,-1,225,46,66,21.0,0.0,0.0,0,0,6,ATH,0.0,Africa,24,6,0,0,0,0,0,0,0
Tunisia,1988,country,1960,2024,0.0,0.0,0.0,0.0,0.0,0.0,0.0,0.0,0.0,0.0,0.0,1.0,0.0,1.0,1.0,45,40,5,14,0.607143,0,0,0,0,-1,243,47,67,19.0,1.0,0.0,0,0,7,ATH,0.0,Africa,28,7,0,0,0,0,0,0,0
Tunisia,1992,country,1960,2024,0.0,0.0,0.0,0.0,0.0,0.0,0.0,0.0,0.0,0.0,0.0,0.0,0.0,0.0,0.0,15,11,4,13,-0.666667,0,0,0,0,-1,265,48,68,23.0,1.0,0.0,0,0,8,ATH,0.0,Africa,32,8,0,0,0,0,0,0,0
Tunisia,1996,country,1960,2024,0.0,0.0,0.0,0.0,0.0,0.0,0.0,0.0,0.0,0.0,0.0,0.0,0.0,0.0,0.0,52,45,7,24,2.466667,0,0,0,0,-1,278,48,68,15.0,1.0,0.009804,0,0,9,BOX,0.009804,Africa,36,9,0,0,0,0,1,1,1
Tunisia,2000,country,1960,2024,0.0,0.0,1.0,1.0,1.0,0.0,0.0,0.0,0.0,0.0,0.0,0.0,0.0,0.0,0.0,47,40,7,34,-0.096154,0,0,0,0,-1,299,48,68,24.0,4.0,0.005303,0,0,10,BOX,0.005303,Africa,40,10,0,0,0,0,0,0,0
Tunisia,2004,country,1960,2024,0.0,0.0,0.0,0.0,0.0,0.0,0.0,1.0,1.0,1.0,0.0,0.0,0.0,0.0,0.0,64,52,12,37,0.361702,0,0,0,0,-1,301,48,68,4.0,2.0,0.003788,0,0,14,BOX,0.003788,Africa,44,11,0,0,0,0,0,0,0
Tunisia,2008,country,1960,2024,0.0,0.0,0.0,0.0,0.0,0.0,0.0,0.0,0.0,0.0,0.0,0.0,1.0,1.0,1.0,29,17,12,28,-0.546875,0,0,0,0,-1,302,48,68,5.0,4.0,0.013369,0,0,11,SWM,0.013369,Africa,48,12,0,0,1,0,0,1,1
Tunisia,2012,country,1960,2024,1.0,0.0,0.0,1.0,1.0,0.0,0.0,0.0,0.0,0.0,0.0,0.0,0.0,0.0,0.0,87,66,21,50,2.0,0,0,0,0,-1,302,48,68,2.0,2.0,0.034212,0,0,18,SWM,0.028409,Africa,52,13,0,0,1,1,1,3,1
Tunisia,2016,country,1960,2024,1.0,1.0,1.0,3.0,1.0,1.0,0.0,0.0,1.0,1.0,0.0,0.0,0.0,0.0,0.0,65,44,21,47,-0.252874,0,0,0,0,-1,306,48,68,5.0,1.0,0.061204,0,0,17,SWM,0.02002,Africa,56,14,0,0,0,0,3,3,1
Tunisia,2020,country,1960,2024,0.0,0.0,3.0,3.0,1.0,1.0,1.0,1.0,3.0,1.0,1.0,0.0,0.0,1.0,1.0,73,37,36,50,0.123077,0,0,0,0,-1,316,48,68,33.0,23.0,0.085488,0,0,17,TKW,0.042045,Africa,60,15,0,0,1,1,0,2,1
Tunisia,2024,country,1960,2024,1.0,1.0,0.0,2.0,1.0,0.0,0.0,3.0,3.0,1.0,1.0,1.0,1.0,3.0,1.0,31,17,14,29,-0.575342,0,0,0,0,-1,297,48,68,6.0,25.0,0.142424,0,0,16,TKW,0.097727,Africa,64,16,0,0,1,1,1,3,1
Turkey,1912,country,1912,2024,,,,,,,,,,,,,,,,7,7,0,7,,0,0,0,0,-1,102,48,67,25.0,28.0,0.0,0,0,1,ATH,0.0,Europe,0,1,0,0,0,0,0,0,0
Turkey,1920,country,1912,2024,0.0,0.0,0.0,0.0,0.0,,,,,,,,,,,0,0,0,0,,0,0,0,0,-1,156,48,67,58.0,4.0,,0,0,0,,,Europe,8,1,0,0,0,0,0,0,0
Turkey,1924,country,1912,2024,0.0,0.0,0.0,0.0,0.0,,,,,,,,,,,23,23,0,11,2.285714,0,0,0,0,-1,126,45,62,12.0,42.0,0.0,0,0,5,ATH,0.0,Europe,12,2,0,0,0,0,0,0,0
Turkey,1928,country,1912,2024,0.0,0.0,0.0,0.0,0.0,0.0,0.0,0.0,0.0,0.0,,,,,,40,40,0,17,0.73913,0,0,0,0,-1,110,48,68,3.0,19.0,0.0,0,0,6,ATH,0.0,Europe,16,3,0,0,0,0,0,0,0
Turkey,1932,country,1912,2024,0.0,0.0,0.0,0.0,0.0,0.0,0.0,0.0,0.0,0.0,0.0,0.0,0.0,0.0,0.0,1,1,0,1,-0.975,0,0,0,0,-1,127,48,67,18.0,1.0,,0,0,0,,,Europe,20,4,0,0,0,0,0,0,0
Turkey,1936,country,1912,2024,0.0,0.0,0.0,0.0,0.0,0.0,0.0,0.0,0.0,0.0,0.0,0.0,0.0,0.0,0.0,62,60,2,26,61.0,0,0,0,0,-1,129,48,67,4.0,2.0,0.152381,0,0,9,WRG,0.095238,Europe,24,5,0,0,1,0,1,2,1
Turkey,1948,country,1912,2024,1.0,0.0,1.0,2.0,1.0,0.0,0.0,0.0,0.0,0.0,0.0,0.0,0.0,0.0,0.0,87,86,1,42,0.403226,0,0,0,0,-1,136,48,68,9.0,2.0,0.7415320000000001,0,0,8,WRF,0.405882,Europe,36,6,0,0,6,4,2,12,1
Turkey,1952,country,1912,2024,6.0,4.0,2.0,12.0,1.0,1.0,0.0,1.0,2.0,1.0,0.0,0.0,0.0,0.0,0.0,58,58,0,31,-0.333333,0,0,0,0,-1,149,48,68,12.0,0.0,0.5368090000000001,0,0,5,WRF,0.356169,Europe,40,7,0,0,2,0,1,3,1
Turkey,1956,country,1912,2024,2.0,0.0,1.0,3.0,1.0,6.0,4.0,2.0,12.0,1.0,1.0,0.0,1.0,2.0,1.0,28,28,0,20,-0.517241,0,0,0,0,-1,149,48,68,2.0,2.0,0.629545,0,0,4,WRF,0.413636,Europe,44,8,0,0,3,2,2,7,1
Turkey,1960,country,1912,2024,3.0,2.0,2.0,7.0,1.0,2.0,0.0,1.0,3.0,1.0,6.0,4.0,2.0,12.0,1.0,58,54,4,41,1.071429,0,0,0,0,-1,152,48,67,6.0,3.0,0.732955,0,0,7,WRF,0.482955,Europe,48,9,0,0,7,2,0,9,1
Turkey,1964,country,1912,2024,7.0,2.0,0.0,9.0,1.0,3.0,2.0,2.0,7.0,1.0,2.0,0.0,1.0,3.0,1.0,25,25,0,24,-0.568966,0,0,0,0,-1,164,47,67,12.0,0.0,0.706819,0,0,5,WRF,0.473864,Europe,52,10,0,0,2,3,1,6,1
Turkey,1968,country,1912,2024,2.0,3.0,1.0,6.0,1.0,7.0,2.0,0.0,9.0,1.0,3.0,2.0,2.0,7.0,1.0,30,30,0,29,0.2,0,0,0,0,-1,174,47,67,14.0,4.0,0.513636,0,0,5,WRF,0.388636,Europe,56,11,0,0,2,0,0,2,1
Turkey,1972,country,1912,2024,2.0,0.0,0.0,2.0,1.0,2.0,3.0,1.0,6.0,1.0,7.0,2.0,0.0,9.0,1.0,50,49,1,43,0.666667,0,0,0,0,-1,201,47,67,27.0,0.0,0.226136,0,0,9,WRF,0.197727,Europe,60,12,0,0,0,1,0,1,1
Turkey,1976,country,1912,2024,0.0,1.0,0.0,1.0,1.0,2.0,0.0,0.0,2.0,1.0,2.0,3.0,1.0,6.0,1.0,28,27,1,27,-0.44,0,0,0,0,-1,199,48,68,8.0,10.0,0.075909,0,0,9,WRF,0.075909,Europe,64,13,0,0,0,0,0,0,0
Turkey,1980,country,1912,2024,0.0,0.0,0.0,0.0,0.0,0.0,1.0,0.0,1.0,1.0,2.0,0.0,0.0,2.0,1.0,0,0,0,0,,0,0,0,0,-1,204,47,67,6.0,1.0,,0,0,0,,,Europe,68,13,0,0,0,0,0,0,0
Turkey,1984,country,1912,2024,0.0,0.0,0.0,0.0,0.0,0.0,1.0,0.0,1.0,1.0,2.0,0.0,0.0,2.0,1.0,62,59,3,49,1.214286,0,0,0,0,-1,225,46,66,21.0,0.0,0.048889,0,0,11,WRF,0.026667,Europe,72,14,0,0,0,0,3,3,1
Turkey,1988,country,1912,2024,0.0,0.0,3.0,3.0,1.0,0.0,0.0,0.0,0.0,0.0,0.0,1.0,0.0,1.0,1.0,51,43,8,40,-0.177419,0,0,0,0,-1,243,47,67,19.0,1.0,0.12431400000000001,0,0,10,WLF,0.058824,Europe,76,15,0,0,1,1,0,2,1
Turkey,1992,country,1912,2024,1.0,1.0,0.0,2.0,1.0,0.0,0.0,3.0,3.0,1.0,0.0,0.0,0.0,0.0,0.0,54,46,8,43,0.058824,0,0,0,0,-1,265,48,68,23.0,1.0,0.23770599999999997,0,0,11,WLF,0.077273,Europe,80,16,0,0,2,2,2,6,1
Turkey,1996,country,1912,2024,2.0,2.0,2.0,6.0,1.0,1.0,1.0,0.0,2.0,1.0,0.0,0.0,3.0,3.0,1.0,61,48,13,55,0.12963,0,0,0,0,-1,278,48,68,15.0,1.0,0.378181,0,0,10,WLF,0.145455,Europe,84,17,0,0,4,1,1,6,1
Turkey,2000,country,1912,2024,4.0,1.0,1.0,6.0,1.0,2.0,2.0,2.0,6.0,1.0,1.0,1.0,0.0,2.0,1.0,67,47,20,58,0.098361,0,0,0,0,-1,299,48,68,24.0,4.0,0.43329,0,0,11,WRG,0.137727,Europe,88,18,0,0,3,0,2,5,1
Turkey,2004,country,1912,2024,3.0,0.0,2.0,5.0,1.0,4.0,1.0,1.0,6.0,1.0,2.0,2.0,2.0,6.0,1.0,74,47,27,65,0.104478,0,0,0,0,-1,301,48,68,4.0,2.0,0.501139,0,0,11,WLF,0.181818,Europe,92,19,0,0,3,3,5,11,1
Turkey,2008,country,1912,2024,3.0,3.0,5.0,11.0,1.0,3.0,0.0,2.0,5.0,1.0,4.0,1.0,1.0,6.0,1.0,71,50,21,67,-0.040541,0,0,0,0,-1,302,48,68,5.0,4.0,0.397212,0,0,13,WLF,0.113939,Europe,96,20,0,0,1,3,3,7,1
Turkey,2012,country,1912,2024,1.0,3.0,3.0,7.0,1.0,3.0,3.0,5.0,11.0,1.0,3.0,0.0,2.0,5.0,1.0,119,52,67,80,0.676056,0,0,0,0,-1,302,48,68,2.0,2.0,0.342249,0,0,17,TKW,0.139773,Europe,100,21,0,0,2,2,1,5,1
Turkey,2016,country,1912,2024,2.0,2.0,1.0,5.0,1.0,1.0,3.0,3.0,7.0,1.0,3.0,3.0,5.0,11.0,1.0,119,65,54,88,0.0,0,0,0,0,-1,306,48,68,5.0,1.0,0.312267,0,0,22,TKW,0.097727,Europe,104,22,0,0,1,3,4,8,1
Turkey,2020,country,1912,2024,1.0,3.0,4.0,8.0,1.0,2.0,2.0,1.0,5.0,1.0,1.0,3.0,3.0,7.0,1.0,139,76,63,94,0.168067,0,0,0,0,-1,316,48,68,33.0,23.0,0.53523,0,0,18,KTE,0.15,Europe,108,23,0,0,2,2,9,13,1
Turkey,2024,country,1912,2024,2.0,2.0,9.0,13.0,1.0,1.0,3.0,4.0,8.0,1.0,2.0,2.0,1.0,5.0,1.0,165,99,66,85,0.18705,0,0,0,0,-1,297,48,68,6.0,25.0,0.359516,0,0,18,ARC,0.1,Europe,112,24,0,0,0,3,5,8,1
Turkmenistan,1996,country,1996,2024,,,,,,,,,,,,,,,,7,4,3,7,,0,0,0,0,-1,278,48,68,15.0,1.0,0.0,0,0,6,ATH,0.0,Asia,0,1,0,0,0,0,0,0,0
Turkmenistan,2000,country,1996,2024,0.0,0.0,0.0,0.0,0.0,,,,,,,,,,,8,4,4,8,0.142857,0,0,0,0,-1,299,48,68,24.0,4.0,0.0,0,0,6,ATH,0.0,Asia,4,2,0,0,0,0,0,0,0
Turkmenistan,2004,country,1996,2024,0.0,0.0,0.0,0.0,0.0,0.0,0.0,0.0,0.0,0.0,,,,,,10,7,3,10,0.25,0,0,0,0,-1,301,48,68,4.0,2.0,0.0,0,0,6,ATH,0.0,Asia,8,3,0,0,0,0,0,0,0
Turkmenistan,2008,country,1996,2024,0.0,0.0,0.0,0.0,0.0,0.0,0.0,0.0,0.0,0.0,0.0,0.0,0.0,0.0,0.0,10,6,4,9,0.0,0,0,0,0,-1,302,48,68,5.0,4.0,0.0,0,0,6,ATH,0.0,Asia,12,4,0,0,0,0,0,0,0
Turkmenistan,2012,country,1996,2024,0.0,0.0,0.0,0.0,0.0,0.0,0.0,0.0,0.0,0.0,0.0,0.0,0.0,0.0,0.0,10,7,3,10,0.0,0,0,0,0,-1,302,48,68,2.0,2.0,0.0,0,0,5,ATH,0.0,Asia,16,5,0,0,0,0,0,0,0
Turkmenistan,2016,country,1996,2024,0.0,0.0,0.0,0.0,0.0,0.0,0.0,0.0,0.0,0.0,0.0,0.0,0.0,0.0,0.0,9,4,5,9,-0.1,0,0,0,0,-1,306,48,68,5.0,1.0,0.0,0,0,5,ATH,0.0,Asia,20,6,0,0,0,0,0,0,0
Turkmenistan,2020,country,1996,2024,0.0,0.0,0.0,0.0,0.0,0.0,0.0,0.0,0.0,0.0,0.0,0.0,0.0,0.0,0.0,10,6,4,10,0.111111,0,0,0,0,-1,316,48,68,33.0,23.0,0.019481,0,0,4,WLF,0.019481,Asia,24,7,0,0,0,1,0,1,1
Turkmenistan,2024,country,1996,2024,0.0,1.0,0.0,1.0,1.0,0.0,0.0,0.0,0.0,0.0,0.0,0.0,0.0,0.0,0.0,6,3,3,6,-0.4,0,0,0,0,-1,297,48,68,6.0,25.0,0.013636,0,0,4,WLF,0.013636,Asia,28,8,0,0,0,0,0,0,0
Tuvalu,2008,country,2008,2024,,,,,,,,,,,,,,,,3,2,1,3,,0,0,0,0,-1,302,48,68,5.0,4.0,0.0,0,0,2,ATH,0.0,Oceania,0,1,0,0,0,0,0,0,0
Tuvalu,2012,country,2008,2024,0.0,0.0,0.0,0.0,0.0,,,,,,,,,,,3,2,1,3,0.0,0,0,0,0,-1,302,48,68,2.0,2.0,0.0,0,0,2,ATH,0.0,Oceania,4,2,0,0,0,0,0,0,0
Tuvalu,2016,country,2008,2024,0.0,0.0,0.0,0.0,0.0,0.0,0.0,0.0,0.0,0.0,,,,,,1,1,0,1,-0.666667,0,0,0,0,-1,306,48,68,5.0,1.0,0.0,0,0,1,ATH,0.0,Oceania,8,3,0,0,0,0,0,0,0
Tuvalu,2020,country,2008,2024,0.0,0.0,0.0,0.0,0.0,0.0,0.0,0.0,0.0,0.0,0.0,0.0,0.0,0.0,0.0,2,1,1,2,1.0,0,0,0,0,-1,316,48,68,33.0,23.0,0.0,0,0,1,ATH,0.0,Oceania,12,4,0,0,0,0,0,0,0
Tuvalu,2024,country,2008,2024,0.0,0.0,0.0,0.0,0.0,0.0,0.0,0.0,0.0,0.0,0.0,0.0,0.0,0.0,0.0,2,1,1,2,0.0,0,0,0,0,-1,297,48,68,6.0,25.0,0.0,0,0,1,ATH,0.0,Oceania,16,5,0,0,0,0,0,0,0
Uganda,1956,country,1956,2024,,,,,,,,,,,,,,,,5,5,0,5,,0,0,0,0,-1,149,48,68,2.0,2.0,0.0,0,0,1,ATH,0.0,Africa,0,1,0,0,0,0,0,0,0
Uganda,1960,country,1956,2024,0.0,0.0,0.0,0.0,0.0,,,,,,,,,,,16,16,0,11,2.2,0,0,0,0,-1,152,48,67,6.0,3.0,0.0,0,0,2,ATH,0.0,Africa,4,2,0,0,0,0,0,0,0
Uganda,1964,country,1956,2024,0.0,0.0,0.0,0.0,0.0,0.0,0.0,0.0,0.0,0.0,,,,,,19,16,3,14,0.1875,0,0,0,0,-1,164,47,67,12.0,0.0,0.0,0,0,2,ATH,0.0,Africa,8,3,0,0,0,0,0,0,0
Uganda,1968,country,1956,2024,0.0,0.0,0.0,0.0,0.0,0.0,0.0,0.0,0.0,0.0,0.0,0.0,0.0,0.0,0.0,14,14,0,14,-0.263158,0,0,0,0,-1,174,47,67,14.0,4.0,0.033058,0,0,2,BOX,0.033058,Africa,12,4,0,0,0,1,1,2,1
Uganda,1972,country,1956,2024,0.0,1.0,1.0,2.0,1.0,0.0,0.0,0.0,0.0,0.0,0.0,0.0,0.0,0.0,0.0,35,33,2,19,1.5,0,0,0,0,-1,201,47,67,27.0,0.0,0.059896,0,0,3,BOX,0.047934,Africa,16,5,0,0,1,1,0,2,1
Uganda,1976,country,1956,2024,1.0,1.0,0.0,2.0,1.0,0.0,1.0,1.0,2.0,1.0,0.0,0.0,0.0,0.0,0.0,0,0,0,0,,0,0,0,0,-1,199,48,68,8.0,10.0,,0,0,0,,,Africa,20,5,0,0,0,0,0,0,0
Uganda,1980,country,1956,2024,1.0,1.0,0.0,2.0,1.0,0.0,1.0,1.0,2.0,1.0,0.0,0.0,0.0,0.0,0.0,16,16,0,12,-0.542857,0,0,0,0,-1,204,47,67,6.0,1.0,0.063317,0,0,2,BOX,0.054545,Africa,24,6,0,0,0,1,0,1,1
Uganda,1984,country,1956,2024,0.0,1.0,0.0,1.0,1.0,1.0,1.0,0.0,2.0,1.0,0.0,1.0,1.0,2.0,1.0,30,28,2,24,0.875,0,0,0,0,-1,225,46,66,21.0,0.0,0.02246,0,0,5,BOX,0.02246,Africa,28,7,0,0,0,0,0,0,0
Uganda,1988,country,1956,2024,0.0,0.0,0.0,0.0,0.0,0.0,1.0,0.0,1.0,1.0,1.0,1.0,0.0,2.0,1.0,30,22,8,22,0.0,0,0,0,0,-1,243,47,67,19.0,1.0,0.012397,0,0,3,BOX,0.012397,Africa,32,8,0,0,0,0,0,0,0
Uganda,1992,country,1956,2024,0.0,0.0,0.0,0.0,0.0,0.0,0.0,0.0,0.0,0.0,0.0,1.0,0.0,1.0,1.0,9,7,2,9,-0.7,0,0,0,0,-1,265,48,68,23.0,1.0,0.0,0,0,3,ATH,0.0,Africa,36,9,0,0,0,0,0,0,0
Uganda,1996,country,1956,2024,0.0,0.0,0.0,0.0,0.0,0.0,0.0,0.0,0.0,0.0,0.0,0.0,0.0,0.0,0.0,12,7,5,9,0.333333,0,0,0,0,-1,278,48,68,15.0,1.0,0.004132,0,0,4,ATH,0.004132,Africa,40,10,0,0,0,0,1,1,1
Uganda,2000,country,1956,2024,0.0,0.0,1.0,1.0,1.0,0.0,0.0,0.0,0.0,0.0,0.0,0.0,0.0,0.0,0.0,13,9,4,13,0.083333,0,0,0,0,-1,299,48,68,24.0,4.0,0.002893,0,0,5,ATH,0.002893,Africa,44,11,0,0,0,0,0,0,0
Uganda,2004,country,1956,2024,0.0,0.0,0.0,0.0,0.0,0.0,0.0,1.0,1.0,1.0,0.0,0.0,0.0,0.0,0.0,11,9,2,10,-0.153846,0,0,0,0,-1,301,48,68,4.0,2.0,0.002066,0,0,4,ATH,0.002066,Africa,48,12,0,0,0,0,0,0,0
Uganda,2008,country,1956,2024,0.0,0.0,0.0,0.0,0.0,0.0,0.0,0.0,0.0,0.0,0.0,0.0,1.0,1.0,1.0,11,9,2,10,0.0,0,0,0,0,-1,302,48,68,5.0,4.0,0.0,0,0,4,ATH,0.0,Africa,52,13,0,0,0,0,0,0,0
Uganda,2012,country,1956,2024,0.0,0.0,0.0,0.0,0.0,0.0,0.0,0.0,0.0,0.0,0.0,0.0,0.0,0.0,0.0,16,12,4,12,0.454545,0,0,0,0,-1,302,48,68,2.0,2.0,0.009671,0,0,4,ATH,0.009671,Africa,56,14,0,0,1,0,0,1,1
Uganda,2016,country,1956,2024,1.0,0.0,0.0,1.0,1.0,0.0,0.0,0.0,0.0,0.0,0.0,0.0,0.0,0.0,0.0,23,15,8,14,0.4375,0,0,0,0,-1,306,48,68,5.0,1.0,0.00677,0,0,3,ATH,0.00677,Africa,60,15,0,0,0,0,0,0,0
Uganda,2020,country,1956,2024,0.0,0.0,0.0,0.0,0.0,1.0,0.0,0.0,1.0,1.0,0.0,0.0,0.0,0.0,0.0,28,14,14,18,0.217391,0,0,0,0,-1,316,48,68,33.0,23.0,0.032979,0,0,4,ATH,0.032979,Africa,64,16,0,0,2,1,1,4,1
Uganda,2024,country,1956,2024,2.0,1.0,1.0,4.0,1.0,0.0,0.0,0.0,0.0,0.0,1.0,0.0,0.0,1.0,1.0,27,14,13,16,-0.035714,0,0,0,0,-1,297,48,68,6.0,25.0,0.034852,0,0,4,ATH,0.034852,Africa,68,17,0,0,1,1,0,2,1
Ukraine,1996,country,1996,2024,,,,,,,,,,,,,,,,351,218,133,148,,0,0,0,0,-1,278,48,68,15.0,1.0,1.7732139999999998,0,0,23,GRY,0.7,Europe,0,1,0,0,9,2,12,23,1
Ukraine,2000,country,1996,2024,9.0,2.0,12.0,23.0,1.0,,,,,,,,,,,368,216,152,185,0.048433,0,0,0,0,-1,299,48,68,24.0,4.0,1.549245,0,0,26,GTR,0.3,Europe,4,2,0,0,3,10,10,23,1
Ukraine,2004,country,1996,2024,3.0,10.0,10.0,23.0,1.0,9.0,2.0,12.0,23.0,1.0,,,,,,357,195,162,175,-0.029891,0,0,0,0,-1,301,48,68,4.0,2.0,1.791582,0,0,26,GTR,0.417647,Europe,8,3,0,0,8,5,9,22,1
Ukraine,2008,country,1996,2024,8.0,5.0,9.0,22.0,1.0,3.0,10.0,10.0,23.0,1.0,9.0,2.0,12.0,23.0,1.0,327,161,166,177,-0.084034,0,0,0,0,-1,302,48,68,5.0,4.0,1.491373,0,0,27,GTR,0.227273,Europe,12,4,1,1,7,5,15,27,1
Ukraine,2012,country,1996,2024,7.0,5.0,15.0,27.0,1.0,8.0,5.0,9.0,22.0,1.0,3.0,10.0,10.0,23.0,1.0,304,161,143,174,-0.070336,0,0,0,0,-1,302,48,68,2.0,2.0,1.26502,0,0,29,BOX,0.139606,Europe,16,5,0,0,6,5,9,20,1
Ukraine,2016,country,1996,2024,6.0,5.0,9.0,20.0,1.0,7.0,5.0,15.0,27.0,1.0,8.0,5.0,9.0,22.0,1.0,272,127,145,142,-0.105263,0,0,0,0,-1,306,48,68,5.0,1.0,1.085666,0,0,29,MPN,0.181818,Europe,20,6,1,1,2,5,4,11,1
Ukraine,2020,country,1996,2024,2.0,5.0,4.0,11.0,1.0,6.0,5.0,9.0,20.0,1.0,7.0,5.0,15.0,27.0,1.0,225,105,120,121,-0.172794,0,0,0,0,-1,316,48,68,33.0,23.0,1.002618,0,0,27,SWA,0.181818,Europe,24,7,0,0,1,6,12,19,1
Ukraine,2024,country,1996,2024,1.0,6.0,12.0,19.0,1.0,2.0,5.0,4.0,11.0,1.0,6.0,5.0,9.0,20.0,1.0,212,119,93,101,-0.057778,0,0,0,0,-1,297,48,68,6.0,25.0,0.731455,0,0,24,WRG,0.168182,Europe,28,8,0,0,3,5,4,12,1
Unified Team,1992,historical_different,1992,1992,,,,,,,,,,,,,,,,650,405,245,234,,0,0,0,0,-1,265,48,68,23.0,1.0,9.092654,0,1,30,GRY,1.4,Europe,0,1,1,1,45,38,29,112,1
United Arab Emirates,1984,country,1984,2024,,,,,,,,,,,,,,,,11,11,0,8,,0,0,0,0,-1,225,46,66,21.0,0.0,0.0,0,0,1,ATH,0.0,Asia,0,1,0,0,0,0,0,0,0
United Arab Emirates,1988,country,1984,2024,0.0,0.0,0.0,0.0,0.0,,,,,,,,,,,36,36,0,15,2.272727,0,0,0,0,-1,243,47,67,19.0,1.0,0.0,0,0,2,CRD,0.0,Asia,4,2,0,0,0,0,0,0,0
United Arab Emirates,1992,country,1984,2024,0.0,0.0,0.0,0.0,0.0,0.0,0.0,0.0,0.0,0.0,,,,,,36,36,0,19,0.0,0,0,0,0,-1,265,48,68,23.0,1.0,0.0,0,0,3,ATH,0.0,Asia,8,3,0,0,0,0,0,0,0
United Arab Emirates,1996,country,1984,2024,0.0,0.0,0.0,0.0,0.0,0.0,0.0,0.0,0.0,0.0,0.0,0.0,0.0,0.0,0.0,4,4,0,4,-0.888889,0,0,0,0,-1,278,48,68,15.0,1.0,0.0,0,0,4,ATH,0.0,Asia,12,4,0,0,0,0,0,0,0
United Arab Emirates,2000,country,1984,2024,0.0,0.0,0.0,0.0,0.0,0.0,0.0,0.0,0.0,0.0,0.0,0.0,0.0,0.0,0.0,5,5,0,5,0.25,0,0,0,0,-1,299,48,68,24.0,4.0,0.0,0,0,3,ATH,0.0,Asia,16,5,0,0,0,0,0,0,0
United Arab Emirates,2004,country,1984,2024,0.0,0.0,0.0,0.0,0.0,0.0,0.0,0.0,0.0,0.0,0.0,0.0,0.0,0.0,0.0,5,5,0,5,0.0,0,0,0,0,-1,301,48,68,4.0,2.0,0.026738,0,0,3,SHO,0.026738,Asia,20,6,0,0,1,0,0,1,1
United Arab Emirates,2008,country,1984,2024,1.0,0.0,0.0,1.0,1.0,0.0,0.0,0.0,0.0,0.0,0.0,0.0,0.0,0.0,0.0,9,7,2,9,0.8,0,0,0,0,-1,302,48,68,5.0,4.0,0.018717,0,0,7,SHO,0.018717,Asia,24,7,0,0,0,0,0,0,0
United Arab Emirates,2012,country,1984,2024,0.0,0.0,0.0,0.0,0.0,1.0,0.0,0.0,1.0,1.0,0.0,0.0,0.0,0.0,0.0,26,24,2,9,1.888889,0,0,0,0,-1,302,48,68,2.0,2.0,0.013369,0,0,6,SHO,0.013369,Asia,28,8,0,0,0,0,0,0,0
United Arab Emirates,2016,country,1984,2024,0.0,0.0,0.0,0.0,0.0,0.0,0.0,0.0,0.0,0.0,1.0,0.0,0.0,1.0,1.0,12,9,3,11,-0.538462,0,0,0,0,-1,306,48,68,5.0,1.0,0.006494,0,0,6,JUD,0.006494,Asia,32,9,0,0,0,0,1,1,1
United Arab Emirates,2020,country,1984,2024,0.0,0.0,1.0,1.0,1.0,0.0,0.0,0.0,0.0,0.0,0.0,0.0,0.0,0.0,0.0,5,5,0,5,-0.583333,0,0,0,0,-1,316,48,68,33.0,23.0,0.004545,0,0,4,JUD,0.004545,Asia,36,10,0,0,0,0,0,0,0
United Arab Emirates,2024,country,1984,2024,0.0,0.0,0.0,0.0,0.0,0.0,0.0,1.0,1.0,1.0,0.0,0.0,0.0,0.0,0.0,16,12,4,12,2.2,0,0,0,0,-1,297,48,68,6.0,25.0,0.003247,0,0,5,JUD,0.003247,Asia,40,11,0,0,0,0,0,0,0
United Arab Republic,1960,historical_different,1960,1960,,,,,,,,,,,,,,,,123,123,0,34,,0,0,0,0,-1,152,48,67,6.0,3.0,0.095,0,0,12,WRG,0.075,Africa,0,1,0,0,0,1,1,2,1
United States,1896,country,1896,2024,,,,,,,,,,,,,,,,27,27,0,16,,0,0,0,0,-1,44,47,66,,,1.592727,0,1,2,ATH,1.072727,Americas,0,1,0,0,11,6,2,19,1
United States,1900,country,1896,2024,11.0,6.0,2.0,19.0,1.0,,,,,,,,,,,134,125,9,41,3.962963,0,1,0,1,-1,97,47,66,65.0,12.0,4.42126,0,2,8,GLF,1.5,Americas,4,2,0,0,21,16,17,54,1
United States,1904,country,1896,2024,21.0,16.0,17.0,54.0,1.0,11.0,6.0,2.0,19.0,1.0,,,,,,1105,1089,16,95,7.246269,1,0,0,2,-1,95,48,67,36.0,38.0,24.842911,4,11,3,??0,2.0,Americas,8,3,1,7,76,79,75,230,1
United States,1908,country,1896,2024,76.0,79.0,75.0,230.0,1.0,21.0,16.0,17.0,54.0,1.0,11.0,6.0,2.0,19.0,1.0,218,218,0,52,-0.802715,0,0,1,3,4,104,48,67,35.0,26.0,7.206038,0,2,7,??0,1.411765,Americas,12,4,0,0,22,12,12,46,1
United States,1912,country,1896,2024,22.0,12.0,12.0,46.0,1.0,76.0,79.0,75.0,230.0,1.0,21.0,16.0,17.0,54.0,1.0,364,364,0,68,0.669725,0,0,0,0,8,102,48,67,25.0,28.0,4.083238,0,1,11,ATH,1.122174,Americas,16,5,0,0,26,18,19,63,1
United States,1920,country,1896,2024,26.0,18.0,19.0,63.0,1.0,22.0,12.0,12.0,46.0,1.0,76.0,79.0,75.0,230.0,1.0,472,450,22,113,0.296703,0,0,0,0,16,156,48,67,58.0,4.0,6.07435,0,1,19,RUG,1.0,Americas,24,6,0,0,41,27,27,95,1
United States,1924,country,1896,2024,41.0,27.0,27.0,95.0,1.0,26.0,18.0,19.0,63.0,1.0,22.0,12.0,12.0,46.0,1.0,459,424,35,108,-0.027542,0,0,0,0,20,126,45,62,12.0,42.0,8.149511,0,3,16,SWM,1.042452,Americas,28,7,1,1,45,27,27,99,1
United States,1928,country,1896,2024,45.0,27.0,27.0,99.0,1.0,41.0,27.0,27.0,95.0,1.0,26.0,18.0,19.0,63.0,1.0,392,340,52,96,-0.145969,0,1,0,1,24,110,48,68,3.0,19.0,4.854534,0,2,13,DIV,1.479091,Americas,32,8,0,0,22,18,16,56,1
United States,1932,country,1896,2024,22.0,18.0,16.0,56.0,1.0,45.0,27.0,27.0,99.0,1.0,41.0,27.0,27.0,95.0,1.0,544,461,83,122,0.387755,1,0,0,2,28,127,48,67,18.0,1.0,8.077155,0,1,18,DIV,1.779545,Americas,36,9,0,0,44,36,30,110,1
United States,1936,country,1896,2024,44.0,36.0,30.0,110.0,1.0,22.0,18.0,16.0,56.0,1.0,45.0,27.0,27.0,99.0,1.0,472,415,57,127,-0.132353,0,0,1,3,4,129,48,67,4.0,2.0,7.427234,0,2,21,DIV,1.829545,Americas,40,10,0,0,24,21,12,57,1
United States,1948,country,1896,2024,24.0,21.0,12.0,57.0,1.0,44.0,36.0,30.0,110.0,1.0,22.0,18.0,16.0,56.0,1.0,423,365,58,126,-0.103814,0,0,0,0,16,136,48,68,9.0,2.0,8.633354,0,2,20,DIV,1.845455,Americas,52,11,0,0,38,27,19,84,1
United States,1952,country,1896,2024,38.0,27.0,19.0,84.0,1.0,24.0,21.0,12.0,57.0,1.0,44.0,36.0,30.0,110.0,1.0,451,352,99,133,0.066194,0,0,0,0,20,149,48,68,12.0,0.0,7.480303,0,2,19,DIV,1.709091,Americas,56,12,0,0,40,19,17,76,1
United States,1956,country,1896,2024,40.0,19.0,17.0,76.0,1.0,38.0,27.0,19.0,84.0,1.0,24.0,21.0,12.0,57.0,1.0,443,345,98,144,-0.017738,0,0,0,0,24,149,48,68,2.0,2.0,7.198125,0,2,21,DIV,1.622727,Americas,60,13,0,0,32,25,17,74,1
United States,1960,country,1896,2024,32.0,25.0,17.0,74.0,1.0,40.0,19.0,17.0,76.0,1.0,38.0,27.0,19.0,84.0,1.0,428,326,102,147,-0.03386,0,0,0,0,28,152,48,67,6.0,3.0,6.401893,0,2,19,DIV,1.356818,Americas,64,14,0,0,34,21,16,71,1
United States,1964,country,1896,2024,34.0,21.0,16.0,71.0,1.0,32.0,25.0,17.0,74.0,1.0,40.0,19.0,17.0,76.0,1.0,492,356,136,159,0.149533,0,0,0,0,32,164,47,67,12.0,0.0,6.545336,0,2,21,DIV,1.315909,Americas,68,15,0,0,36,26,28,90,1
United States,1968,country,1896,2024,36.0,26.0,28.0,90.0,1.0,34.0,21.0,16.0,71.0,1.0,32.0,25.0,17.0,74.0,1.0,529,377,152,167,0.075203,0,0,0,0,36,174,47,67,14.0,4.0,6.353129,0,3,19,SWM,1.123563,Americas,72,16,0,0,45,28,34,107,1
United States,1972,country,1896,2024,45.0,28.0,34.0,107.0,1.0,36.0,26.0,28.0,90.0,1.0,34.0,21.0,16.0,71.0,1.0,578,423,155,185,0.092628,0,0,0,0,40,201,47,67,27.0,0.0,6.932973,0,2,24,SWM,1.137879,Americas,76,17,1,1,33,31,30,94,1
United States,1976,country,1896,2024,33.0,31.0,30.0,94.0,1.0,45.0,28.0,34.0,107.0,1.0,36.0,26.0,28.0,90.0,1.0,554,372,182,189,-0.041522,0,0,0,0,44,199,48,68,8.0,10.0,6.721565,0,2,21,SWM,1.039691,Americas,80,18,0,0,34,35,25,94,1
United States,1980,country,1896,2024,34.0,35.0,25.0,94.0,1.0,33.0,31.0,30.0,94.0,1.0,45.0,28.0,34.0,107.0,1.0,0,0,0,0,,0,1,0,1,48,204,47,67,6.0,1.0,,0,0,0,,,Americas,84,18,0,0,0,0,0,0,0
United States,1984,country,1896,2024,34.0,35.0,25.0,94.0,1.0,33.0,31.0,30.0,94.0,1.0,45.0,28.0,34.0,107.0,1.0,693,437,256,217,0.250903,1,0,0,2,52,225,46,66,21.0,0.0,13.89142,0,2,27,DIV,1.116667,Americas,88,19,0,0,82,61,30,173,1
United States,1988,country,1896,2024,82.0,61.0,30.0,173.0,1.0,34.0,35.0,25.0,94.0,1.0,33.0,31.0,30.0,94.0,1.0,715,431,284,230,0.031746,0,0,1,3,4,243,47,67,19.0,1.0,11.40176,0,1,30,DIV,1.014706,Americas,92,20,0,0,36,31,27,94,1
United States,1992,country,1896,2024,36.0,31.0,27.0,94.0,1.0,82.0,61.0,30.0,173.0,1.0,34.0,35.0,25.0,94.0,1.0,734,454,280,248,0.026573,0,1,0,1,8,265,48,68,23.0,1.0,9.344075,0,0,33,DIV,0.781818,Americas,96,21,1,1,37,34,37,108,1
United States,1996,country,1896,2024,37.0,34.0,37.0,108.0,1.0,36.0,31.0,27.0,94.0,1.0,82.0,61.0,30.0,173.0,1.0,839,478,361,263,0.143052,1,0,0,2,12,278,48,68,15.0,1.0,9.616545,0,1,36,SBL,1.0,Americas,100,22,1,1,44,32,25,101,1
United States,2000,country,1896,2024,44.0,32.0,25.0,101.0,1.0,37.0,34.0,37.0,108.0,1.0,36.0,31.0,27.0,94.0,1.0,764,424,340,265,-0.089392,0,0,1,3,4,299,48,68,24.0,4.0,9.159823,0,1,36,SBL,1.0,Americas,104,23,1,2,36,24,31,91,1
United States,2004,country,1896,2024,36.0,24.0,31.0,91.0,1.0,44.0,32.0,25.0,101.0,1.0,37.0,34.0,37.0,108.0,1.0,726,386,340,254,-0.049738,0,0,0,0,8,301,48,68,4.0,2.0,8.599959,0,1,36,SBL,1.0,Americas,108,24,1,3,36,39,26,101,1
United States,2008,country,1896,2024,36.0,39.0,26.0,101.0,1.0,36.0,24.0,31.0,91.0,1.0,44.0,32.0,25.0,101.0,1.0,763,397,366,258,0.050964,0,0,0,0,12,302,48,68,5.0,4.0,9.780344,0,0,39,BKB,0.904545,Americas,112,25,1,2,36,39,35,110,1
United States,2012,country,1896,2024,36.0,39.0,35.0,110.0,1.0,36.0,39.0,26.0,101.0,1.0,36.0,24.0,31.0,91.0,1.0,689,346,343,245,-0.096986,0,0,0,0,16,302,48,68,2.0,2.0,7.807292,0,0,38,BKB,0.931818,Americas,116,26,1,2,46,28,29,103,1
United States,2016,country,1896,2024,46.0,28.0,29.0,103.0,1.0,36.0,39.0,35.0,110.0,1.0,36.0,39.0,26.0,101.0,1.0,719,350,369,245,0.043541,0,0,0,0,20,306,48,68,5.0,1.0,8.138474,0,1,39,BKB,1.0,Americas,120,27,1,2,46,37,38,121,1
United States,2020,country,1896,2024,46.0,37.0,38.0,121.0,1.0,46.0,28.0,29.0,103.0,1.0,36.0,39.0,35.0,110.0,1.0,856,400,456,245,0.190542,0,0,0,0,24,316,48,68,33.0,23.0,9.296433,0,1,42,BKB,1.0,Americas,124,28,0,0,35,41,33,109,1
United States,2024,country,1896,2024,35.0,41.0,33.0,109.0,1.0,46.0,37.0,38.0,121.0,1.0,46.0,28.0,29.0,103.0,1.0,854,403,451,234,-0.002336,0,0,0,0,28,297,48,68,6.0,25.0,8.456615000000001,0,1,40,BKB,1.0,Americas,128,29,0,0,37,42,39,118,1
Unknown,1912,special,1912,1912,,,,,,,,,,,,,,,,2,2,0,1,,0,0,0,0,-1,102,48,67,25.0,28.0,,0,0,0,,,Europe,0,1,0,0,0,0,0,0,0
Uruguay,1924,country,1924,2024,,,,,,,,,,,,,,,,40,40,0,11,,0,0,0,0,-1,126,45,62,12.0,42.0,1.0,0,1,2,FBL,1.0,Americas,0,1,0,0,1,0,0,1,1
Uruguay,1928,country,1924,2024,1.0,0.0,0.0,1.0,1.0,,,,,,,,,,,17,17,0,1,-0.575,0,0,0,0,-1,110,48,68,3.0,19.0,1.0,0,1,0,FBL,1.0,Americas,4,2,0,0,1,0,0,1,1
Uruguay,1932,country,1924,2024,1.0,0.0,0.0,1.0,1.0,1.0,0.0,0.0,1.0,1.0,,,,,,2,2,0,2,-0.882353,0,0,0,0,-1,127,48,67,18.0,1.0,0.057143,0,0,1,ROW,0.057143,Americas,8,3,0,0,0,0,1,1,1
Uruguay,1936,country,1924,2024,0.0,0.0,1.0,1.0,1.0,1.0,0.0,0.0,1.0,1.0,1.0,0.0,0.0,1.0,1.0,40,40,0,15,19.0,0,0,0,0,-1,129,48,67,4.0,2.0,0.023529,0,0,6,ROW,0.023529,Americas,12,4,0,0,0,0,0,0,0
Uruguay,1948,country,1924,2024,0.0,0.0,0.0,0.0,0.0,0.0,0.0,1.0,1.0,1.0,1.0,0.0,0.0,1.0,1.0,79,78,1,32,0.975,0,0,0,0,-1,136,48,68,9.0,2.0,0.077922,0,0,11,ROW,0.077922,Americas,24,5,0,0,0,1,1,2,1
Uruguay,1952,country,1924,2024,0.0,1.0,1.0,2.0,1.0,0.0,0.0,0.0,0.0,0.0,0.0,0.0,1.0,1.0,1.0,42,41,1,16,-0.468354,0,0,0,0,-1,149,48,68,12.0,0.0,0.253247,0,0,10,BKB,0.181818,Americas,28,6,0,0,0,0,2,2,1
Uruguay,1956,country,1924,2024,0.0,0.0,2.0,2.0,1.0,0.0,1.0,1.0,2.0,1.0,0.0,0.0,0.0,0.0,0.0,29,29,0,8,-0.309524,0,0,0,0,-1,149,48,68,2.0,2.0,0.35974,0,0,6,BKB,0.309091,Americas,32,7,0,0,0,0,1,1,1
Uruguay,1960,country,1924,2024,0.0,0.0,1.0,1.0,1.0,0.0,0.0,2.0,2.0,1.0,0.0,1.0,1.0,2.0,1.0,42,42,0,15,0.448276,0,0,0,0,-1,152,48,67,6.0,3.0,0.23116899999999999,0,0,9,BKB,0.218182,Americas,36,8,0,0,0,0,0,0,0
Uruguay,1964,country,1924,2024,0.0,0.0,0.0,0.0,0.0,0.0,0.0,1.0,1.0,1.0,0.0,0.0,2.0,2.0,1.0,29,29,0,8,-0.309524,0,0,0,0,-1,164,47,67,12.0,0.0,0.102674,0,0,5,BKB,0.090909,Americas,40,9,0,0,0,0,1,1,1
Uruguay,1968,country,1924,2024,0.0,0.0,1.0,1.0,1.0,0.0,0.0,0.0,0.0,0.0,0.0,0.0,1.0,1.0,1.0,50,22,28,31,0.724138,0,0,0,0,-1,174,47,67,14.0,4.0,0.006364,0,0,9,BOX,0.006364,Americas,44,10,0,0,0,0,0,0,0
Uruguay,1972,country,1924,2024,0.0,0.0,0.0,0.0,0.0,0.0,0.0,1.0,1.0,1.0,0.0,0.0,0.0,0.0,0.0,20,13,7,12,-0.6,0,0,0,0,-1,201,47,67,27.0,0.0,0.004545,0,0,5,BOX,0.004545,Americas,48,11,0,0,0,0,0,0,0
Uruguay,1976,country,1924,2024,0.0,0.0,0.0,0.0,0.0,0.0,0.0,0.0,0.0,0.0,0.0,0.0,1.0,1.0,1.0,15,12,3,9,-0.25,0,0,0,0,-1,199,48,68,8.0,10.0,0.0,0,0,6,ATH,0.0,Americas,52,12,0,0,0,0,0,0,0
Uruguay,1980,country,1924,2024,0.0,0.0,0.0,0.0,0.0,0.0,0.0,0.0,0.0,0.0,0.0,0.0,0.0,0.0,0.0,0,0,0,0,,0,0,0,0,-1,204,47,67,6.0,1.0,,0,0,0,,,Americas,56,12,0,0,0,0,0,0,0
Uruguay,1984,country,1924,2024,0.0,0.0,0.0,0.0,0.0,0.0,0.0,0.0,0.0,0.0,0.0,0.0,0.0,0.0,0.0,23,21,2,11,0.533333,0,0,0,0,-1,225,46,66,21.0,0.0,0.0,0,0,5,BKB,0.0,Americas,60,13,0,0,0,0,0,0,0
Uruguay,1988,country,1924,2024,0.0,0.0,0.0,0.0,0.0,0.0,0.0,0.0,0.0,0.0,0.0,0.0,0.0,0.0,0.0,18,16,2,14,-0.217391,0,0,0,0,-1,243,47,67,19.0,1.0,0.0,0,0,9,ATH,0.0,Americas,64,14,0,0,0,0,0,0,0
Uruguay,1992,country,1924,2024,0.0,0.0,0.0,0.0,0.0,0.0,0.0,0.0,0.0,0.0,0.0,0.0,0.0,0.0,0.0,18,18,0,15,0.0,0,0,0,0,-1,265,48,68,23.0,1.0,0.0,0,0,11,ATH,0.0,Americas,68,15,0,0,0,0,0,0,0
Uruguay,1996,country,1924,2024,0.0,0.0,0.0,0.0,0.0,0.0,0.0,0.0,0.0,0.0,0.0,0.0,0.0,0.0,0.0,15,13,2,14,-0.166667,0,0,0,0,-1,278,48,68,15.0,1.0,0.0,0,0,9,ATH,0.0,Americas,72,16,0,0,0,0,0,0,0
Uruguay,2000,country,1924,2024,0.0,0.0,0.0,0.0,0.0,0.0,0.0,0.0,0.0,0.0,0.0,0.0,0.0,0.0,0.0,17,14,3,16,0.133333,0,0,0,0,-1,299,48,68,24.0,4.0,0.029412,0,0,8,CTR,0.029412,Americas,76,17,0,0,0,1,0,1,1
Uruguay,2004,country,1924,2024,0.0,1.0,0.0,1.0,1.0,0.0,0.0,0.0,0.0,0.0,0.0,0.0,0.0,0.0,0.0,18,16,2,16,0.058824,0,0,0,0,-1,301,48,68,4.0,2.0,0.015909,0,0,6,CTR,0.015909,Americas,80,18,0,0,0,0,0,0,0
Uruguay,2008,country,1924,2024,0.0,0.0,0.0,0.0,0.0,0.0,1.0,0.0,1.0,1.0,0.0,0.0,0.0,0.0,0.0,13,10,3,12,-0.277778,0,0,0,0,-1,302,48,68,5.0,4.0,0.011364,0,0,6,CTR,0.011364,Americas,84,19,0,0,0,0,0,0,0
Uruguay,2012,country,1924,2024,0.0,0.0,0.0,0.0,0.0,0.0,0.0,0.0,0.0,0.0,0.0,1.0,0.0,1.0,1.0,27,24,3,11,1.076923,0,0,0,0,-1,302,48,68,2.0,2.0,0.0,0,0,8,ATH,0.0,Americas,88,20,0,0,0,0,0,0,0
Uruguay,2016,country,1924,2024,0.0,0.0,0.0,0.0,0.0,0.0,0.0,0.0,0.0,0.0,0.0,0.0,0.0,0.0,0.0,17,12,5,14,-0.37037,0,0,0,0,-1,306,48,68,5.0,1.0,0.0,0,0,8,ATH,0.0,Americas,92,21,0,0,0,0,0,0,0
Uruguay,2020,country,1924,2024,0.0,0.0,0.0,0.0,0.0,0.0,0.0,0.0,0.0,0.0,0.0,0.0,0.0,0.0,0.0,11,6,5,9,-0.352941,0,0,0,0,-1,316,48,68,33.0,23.0,0.0,0,0,5,ATH,0.0,Americas,96,22,0,0,0,0,0,0,0
Uruguay,2024,country,1924,2024,0.0,0.0,0.0,0.0,0.0,0.0,0.0,0.0,0.0,0.0,0.0,0.0,0.0,0.0,0.0,27,23,4,13,1.454545,0,0,0,0,-1,297,48,68,6.0,25.0,0.0,0,0,9,ATH,0.0,Americas,100,23,0,0,0,0,0,0,0
Uzbekistan,1996,country,1996,2024,,,,,,,,,,,,,,,,95,75,20,70,,0,0,0,0,-1,278,48,68,15.0,1.0,0.059524,0,0,13,JUD,0.042857,Asia,0,1,0,0,0,1,1,2,1
Uzbekistan,2000,country,1996,2024,0.0,1.0,1.0,2.0,1.0,,,,,,,,,,,85,58,27,69,-0.105263,0,0,0,0,-1,299,48,68,24.0,4.0,0.13725500000000002,0,0,13,BOX,0.07549,Asia,4,2,0,0,1,1,2,4,1
Uzbekistan,2004,country,1996,2024,1.0,1.0,2.0,4.0,1.0,0.0,1.0,1.0,2.0,1.0,,,,,,79,57,22,71,-0.070588,0,0,0,0,-1,301,48,68,4.0,2.0,0.222092,0,0,15,WRF,0.089979,Asia,8,3,0,0,2,1,2,5,1
Uzbekistan,2008,country,1996,2024,2.0,1.0,2.0,5.0,1.0,1.0,1.0,2.0,4.0,1.0,0.0,1.0,1.0,2.0,1.0,69,49,20,67,-0.126582,0,0,0,0,-1,302,48,68,5.0,4.0,0.34285200000000005,0,0,15,WRF,0.129442,Asia,12,4,0,0,1,2,3,6,1
Uzbekistan,2012,country,1996,2024,1.0,2.0,3.0,6.0,1.0,2.0,1.0,2.0,5.0,1.0,1.0,1.0,2.0,4.0,1.0,56,37,19,52,-0.188406,0,0,0,0,-1,302,48,68,2.0,2.0,0.256697,0,0,15,WRF,0.120661,Asia,16,5,0,0,1,0,2,3,1
Uzbekistan,2016,country,1996,2024,1.0,0.0,2.0,3.0,1.0,1.0,2.0,3.0,6.0,1.0,2.0,1.0,2.0,5.0,1.0,80,53,27,69,0.428571,0,0,0,0,-1,306,48,68,5.0,1.0,0.377319,0,0,16,BOX,0.169231,Asia,20,6,0,0,4,2,7,13,1
Uzbekistan,2020,country,1996,2024,4.0,2.0,7.0,13.0,1.0,1.0,0.0,2.0,3.0,1.0,1.0,2.0,3.0,6.0,1.0,85,49,36,69,0.0625,0,0,0,0,-1,316,48,68,33.0,23.0,0.331842,0,0,17,BOX,0.153497,Asia,24,7,0,0,3,0,2,5,1
Uzbekistan,2024,country,1996,2024,3.0,0.0,2.0,5.0,1.0,4.0,2.0,7.0,13.0,1.0,1.0,0.0,2.0,3.0,1.0,119,81,38,68,0.4,0,0,0,0,-1,297,48,68,6.0,25.0,0.596372,0,0,17,BOX,0.281469,Asia,28,8,0,0,8,2,3,13,1
Vanuatu,1988,country,1988,2024,,,,,,,,,,,,,,,,6,4,2,6,,0,0,0,0,-1,243,47,67,19.0,1.0,0.0,0,0,2,ATH,0.0,Oceania,0,1,0,0,0,0,0,0,0
Vanuatu,1992,country,1988,2024,0.0,0.0,0.0,0.0,0.0,,,,,,,,,,,8,5,3,8,0.333333,0,0,0,0,-1,265,48,68,23.0,1.0,0.0,0,0,1,ATH,0.0,Oceania,4,2,0,0,0,0,0,0,0
Vanuatu,1996,country,1988,2024,0.0,0.0,0.0,0.0,0.0,0.0,0.0,0.0,0.0,0.0,,,,,,4,3,1,4,-0.5,0,0,0,0,-1,278,48,68,15.0,1.0,0.0,0,0,1,ATH,0.0,Oceania,8,3,0,0,0,0,0,0,0
Vanuatu,2000,country,1988,2024,0.0,0.0,0.0,0.0,0.0,0.0,0.0,0.0,0.0,0.0,0.0,0.0,0.0,0.0,0.0,3,2,1,3,-0.25,0,0,0,0,-1,299,48,68,24.0,4.0,0.0,0,0,2,ARC,0.0,Oceania,12,4,0,0,0,0,0,0,0
Vanuatu,2004,country,1988,2024,0.0,0.0,0.0,0.0,0.0,0.0,0.0,0.0,0.0,0.0,0.0,0.0,0.0,0.0,0.0,2,1,1,2,-0.333333,0,0,0,0,-1,301,48,68,4.0,2.0,0.0,0,0,1,ATH,0.0,Oceania,16,5,0,0,0,0,0,0,0
Vanuatu,2008,country,1988,2024,0.0,0.0,0.0,0.0,0.0,0.0,0.0,0.0,0.0,0.0,0.0,0.0,0.0,0.0,0.0,3,1,2,3,0.5,0,0,0,0,-1,302,48,68,5.0,4.0,0.0,0,0,2,ATH,0.0,Oceania,20,6,0,0,0,0,0,0,0
Vanuatu,2012,country,1988,2024,0.0,0.0,0.0,0.0,0.0,0.0,0.0,0.0,0.0,0.0,0.0,0.0,0.0,0.0,0.0,5,3,2,5,0.666667,0,0,0,0,-1,302,48,68,2.0,2.0,0.0,0,0,3,ATH,0.0,Oceania,24,7,0,0,0,0,0,0,0
Vanuatu,2016,country,1988,2024,0.0,0.0,0.0,0.0,0.0,0.0,0.0,0.0,0.0,0.0,0.0,0.0,0.0,0.0,0.0,4,4,0,4,-0.2,0,0,0,0,-1,306,48,68,5.0,1.0,0.0,0,0,4,BOX,0.0,Oceania,28,8,0,0,0,0,0,0,0
Vanuatu,2020,country,1988,2024,0.0,0.0,0.0,0.0,0.0,0.0,0.0,0.0,0.0,0.0,0.0,0.0,0.0,0.0,0.0,3,3,0,3,-0.25,0,0,0,0,-1,316,48,68,33.0,23.0,0.0,0,0,3,JUD,0.0,Oceania,32,9,0,0,0,0,0,0,0
Vanuatu,2024,country,1988,2024,0.0,0.0,0.0,0.0,0.0,0.0,0.0,0.0,0.0,0.0,0.0,0.0,0.0,0.0,0.0,6,2,4,6,1.0,0,0,0,0,-1,297,48,68,6.0,25.0,0.0,0,0,5,ATH,0.0,Oceania,36,10,0,0,0,0,0,0,0
Venezuela,1932,country,1932,2024,,,,,,,,,,,,,,,,1,1,0,1,,0,0,0,0,-1,127,48,67,18.0,1.0,,0,0,0,,,Americas,0,1,0,0,0,0,0,0,0
Venezuela,1936,country,1932,2024,0.0,0.0,0.0,0.0,0.0,,,,,,,,,,,0,0,0,0,,0,0,0,0,-1,129,48,67,4.0,2.0,,0,0,0,,,Americas,4,1,0,0,0,0,0,0,0
Venezuela,1948,country,1932,2024,0.0,0.0,0.0,0.0,0.0,,,,,,,,,,,2,2,0,2,1.0,0,0,0,0,-1,136,48,68,9.0,2.0,0.0,0,0,1,CTR,0.0,Americas,16,2,0,0,0,0,0,0,0
Venezuela,1952,country,1932,2024,0.0,0.0,0.0,0.0,0.0,0.0,0.0,0.0,0.0,0.0,,,,,,63,61,2,37,30.5,0,0,0,0,-1,149,48,68,12.0,0.0,0.012121,0,0,8,ATH,0.012121,Americas,20,3,0,0,0,0,1,1,1
Venezuela,1956,country,1932,2024,0.0,0.0,1.0,1.0,1.0,0.0,0.0,0.0,0.0,0.0,0.0,0.0,0.0,0.0,0.0,38,38,0,16,-0.396825,0,0,0,0,-1,149,48,68,2.0,2.0,0.004991,0,0,6,ATH,0.004991,Americas,24,4,0,0,0,0,0,0,0
Venezuela,1960,country,1932,2024,0.0,0.0,0.0,0.0,0.0,0.0,0.0,1.0,1.0,1.0,0.0,0.0,0.0,0.0,0.0,54,45,9,26,0.421053,0,0,0,0,-1,152,48,67,6.0,3.0,0.033058000000000004,0,0,9,SHO,0.030303,Americas,28,5,0,0,0,0,1,1,1
Venezuela,1964,country,1932,2024,0.0,0.0,1.0,1.0,1.0,0.0,0.0,0.0,0.0,0.0,0.0,0.0,1.0,1.0,1.0,23,21,2,16,-0.574074,0,0,0,0,-1,164,47,67,12.0,0.0,0.021212,0,0,5,SHO,0.021212,Americas,32,6,0,0,0,0,0,0,0
Venezuela,1968,country,1932,2024,0.0,0.0,0.0,0.0,0.0,0.0,0.0,1.0,1.0,1.0,0.0,0.0,0.0,0.0,0.0,30,30,0,17,0.304348,0,0,0,0,-1,174,47,67,14.0,4.0,0.075758,0,0,5,BOX,0.060606,Americas,36,7,0,0,1,0,0,1,1
Venezuela,1972,country,1932,2024,1.0,0.0,0.0,1.0,1.0,0.0,0.0,0.0,0.0,0.0,0.0,0.0,1.0,1.0,1.0,33,25,8,27,0.1,0,0,0,0,-1,201,47,67,27.0,0.0,0.037433,0,0,4,BOX,0.037433,Americas,40,8,0,0,0,0,0,0,0
Venezuela,1976,country,1932,2024,0.0,0.0,0.0,0.0,0.0,1.0,0.0,0.0,1.0,1.0,0.0,0.0,0.0,0.0,0.0,56,34,22,35,0.69697,0,0,0,0,-1,199,48,68,8.0,10.0,0.045455,0,0,6,BOX,0.045455,Americas,44,9,0,0,0,1,0,1,1
Venezuela,1980,country,1932,2024,0.0,1.0,0.0,1.0,1.0,0.0,0.0,0.0,0.0,0.0,1.0,0.0,0.0,1.0,1.0,43,43,0,20,-0.232143,0,0,0,0,-1,204,47,67,6.0,1.0,0.042149,0,0,7,BOX,0.042149,Americas,48,10,0,0,0,1,0,1,1
Venezuela,1984,country,1932,2024,0.0,1.0,0.0,1.0,1.0,0.0,1.0,0.0,1.0,1.0,0.0,0.0,0.0,0.0,0.0,44,43,1,29,0.023256,0,0,0,0,-1,225,46,66,21.0,0.0,0.051174,0,0,10,BOX,0.044904,Americas,52,11,0,0,0,0,3,3,1
Venezuela,1988,country,1932,2024,0.0,0.0,3.0,3.0,1.0,0.0,1.0,0.0,1.0,1.0,0.0,1.0,0.0,1.0,1.0,17,15,2,15,-0.613636,0,0,0,0,-1,243,47,67,19.0,1.0,0.023003,0,0,8,BOX,0.023003,Americas,56,12,0,0,0,0,0,0,0
Venezuela,1992,country,1932,2024,0.0,0.0,0.0,0.0,0.0,0.0,0.0,3.0,3.0,1.0,0.0,1.0,0.0,1.0,1.0,27,23,4,16,0.588235,0,0,0,0,-1,265,48,68,23.0,1.0,0.007576,0,0,9,BOX,0.007576,Americas,60,13,0,0,0,0,0,0,0
Venezuela,1996,country,1932,2024,0.0,0.0,0.0,0.0,0.0,0.0,0.0,0.0,0.0,0.0,0.0,0.0,3.0,3.0,1.0,53,47,6,36,0.962963,0,0,0,0,-1,278,48,68,15.0,1.0,0.0,0,0,14,ATH,0.0,Americas,64,14,0,0,0,0,0,0,0
Venezuela,2000,country,1932,2024,0.0,0.0,0.0,0.0,0.0,0.0,0.0,0.0,0.0,0.0,0.0,0.0,0.0,0.0,0.0,65,43,22,49,0.226415,0,0,0,0,-1,299,48,68,24.0,4.0,0.0,0,0,18,ATH,0.0,Americas,68,15,0,0,0,0,0,0,0
Venezuela,2004,country,1932,2024,0.0,0.0,0.0,0.0,0.0,0.0,0.0,0.0,0.0,0.0,0.0,0.0,0.0,0.0,0.0,53,35,18,51,-0.184615,0,0,0,0,-1,301,48,68,4.0,2.0,0.041533,0,0,17,TKW,0.029412,Americas,72,16,0,0,0,0,2,2,1
Venezuela,2008,country,1932,2024,0.0,0.0,2.0,2.0,1.0,0.0,0.0,0.0,0.0,0.0,0.0,0.0,0.0,0.0,0.0,126,68,58,83,1.377358,0,0,0,0,-1,302,48,68,5.0,4.0,0.035758,0,0,22,TKW,0.027273,Americas,76,17,0,0,0,0,1,1,1
Venezuela,2012,country,1932,2024,0.0,0.0,1.0,1.0,1.0,0.0,0.0,2.0,2.0,1.0,0.0,0.0,0.0,0.0,0.0,85,49,36,70,-0.325397,0,0,0,0,-1,302,48,68,2.0,2.0,0.051516000000000006,0,0,18,FEN,0.045455,Americas,80,18,0,0,1,0,0,1,1
Venezuela,2016,country,1932,2024,1.0,0.0,0.0,1.0,1.0,0.0,0.0,1.0,1.0,1.0,0.0,0.0,2.0,2.0,1.0,105,76,29,77,0.235294,0,0,0,0,-1,306,48,68,5.0,1.0,0.143856,0,0,23,BMX,0.090909,Americas,84,19,0,0,0,1,2,3,1
Venezuela,2020,country,1932,2024,0.0,1.0,2.0,3.0,1.0,1.0,0.0,0.0,1.0,1.0,0.0,0.0,1.0,1.0,1.0,47,33,14,35,-0.552381,0,0,0,0,-1,316,48,68,33.0,23.0,0.379921,0,0,16,BMF,0.3,Americas,88,20,0,0,1,3,0,4,1
Venezuela,2024,country,1932,2024,1.0,3.0,0.0,4.0,1.0,0.0,1.0,2.0,3.0,1.0,1.0,0.0,0.0,1.0,1.0,37,22,15,32,-0.212766,0,0,0,0,-1,297,48,68,6.0,25.0,0.040165,0,0,12,WLF,0.027273,Americas,92,21,0,0,0,0,0,0,0
Vietnam,1980,country,1980,2024,,,,,,,,,,,,,,,,38,28,10,31,,0,0,0,0,-1,204,47,67,6.0,1.0,0.0,0,0,4,ATH,0.0,Asia,0,1,0,0,0,0,0,0,0
Vietnam,1984,country,1980,2024,0.0,0.0,0.0,0.0,0.0,,,,,,,,,,,0,0,0,0,,0,0,0,0,-1,225,46,66,21.0,0.0,,0,0,0,,,Asia,4,1,0,0,0,0,0,0,0
Vietnam,1988,country,1980,2024,0.0,0.0,0.0,0.0,0.0,,,,,,,,,,,12,10,2,12,-0.684211,0,0,0,0,-1,243,47,67,19.0,1.0,0.0,0,0,6,ATH,0.0,Asia,8,2,0,0,0,0,0,0,0
Vietnam,1992,country,1980,2024,0.0,0.0,0.0,0.0,0.0,0.0,0.0,0.0,0.0,0.0,,,,,,10,2,8,10,-0.166667,0,0,0,0,-1,265,48,68,23.0,1.0,0.0,0,0,3,ATH,0.0,Asia,12,3,0,0,0,0,0,0,0
Vietnam,1996,country,1980,2024,0.0,0.0,0.0,0.0,0.0,0.0,0.0,0.0,0.0,0.0,0.0,0.0,0.0,0.0,0.0,6,3,3,6,-0.4,0,0,0,0,-1,278,48,68,15.0,1.0,0.0,0,0,4,ATH,0.0,Asia,16,4,0,0,0,0,0,0,0
Vietnam,2000,country,1980,2024,0.0,0.0,0.0,0.0,0.0,0.0,0.0,0.0,0.0,0.0,0.0,0.0,0.0,0.0,0.0,7,3,4,7,0.166667,0,0,0,0,-1,299,48,68,24.0,4.0,0.075,0,0,4,TKW,0.075,Asia,20,5,0,0,0,1,0,1,1
Vietnam,2004,country,1980,2024,0.0,1.0,0.0,1.0,1.0,0.0,0.0,0.0,0.0,0.0,0.0,0.0,0.0,0.0,0.0,11,6,5,10,0.571429,0,0,0,0,-1,301,48,68,4.0,2.0,0.030882,0,0,8,TKW,0.030882,Asia,24,6,0,0,0,0,0,0,0
Vietnam,2008,country,1980,2024,0.0,0.0,0.0,0.0,0.0,0.0,1.0,0.0,1.0,1.0,0.0,0.0,0.0,0.0,0.0,18,8,10,18,0.636364,0,0,0,0,-1,302,48,68,5.0,4.0,0.040574,0,0,8,WLF,0.023529,Asia,28,7,0,0,0,1,0,1,1
Vietnam,2012,country,1980,2024,0.0,1.0,0.0,1.0,1.0,0.0,0.0,0.0,0.0,0.0,0.0,1.0,0.0,1.0,1.0,24,8,16,23,0.333333,0,0,0,0,-1,302,48,68,2.0,2.0,0.012727,0,0,11,WLF,0.012727,Asia,32,8,0,0,0,0,0,0,0
Vietnam,2016,country,1980,2024,0.0,0.0,0.0,0.0,0.0,0.0,1.0,0.0,1.0,1.0,0.0,0.0,0.0,0.0,0.0,28,12,16,24,0.166667,0,0,0,0,-1,306,48,68,5.0,1.0,0.057576,0,0,10,SHO,0.048485,Asia,36,9,0,0,1,1,0,2,1
Vietnam,2020,country,1980,2024,1.0,1.0,0.0,2.0,1.0,0.0,0.0,0.0,0.0,0.0,0.0,1.0,0.0,1.0,1.0,23,11,12,21,-0.178571,0,0,0,0,-1,316,48,68,33.0,23.0,0.033939,0,0,11,SHO,0.033939,Asia,40,10,0,0,0,0,0,0,0
Vietnam,2024,country,1980,2024,0.0,0.0,0.0,0.0,0.0,1.0,1.0,0.0,2.0,1.0,0.0,0.0,0.0,0.0,0.0,20,6,14,19,-0.130435,0,0,0,0,-1,297,48,68,6.0,25.0,0.024242,0,0,11,SHO,0.024242,Asia,44,11,0,0,0,0,0,0,0
Virgin Islands,1968,country,1968,2024,,,,,,,,,,,,,,,,6,6,0,5,,0,0,0,0,-1,174,47,67,14.0,4.0,0.0,0,0,3,ATH,0.0,Americas,0,1,0,0,0,0,0,0,0
Virgin Islands,1972,country,1968,2024,0.0,0.0,0.0,0.0,0.0,,,,,,,,,,,16,16,0,9,1.666667,0,0,0,0,-1,201,47,67,27.0,0.0,0.0,0,0,4,ATH,0.0,Americas,4,2,0,0,0,0,0,0,0
Virgin Islands,1976,country,1968,2024,0.0,0.0,0.0,0.0,0.0,0.0,0.0,0.0,0.0,0.0,,,,,,26,22,4,21,0.625,0,0,0,0,-1,199,48,68,8.0,10.0,0.0,0,0,6,ATH,0.0,Americas,8,3,0,0,0,0,0,0,0
Virgin Islands,1980,country,1968,2024,0.0,0.0,0.0,0.0,0.0,0.0,0.0,0.0,0.0,0.0,0.0,0.0,0.0,0.0,0.0,0,0,0,0,,0,0,0,0,-1,204,47,67,6.0,1.0,,0,0,0,,,Americas,12,3,0,0,0,0,0,0,0
Virgin Islands,1984,country,1968,2024,0.0,0.0,0.0,0.0,0.0,0.0,0.0,0.0,0.0,0.0,0.0,0.0,0.0,0.0,0.0,52,46,6,31,1.0,0,0,0,0,-1,225,46,66,21.0,0.0,0.0,0,0,7,ATH,0.0,Americas,16,4,0,0,0,0,0,0,0
Virgin Islands,1988,country,1968,2024,0.0,0.0,0.0,0.0,0.0,0.0,0.0,0.0,0.0,0.0,0.0,0.0,0.0,0.0,0.0,46,41,5,27,-0.115385,0,0,0,0,-1,243,47,67,19.0,1.0,0.044118,0,0,6,SAL,0.044118,Americas,20,5,0,0,0,1,0,1,1
Virgin Islands,1992,country,1968,2024,0.0,1.0,0.0,1.0,1.0,0.0,0.0,0.0,0.0,0.0,0.0,0.0,0.0,0.0,0.0,34,26,8,29,-0.26087,0,0,0,0,-1,265,48,68,23.0,1.0,0.023864,0,0,7,SAL,0.023864,Americas,24,6,0,0,0,0,0,0,0
Virgin Islands,1996,country,1968,2024,0.0,0.0,0.0,0.0,0.0,0.0,1.0,0.0,1.0,1.0,0.0,0.0,0.0,0.0,0.0,14,6,8,11,-0.588235,0,0,0,0,-1,278,48,68,15.0,1.0,0.017045,0,0,5,SAL,0.017045,Americas,28,7,0,0,0,0,0,0,0
Virgin Islands,2000,country,1968,2024,0.0,0.0,0.0,0.0,0.0,0.0,0.0,0.0,0.0,0.0,0.0,1.0,0.0,1.0,1.0,12,9,3,12,-0.142857,0,0,0,0,-1,299,48,68,24.0,4.0,0.0,0,0,5,ATH,0.0,Americas,32,8,0,0,0,0,0,0,0
Virgin Islands,2004,country,1968,2024,0.0,0.0,0.0,0.0,0.0,0.0,0.0,0.0,0.0,0.0,0.0,0.0,0.0,0.0,0.0,9,7,2,9,-0.25,0,0,0,0,-1,301,48,68,4.0,2.0,0.0,0,0,4,ATH,0.0,Americas,36,9,0,0,0,0,0,0,0
Virgin Islands,2008,country,1968,2024,0.0,0.0,0.0,0.0,0.0,0.0,0.0,0.0,0.0,0.0,0.0,0.0,0.0,0.0,0.0,8,6,2,8,-0.111111,0,0,0,0,-1,302,48,68,5.0,4.0,0.0,0,0,5,ATH,0.0,Americas,40,10,0,0,0,0,0,0,0
Virgin Islands,2012,country,1968,2024,0.0,0.0,0.0,0.0,0.0,0.0,0.0,0.0,0.0,0.0,0.0,0.0,0.0,0.0,0.0,9,4,5,7,0.125,0,0,0,0,-1,302,48,68,2.0,2.0,0.0,0,0,3,ATH,0.0,Americas,44,11,0,0,0,0,0,0,0
Virgin Islands,2016,country,1968,2024,0.0,0.0,0.0,0.0,0.0,0.0,0.0,0.0,0.0,0.0,0.0,0.0,0.0,0.0,0.0,7,5,2,7,-0.222222,0,0,0,0,-1,306,48,68,5.0,1.0,0.0,0,0,4,ATH,0.0,Americas,48,12,0,0,0,0,0,0,0
Virgin Islands,2020,country,1968,2024,0.0,0.0,0.0,0.0,0.0,0.0,0.0,0.0,0.0,0.0,0.0,0.0,0.0,0.0,0.0,5,4,1,5,-0.285714,0,0,0,0,-1,316,48,68,33.0,23.0,0.0,0,0,3,ARC,0.0,Americas,52,13,0,0,0,0,0,0,0
Virgin Islands,2024,country,1968,2024,0.0,0.0,0.0,0.0,0.0,0.0,0.0,0.0,0.0,0.0,0.0,0.0,0.0,0.0,0.0,5,4,1,5,0.0,0,0,0,0,-1,297,48,68,6.0,25.0,0.0,0,0,4,ARC,0.0,Americas,56,14,0,0,0,0,0,0,0
West Germany,1968,historical_different,1968,1988,,,,,,,,,,,,,,,,432,334,98,154,,0,1,0,1,-1,174,47,67,14.0,4.0,2.492117,0,1,20,EDR,1.0,Europe,0,1,0,0,5,11,10,26,1
West Germany,1972,historical_different,1968,1988,5.0,11.0,10.0,26.0,1.0,,,,,,,,,,,587,439,148,183,0.358796,1,0,0,2,-1,201,47,67,27.0,0.0,4.11751,0,1,27,EDR,1.0,Europe,4,2,1,1,13,11,16,40,1
West Germany,1976,historical_different,1968,1988,13.0,11.0,16.0,40.0,1.0,5.0,11.0,10.0,26.0,1.0,,,,,,452,333,119,163,-0.229983,0,0,1,3,4,199,48,68,8.0,10.0,3.936883,0,1,23,EDR,1.0,Europe,8,3,0,0,10,12,17,39,1
West Germany,1980,historical_different,1968,1988,10.0,12.0,17.0,39.0,1.0,13.0,11.0,16.0,40.0,1.0,5.0,11.0,10.0,26.0,1.0,0,0,0,0,,0,0,0,0,8,204,47,67,6.0,1.0,,0,0,0,,,Europe,12,3,0,0,0,0,0,0,0
West Germany,1984,historical_different,1968,1988,10.0,12.0,17.0,39.0,1.0,13.0,11.0,16.0,40.0,1.0,5.0,11.0,10.0,26.0,1.0,571,374,197,194,0.263274,0,0,0,0,12,225,46,66,21.0,0.0,5.414436,0,1,28,EDR,1.0,Europe,16,4,0,0,17,19,23,59,1
West Germany,1988,historical_different,1968,1988,17.0,19.0,23.0,59.0,1.0,10.0,12.0,17.0,39.0,1.0,13.0,11.0,16.0,40.0,1.0,516,354,162,194,-0.096322,0,0,0,0,16,243,47,67,19.0,1.0,5.437939,0,1,27,EDR,1.0,Europe,20,5,1,1,11,14,15,40,1
West Indies Federation,1960,historical_different,1960,1960,,,,,,,,,,,,,,,,20,20,0,13,,0,0,0,0,-1,152,48,67,6.0,3.0,0.024242,0,0,6,ATH,0.024242,Americas,0,1,0,0,0,0,2,2,1
Yemen,1992,country,1992,2024,,,,,,,,,,,,,,,,8,8,0,8,,0,0,0,0,-1,265,48,68,23.0,1.0,0.0,0,0,2,ATH,0.0,Asia,0,1,0,0,0,0,0,0,0
Yemen,1996,country,1992,2024,0.0,0.0,0.0,0.0,0.0,,,,,,,,,,,4,4,0,4,-0.5,0,0,0,0,-1,278,48,68,15.0,1.0,0.0,0,0,2,ATH,0.0,Asia,4,2,0,0,0,0,0,0,0
Yemen,2000,country,1992,2024,0.0,0.0,0.0,0.0,0.0,0.0,0.0,0.0,0.0,0.0,,,,,,2,1,1,2,-0.5,0,0,0,0,-1,299,48,68,24.0,4.0,0.0,0,0,1,ATH,0.0,Asia,8,3,0,0,0,0,0,0,0
Yemen,2004,country,1992,2024,0.0,0.0,0.0,0.0,0.0,0.0,0.0,0.0,0.0,0.0,0.0,0.0,0.0,0.0,0.0,3,3,0,3,0.5,0,0,0,0,-1,301,48,68,4.0,2.0,0.0,0,0,3,ATH,0.0,Asia,12,4,0,0,0,0,0,0,0
Yemen,2008,country,1992,2024,0.0,0.0,0.0,0.0,0.0,0.0,0.0,0.0,0.0,0.0,0.0,0.0,0.0,0.0,0.0,8,7,1,8,1.666667,0,0,0,0,-1,302,48,68,5.0,4.0,0.0,0,0,4,ATH,0.0,Asia,16,5,0,0,0,0,0,0,0
Yemen,2012,country,1992,2024,0.0,0.0,0.0,0.0,0.0,0.0,0.0,0.0,0.0,0.0,0.0,0.0,0.0,0.0,0.0,4,3,1,4,-0.5,0,0,0,0,-1,302,48,68,2.0,2.0,0.0,0,0,3,ATH,0.0,Asia,20,6,0,0,0,0,0,0,0
Yemen,2016,country,1992,2024,0.0,0.0,0.0,0.0,0.0,0.0,0.0,0.0,0.0,0.0,0.0,0.0,0.0,0.0,0.0,3,2,1,3,-0.25,0,0,0,0,-1,306,48,68,5.0,1.0,0.0,0,0,3,ATH,0.0,Asia,24,7,0,0,0,0,0,0,0
Yemen,2020,country,1992,2024,0.0,0.0,0.0,0.0,0.0,0.0,0.0,0.0,0.0,0.0,0.0,0.0,0.0,0.0,0.0,6,4,2,6,1.0,0,0,0,0,-1,316,48,68,33.0,23.0,0.0,0,0,4,ATH,0.0,Asia,28,8,0,0,0,0,0,0,0
Yemen,2024,country,1992,2024,0.0,0.0,0.0,0.0,0.0,0.0,0.0,0.0,0.0,0.0,0.0,0.0,0.0,0.0,0.0,4,3,1,4,-0.333333,0,0,0,0,-1,297,48,68,6.0,25.0,0.0,0,0,4,ATH,0.0,Asia,32,9,0,0,0,0,0,0,0
Yugoslavia,1920,historical_different,1920,1988,,,,,,,,,,,,,,,,15,15,0,1,,0,0,0,0,-1,156,48,67,58.0,4.0,0.0,0,0,1,FBL,0.0,Europe,0,1,0,0,0,0,0,0,0
Yugoslavia,1924,historical_different,1920,1988,0.0,0.0,0.0,0.0,0.0,,,,,,,,,,,114,114,0,27,6.6,0,0,0,0,-1,126,45,62,12.0,42.0,0.222222,0,0,8,GAR,0.222222,Europe,4,2,0,0,2,0,0,2,1
Yugoslavia,1928,historical_different,1920,1988,2.0,0.0,0.0,2.0,1.0,0.0,0.0,0.0,0.0,0.0,,,,,,86,86,0,21,-0.245614,0,0,0,0,-1,110,48,68,3.0,19.0,0.297386,0,0,6,GAR,0.297386,Europe,8,3,0,0,1,1,3,5,1
Yugoslavia,1932,historical_different,1920,1988,1.0,1.0,3.0,5.0,1.0,2.0,0.0,0.0,2.0,1.0,0.0,0.0,0.0,0.0,0.0,1,1,0,1,-0.988372,0,0,0,0,-1,127,48,67,18.0,1.0,0.0,0,0,1,ATH,0.0,Europe,12,4,0,0,0,0,0,0,0
Yugoslavia,1936,historical_different,1920,1988,0.0,0.0,0.0,0.0,0.0,1.0,1.0,3.0,5.0,1.0,2.0,0.0,0.0,2.0,1.0,173,158,15,59,172.0,0,0,0,0,-1,129,48,67,4.0,2.0,0.161111,0,0,12,GAR,0.161111,Europe,16,5,0,0,0,1,0,1,1
Yugoslavia,1948,historical_different,1920,1988,0.0,1.0,0.0,1.0,1.0,0.0,0.0,0.0,0.0,0.0,1.0,1.0,3.0,5.0,1.0,160,148,12,35,-0.075145,0,0,0,0,-1,136,48,68,9.0,2.0,0.635715,0,0,7,FBL,0.6,Europe,28,6,0,0,0,2,0,2,1
Yugoslavia,1952,historical_different,1920,1988,0.0,2.0,0.0,2.0,1.0,0.0,1.0,0.0,1.0,1.0,0.0,0.0,0.0,0.0,0.0,194,136,58,48,0.2125,0,0,0,0,-1,149,48,68,12.0,0.0,0.958599,0,0,11,FBL,0.6,Europe,32,7,0,0,1,2,0,3,1
Yugoslavia,1956,historical_different,1920,1988,1.0,2.0,0.0,3.0,1.0,0.0,2.0,0.0,2.0,1.0,0.0,1.0,0.0,1.0,1.0,37,33,4,16,-0.809278,0,0,0,0,-1,149,48,68,2.0,2.0,1.121245,0,0,8,FBL,0.6,Europe,36,8,0,0,0,3,0,3,1
Yugoslavia,1960,historical_different,1920,1988,0.0,3.0,0.0,3.0,1.0,1.0,2.0,0.0,3.0,1.0,0.0,2.0,0.0,2.0,1.0,185,163,22,64,4.0,0,0,0,0,-1,152,48,67,6.0,3.0,1.181265,0,0,14,FBL,0.781818,Europe,40,9,0,0,1,1,0,2,1
Yugoslavia,1964,historical_different,1920,1988,1.0,1.0,0.0,2.0,1.0,0.0,3.0,0.0,3.0,1.0,1.0,2.0,0.0,3.0,1.0,123,119,4,32,-0.335135,0,0,0,0,-1,164,47,67,12.0,0.0,1.034463,0,0,9,FBL,0.454545,Europe,44,10,0,0,2,1,2,5,1
Yugoslavia,1968,historical_different,1920,1988,2.0,1.0,2.0,5.0,1.0,1.0,1.0,0.0,2.0,1.0,0.0,3.0,0.0,3.0,1.0,130,106,24,54,0.056911,0,0,0,0,-1,174,47,67,14.0,4.0,1.147633,0,0,12,WPO,0.645455,Europe,48,11,0,0,3,3,2,8,1
Yugoslavia,1972,historical_different,1920,1988,3.0,3.0,2.0,8.0,1.0,2.0,1.0,2.0,5.0,1.0,1.0,1.0,0.0,2.0,1.0,212,167,45,73,0.630769,0,0,0,0,-1,201,47,67,27.0,0.0,1.904052,0,1,16,HBL,1.0,Europe,52,12,1,1,2,1,2,5,1
Yugoslavia,1976,historical_different,1920,1988,2.0,1.0,2.0,5.0,1.0,3.0,3.0,2.0,8.0,1.0,2.0,1.0,2.0,5.0,1.0,95,90,5,52,-0.551887,0,0,0,0,-1,199,48,68,8.0,10.0,1.2066189999999999,0,0,15,HBL,0.411765,Europe,56,13,0,0,2,3,3,8,1
Yugoslavia,1980,historical_different,1920,1988,2.0,3.0,3.0,8.0,1.0,2.0,1.0,2.0,5.0,1.0,3.0,3.0,2.0,8.0,1.0,180,152,28,69,0.894737,0,0,0,0,-1,204,47,67,6.0,1.0,1.326007,0,0,18,BKB,0.413636,Europe,60,14,0,0,2,3,4,9,1
Yugoslavia,1984,historical_different,1920,1988,2.0,3.0,4.0,9.0,1.0,2.0,3.0,3.0,8.0,1.0,2.0,1.0,2.0,5.0,1.0,154,119,35,53,-0.144444,0,0,0,0,-1,225,46,66,21.0,0.0,2.300919,0,0,17,WPO,0.645455,Europe,64,15,0,0,7,4,7,18,1
Yugoslavia,1988,historical_different,1920,1988,7.0,4.0,7.0,18.0,1.0,2.0,3.0,4.0,9.0,1.0,2.0,3.0,3.0,8.0,1.0,183,138,45,72,0.188312,0,0,0,0,-1,243,47,67,19.0,1.0,2.671147,0,0,19,WPO,0.909091,Europe,68,16,0,0,3,4,5,12,1
Zambia,1964,country,1964,2024,,,,,,,,,,,,,,,,15,14,1,13,,0,0,0,0,-1,164,47,67,12.0,0.0,0.0,0,0,5,ATH,0.0,Africa,0,1,0,0,0,0,0,0,0
Zambia,1968,country,1964,2024,0.0,0.0,0.0,0.0,0.0,,,,,,,,,,,7,7,0,5,-0.533333,0,0,0,0,-1,174,47,67,14.0,4.0,0.0,0,0,2,ATH,0.0,Africa,4,2,0,0,0,0,0,0,0
Zambia,1972,country,1964,2024,0.0,0.0,0.0,0.0,0.0,0.0,0.0,0.0,0.0,0.0,,,,,,12,8,4,12,0.714286,0,0,0,0,-1,201,47,67,27.0,0.0,0.0,0,0,2,ATH,0.0,Africa,8,3,0,0,0,0,0,0,0
Zambia,1976,country,1964,2024,0.0,0.0,0.0,0.0,0.0,0.0,0.0,0.0,0.0,0.0,0.0,0.0,0.0,0.0,0.0,0,0,0,0,,0,0,0,0,-1,199,48,68,8.0,10.0,,0,0,0,,,Africa,12,3,0,0,0,0,0,0,0
Zambia,1980,country,1964,2024,0.0,0.0,0.0,0.0,0.0,0.0,0.0,0.0,0.0,0.0,0.0,0.0,0.0,0.0,0.0,43,43,0,25,2.583333,0,0,0,0,-1,204,47,67,6.0,1.0,0.0,0,0,4,ATH,0.0,Africa,16,4,0,0,0,0,0,0,0
Zambia,1984,country,1964,2024,0.0,0.0,0.0,0.0,0.0,0.0,0.0,0.0,0.0,0.0,0.0,0.0,0.0,0.0,0.0,18,18,0,18,-0.581395,0,0,0,0,-1,225,46,66,21.0,0.0,0.009804,0,0,3,BOX,0.009804,Africa,20,5,0,0,0,0,1,1,1
Zambia,1988,country,1964,2024,0.0,0.0,1.0,1.0,1.0,0.0,0.0,0.0,0.0,0.0,0.0,0.0,0.0,0.0,0.0,33,33,0,11,0.833333,0,0,0,0,-1,243,47,67,19.0,1.0,0.005303,0,0,3,BOX,0.005303,Africa,24,6,0,0,0,0,0,0,0
Zambia,1992,country,1964,2024,0.0,0.0,0.0,0.0,0.0,0.0,0.0,1.0,1.0,1.0,0.0,0.0,0.0,0.0,0.0,11,8,3,11,-0.666667,0,0,0,0,-1,265,48,68,23.0,1.0,0.003788,0,0,3,BOX,0.003788,Africa,28,7,0,0,0,0,0,0,0
Zambia,1996,country,1964,2024,0.0,0.0,0.0,0.0,0.0,0.0,0.0,0.0,0.0,0.0,0.0,0.0,1.0,1.0,1.0,8,7,1,8,-0.272727,0,0,0,0,-1,278,48,68,15.0,1.0,0.006198,0,0,2,ATH,0.006198,Africa,32,8,0,0,0,1,0,1,1
Zambia,2000,country,1964,2024,0.0,1.0,0.0,1.0,1.0,0.0,0.0,0.0,0.0,0.0,0.0,0.0,0.0,0.0,0.0,8,6,2,8,0.0,0,0,0,0,-1,299,48,68,24.0,4.0,0.004339,0,0,3,ATH,0.004339,Africa,36,9,0,0,0,0,0,0,0
Zambia,2004,country,1964,2024,0.0,0.0,0.0,0.0,0.0,0.0,1.0,0.0,1.0,1.0,0.0,0.0,0.0,0.0,0.0,6,4,2,6,-0.25,0,0,0,0,-1,301,48,68,4.0,2.0,0.003099,0,0,3,ATH,0.003099,Africa,40,10,0,0,0,0,0,0,0
Zambia,2008,country,1964,2024,0.0,0.0,0.0,0.0,0.0,0.0,0.0,0.0,0.0,0.0,0.0,1.0,0.0,1.0,1.0,8,6,2,8,0.333333,0,0,0,0,-1,302,48,68,5.0,4.0,0.0,0,0,4,ATH,0.0,Africa,44,11,0,0,0,0,0,0,0
Zambia,2012,country,1964,2024,0.0,0.0,0.0,0.0,0.0,0.0,0.0,0.0,0.0,0.0,0.0,0.0,0.0,0.0,0.0,7,5,2,7,-0.125,0,0,0,0,-1,302,48,68,2.0,2.0,0.0,0,0,4,ATH,0.0,Africa,48,12,0,0,0,0,0,0,0
Zambia,2016,country,1964,2024,0.0,0.0,0.0,0.0,0.0,0.0,0.0,0.0,0.0,0.0,0.0,0.0,0.0,0.0,0.0,7,5,2,7,0.0,0,0,0,0,-1,306,48,68,5.0,1.0,0.0,0,0,4,ATH,0.0,Africa,52,13,0,0,0,0,0,0,0
Zambia,2020,country,1964,2024,0.0,0.0,0.0,0.0,0.0,0.0,0.0,0.0,0.0,0.0,0.0,0.0,0.0,0.0,0.0,31,6,25,10,3.428571,0,0,0,0,-1,316,48,68,33.0,23.0,0.0,0,0,5,ATH,0.0,Africa,56,14,0,0,0,0,0,0,0
Zambia,2024,country,1964,2024,0.0,0.0,0.0,0.0,0.0,0.0,0.0,0.0,0.0,0.0,0.0,0.0,0.0,0.0,0.0,32,10,22,8,0.032258,0,0,0,0,-1,297,48,68,6.0,25.0,0.003711,0,0,5,ATH,0.003711,Africa,60,15,0,0,0,0,1,1,1
Zimbabwe,1928,country,1928,2024,,,,,,,,,,,,,,,,2,2,0,2,,0,0,0,0,-1,110,48,68,3.0,19.0,0.0,0,0,1,BOX,0.0,Africa,0,1,0,0,0,0,0,0,0
Zimbabwe,1932,country,1928,2024,0.0,0.0,0.0,0.0,0.0,,,,,,,,,,,0,0,0,0,,0,0,0,0,-1,127,48,67,18.0,1.0,,0,0,0,,,Africa,4,1,0,0,0,0,0,0,0
Zimbabwe,1936,country,1928,2024,0.0,0.0,0.0,0.0,0.0,,,,,,,,,,,0,0,0,0,,0,0,0,0,-1,129,48,67,4.0,2.0,,0,0,0,,,Africa,8,1,0,0,0,0,0,0,0
Zimbabwe,1948,country,1928,2024,0.0,0.0,0.0,0.0,0.0,,,,,,,,,,,0,0,0,0,,0,0,0,0,-1,136,48,68,9.0,2.0,,0,0,0,,,Africa,20,1,0,0,0,0,0,0,0
Zimbabwe,1952,country,1928,2024,0.0,0.0,0.0,0.0,0.0,,,,,,,,,,,0,0,0,0,,0,0,0,0,-1,149,48,68,12.0,0.0,,0,0,0,,,Africa,24,1,0,0,0,0,0,0,0
Zimbabwe,1956,country,1928,2024,0.0,0.0,0.0,0.0,0.0,,,,,,,,,,,0,0,0,0,,0,0,0,0,-1,149,48,68,2.0,2.0,,0,0,0,,,Africa,28,1,0,0,0,0,0,0,0
Zimbabwe,1960,country,1928,2024,0.0,0.0,0.0,0.0,0.0,,,,,,,,,,,10,0,10,6,4.0,0,0,0,0,-1,152,48,67,6.0,3.0,0.0,0,0,1,SWM,0.0,Africa,32,2,0,0,0,0,0,0,0
Zimbabwe,1964,country,1928,2024,0.0,0.0,0.0,0.0,0.0,0.0,0.0,0.0,0.0,0.0,,,,,,33,27,6,15,2.3,0,0,0,0,-1,164,47,67,12.0,0.0,0.0,0,0,7,ATH,0.0,Africa,36,3,0,0,0,0,0,0,0
Zimbabwe,1968,country,1928,2024,0.0,0.0,0.0,0.0,0.0,0.0,0.0,0.0,0.0,0.0,0.0,0.0,0.0,0.0,0.0,0,0,0,0,,0,0,0,0,-1,174,47,67,14.0,4.0,,0,0,0,,,Africa,40,3,0,0,0,0,0,0,0
Zimbabwe,1972,country,1928,2024,0.0,0.0,0.0,0.0,0.0,0.0,0.0,0.0,0.0,0.0,0.0,0.0,0.0,0.0,0.0,0,0,0,0,,0,0,0,0,-1,201,47,67,27.0,0.0,,0,0,0,,,Africa,44,3,0,0,0,0,0,0,0
Zimbabwe,1976,country,1928,2024,0.0,0.0,0.0,0.0,0.0,0.0,0.0,0.0,0.0,0.0,0.0,0.0,0.0,0.0,0.0,0,0,0,0,,0,0,0,0,-1,199,48,68,8.0,10.0,,0,0,0,,,Africa,48,3,0,0,0,0,0,0,0
Zimbabwe,1980,country,1928,2024,0.0,0.0,0.0,0.0,0.0,0.0,0.0,0.0,0.0,0.0,0.0,0.0,0.0,0.0,0.0,52,30,22,30,0.575758,0,0,0,0,-1,204,47,67,6.0,1.0,0.5,0,0,11,HOC,0.5,Africa,52,4,0,0,1,0,0,1,1
Zimbabwe,1984,country,1928,2024,1.0,0.0,0.0,1.0,1.0,0.0,0.0,0.0,0.0,0.0,0.0,0.0,0.0,0.0,0.0,20,17,3,18,-0.615385,0,0,0,0,-1,225,46,66,21.0,0.0,0.0,0,0,5,ATH,0.0,Africa,56,5,0,0,0,0,0,0,0
Zimbabwe,1988,country,1928,2024,0.0,0.0,0.0,0.0,0.0,1.0,0.0,0.0,1.0,1.0,0.0,0.0,0.0,0.0,0.0,47,38,9,38,1.35,0,0,0,0,-1,243,47,67,19.0,1.0,0.0,0,0,11,ARC,0.0,Africa,60,6,0,0,0,0,0,0,0
Zimbabwe,1992,country,1928,2024,0.0,0.0,0.0,0.0,0.0,0.0,0.0,0.0,0.0,0.0,1.0,0.0,0.0,1.0,1.0,28,16,12,22,-0.404255,0,0,0,0,-1,265,48,68,23.0,1.0,0.0,0,0,6,ATH,0.0,Africa,64,7,0,0,0,0,0,0,0
Zimbabwe,1996,country,1928,2024,0.0,0.0,0.0,0.0,0.0,0.0,0.0,0.0,0.0,0.0,0.0,0.0,0.0,0.0,0.0,21,18,3,15,-0.25,0,0,0,0,-1,278,48,68,15.0,1.0,0.0,0,0,6,ATH,0.0,Africa,68,8,0,0,0,0,0,0,0
Zimbabwe,2000,country,1928,2024,0.0,0.0,0.0,0.0,0.0,0.0,0.0,0.0,0.0,0.0,0.0,0.0,0.0,0.0,0.0,26,18,8,19,0.238095,0,0,0,0,-1,299,48,68,24.0,4.0,0.0,0,0,5,ATH,0.0,Africa,72,9,0,0,0,0,0,0,0
Zimbabwe,2004,country,1928,2024,0.0,0.0,0.0,0.0,0.0,0.0,0.0,0.0,0.0,0.0,0.0,0.0,0.0,0.0,0.0,14,9,5,11,-0.461538,0,0,0,0,-1,301,48,68,4.0,2.0,0.028237,0,0,4,SWM,0.028237,Africa,76,10,0,0,1,1,1,3,1
Zimbabwe,2008,country,1928,2024,1.0,1.0,1.0,3.0,1.0,0.0,0.0,0.0,0.0,0.0,0.0,0.0,0.0,0.0,0.0,16,8,8,15,0.142857,0,0,0,0,-1,302,48,68,5.0,4.0,0.057199,0,0,6,SWM,0.057199,Africa,80,11,0,0,1,3,0,4,1
Zimbabwe,2012,country,1928,2024,1.0,3.0,0.0,4.0,1.0,1.0,1.0,1.0,3.0,1.0,0.0,0.0,0.0,0.0,0.0,9,4,5,8,-0.4375,0,0,0,0,-1,302,48,68,2.0,2.0,0.040322,0,0,4,SWM,0.040322,Africa,84,12,0,0,0,0,0,0,0
Zimbabwe,2016,country,1928,2024,0.0,0.0,0.0,0.0,0.0,1.0,3.0,0.0,4.0,1.0,1.0,1.0,1.0,3.0,1.0,31,9,22,13,2.444444,0,0,0,0,-1,306,48,68,5.0,1.0,0.018717,0,0,7,SWM,0.018717,Africa,88,13,0,0,0,0,0,0,0
Zimbabwe,2020,country,1928,2024,0.0,0.0,0.0,0.0,0.0,0.0,0.0,0.0,0.0,0.0,1.0,3.0,0.0,4.0,1.0,5,4,1,5,-0.83871,0,0,0,0,-1,316,48,68,33.0,23.0,0.0,0,0,4,ATH,0.0,Africa,92,14,0,0,0,0,0,0,0
Zimbabwe,2024,country,1928,2024,0.0,0.0,0.0,0.0,0.0,0.0,0.0,0.0,0.0,0.0,0.0,0.0,0.0,0.0,0.0,7,5,2,6,0.4,0,0,0,0,-1,297,48,68,6.0,25.0,0.0,0,0,3,ATH,0.0,Africa,96,15,0,0,0,0,0,0,0
